メニュー,platform,external_id,video_url,video_id,動画URL,投稿者,時間,食材,味,油感,特徴,詳細食材タグ,ingredient_categories,temperature,effort,dishes,knife,heat,thumbnail_url,ingredient_score,richness_score,taste_level
ご飯のおかわりが止まらない！「甘辛ごまチキン」#shorts #food #recipe #簡単料理 #簡単レシピ #料理 #レシピ,youtube,oDee3Kv78-8,https://www.youtube.com/watch?v=oDee3Kv78-8,oDee3Kv78-8,https://www.youtube.com/watch?v=oDee3Kv78-8,低空飛行キッチン,normal,鶏肉,semi-rich,2,YouTube Data API収集,chicken,鶏肉,warm,3,2,true,true,https://i.ytimg.com/vi/oDee3Kv78-8/maxresdefault.jpg,6.0,5.3,ややがっつり
ご飯がすすみまくるぞ！「鶏むね肉の甘酢マヨチキン」#shorts #food #recipe #簡単料理 #簡単レシピ #料理 #レシピ,youtube,QYbWnB1xD_4,https://www.youtube.com/watch?v=QYbWnB1xD_4,QYbWnB1xD_4,https://www.youtube.com/watch?v=QYbWnB1xD_4,低空飛行キッチン,normal,鶏肉、白身魚、ネギ、にんにく、マヨネーズ,rich,4,YouTube Data API収集,"chicken,whitefish,green_onion,garlic,mayonnaise",鶏肉;魚介;葉物野菜;根菜;チーズ・バター・マヨ系,warm,3,2,true,true,https://i.ytimg.com/vi/QYbWnB1xD_4/maxresdefault.jpg,6.36,6.72,がっつり
洗い物も少ないし/生焼けの心配もない/いいとこ尽くしの【食べたらハンバーグ丼】詳しいレシピは概要欄を見てね♪#晩ごはん #丼ぶり #ハンバーグ#ひき肉 #簡単レシピ #レシピ動画 #料理動画,youtube,-LnlkzhU5xE,https://www.youtube.com/watch?v=-LnlkzhU5xE,-LnlkzhU5xE,https://www.youtube.com/watch?v=-LnlkzhU5xE,デリッシュキッチン,easy,挽肉、白身魚、卵、ご飯・米、ネギ、玉ねぎ,semi-light,2,YouTube Data API収集,"minced_meat,whitefish,egg,rice,green_onion,onion",肉類;魚介;卵;米;葉物野菜;根菜,warm,1,1,true,true,https://i.ytimg.com/vi/-LnlkzhU5xE/maxresdefault.jpg,5.55,4.93,ややあっさり
夫がまた作ってと言った『ジャーマンポテト』 #簡単レシピ,youtube,tGm-3KMBTkY,https://www.youtube.com/watch?v=tGm-3KMBTkY,tGm-3KMBTkY,https://www.youtube.com/watch?v=tGm-3KMBTkY,さな〻旦那胃袋つかみメシ🍳,normal,じゃが芋,light,2,YouTube Data API収集,potato,根菜,warm,3,2,true,true,https://i.ytimg.com/vi/tGm-3KMBTkY/maxresdefault.jpg,3.0,3.5,あっさり
味がしみしみ！いくらでも食べられる 【こんにゃく串】 詳しいレシピは概要欄をチェック！ #料理 #おつまみ #簡単レシピ #こんにゃく #おうちごはん,youtube,NzGN6hcD2Ow,https://www.youtube.com/watch?v=NzGN6hcD2Ow,NzGN6hcD2Ow,https://www.youtube.com/watch?v=NzGN6hcD2Ow,デリッシュキッチン,easy,こんにゃく,light,2,YouTube Data API収集,konnyaku,根菜,warm,3,2,false,true,https://i.ytimg.com/vi/NzGN6hcD2Ow/maxresdefault.jpg,3.0,3.4,あっさり
【なすで巻くだけで白米10杯おかわりしちゃう】暑い日にこそ食べたい絶品おかずレシピ / Pork & Eggplant Rolls #shorts,youtube,_SPj1rYrRrc,https://www.youtube.com/watch?v=_SPj1rYrRrc,_SPj1rYrRrc,https://www.youtube.com/watch?v=_SPj1rYrRrc,Tasty Japan,normal,豚肉、白身魚、ご飯・米、なす,semi-light,2,YouTube Data API収集,"pork,whitefish,rice,eggplant",肉類;魚介;米;葉物野菜,warm,3,2,true,true,https://i.ytimg.com/vi/_SPj1rYrRrc/maxresdefault.jpg,5.72,5.13,ややあっさり
忙しい日でも簡単に作れる最強に美味しい照り照り目玉焼き,youtube,L5pe410Yx5c,https://www.youtube.com/watch?v=L5pe410Yx5c,L5pe410Yx5c,https://www.youtube.com/watch?v=L5pe410Yx5c,ハマごはん【お手軽レシピ】,normal,ベーコン、白身魚、卵,rich,4,YouTube Data API収集,"bacon,whitefish,egg",肉類;魚介;卵,warm,3,2,false,true,https://i.ytimg.com/vi/L5pe410Yx5c/maxresdefault.jpg,6.37,6.72,がっつり
【卵液不要】10分でチーズ溢れる豚しそカツ| 包丁も使いません。,youtube,LSbSjMdWCOc,https://www.youtube.com/watch?v=LSbSjMdWCOc,LSbSjMdWCOc,https://www.youtube.com/watch?v=LSbSjMdWCOc,簡単レシピ🤍東京OLむむちゃん,easy,豚肉、鶏肉、卵、チーズ、マヨネーズ,rich,5,YouTube Data API収集,"pork,chicken,egg,cheese,mayonnaise",肉類;鶏肉;卵;チーズ・バター・マヨ系,warm,3,2,true,true,https://i.ytimg.com/vi/LSbSjMdWCOc/maxresdefault.jpg,8.07,8.24,がっつり
罪悪感ゼロなのにやみつき！のり塩ささみ #簡単レシピ #cooking #料理,youtube,w8huiYRwxkM,https://www.youtube.com/watch?v=w8huiYRwxkM,w8huiYRwxkM,https://www.youtube.com/watch?v=w8huiYRwxkM,あも | 元給食の先生のおうちごはん,normal,鶏肉,semi-rich,2,YouTube Data API収集,chicken,鶏肉,warm,3,2,true,true,https://i.ytimg.com/vi/w8huiYRwxkM/maxresdefault.jpg,6.0,5.3,ややがっつり
【インスタで1000万再生突破！蒸しキャベツと野菜のうまだれ】 #簡単レシピ#キャベツ #ヘルシーレシピ #レシピ,youtube,QzsXY_PZrvQ,https://www.youtube.com/watch?v=QzsXY_PZrvQ,QzsXY_PZrvQ,https://www.youtube.com/watch?v=QzsXY_PZrvQ,DOKIN,normal,キャベツ,light,1,YouTube Data API収集,cabbage,葉物野菜,warm,3,2,true,true,https://i.ytimg.com/vi/QzsXY_PZrvQ/maxresdefault.jpg,1.0,1.7,あっさり
#肉豆腐 #japanesefood #簡単レシピ #簡単料理 #自炊 #おうちごはん #cooking #豆腐,youtube,50_nURL62nM,https://www.youtube.com/watch?v=50_nURL62nM,50_nURL62nM,https://www.youtube.com/watch?v=50_nURL62nM,うんうん,normal,豆腐,light,2,YouTube Data API収集,tofu,豆腐・大豆系,warm,3,2,false,true,https://i.ytimg.com/vi/50_nURL62nM/maxresdefault.jpg,3.0,3.5,あっさり
【肉じゃが】じゃがいもの定番料理！味付けが決まる黄金比とは,youtube,wWQ148BjCO8,https://www.youtube.com/watch?v=wWQ148BjCO8,wWQ148BjCO8,https://www.youtube.com/watch?v=wWQ148BjCO8,オリーブオイルをひとまわし / オリひと,normal,じゃが芋,light,2,YouTube Data API収集,potato,根菜,warm,3,2,true,true,https://i.ytimg.com/vi/wWQ148BjCO8/maxresdefault.jpg,3.0,3.5,あっさり
塩だれキャベツは火を通せ！#簡単レシピ #キャベツ #ガンガンの料理塾,youtube,bkW5Ia1bkxY,https://www.youtube.com/watch?v=bkW5Ia1bkxY,bkW5Ia1bkxY,https://www.youtube.com/watch?v=bkW5Ia1bkxY,ガンガンの料理塾,normal,キャベツ、ネギ、玉ねぎ,light,2,YouTube Data API収集,"cabbage,green_onion,onion",葉物野菜;根菜,warm,3,2,true,true,https://i.ytimg.com/vi/bkW5Ia1bkxY/maxresdefault.jpg,2.3,3.08,あっさり
【５分も要らない】シンプルが至高✨卵チャーハン #簡単レシピ #時短レシピ,youtube,iuDCG6Gtkg0,https://www.youtube.com/watch?v=iuDCG6Gtkg0,iuDCG6Gtkg0,https://www.youtube.com/watch?v=iuDCG6Gtkg0,ぽっけ夫婦⌇家族が喜ぶ10分ごはん,easy,白身魚、卵、ご飯・米,semi-rich,3,YouTube Data API収集,"whitefish,egg,rice",魚介;卵;米,warm,3,2,false,true,https://i.ytimg.com/vi/iuDCG6Gtkg0/maxresdefault.jpg,5.3,5.48,ややがっつり
絶対にこれ以上しっとりパラパラになる炒飯レシピはない！具は卵だけ,youtube,B5MUImbN_uQ,https://www.youtube.com/watch?v=B5MUImbN_uQ,B5MUImbN_uQ,https://www.youtube.com/watch?v=B5MUImbN_uQ,だれウマ【料理研究家】,normal,卵、ご飯・米,semi-rich,2,YouTube Data API収集,"egg,rice",卵;米,warm,3,2,false,true,https://i.ytimg.com/vi/B5MUImbN_uQ/maxresdefault.jpg,5.65,5.39,ややがっつり
【簡単料理】 驚くほど旨い！ナスのチーズ焼き！おつまみにも！,youtube,cmsDyH0HVa8,https://www.youtube.com/watch?v=cmsDyH0HVa8,cmsDyH0HVa8,https://www.youtube.com/watch?v=cmsDyH0HVa8,マミケン簡単クッキングチャンネル,easy,白身魚、きゅうり、なす、昆布、チーズ,semi-rich,4,YouTube Data API収集,"whitefish,cucumber,eggplant,kombu,cheese",魚介;葉物野菜;チーズ・バター・マヨ系,warm,3,2,true,true,https://i.ytimg.com/vi/cmsDyH0HVa8/maxresdefault.jpg,6.5,6.7,ややがっつり
超簡単【無限大葉なす】レンジでチンして和えるだけ！暑い夏にもってこい！食欲増進！なす大量消費・常備野菜,youtube,nMEzehxzBWU,https://www.youtube.com/watch?v=nMEzehxzBWU,nMEzehxzBWU,https://www.youtube.com/watch?v=nMEzehxzBWU,夫手取り17万円の節約ごはん,easy,なす、ショウガ,light,1,YouTube Data API収集,"eggplant,ginger",葉物野菜;根菜,warm,1,1,true,true,https://i.ytimg.com/vi/nMEzehxzBWU/maxresdefault.jpg,2.3,2.48,あっさり
#ハッシュドポテト#ポテト#簡単レシピ#レシピ#簡単美味しい#料理#レシピ#おうちごはん,youtube,DL6e_7nV0HA,https://www.youtube.com/watch?v=DL6e_7nV0HA,DL6e_7nV0HA,https://www.youtube.com/watch?v=DL6e_7nV0HA,まゆみの愛情キッチン,normal,じゃが芋,light,2,YouTube Data API収集,potato,根菜,warm,3,2,true,true,https://i.ytimg.com/vi/DL6e_7nV0HA/maxresdefault.jpg,3.0,3.5,あっさり
こんなにウマイきゅうりを知ってるかい？！#主婦 #料理 #料理動画 #ままごとキッチン #簡単レシピ #まいにちごはん #おつまみ,youtube,EUTkzk4UOPY,https://www.youtube.com/watch?v=EUTkzk4UOPY,EUTkzk4UOPY,https://www.youtube.com/watch?v=EUTkzk4UOPY,いそじま夫婦のお酒と料理チャンネル,normal,きゅうり,light,2,YouTube Data API収集,cucumber,葉物野菜,warm,3,2,true,true,https://i.ytimg.com/vi/EUTkzk4UOPY/maxresdefault.jpg,1.0,2.3,あっさり
玉ねぎのツナ炒め簡単で旨い！ #shorts #料理#料理動画,youtube,_FEQDUBGGZE,https://www.youtube.com/watch?v=_FEQDUBGGZE,_FEQDUBGGZE,https://www.youtube.com/watch?v=_FEQDUBGGZE,シングルマザーおかん料理『毎日節約レシピ』,normal,白身魚、ツナ、卵、ネギ、玉ねぎ、大根、ごぼう,light,3,YouTube Data API収集,"whitefish,canned_tuna,egg,green_onion,onion,daikon,burdock",魚介;卵;葉物野菜;根菜,warm,4,3,true,true,https://i.ytimg.com/vi/_FEQDUBGGZE/maxresdefault.jpg,3.77,4.56,あっさり
また作ってって懇願される。ハマりすぎてきゅうりこのためだけに大量購入した🥒#簡単レシピ #時短節約 #料理 #きゅうり #きゅうりレシピ #shorts #youtubeshorts,youtube,bIirGpVJiuQ,https://www.youtube.com/watch?v=bIirGpVJiuQ,bIirGpVJiuQ,https://www.youtube.com/watch?v=bIirGpVJiuQ,yuchi,normal,きゅうり,light,2,YouTube Data API収集,cucumber,葉物野菜,warm,3,2,true,true,https://i.ytimg.com/vi/bIirGpVJiuQ/maxresdefault.jpg,1.0,2.3,あっさり
なすを買ったら…。 レシピ・栄養価詳細は①【…】をタップ ②【説明】をタップで見られます。,youtube,kRD6pqwvSh4,https://www.youtube.com/watch?v=kRD6pqwvSh4,kRD6pqwvSh4,https://www.youtube.com/watch?v=kRD6pqwvSh4,さくらい ゆか【管理栄養士】,normal,白身魚、なす、ショウガ,light,2,YouTube Data API収集,"whitefish,eggplant,ginger",魚介;葉物野菜;根菜,warm,3,2,true,true,https://i.ytimg.com/vi/kRD6pqwvSh4/maxresdefault.jpg,3.07,3.54,あっさり
フライパンでそのまま出せてあと片付けも楽ちん！【豚バラとキャベツのフライパン蒸し】 詳しいレシピは概要欄でチェック！ #キャベツ #豚バラ#ワンパン#晩ごはん#簡単レシピ#レシピ動画 #料理動画,youtube,UP2qvbhbuuU,https://www.youtube.com/watch?v=UP2qvbhbuuU,UP2qvbhbuuU,https://www.youtube.com/watch?v=UP2qvbhbuuU,デリッシュキッチン,easy,豚肉、キャベツ、ネギ,rich,5,YouTube Data API収集,"pork,cabbage,green_onion",肉類;葉物野菜,warm,3,2,true,true,https://i.ytimg.com/vi/UP2qvbhbuuU/maxresdefault.jpg,5.55,6.73,がっつり
助けてください！箸が止まりません「ジューシー豚こま(夢中豚こま)」詳しいレシピは概要欄を見てね♪#やみつき#豚肉 #豚肉レシピ #晩ごはん #おかず #簡単レシピ #レシピ動画 #料理動画 #料理動画,youtube,m3tPDTtK8mg,https://www.youtube.com/watch?v=m3tPDTtK8mg,m3tPDTtK8mg,https://www.youtube.com/watch?v=m3tPDTtK8mg,デリッシュキッチン,easy,豚肉、ネギ、玉ねぎ、ショウガ、にんにく,semi-light,2,YouTube Data API収集,"pork,green_onion,onion,ginger,garlic",肉類;葉物野菜;根菜,warm,3,2,true,true,https://i.ytimg.com/vi/m3tPDTtK8mg/maxresdefault.jpg,5.2,4.72,ややあっさり
レンジで簡単！豚バラ白菜のウマいヤツ,youtube,Tl_ebKQEuVA,https://www.youtube.com/watch?v=Tl_ebKQEuVA,Tl_ebKQEuVA,https://www.youtube.com/watch?v=Tl_ebKQEuVA,まるみキッチン【簡単レシピ】,easy,豚肉、白身魚、napa_cabbage、ネギ,semi-light,2,YouTube Data API収集,"pork,whitefish,napa_cabbage,green_onion",肉類;魚介;葉物野菜,warm,3,2,true,true,https://i.ytimg.com/vi/Tl_ebKQEuVA/maxresdefault.jpg,5.43,4.86,ややあっさり
【悪魔のガーリックバターソーセージ丼】,youtube,INalXp785IY,https://www.youtube.com/watch?v=INalXp785IY,INalXp785IY,https://www.youtube.com/watch?v=INalXp785IY,まるみキッチン【簡単レシピ】,easy,白身魚、卵、ご飯・米、にんにく、バター,rich,4,YouTube Data API収集,"whitefish,egg,rice,garlic,butter",魚介;卵;米;根菜;チーズ・バター・マヨ系,warm,1,1,false,true,https://i.ytimg.com/vi/INalXp785IY/maxresdefault.jpg,6.92,6.95,がっつり
【爆速！レンジで5分なすの煮浸し】詳細はコメント欄へ #おすすめ #簡単レシピ #時短,youtube,MlpOJswBRsk,https://www.youtube.com/watch?v=MlpOJswBRsk,MlpOJswBRsk,https://www.youtube.com/watch?v=MlpOJswBRsk,まいのごはん。,easy,なす,light,1,YouTube Data API収集,eggplant,葉物野菜,warm,3,2,true,true,https://i.ytimg.com/vi/MlpOJswBRsk/maxresdefault.jpg,1.0,1.7,あっさり
ごはんが一瞬で無くなるくらいうまい【鶏もも肉の旨だれジュワ焼き】詳しいレシピは概要欄を見てね♪ #晩ごはん #おかず #鶏もも肉 #鶏肉 #鶏肉レシピ #簡単レシピ #レシピ動画 #夢中鶏もも肉,youtube,hF3F9oDX5BY,https://www.youtube.com/watch?v=hF3F9oDX5BY,hF3F9oDX5BY,https://www.youtube.com/watch?v=hF3F9oDX5BY,デリッシュキッチン,easy,鶏肉、白身魚、ネギ、にんにく,semi-light,3,YouTube Data API収集,"chicken,whitefish,green_onion,garlic",鶏肉;魚介;葉物野菜;根菜,warm,3,2,true,true,https://i.ytimg.com/vi/hF3F9oDX5BY/maxresdefault.jpg,4.25,4.75,ややあっさり
【鶏むね肉しっとり!!甘酢みぞれ】無口の料理人夫が唸った #おすすめ #料理 #晩御飯,youtube,rTDS3NE9e7E,https://www.youtube.com/watch?v=rTDS3NE9e7E,rTDS3NE9e7E,https://www.youtube.com/watch?v=rTDS3NE9e7E,まいのごはん。,easy,鶏肉、白身魚、ビーフン・フォー、ネギ、大根,light,2,YouTube Data API収集,"chicken,whitefish,rice_noodles,green_onion,daikon",鶏肉;魚介;麺;葉物野菜;根菜,warm,3,2,true,true,https://i.ytimg.com/vi/rTDS3NE9e7E/maxresdefault.jpg,4.6,4.46,あっさり
パパッと美味しい！てりやきチキンの作り方 ｜ How to make Teriyaki Chicken,youtube,CmHtn8rBk3Y,https://www.youtube.com/watch?v=CmHtn8rBk3Y,CmHtn8rBk3Y,https://www.youtube.com/watch?v=CmHtn8rBk3Y,デリッシュキッチン,easy,豚肉、鶏肉、サケ、白身魚、キャベツ、ほうれん草、こんにゃく、チーズ、バター、マヨネーズ,rich,4,YouTube Data API収集,"pork,chicken,salmon,whitefish,cabbage,spinach,konnyaku,cheese,butter,mayonnaise",肉類;鶏肉;魚介;葉物野菜;根菜;チーズ・バター・マヨ系,warm,4,3,true,true,https://i.ytimg.com/vi/CmHtn8rBk3Y/maxresdefault.jpg,6.73,6.84,がっつり
材料２つで激ウマレシピ【豚じゃが炒め】#shorts #簡単レシピ #じゃがいも,youtube,VyRjh3CAuV4,https://www.youtube.com/watch?v=VyRjh3CAuV4,VyRjh3CAuV4,https://www.youtube.com/watch?v=VyRjh3CAuV4,パパっとdish,normal,じゃが芋,light,3,YouTube Data API収集,potato,根菜,warm,3,2,true,true,https://i.ytimg.com/vi/VyRjh3CAuV4/maxresdefault.jpg,3.0,4.1,あっさり
何回作ってもすぐ消える「無限きゅうり」詳しいレシピは概要欄をチェック！ #きゅうり #きゅうり レシピ #副菜,youtube,H8PgbP17qYQ,https://www.youtube.com/watch?v=H8PgbP17qYQ,H8PgbP17qYQ,https://www.youtube.com/watch?v=H8PgbP17qYQ,デリッシュキッチン,easy,きゅうり,light,2,YouTube Data API収集,cucumber,葉物野菜,warm,3,2,true,true,https://i.ytimg.com/vi/H8PgbP17qYQ/maxresdefault.jpg,1.0,2.2,あっさり
【子供が大喜び】ポップコーンチキン！簡単すぎてリピ確定✨ #簡単レシピ #時短レシピ,youtube,gr556NVfy1Y,https://www.youtube.com/watch?v=gr556NVfy1Y,gr556NVfy1Y,https://www.youtube.com/watch?v=gr556NVfy1Y,ぽっけ夫婦⌇家族が喜ぶ10分ごはん,easy,鶏肉、コーン缶、マヨネーズ,rich,4,YouTube Data API収集,"chicken,corn,mayonnaise",鶏肉;根菜;チーズ・バター・マヨ系,warm,3,2,true,true,https://i.ytimg.com/vi/gr556NVfy1Y/maxresdefault.jpg,7.43,7.36,がっつり
オムレツ修行98回目【朝ご飯】#料理男子 #卵料理 #オムレツ #簡単レシピ #オムライス #料理 #練習,youtube,E0VI6dnG_zs,https://www.youtube.com/watch?v=E0VI6dnG_zs,E0VI6dnG_zs,https://www.youtube.com/watch?v=E0VI6dnG_zs,TAKATAKE 髙田家,normal,卵、ご飯・米,semi-light,2,YouTube Data API収集,"egg,rice",卵;米,warm,3,2,false,true,https://i.ytimg.com/vi/E0VI6dnG_zs/maxresdefault.jpg,5.65,5.09,ややあっさり
【旨い・安い・簡単】キャベたま焼き #ワンパンレシピ #料理動画 #cooking #shorts #簡単レシピ #卵レシピ #キャベツレシピ,youtube,UZNWfksoKhg,https://www.youtube.com/watch?v=UZNWfksoKhg,UZNWfksoKhg,https://www.youtube.com/watch?v=UZNWfksoKhg,ラクうま料理ちゃんねる,easy,ハム、白身魚、卵、キャベツ、ネギ、チーズ、マヨネーズ,rich,4,YouTube Data API収集,"ham,whitefish,egg,cabbage,green_onion,cheese,mayonnaise",肉類;魚介;卵;葉物野菜;チーズ・バター・マヨ系,warm,4,3,true,true,https://i.ytimg.com/vi/UZNWfksoKhg/maxresdefault.jpg,6.92,7.05,がっつり
10分煮てあとはほったらかすだけで激うまチャーシューが作れます【豚バラ肉のくるくる一口チャーシュー】詳しいレシピはアプリで料理名を検索♪ #豚バラ #チャーシュー #簡単レシピ,youtube,u6qZi0N1NwQ,https://www.youtube.com/watch?v=u6qZi0N1NwQ,u6qZi0N1NwQ,https://www.youtube.com/watch?v=u6qZi0N1NwQ,デリッシュキッチン,easy,豚肉、白身魚、卵、ネギ、にんにく,light,1,YouTube Data API収集,"pork,whitefish,egg,green_onion,garlic",肉類;魚介;卵;葉物野菜;根菜,warm,3,2,true,true,https://i.ytimg.com/vi/u6qZi0N1NwQ/maxresdefault.jpg,5.34,4.2,あっさり
やる気1%でワンパン和風パスタ,youtube,pGDE3cs_vAM,https://www.youtube.com/watch?v=pGDE3cs_vAM,pGDE3cs_vAM,https://www.youtube.com/watch?v=pGDE3cs_vAM,まるみキッチン【簡単レシピ】,normal,白身魚、ツナ、卵、パスタ、ネギ、にんにく、マヨネーズ,semi-rich,4,YouTube Data API収集,"whitefish,canned_tuna,egg,pasta,green_onion,garlic,mayonnaise",魚介;卵;麺;葉物野菜;根菜;チーズ・バター・マヨ系,warm,4,3,true,true,https://i.ytimg.com/vi/pGDE3cs_vAM/maxresdefault.jpg,6.38,6.63,ややがっつり
【忙しい朝に】10分フレンチトースト #ガンガンの料理塾 #簡単レシピ #フレンチトースト,youtube,QpkjHtYJ-WA,https://www.youtube.com/watch?v=QpkjHtYJ-WA,QpkjHtYJ-WA,https://www.youtube.com/watch?v=QpkjHtYJ-WA,ガンガンの料理塾,easy,卵、ビーフン・フォー、バター、牛乳、パン,rich,4,YouTube Data API収集,"egg,rice_noodles,butter,milk,bread",卵;麺;チーズ・バター・マヨ系;米,warm,3,2,false,true,https://i.ytimg.com/vi/QpkjHtYJ-WA/maxresdefault.jpg,7.72,7.53,がっつり
ナスの煮浸しの作り方｜揚げずに簡単ヘルシー！#ナスレシピ #煮浸し 煮浸し #簡単レシピ #料理研究家ゆかり #shorts,youtube,oFhj0v9ORAU,https://www.youtube.com/watch?v=oFhj0v9ORAU,oFhj0v9ORAU,https://www.youtube.com/watch?v=oFhj0v9ORAU,料理研究家ゆかりのおうちで簡単レシピ / Yukari's Kitchen,normal,ネギ、なす、ショウガ,semi-light,5,YouTube Data API収集,"green_onion,eggplant,ginger",葉物野菜;根菜,warm,3,2,true,true,https://i.ytimg.com/vi/oFhj0v9ORAU/maxresdefault.jpg,2.3,4.78,ややあっさり
【ネットで話題！レンジで作る簡単プリン】卵・牛乳・きび砂糖これ全部体の潤いアップ #簡単レシピ #薬膳レシピ #プリン#レンチンレシピ #簡単スイーツ #簡単料理,youtube,Vk2v0gO-P5c,https://www.youtube.com/watch?v=Vk2v0gO-P5c,Vk2v0gO-P5c,https://www.youtube.com/watch?v=Vk2v0gO-P5c,体が喜ぶ簡単料理チャンネル,easy,白身魚、卵、牛乳,semi-rich,2,YouTube Data API収集,"whitefish,egg,milk",魚介;卵;チーズ・バター・マヨ系,warm,3,2,false,true,https://i.ytimg.com/vi/Vk2v0gO-P5c/maxresdefault.jpg,7.43,6.06,ややがっつり
なすの簡単レシピ！食材1つ！美味しすぎて永久保存版にしたい「なすの甘酢炒めのレシピ」 #pr #affliatelink #shorts,youtube,MN5DEKDtqyc,https://www.youtube.com/watch?v=MN5DEKDtqyc,MN5DEKDtqyc,https://www.youtube.com/watch?v=MN5DEKDtqyc,料理家 川久景子【旬を楽しむ和ごはん】,normal,白身魚、なす,light,3,YouTube Data API収集,"whitefish,eggplant",魚介;葉物野菜,warm,3,2,true,true,https://i.ytimg.com/vi/MN5DEKDtqyc/maxresdefault.jpg,2.95,4.07,あっさり
【鰻を超えた！なすの蒲焼き風】とろうま♡メイン級のおいしさ※詳細はコメント欄へ #簡単レシピ #おすすめ #料理,youtube,amS-q9jG7Dw,https://www.youtube.com/watch?v=amS-q9jG7Dw,amS-q9jG7Dw,https://www.youtube.com/watch?v=amS-q9jG7Dw,まいのごはん。,normal,なす,light,3,YouTube Data API収集,eggplant,葉物野菜,warm,3,2,true,true,https://i.ytimg.com/vi/amS-q9jG7Dw/maxresdefault.jpg,1.0,2.9,あっさり
50円の豆腐で作ったヘルシーでお財布にやさしいテリマヨ豆腐ステーキ,youtube,_JYNaqzpwq4,https://www.youtube.com/watch?v=_JYNaqzpwq4,_JYNaqzpwq4,https://www.youtube.com/watch?v=_JYNaqzpwq4,ハマごはん【お手軽レシピ】,easy,白身魚、豆腐、ネギ、マヨネーズ,semi-rich,4,YouTube Data API収集,"whitefish,tofu,green_onion,mayonnaise",魚介;豆腐・大豆系;葉物野菜;チーズ・バター・マヨ系,warm,3,2,true,true,https://i.ytimg.com/vi/_JYNaqzpwq4/maxresdefault.jpg,6.15,6.59,ややがっつり
基本のオムライスの作り方｜おうちで簡単プロの味！昔ながらの洋食屋さんのオムライス！#オムライス #卵料理 #shorts,youtube,AO5FQXhyjoA,https://www.youtube.com/watch?v=AO5FQXhyjoA,AO5FQXhyjoA,https://www.youtube.com/watch?v=AO5FQXhyjoA,料理研究家ゆかりのおうちで簡単レシピ / Yukari's Kitchen,normal,鶏肉、白身魚、卵、ご飯・米、ネギ、玉ねぎ、しめじ、バター、マヨネーズ,semi-rich,4,YouTube Data API収集,"chicken,whitefish,egg,rice,green_onion,onion,shimeji,butter,mayonnaise",鶏肉;魚介;卵;米;葉物野菜;根菜;きのこ;チーズ・バター・マヨ系,warm,4,3,true,true,https://i.ytimg.com/vi/AO5FQXhyjoA/maxresdefault.jpg,6.24,6.54,ややがっつり
【2ヶ月で6キロ痩せた】食べ痩せ豆腐グラタン #ダイエットレシピ #簡単レシピ,youtube,GBbapHXLcZc,https://www.youtube.com/watch?v=GBbapHXLcZc,GBbapHXLcZc,https://www.youtube.com/watch?v=GBbapHXLcZc,うちこ【ダイエットレシピ】,easy,えび、豆腐、卵、チーズ,rich,4,YouTube Data API収集,"shrimp,tofu,egg,cheese",魚介;豆腐・大豆系;卵;チーズ・バター・マヨ系,warm,3,2,false,true,https://i.ytimg.com/vi/GBbapHXLcZc/maxresdefault.jpg,6.85,6.81,がっつり
【TKG】卵かけご飯#暮らしのアイデア#ライフハック#卵#簡単料理,youtube,qh_hQeMtU54,https://www.youtube.com/watch?v=qh_hQeMtU54,qh_hQeMtU54,https://www.youtube.com/watch?v=qh_hQeMtU54,あいこ⌇ラクラク家事の裏ワザ集,normal,卵,semi-light,2,YouTube Data API収集,egg,卵,warm,3,2,false,true,https://i.ytimg.com/vi/qh_hQeMtU54/maxresdefault.jpg,5.0,4.7,ややあっさり
5分で出来る！レンジで簡単おやつ✨パスタスナック🍝 #パスタスナック #おやつ #パスタレシピ #簡単おやつ #簡単おつまみ #おつまみレシピ #おつまみ,youtube,atQZ_XkZghc,https://www.youtube.com/watch?v=atQZ_XkZghc,atQZ_XkZghc,https://www.youtube.com/watch?v=atQZ_XkZghc,コタキッチンKotaKitchen,easy,パスタ、チーズ、カレールゥ,rich,4,YouTube Data API収集,"pasta,cheese,curry_roux",麺;チーズ・バター・マヨ系,warm,3,2,false,true,https://i.ytimg.com/vi/atQZ_XkZghc/maxresdefault.jpg,8.6,8.06,がっつり
これは絶対外せない！卵ともやしだけすげぇうまい！簡単節約おつまみおかず主菜副菜レシピ,youtube,6EId9n0ImYc,https://www.youtube.com/watch?v=6EId9n0ImYc,6EId9n0ImYc,https://www.youtube.com/watch?v=6EId9n0ImYc,ちゃらりんこクック,normal,鶏肉、豆腐、卵、キャベツ、napa_cabbage、ほうれん草、小松菜、ネギ、もやし、なす、ピーマン、ブロッコリー、玉ねぎ、大根、かぼちゃ,light,2,YouTube Data API収集,"chicken,tofu,egg,cabbage,napa_cabbage,spinach,komatsuna,green_onion,bean_sprouts,eggplant,bell_pepper,broccoli,onion,daikon,pumpkin",鶏肉;豆腐・大豆系;卵;葉物野菜;根菜,warm,4,3,true,true,https://i.ytimg.com/vi/6EId9n0ImYc/maxresdefault.jpg,4.32,4.29,あっさり
柔らかくなるポイントは10秒ごろ！【基本のしょうが焼き】 #生姜焼き #晩ごはん #豚肉 #おかず #レシピ動画 #簡単レシピ #料理動画,youtube,yXArC4QIoOg,https://www.youtube.com/watch?v=yXArC4QIoOg,yXArC4QIoOg,https://www.youtube.com/watch?v=yXArC4QIoOg,デリッシュキッチン,normal,豚肉、ショウガ,semi-rich,3,YouTube Data API収集,"pork,ginger",肉類;根菜,warm,3,2,true,true,https://i.ytimg.com/vi/yXArC4QIoOg/maxresdefault.jpg,6.25,5.95,ややがっつり
高タンパクなささみとブロッコリーのやみつきだれ #簡単レシピ #ダイエットレシピ #ささみ,youtube,sjZYdlW5a3k,https://www.youtube.com/watch?v=sjZYdlW5a3k,sjZYdlW5a3k,https://www.youtube.com/watch?v=sjZYdlW5a3k,Kiyo Balance Kitchen,easy,鶏肉、卵、ブロッコリー,light,2,YouTube Data API収集,"chicken,egg,broccoli",鶏肉;卵;葉物野菜,warm,3,2,true,true,https://i.ytimg.com/vi/sjZYdlW5a3k/maxresdefault.jpg,4.6,4.46,あっさり
これが1番簡単にして、最高！「簡単チキン南蛮」詳しいレシピは概要欄をチェック！ #チキン南蛮,youtube,HofPPbdy5AE,https://www.youtube.com/watch?v=HofPPbdy5AE,HofPPbdy5AE,https://www.youtube.com/watch?v=HofPPbdy5AE,デリッシュキッチン,easy,鶏肉、卵、ビーフン・フォー、ネギ、玉ねぎ、マヨネーズ、小麦粉,rich,4,YouTube Data API収集,"chicken,egg,rice_noodles,green_onion,onion,mayonnaise,flour",鶏肉;卵;麺;葉物野菜;根菜;チーズ・バター・マヨ系;米,warm,4,3,true,true,https://i.ytimg.com/vi/HofPPbdy5AE/maxresdefault.jpg,6.7,6.82,がっつり
【激ヤセ😇ツナ＆豆腐グラタン❣️】 #ダイエットレシピ #簡単レシピ #節約レシピ #豆腐,youtube,H3M0rjYGlmc,https://www.youtube.com/watch?v=H3M0rjYGlmc,H3M0rjYGlmc,https://www.youtube.com/watch?v=H3M0rjYGlmc,ほのか🍽ラク痩せ飯,normal,ツナ、豆腐,light,2,YouTube Data API収集,"canned_tuna,tofu",魚介;豆腐・大豆系,warm,3,2,false,true,https://i.ytimg.com/vi/H3M0rjYGlmc/maxresdefault.jpg,3.65,3.89,あっさり
【400万回再生人気レシピ】10分でできる簡単韓国家庭料理！ご飯がモリモリ進む野菜たっぷり豚プルコギの作り方／Korean-style BBQ pork with Veggies !,youtube,ciwEYRKhPVU,https://www.youtube.com/watch?v=ciwEYRKhPVU,ciwEYRKhPVU,https://www.youtube.com/watch?v=ciwEYRKhPVU,Koh Kentetsu Kitchen【料理研究家コウケンテツ公式チャンネル】,easy,豚肉、白身魚、にら、ネギ、レタス、玉ねぎ、にんじん、ショウガ、にんにく,semi-light,2,YouTube Data API収集,"pork,whitefish,nira,green_onion,lettuce,onion,carrot,ginger,garlic",肉類;魚介;葉物野菜;根菜,warm,4,3,true,true,https://i.ytimg.com/vi/ciwEYRKhPVU/maxresdefault.jpg,5.2,4.82,ややあっさり
手軽で美味しい焼きうどん🤤✨ #簡単レシピ #簡単レシピ,youtube,9TMLOTevoh8,https://www.youtube.com/watch?v=9TMLOTevoh8,9TMLOTevoh8,https://www.youtube.com/watch?v=9TMLOTevoh8,Hideka cooking,easy,うどん,semi-rich,3,YouTube Data API収集,udon,麺,warm,3,2,false,true,https://i.ytimg.com/vi/9TMLOTevoh8/maxresdefault.jpg,6.0,5.9,ややがっつり
じゃがいもがあっという間に無くなる「はちみつバター醤油いも餅」#shorts #food #recipe #簡単料理 #簡単レシピ #料理 #レシピ,youtube,f7pezqlSrfQ,https://www.youtube.com/watch?v=f7pezqlSrfQ,f7pezqlSrfQ,https://www.youtube.com/watch?v=f7pezqlSrfQ,低空飛行キッチン,easy,白身魚、じゃが芋、バター、牛乳,rich,4,YouTube Data API収集,"whitefish,potato,butter,milk",魚介;根菜;チーズ・バター・マヨ系,warm,3,2,true,true,https://i.ytimg.com/vi/f7pezqlSrfQ/maxresdefault.jpg,6.97,7.08,がっつり
【混ぜるだけで簡単◎】絶対作ってほしい！！やみつきパスタが美味しすぎる,youtube,Ov83dzaiA3w,https://www.youtube.com/watch?v=Ov83dzaiA3w,Ov83dzaiA3w,https://www.youtube.com/watch?v=Ov83dzaiA3w,ラクうま料理ちゃんねる,easy,白身魚、卵、パスタ、ネギ、昆布、にんにく、マヨネーズ,rich,4,YouTube Data API収集,"whitefish,egg,pasta,green_onion,kombu,garlic,mayonnaise",魚介;卵;麺;葉物野菜;根菜;チーズ・バター・マヨ系,warm,4,3,true,true,https://i.ytimg.com/vi/Ov83dzaiA3w/maxresdefault.jpg,6.38,6.73,がっつり
美味しすぎて取り合いになる【チキンのニラだれ】#料理#レシピ #簡単レシピ #鶏肉 #鶏もも肉 #夜ご飯 #つくりおき,youtube,-lxRD8pO-KI,https://www.youtube.com/watch?v=-lxRD8pO-KI,-lxRD8pO-KI,https://www.youtube.com/watch?v=-lxRD8pO-KI,Aya(つくあや),easy,鶏肉、白身魚、にら,light,2,YouTube Data API収集,"chicken,whitefish,nira",鶏肉;魚介;葉物野菜,warm,3,2,true,true,https://i.ytimg.com/vi/-lxRD8pO-KI/maxresdefault.jpg,4.37,4.32,あっさり
鮭を買ったら #簡単レシピ,youtube,Rm5DbMVOwZU,https://www.youtube.com/watch?v=Rm5DbMVOwZU,Rm5DbMVOwZU,https://www.youtube.com/watch?v=Rm5DbMVOwZU,さくらい ゆか【管理栄養士】,normal,サケ、白身魚、バター,rich,4,YouTube Data API収集,"salmon,whitefish,butter",魚介;チーズ・バター・マヨ系,warm,3,2,false,true,https://i.ytimg.com/vi/Rm5DbMVOwZU/maxresdefault.jpg,7.9,7.64,がっつり
しっとりささみに濃い味が染み込んでご飯が止まらない「ささみの旨だれ漬け」詳しいレシピは概要欄をチェック！ #レンジ #ささみレシピ,youtube,Y5rl69pcQ6s,https://www.youtube.com/watch?v=Y5rl69pcQ6s,Y5rl69pcQ6s,https://www.youtube.com/watch?v=Y5rl69pcQ6s,デリッシュキッチン,easy,鶏肉、豆腐、ビーフン・フォー、ネギ、にんにく,light,2,YouTube Data API収集,"chicken,tofu,rice_noodles,green_onion,garlic",鶏肉;豆腐・大豆系;麺;葉物野菜;根菜,cold,3,2,true,true,https://i.ytimg.com/vi/Y5rl69pcQ6s/maxresdefault.jpg,4.46,4.28,あっさり
今でもずっと箸が止まっていません🥢【こんにゃくの柚子胡椒ステーキ】詳しいレシピは概要欄をチェック！#料理 #おつまみ #簡単レシピ #こんにゃく #おうちごはん,youtube,Ix9QY9B9VDQ,https://www.youtube.com/watch?v=Ix9QY9B9VDQ,Ix9QY9B9VDQ,https://www.youtube.com/watch?v=Ix9QY9B9VDQ,デリッシュキッチン,easy,ネギ、こんにゃく,light,2,YouTube Data API収集,"green_onion,konnyaku",葉物野菜;根菜,warm,3,2,true,true,https://i.ytimg.com/vi/Ix9QY9B9VDQ/maxresdefault.jpg,2.3,2.98,あっさり
たった6分！卵とウィンナーさえあれば作れる簡単最強おかず。ご飯がススミすぎる『卵とウィンナーの炒め物』の作り方,youtube,18Dwyc3r5Fk,https://www.youtube.com/watch?v=18Dwyc3r5Fk,18Dwyc3r5Fk,https://www.youtube.com/watch?v=18Dwyc3r5Fk,だれウマ【料理研究家】,easy,卵、マヨネーズ,rich,4,YouTube Data API収集,"egg,mayonnaise",卵;チーズ・バター・マヨ系,warm,3,2,false,true,https://i.ytimg.com/vi/18Dwyc3r5Fk/sddefault.jpg,8.25,8.15,がっつり
茄子チーズ焼き🧀🍆#簡単レシピ #料理 #茄子 #チーズ #cooking #夏 #ごはん #レシピ #時短レシピ #夏休み,youtube,5F3BQvzqeX4,https://www.youtube.com/watch?v=5F3BQvzqeX4,5F3BQvzqeX4,https://www.youtube.com/watch?v=5F3BQvzqeX4,りな おうちでごちそう:ワンパンレシピ,normal,チーズ,rich,4,YouTube Data API収集,cheese,チーズ・バター・マヨ系,warm,3,2,false,true,https://i.ytimg.com/vi/5F3BQvzqeX4/maxresdefault.jpg,10.0,8.9,がっつり
【豆腐キムチチヂミ】#shorts #cooking #ダイエット #ヘルシー #レシピ #簡単レシピ,youtube,3r3yZTTVkkQ,https://www.youtube.com/watch?v=3r3yZTTVkkQ,3r3yZTTVkkQ,https://www.youtube.com/watch?v=3r3yZTTVkkQ,ゆき【15kg痩せたダイエットレシピ】,normal,豆腐,light,2,YouTube Data API収集,tofu,豆腐・大豆系,warm,3,2,false,true,https://i.ytimg.com/vi/3r3yZTTVkkQ/maxresdefault.jpg,3.0,3.3,あっさり
【ダイエットおやつ🔥】レンジで簡単！ポテチの作り方 #太らない #ヘルシーレシピ,youtube,ZPua34VwMiY,https://www.youtube.com/watch?v=ZPua34VwMiY,ZPua34VwMiY,https://www.youtube.com/watch?v=ZPua34VwMiY,shiro🐏健康レシピ,easy,じゃが芋、チーズ,rich,4,YouTube Data API収集,"potato,cheese",根菜;チーズ・バター・マヨ系,warm,3,2,true,true,https://i.ytimg.com/vi/ZPua34VwMiY/maxresdefault.jpg,7.55,7.43,がっつり
【これ作ってみて】豚こま丸めて焼いたら美味しすぎて悶絶。レシピはコメント欄へ📍#レシピ #japanesefood #お弁当 #簡単レシピ,youtube,TgIlxarViz8,https://www.youtube.com/watch?v=TgIlxarViz8,TgIlxarViz8,https://www.youtube.com/watch?v=TgIlxarViz8,まみ(mami) ラクうまごはん,normal,豚肉、白身魚,semi-rich,2,YouTube Data API収集,"pork,whitefish",肉類;魚介,warm,3,2,true,true,https://i.ytimg.com/vi/TgIlxarViz8/maxresdefault.jpg,6.6,5.66,ややがっつり
自宅で簡単、コク旨ナポリタンです！#shorts #簡単レシピ #ナポリタン,youtube,R9w9cGAXcLA,https://www.youtube.com/watch?v=R9w9cGAXcLA,R9w9cGAXcLA,https://www.youtube.com/watch?v=R9w9cGAXcLA,パパっとdish,normal,パスタ,semi-rich,2,YouTube Data API収集,pasta,麺,warm,3,2,false,true,https://i.ytimg.com/vi/R9w9cGAXcLA/maxresdefault.jpg,6.0,5.3,ややがっつり
【調理時間2分】最強丼の作り方！#料理 #料理動画 #自炊 #時短レシピ #簡単レシピ #ズボラ飯 #japan #cooking,youtube,Mk7_uXvcxao,https://www.youtube.com/watch?v=Mk7_uXvcxao,Mk7_uXvcxao,https://www.youtube.com/watch?v=Mk7_uXvcxao,だんぼ【簡単飯を作る限界サラリーマン】,easy,ご飯・米,semi-light,2,YouTube Data API収集,rice,米,warm,1,1,false,true,https://i.ytimg.com/vi/Mk7_uXvcxao/maxresdefault.jpg,6.0,5.2,ややあっさり
【茄子ピーマン玉ねぎ簡単レシピ】炒めるだけ！おつまみ副菜おかず余り物が無敵になるワンパンレシピ,youtube,EAMM5WHC1oc,https://www.youtube.com/watch?v=EAMM5WHC1oc,EAMM5WHC1oc,https://www.youtube.com/watch?v=EAMM5WHC1oc,ちゃらりんこクック,normal,鶏肉、中華麺、キャベツ、きゅうり、にら、ネギ、なす、ピーマン、ゴーヤ、玉ねぎ,semi-light,3,YouTube Data API収集,"chicken,noodles,cabbage,cucumber,nira,green_onion,eggplant,bell_pepper,bitter_melon,onion",鶏肉;麺;葉物野菜;根菜,warm,4,3,true,true,https://i.ytimg.com/vi/EAMM5WHC1oc/maxresdefault.jpg,4.6,5.06,ややあっさり
【世界一簡単かもしれない♡︎絶品！じゃがいもだけグラタン】 #簡単レシピ #おうちごはん #料理 #cooking,youtube,swvPU36fi7w,https://www.youtube.com/watch?v=swvPU36fi7w,swvPU36fi7w,https://www.youtube.com/watch?v=swvPU36fi7w,DOKIN,easy,白身魚、じゃが芋、チーズ、バター、牛乳,rich,4,YouTube Data API収集,"whitefish,potato,cheese,butter,milk",魚介;根菜;チーズ・バター・マヨ系,warm,3,2,true,true,https://i.ytimg.com/vi/swvPU36fi7w/maxresdefault.jpg,6.97,7.08,がっつり
おかわりとまらん！なすの豚バラ巻き #簡単レシピ #村上農園 #ナスレシピ #料理 #cooking,youtube,FwpctGyGYbM,https://www.youtube.com/watch?v=FwpctGyGYbM,FwpctGyGYbM,https://www.youtube.com/watch?v=FwpctGyGYbM,村上農園ユーチューバー部,normal,豚肉、白身魚、なす,semi-light,2,YouTube Data API収集,"pork,whitefish,eggplant",肉類;魚介;葉物野菜,warm,3,2,true,true,https://i.ytimg.com/vi/FwpctGyGYbM/maxresdefault.jpg,5.43,4.96,ややあっさり
材料3つ！レンジで簡単「のび〜るチョコ餅」#shorts #food #recipe #簡単料理 #簡単レシピ #料理 #レシピ,youtube,v4UDCpbzIVY,https://www.youtube.com/watch?v=v4UDCpbzIVY,v4UDCpbzIVY,https://www.youtube.com/watch?v=v4UDCpbzIVY,低空飛行キッチン,easy,白身魚、牛乳,semi-rich,2,YouTube Data API収集,"whitefish,milk",魚介;チーズ・バター・マヨ系,warm,3,2,false,true,https://i.ytimg.com/vi/v4UDCpbzIVY/maxresdefault.jpg,7.9,6.44,ややがっつり
包丁いらないし、洗い物少ないし、しかも10分で作れた！【とろたま豚丼】詳しいレシピは概要欄を見てね♪ #豚肉 #豚こま肉 #料理 #丼 #丼飯 #簡単レシピ #レシピ #料理 #料理動画,youtube,tlQvKqviK_I,https://www.youtube.com/watch?v=tlQvKqviK_I,tlQvKqviK_I,https://www.youtube.com/watch?v=tlQvKqviK_I,デリッシュキッチン,easy,豚肉、卵、ご飯・米、にら、ネギ、しめじ,semi-light,2,YouTube Data API収集,"pork,egg,rice,nira,green_onion,shimeji",肉類;卵;米;葉物野菜;きのこ,warm,1,1,true,true,https://i.ytimg.com/vi/tlQvKqviK_I/maxresdefault.jpg,5.48,4.89,ややあっさり
クリスマスこれ良くない？⭐️我が家で大絶賛された秘密レシピ💕#簡単レシピ #じゃがいもレシピ #クリスマスレシピ #クリスマス料理 #cooking #shorts,youtube,0PKTJbVcD90,https://www.youtube.com/watch?v=0PKTJbVcD90,0PKTJbVcD90,https://www.youtube.com/watch?v=0PKTJbVcD90,yuchi,normal,じゃが芋,light,2,YouTube Data API収集,potato,根菜,warm,3,2,true,true,https://i.ytimg.com/vi/0PKTJbVcD90/maxresdefault.jpg,3.0,3.5,あっさり
【家にある調味料で作る】簡単絶品親子丼レシピ大公開！【フライパンでふわとろ食感♪】,youtube,5d-r8rLTr00,https://www.youtube.com/watch?v=5d-r8rLTr00,5d-r8rLTr00,https://www.youtube.com/watch?v=5d-r8rLTr00,デリッシュキッチン,easy,鶏肉、白身魚、卵、ご飯・米、ネギ、玉ねぎ,semi-rich,5,YouTube Data API収集,"chicken,whitefish,egg,rice,green_onion,onion",鶏肉;魚介;卵;米;葉物野菜;根菜,warm,1,1,true,true,https://i.ytimg.com/vi/5d-r8rLTr00/maxresdefault.jpg,4.72,6.23,ややがっつり
【秒でなくなる】ささみのクリスピーチキン！ #時短レシピ #簡単ごはん,youtube,g3BvUws0PSg,https://www.youtube.com/watch?v=g3BvUws0PSg,g3BvUws0PSg,https://www.youtube.com/watch?v=g3BvUws0PSg,ぽっけ夫婦⌇家族が喜ぶ10分ごはん,easy,鶏肉、白身魚、にんにく、マヨネーズ、小麦粉、カレールゥ,rich,4,YouTube Data API収集,"chicken,whitefish,garlic,mayonnaise,flour,curry_roux",鶏肉;魚介;根菜;チーズ・バター・マヨ系;米,warm,3,2,true,true,https://i.ytimg.com/vi/g3BvUws0PSg/maxresdefault.jpg,7.06,7.14,がっつり
【厚揚げとピーマンのそぼろ餡 】#簡単レシピ #おうちごはん #料理 #簡単料理 #おうちごはんラバー #夜ごはん #レシピ付き #時短レシピ #夜ご飯,youtube,v0yYVIeVeLg,https://www.youtube.com/watch?v=v0yYVIeVeLg,v0yYVIeVeLg,https://www.youtube.com/watch?v=v0yYVIeVeLg,Aya(つくあや),easy,挽肉、白身魚、厚揚げ、ピーマン,semi-rich,5,YouTube Data API収集,"minced_meat,whitefish,atsuage,bell_pepper",肉類;魚介;豆腐・大豆系;葉物野菜,warm,3,2,false,true,https://i.ytimg.com/vi/v0yYVIeVeLg/maxresdefault.jpg,5.2,6.62,ややがっつり
【ペッパーランチ】の作り方 #おうちごはん #レシピ #料理 #休日 #cooking #cookingchannel,youtube,UtBl1skNh_Q,https://www.youtube.com/watch?v=UtBl1skNh_Q,UtBl1skNh_Q,https://www.youtube.com/watch?v=UtBl1skNh_Q,「まおごはん」,easy,白身魚、ネギ、コーン缶、にんにく、バター,semi-rich,4,YouTube Data API収集,"whitefish,green_onion,corn,garlic,butter",魚介;葉物野菜;根菜;チーズ・バター・マヨ系,warm,3,2,true,true,https://i.ytimg.com/vi/UtBl1skNh_Q/maxresdefault.jpg,6.15,6.59,ややがっつり
【子どもが爆食い】玉ねぎが主役のチーズガレット #簡単レシピ #時短レシピ,youtube,wEU8t-VpkmY,https://www.youtube.com/watch?v=wEU8t-VpkmY,wEU8t-VpkmY,https://www.youtube.com/watch?v=wEU8t-VpkmY,ぽっけ夫婦⌇家族が喜ぶ10分ごはん,easy,ベーコン、白身魚、ツナ、ネギ、玉ねぎ、チーズ,rich,4,YouTube Data API収集,"bacon,whitefish,canned_tuna,green_onion,onion,cheese",肉類;魚介;葉物野菜;根菜;チーズ・バター・マヨ系,warm,3,2,true,true,https://i.ytimg.com/vi/wEU8t-VpkmY/maxresdefault.jpg,6.64,6.88,がっつり
失敗なしの超絶に美味しいペペロンチーノ,youtube,1RcvYjxy5hc,https://www.youtube.com/watch?v=1RcvYjxy5hc,1RcvYjxy5hc,https://www.youtube.com/watch?v=1RcvYjxy5hc,ハマごはん【お手軽レシピ】,easy,白身魚、パスタ、にんにく,light,2,YouTube Data API収集,"whitefish,pasta,garlic",魚介;麺;根菜,warm,3,2,false,true,https://i.ytimg.com/vi/1RcvYjxy5hc/maxresdefault.jpg,4.83,4.6,あっさり
牛乳だけで簡単おやつ,youtube,Q8RlfFCRf9Q,https://www.youtube.com/watch?v=Q8RlfFCRf9Q,Q8RlfFCRf9Q,https://www.youtube.com/watch?v=Q8RlfFCRf9Q,マイドンの飯物語,normal,牛乳,rich,2,YouTube Data API収集,milk,チーズ・バター・マヨ系,warm,3,2,false,true,https://i.ytimg.com/vi/Q8RlfFCRf9Q/maxresdefault.jpg,10.0,7.7,がっつり
#天津飯#簡単レシピ#レシピ#料理#おうちごはん,youtube,u1ojJ1w_jsM,https://www.youtube.com/watch?v=u1ojJ1w_jsM,u1ojJ1w_jsM,https://www.youtube.com/watch?v=u1ojJ1w_jsM,まゆみの愛情キッチン,normal,卵,semi-light,2,YouTube Data API収集,egg,卵,warm,3,2,false,true,https://i.ytimg.com/vi/u1ojJ1w_jsM/maxresdefault.jpg,5.0,4.7,ややあっさり
材料2つ♪お餅あったらまずこれやってみて🥳#簡単レシピ #切り餅 #節約レシピ #簡単おやつ #cooking #shorts,youtube,WVBQZEuZX2g,https://www.youtube.com/watch?v=WVBQZEuZX2g,WVBQZEuZX2g,https://www.youtube.com/watch?v=WVBQZEuZX2g,yuchi,normal,白身魚,light,2,YouTube Data API収集,whitefish,魚介,warm,3,2,false,true,https://i.ytimg.com/vi/WVBQZEuZX2g/maxresdefault.jpg,4.0,4.1,あっさり
8キロ痩せた私が作る『世界一簡単な！ 鶏むねの茹で方』#ダイエット #ダイエットレシピ #鶏むね肉,youtube,kUm-Ah1qGcg,https://www.youtube.com/watch?v=kUm-Ah1qGcg,kUm-Ah1qGcg,https://www.youtube.com/watch?v=kUm-Ah1qGcg,チピオキ,normal,鶏肉,semi-light,1,YouTube Data API収集,chicken,鶏肉,warm,3,2,true,true,https://i.ytimg.com/vi/kUm-Ah1qGcg/maxresdefault.jpg,6.0,4.7,ややあっさり
無限ハッシュドポテト作りました🥔作り方はコメント欄へ#二人暮らし #同棲生活 #料理,youtube,ziXuAu_hPeE,https://www.youtube.com/watch?v=ziXuAu_hPeE,ziXuAu_hPeE,https://www.youtube.com/watch?v=ziXuAu_hPeE,よへ 僕がいい旦那になるまで,normal,じゃが芋,light,2,YouTube Data API収集,potato,根菜,warm,3,2,true,true,https://i.ytimg.com/vi/ziXuAu_hPeE/maxresdefault.jpg,3.0,3.5,あっさり
ワンパンクリームパスタ #簡単レシピ,youtube,_GKjidJH_NE,https://www.youtube.com/watch?v=_GKjidJH_NE,_GKjidJH_NE,https://www.youtube.com/watch?v=_GKjidJH_NE,わか︴夫の胃袋掴む楽うまごはん,normal,パスタ,semi-rich,3,YouTube Data API収集,pasta,麺,warm,3,2,false,true,https://i.ytimg.com/vi/_GKjidJH_NE/maxresdefault.jpg,6.0,5.9,ややがっつり
【Instagram1300万再生突破‼️】ツナの韓国風簡単混ぜおにぎり #簡単料理 #簡単レシピ #おにぎり #韓国海苔,youtube,cIo-cysP8ZM,https://www.youtube.com/watch?v=cIo-cysP8ZM,cIo-cysP8ZM,https://www.youtube.com/watch?v=cIo-cysP8ZM,あつメシ×あさとファミリー,normal,白身魚、ツナ、ご飯・米、ネギ,light,2,YouTube Data API収集,"whitefish,canned_tuna,rice,green_onion",魚介;米;葉物野菜,warm,3,2,true,true,https://i.ytimg.com/vi/cIo-cysP8ZM/maxresdefault.jpg,4.37,4.32,あっさり
簡単なのに美味しすぎる！黒こんにゃくの旨ピリ辛炒め【おつまみレシピ】,youtube,e0HqltlFiyk,https://www.youtube.com/watch?v=e0HqltlFiyk,e0HqltlFiyk,https://www.youtube.com/watch?v=e0HqltlFiyk,料理人マサのおつまみ道場,easy,昆布、こんにゃく,light,3,YouTube Data API収集,"kombu,konnyaku",葉物野菜;根菜,warm,3,2,false,true,https://i.ytimg.com/vi/e0HqltlFiyk/maxresdefault.jpg,2.3,3.68,あっさり
【ワンパンでスピード角煮】,youtube,Vpo1fOAk1vk,https://www.youtube.com/watch?v=Vpo1fOAk1vk,Vpo1fOAk1vk,https://www.youtube.com/watch?v=Vpo1fOAk1vk,まるみキッチン【簡単レシピ】,easy,豚肉、白身魚、卵、ビーフン・フォー、ショウガ,light,1,YouTube Data API収集,"pork,whitefish,egg,rice_noodles,ginger",肉類;魚介;卵;麺;根菜,warm,3,2,true,true,https://i.ytimg.com/vi/Vpo1fOAk1vk/maxresdefault.jpg,6.04,4.62,あっさり
【レンジで簡単！絶品鶏むねチャーシュー】,youtube,nGpcRyZtHq0,https://www.youtube.com/watch?v=nGpcRyZtHq0,nGpcRyZtHq0,https://www.youtube.com/watch?v=nGpcRyZtHq0,まるみキッチン【簡単レシピ】,easy,鶏肉、白身魚、卵、ショウガ、にんにく、マヨネーズ,rich,4,YouTube Data API収集,"chicken,whitefish,egg,ginger,garlic,mayonnaise",鶏肉;魚介;卵;根菜;チーズ・バター・マヨ系,warm,3,2,true,true,https://i.ytimg.com/vi/nGpcRyZtHq0/maxresdefault.jpg,6.92,6.95,がっつり
レンチンオムライス🍳#簡単レシピ #レンチンレシピ #産後ダイエット #料理 #shorts,youtube,nUBggQGwq-M,https://www.youtube.com/watch?v=nUBggQGwq-M,nUBggQGwq-M,https://www.youtube.com/watch?v=nUBggQGwq-M,なお⌇ 8ヶ月で-14kg痩せた時短レシピ🥣,easy,白身魚、ツナ、卵、ご飯・米、チーズ、牛乳,rich,4,YouTube Data API収集,"whitefish,canned_tuna,egg,rice,cheese,milk",魚介;卵;米;チーズ・バター・マヨ系,warm,3,2,false,true,https://i.ytimg.com/vi/nUBggQGwq-M/maxresdefault.jpg,7.38,7.33,がっつり
味付けはめんつゆだけ【玉たま丼】#玉ねぎ #卵レシピ #玉ねぎレシピ #簡単レシピ,youtube,T0Bg6GsCcBU,https://www.youtube.com/watch?v=T0Bg6GsCcBU,T0Bg6GsCcBU,https://www.youtube.com/watch?v=T0Bg6GsCcBU,デリッシュキッチン,easy,白身魚、卵、ご飯・米、ネギ、玉ねぎ,light,2,YouTube Data API収集,"whitefish,egg,rice,green_onion,onion",魚介;卵;米;葉物野菜;根菜,warm,1,1,true,true,https://i.ytimg.com/vi/T0Bg6GsCcBU/maxresdefault.jpg,4.46,4.28,あっさり
【３８０万回再生の人気レシピ】ただ焼くだけで驚くほど旨い！やみつき焼きトロなすの作り方 #shorts 【kattyanneru】,youtube,OR9NiANwRJs,https://www.youtube.com/watch?v=OR9NiANwRJs,OR9NiANwRJs,https://www.youtube.com/watch?v=OR9NiANwRJs,kattyanneru/かっちゃんねる,normal,卵、なす、にんにく,light,3,YouTube Data API収集,"egg,eggplant,garlic",卵;葉物野菜;根菜,warm,3,2,true,true,https://i.ytimg.com/vi/OR9NiANwRJs/maxresdefault.jpg,3.6,4.46,あっさり
【簡単レシピ】ワンパン！ナポリタンスパゲッティの作り方🍝,youtube,oK8WrOrxiwI,https://www.youtube.com/watch?v=oK8WrOrxiwI,oK8WrOrxiwI,https://www.youtube.com/watch?v=oK8WrOrxiwI,料理研究家ゆかりのおうちで簡単レシピ / Yukari's Kitchen,normal,パスタ、ネギ、ピーマン、玉ねぎ、にんにく、バター,semi-rich,4,YouTube Data API収集,"pasta,green_onion,bell_pepper,onion,garlic,butter",麺;葉物野菜;根菜;チーズ・バター・マヨ系,warm,3,2,true,true,https://i.ytimg.com/vi/oK8WrOrxiwI/maxresdefault.jpg,6.5,6.7,ややがっつり
【健康ごはん】小松菜と油揚げの煮びたし #簡単料理 #はじめての料理 #おかずレシピ #レシピ #初心者 #簡単レシピ #夜ごはん #小松菜#健康 #おかず,youtube,jTcGx9pB6IQ,https://www.youtube.com/watch?v=jTcGx9pB6IQ,jTcGx9pB6IQ,https://www.youtube.com/watch?v=jTcGx9pB6IQ,看護師くみ【健康ごはん】,normal,油揚げ、小松菜,semi-light,5,YouTube Data API収集,"aburaage,komatsuna",豆腐・大豆系;葉物野菜,warm,3,2,false,true,https://i.ytimg.com/vi/jTcGx9pB6IQ/maxresdefault.jpg,2.3,4.88,ややあっさり
【子どもウケ抜群】パパッとロコモコ丼✨簡単すぎてリピ確定！ #簡単レシピ #時短レシピ,youtube,oGOgaolkSQo,https://www.youtube.com/watch?v=oGOgaolkSQo,oGOgaolkSQo,https://www.youtube.com/watch?v=oGOgaolkSQo,ぽっけ夫婦⌇家族が喜ぶ10分ごはん,easy,挽肉、白身魚、卵、ご飯・米、ネギ、玉ねぎ、チーズ,rich,4,YouTube Data API収集,"minced_meat,whitefish,egg,rice,green_onion,onion,cheese",肉類;魚介;卵;米;葉物野菜;根菜;チーズ・バター・マヨ系,warm,4,1,true,true,https://i.ytimg.com/vi/oGOgaolkSQo/maxresdefault.jpg,6.7,6.92,がっつり
やる気1％で即席ミラノっぽいドリア,youtube,Ff8K9ihIXbU,https://www.youtube.com/watch?v=Ff8K9ihIXbU,Ff8K9ihIXbU,https://www.youtube.com/watch?v=Ff8K9ihIXbU,まるみキッチン【簡単レシピ】,easy,チーズ,rich,4,YouTube Data API収集,cheese,チーズ・バター・マヨ系,warm,3,2,false,true,https://i.ytimg.com/vi/Ff8K9ihIXbU/maxresdefault.jpg,10.0,8.8,がっつり
おうち居酒屋でこれだしたら大喜びされて作り方めっちゃ聞かれたやつ。#簡単レシピ #料理 #節約レシピ #おつまみレシピ #おうち居酒屋 #youtubeshorts #shorts,youtube,GH5LI_XBcFE,https://www.youtube.com/watch?v=GH5LI_XBcFE,GH5LI_XBcFE,https://www.youtube.com/watch?v=GH5LI_XBcFE,yuchi,normal,白身魚,light,2,YouTube Data API収集,whitefish,魚介,warm,3,2,false,true,https://i.ytimg.com/vi/GH5LI_XBcFE/maxresdefault.jpg,4.0,4.1,あっさり
食パンでできる簡単ホットサンド #料理 #プチ知識 #ずんだもん #簡単レシピ,youtube,ZPf-sMu8Jss,https://www.youtube.com/watch?v=ZPf-sMu8Jss,ZPf-sMu8Jss,https://www.youtube.com/watch?v=ZPf-sMu8Jss,ひろか | 誰でもできるライフハック術,normal,パン,semi-rich,2,YouTube Data API収集,bread,米,warm,3,2,false,true,https://i.ytimg.com/vi/ZPf-sMu8Jss/maxresdefault.jpg,6.0,5.3,ややがっつり
【混ぜて焼くだけ！】１０分で作れる簡単おつまみ・おかず「ニラ玉焼き」の作り方 #shorts #recipe #cooking,youtube,XP2cz6hpgB4,https://www.youtube.com/watch?v=XP2cz6hpgB4,XP2cz6hpgB4,https://www.youtube.com/watch?v=XP2cz6hpgB4,kattyanneru/かっちゃんねる,easy,豆腐、卵、にら、小麦粉,semi-light,3,YouTube Data API収集,"tofu,egg,nira,flour",豆腐・大豆系;卵;葉物野菜;米,warm,3,2,false,true,https://i.ytimg.com/vi/XP2cz6hpgB4/maxresdefault.jpg,4.42,4.95,ややあっさり
ばり美味い時短うどんレシピ #簡単レシピ #うどん #冷凍うどん,youtube,t6TzMJVfaXw,https://www.youtube.com/watch?v=t6TzMJVfaXw,t6TzMJVfaXw,https://www.youtube.com/watch?v=t6TzMJVfaXw,深夜食堂,easy,うどん,semi-rich,2,YouTube Data API収集,udon,麺,cold,3,2,false,true,https://i.ytimg.com/vi/t6TzMJVfaXw/maxresdefault.jpg,6.0,5.3,ややがっつり
簡単10分で韓国料理！豚プルコギの作り方 #料理 #コウケンテツ #レシピ,youtube,kd6n-8uQdWo,https://www.youtube.com/watch?v=kd6n-8uQdWo,kd6n-8uQdWo,https://www.youtube.com/watch?v=kd6n-8uQdWo,Koh Kentetsu Kitchen【料理研究家コウケンテツ公式チャンネル】,easy,レタス,light,2,YouTube Data API収集,lettuce,葉物野菜,warm,3,2,false,true,https://i.ytimg.com/vi/kd6n-8uQdWo/maxresdefault.jpg,1.0,2.3,あっさり
【簡単レシピ】最強の健康効果！漬けるだけの酢にんじん #shorts,youtube,SYzTEBi2ujQ,https://www.youtube.com/watch?v=SYzTEBi2ujQ,SYzTEBi2ujQ,https://www.youtube.com/watch?v=SYzTEBi2ujQ,【料理研究家 水野あき】3児のママの時短レシピ,normal,キャベツ、レタス、にんじん,light,2,YouTube Data API収集,"cabbage,lettuce,carrot",葉物野菜;根菜,cold,3,2,true,true,https://i.ytimg.com/vi/SYzTEBi2ujQ/maxresdefault.jpg,2.3,3.08,あっさり
冷蔵庫のあまりもので✨超簡単たまご丼,youtube,n8WBMdIKGQ0,https://www.youtube.com/watch?v=n8WBMdIKGQ0,n8WBMdIKGQ0,https://www.youtube.com/watch?v=n8WBMdIKGQ0,ゆっこ⌇調理師ママのラクうまごはん,easy,卵、ご飯・米、ネギ、玉ねぎ、マヨネーズ,rich,4,YouTube Data API収集,"egg,rice,green_onion,onion,mayonnaise",卵;米;葉物野菜;根菜;チーズ・バター・マヨ系,cold,1,1,true,true,https://i.ytimg.com/vi/n8WBMdIKGQ0/maxresdefault.jpg,6.5,6.8,がっつり
食パンの好きな食べ方！ハンバーグ入ってないし全然バーガーではないんですが！（笑）食べたらなんだかハンバーガー気分になる不思議。🍔#簡単レシピ #料理 #ズボラ #食パン #おうちごはん,youtube,PJx6CP8bVxo,https://www.youtube.com/watch?v=PJx6CP8bVxo,PJx6CP8bVxo,https://www.youtube.com/watch?v=PJx6CP8bVxo,倉嶋里菜,easy,ハム、白身魚、卵、レタス、トマト、チーズ、バター、マヨネーズ、パン,rich,4,YouTube Data API収集,"ham,whitefish,egg,lettuce,tomato,cheese,butter,mayonnaise,bread",肉類;魚介;卵;葉物野菜;チーズ・バター・マヨ系;米,warm,4,3,true,true,https://i.ytimg.com/vi/PJx6CP8bVxo/maxresdefault.jpg,6.97,7.08,がっつり
【2ヶ月で6キロ痩せた】ヘルシーキャベツしゅうまい #ダイエットレシピ #簡単レシピ,youtube,1AmGoP_xiTY,https://www.youtube.com/watch?v=1AmGoP_xiTY,1AmGoP_xiTY,https://www.youtube.com/watch?v=1AmGoP_xiTY,うちこ【ダイエットレシピ】,easy,挽肉、白身魚、キャベツ、ネギ、玉ねぎ、ショウガ、にんにく,light,2,YouTube Data API収集,"minced_meat,whitefish,cabbage,green_onion,onion,ginger,garlic",肉類;魚介;葉物野菜;根菜,warm,4,3,true,true,https://i.ytimg.com/vi/1AmGoP_xiTY/maxresdefault.jpg,5.2,4.62,あっさり
こどもがおかわり！白身魚 #ワンパンレシピ,youtube,PjroIMxXvis,https://www.youtube.com/watch?v=PjroIMxXvis,PjroIMxXvis,https://www.youtube.com/watch?v=PjroIMxXvis,さくらい ゆか【管理栄養士】,easy,白身魚、マヨネーズ、小麦粉,rich,4,YouTube Data API収集,"whitefish,mayonnaise,flour",魚介;チーズ・バター・マヨ系;米,warm,3,2,false,true,https://i.ytimg.com/vi/PjroIMxXvis/maxresdefault.jpg,7.67,7.5,がっつり
【インスタ220万回再生】もやしを使ったほぼ50円飯 #レシピ動画 #レシピ #簡単レシピ #自炊 #節約 #shorts,youtube,wcSsYxqPg6w,https://www.youtube.com/watch?v=wcSsYxqPg6w,wcSsYxqPg6w,https://www.youtube.com/watch?v=wcSsYxqPg6w,のんびり暮らしチャンネル,normal,もやし,light,2,YouTube Data API収集,bean_sprouts,葉物野菜,warm,3,2,false,true,https://i.ytimg.com/vi/wcSsYxqPg6w/maxresdefault.jpg,1.0,2.3,あっさり
【子供が大喜び✨】のり塩ポップコーンチキン！手が止まらないおいしさ… #簡単レシピ #時短レシピ,youtube,ljmvFZH6Ezs,https://www.youtube.com/watch?v=ljmvFZH6Ezs,ljmvFZH6Ezs,https://www.youtube.com/watch?v=ljmvFZH6Ezs,ぽっけ夫婦⌇家族が喜ぶ10分ごはん,easy,鶏肉、コーン缶、マヨネーズ,rich,4,YouTube Data API収集,"chicken,corn,mayonnaise",鶏肉;根菜;チーズ・バター・マヨ系,warm,3,2,true,true,https://i.ytimg.com/vi/ljmvFZH6Ezs/maxresdefault.jpg,7.43,7.36,がっつり
【超簡単】ふわとろオムライスの作り方,youtube,XQtZi6eDquU,https://www.youtube.com/watch?v=XQtZi6eDquU,XQtZi6eDquU,https://www.youtube.com/watch?v=XQtZi6eDquU,オムライス兄さん Omurice Boy🇯🇵,normal,ご飯・米,semi-rich,2,YouTube Data API収集,rice,米,warm,3,2,false,true,https://i.ytimg.com/vi/XQtZi6eDquU/maxresdefault.jpg,6.0,5.3,ややがっつり
チキンのクリーム煮,youtube,S2inUyE9Nus,https://www.youtube.com/watch?v=S2inUyE9Nus,S2inUyE9Nus,https://www.youtube.com/watch?v=S2inUyE9Nus,まいのごはん泥棒レシピ,normal,鶏肉、白身魚、ほうれん草、ネギ、玉ねぎ、しめじ、にんにく、チーズ、牛乳、小麦粉,semi-rich,4,YouTube Data API収集,"chicken,whitefish,spinach,green_onion,onion,shimeji,garlic,cheese,milk,flour",鶏肉;魚介;葉物野菜;根菜;きのこ;チーズ・バター・マヨ系;米,warm,4,3,true,true,https://i.ytimg.com/vi/S2inUyE9Nus/maxresdefault.jpg,6.2,6.62,ややがっつり
誰でも作れるふわトロオムレツの作り方！！最後が一番大事です#オムレツ#オムライス#料理#調理学生,youtube,toRqcLeJkwk,https://www.youtube.com/watch?v=toRqcLeJkwk,toRqcLeJkwk,https://www.youtube.com/watch?v=toRqcLeJkwk,オムライスのダイ,normal,ご飯・米,semi-rich,2,YouTube Data API収集,rice,米,warm,3,2,false,true,https://i.ytimg.com/vi/toRqcLeJkwk/maxresdefault.jpg,6.0,5.3,ややがっつり
【プロが教える】玉ねぎステーキの作り方 #shorts,youtube,DS6ayyNCYzo,https://www.youtube.com/watch?v=DS6ayyNCYzo,DS6ayyNCYzo,https://www.youtube.com/watch?v=DS6ayyNCYzo,フリーランス料理人の簡単レシピ,normal,ネギ、玉ねぎ,light,2,YouTube Data API収集,"green_onion,onion",葉物野菜;根菜,warm,3,2,true,true,https://i.ytimg.com/vi/DS6ayyNCYzo/maxresdefault.jpg,2.3,2.98,あっさり
誰でも簡単に美味しくサバ缶が食べれちゃう😊時短おかず！おつまみ！#shorts #簡単#簡単レシピ #料理#鯖#shortscooking,youtube,Z-XKIKd6ZJ4,https://www.youtube.com/watch?v=Z-XKIKd6ZJ4,Z-XKIKd6ZJ4,https://www.youtube.com/watch?v=Z-XKIKd6ZJ4,適当さんのクッキング,normal,サバ,light,2,YouTube Data API収集,mackerel,魚介,warm,3,2,false,true,https://i.ytimg.com/vi/Z-XKIKd6ZJ4/maxresdefault.jpg,4.0,4.1,あっさり
クックパッドで人気の白菜の旨煮 #簡単レシピ #料理 #クックパッド,youtube,betQKA5xZ14,https://www.youtube.com/watch?v=betQKA5xZ14,betQKA5xZ14,https://www.youtube.com/watch?v=betQKA5xZ14,パパシェフ! 〜誉めらレシピ帳〜,normal,napa_cabbage,light,1,YouTube Data API収集,napa_cabbage,葉物野菜,warm,3,2,false,true,https://i.ytimg.com/vi/betQKA5xZ14/maxresdefault.jpg,1.0,1.7,あっさり
【旦那に褒められた】簡単鯖レシピ！ #鯖 #鯖レシピ #サバ #簡単レシピ #簡単料理 #簡単和食 #簡単和食レシピ,youtube,qkOrC2yj3tY,https://www.youtube.com/watch?v=qkOrC2yj3tY,qkOrC2yj3tY,https://www.youtube.com/watch?v=qkOrC2yj3tY,レイ【3児ママのリアルすぎる日常】,normal,サバ、白身魚、ネギ、大根、マヨネーズ,semi-rich,4,YouTube Data API収集,"mackerel,whitefish,green_onion,daikon,mayonnaise",魚介;葉物野菜;根菜;チーズ・バター・マヨ系,warm,3,2,true,true,https://i.ytimg.com/vi/qkOrC2yj3tY/maxresdefault.jpg,6.15,6.59,ややがっつり
鶏むね肉レシピに困ったらこれ作って！！！#shorts,youtube,jf6owLwYIIE,https://www.youtube.com/watch?v=jf6owLwYIIE,jf6owLwYIIE,https://www.youtube.com/watch?v=jf6owLwYIIE,はるあん,normal,鶏肉、白身魚、ショウガ,light,2,YouTube Data API収集,"chicken,whitefish,ginger",鶏肉;魚介;根菜,warm,3,2,true,true,https://i.ytimg.com/vi/jf6owLwYIIE/maxresdefault.jpg,4.83,4.6,あっさり
【簡単レシピ】サーモンタルタルの作り方 #shorts,youtube,VOawcyhJC5c,https://www.youtube.com/watch?v=VOawcyhJC5c,VOawcyhJC5c,https://www.youtube.com/watch?v=VOawcyhJC5c,まりとかずのごほうびスイーツ,normal,サケ、白身魚、ネギ、玉ねぎ、マヨネーズ,semi-rich,4,YouTube Data API収集,"salmon,whitefish,green_onion,onion,mayonnaise",魚介;葉物野菜;根菜;チーズ・バター・マヨ系,warm,3,2,true,true,https://i.ytimg.com/vi/VOawcyhJC5c/maxresdefault.jpg,6.15,6.59,ややがっつり
【2800万回再生ポテトレシピ🥔】じゃがいもの皮の美味しさに気づいた〇〇 ※注:じゃがいもの芽や緑色になった皮にはソラニンやチャコニンという毒素が多く含まれており食中毒を引き起こす可能性があります！,youtube,CMG6FzloNC8,https://www.youtube.com/watch?v=CMG6FzloNC8,CMG6FzloNC8,https://www.youtube.com/watch?v=CMG6FzloNC8,ポテトのタカタク🥔,easy,白身魚、じゃが芋、玉ねぎ、チーズ,rich,4,YouTube Data API収集,"whitefish,potato,onion,cheese",魚介;根菜;チーズ・バター・マヨ系,warm,3,2,true,true,https://i.ytimg.com/vi/CMG6FzloNC8/maxresdefault.jpg,6.97,7.08,がっつり
【永久保存版】ふわとろオムライスの作り方【前編】,youtube,xQDLT1IPfJg,https://www.youtube.com/watch?v=xQDLT1IPfJg,xQDLT1IPfJg,https://www.youtube.com/watch?v=xQDLT1IPfJg,オムライス兄さん Omurice Boy🇯🇵,normal,ご飯・米,semi-rich,2,YouTube Data API収集,rice,米,warm,3,2,false,true,https://i.ytimg.com/vi/xQDLT1IPfJg/sddefault.jpg,6.0,5.3,ややがっつり
レンジで超しっとり！ネギ塩チキン🐓 #簡単レシピ #鶏むね肉 #料理,youtube,82USBkx84eM,https://www.youtube.com/watch?v=82USBkx84eM,82USBkx84eM,https://www.youtube.com/watch?v=82USBkx84eM,鶏むねマッスル,easy,鶏肉、白身魚、ネギ,light,2,YouTube Data API収集,"chicken,whitefish,green_onion",鶏肉;魚介;葉物野菜,warm,3,2,true,true,https://i.ytimg.com/vi/82USBkx84eM/maxresdefault.jpg,4.37,4.32,あっさり
少ない調味料で絶品！時短最強油うどん,youtube,xe7pCfHAY6c,https://www.youtube.com/watch?v=xe7pCfHAY6c,xe7pCfHAY6c,https://www.youtube.com/watch?v=xe7pCfHAY6c,ハマごはん【お手軽レシピ】,easy,白身魚、卵、うどん、ネギ、にんにく,light,2,YouTube Data API収集,"whitefish,egg,udon,green_onion,garlic",魚介;卵;麺;葉物野菜;根菜,warm,3,2,true,true,https://i.ytimg.com/vi/xe7pCfHAY6c/maxresdefault.jpg,4.46,4.38,あっさり
【たった5分で作れる◎】ちくきゅーサラダ #料理動画 #cooking #shorts #簡単レシピ #サラダレシピ #ちくわレシピ #きゅうりレシピ #卵レシピ #節約レシピ,youtube,f_nGuuHQSwU,https://www.youtube.com/watch?v=f_nGuuHQSwU,f_nGuuHQSwU,https://www.youtube.com/watch?v=f_nGuuHQSwU,ラクうま料理ちゃんねる,easy,白身魚、卵、きゅうり、マヨネーズ,rich,4,YouTube Data API収集,"whitefish,egg,cucumber,mayonnaise",魚介;卵;葉物野菜;チーズ・バター・マヨ系,cold,1,1,true,false,https://i.ytimg.com/vi/f_nGuuHQSwU/maxresdefault.jpg,6.5,6.8,がっつり
【カレーの作り方】簡単1分レシピ!大人気王道カレー!!#shorts #料理 #簡単レシピ,youtube,vUbb0u-oUu8,https://www.youtube.com/watch?v=vUbb0u-oUu8,vUbb0u-oUu8,https://www.youtube.com/watch?v=vUbb0u-oUu8,muuのおうちごはん,easy,豚肉、白身魚、ネギ、じゃが芋、玉ねぎ、にんじん、カレールゥ,semi-rich,2,YouTube Data API収集,"pork,whitefish,green_onion,potato,onion,carrot,curry_roux",肉類;魚介;葉物野菜;根菜;チーズ・バター・マヨ系,warm,4,3,true,true,https://i.ytimg.com/vi/vUbb0u-oUu8/maxresdefault.jpg,6.64,5.68,ややがっつり
【レンチン一撃！！】激楽オムライス #料理動画 #cooking #shorts #簡単レシピ #オムライスレシピ #オムライス #卵レシピ,youtube,y-hEZBS7Vb8,https://www.youtube.com/watch?v=y-hEZBS7Vb8,y-hEZBS7Vb8,https://www.youtube.com/watch?v=y-hEZBS7Vb8,ラクうま料理ちゃんねる,easy,鶏肉、白身魚、卵、ご飯・米、チーズ、バター、マヨネーズ,rich,4,YouTube Data API収集,"chicken,whitefish,egg,rice,cheese,butter,mayonnaise",鶏肉;魚介;卵;米;チーズ・バター・マヨ系,warm,4,3,true,true,https://i.ytimg.com/vi/y-hEZBS7Vb8/maxresdefault.jpg,7.34,7.3,がっつり
お手軽！こくウマ手羽元角煮 #簡単レシピ #胃袋泥棒レシピ,youtube,dzz3WWtx8Zs,https://www.youtube.com/watch?v=dzz3WWtx8Zs,dzz3WWtx8Zs,https://www.youtube.com/watch?v=dzz3WWtx8Zs,maki | 今日の時短レシピ,normal,鶏肉,semi-light,1,YouTube Data API収集,chicken,鶏肉,warm,3,2,true,true,https://i.ytimg.com/vi/dzz3WWtx8Zs/maxresdefault.jpg,6.0,4.7,ややあっさり
作業5分！春雨サラダ🥗 #簡単レシピ #節約レシピ,youtube,L93s1ZYw32w,https://www.youtube.com/watch?v=L93s1ZYw32w,L93s1ZYw32w,https://www.youtube.com/watch?v=L93s1ZYw32w,maki | 今日の時短レシピ,easy,春雨,semi-rich,2,YouTube Data API収集,harusame,麺,cold,1,1,false,false,https://i.ytimg.com/vi/L93s1ZYw32w/maxresdefault.jpg,6.0,5.3,ややがっつり
【うすしおポテチ】レシピはコメント欄に👩🏻‍🍳🍴 𓂃⋆* #shorts,youtube,vu2dA01wBms,https://www.youtube.com/watch?v=vu2dA01wBms,vu2dA01wBms,https://www.youtube.com/watch?v=vu2dA01wBms,簡単ヘルシー食堂 / めいりり,easy,白身魚、じゃが芋,light,2,YouTube Data API収集,"whitefish,potato",魚介;根菜,warm,3,2,true,true,https://i.ytimg.com/vi/vu2dA01wBms/maxresdefault.jpg,3.65,3.79,あっさり
包まない小籠包🐼 #料理 #レシピ #小籠包 #時短料理 #shorts,youtube,5efhZwSUNaI,https://www.youtube.com/watch?v=5efhZwSUNaI,5efhZwSUNaI,https://www.youtube.com/watch?v=5efhZwSUNaI,いとえり時短クッキング,easy,挽肉、ネギ、ショウガ,semi-light,2,YouTube Data API収集,"minced_meat,green_onion,ginger",肉類;葉物野菜;根菜,warm,3,2,true,true,https://i.ytimg.com/vi/5efhZwSUNaI/maxresdefault.jpg,5.2,4.82,ややあっさり
【ホットケーキミックスで♡さくふわアメリカンドッグ】#簡単レシピ #簡単おやつ #ホットケーキミックス,youtube,ZHeWCvnJoZQ,https://www.youtube.com/watch?v=ZHeWCvnJoZQ,ZHeWCvnJoZQ,https://www.youtube.com/watch?v=ZHeWCvnJoZQ,まいのごはん。,normal,白身魚、卵、マヨネーズ、牛乳,rich,4,YouTube Data API収集,"whitefish,egg,mayonnaise,milk",魚介;卵;チーズ・バター・マヨ系,warm,3,2,false,true,https://i.ytimg.com/vi/ZHeWCvnJoZQ/maxresdefault.jpg,7.43,7.36,がっつり
【料理】かんたんバカ旨山賊焼き。#簡単料理 #shorts_ #shorts,youtube,NA6zBfepuAc,https://www.youtube.com/watch?v=NA6zBfepuAc,NA6zBfepuAc,https://www.youtube.com/watch?v=NA6zBfepuAc,きまま.Kimama ch★.,normal,鶏肉、白身魚、ショウガ、にんにく,semi-light,3,YouTube Data API収集,"chicken,whitefish,ginger,garlic",鶏肉;魚介;根菜,warm,3,2,true,true,https://i.ytimg.com/vi/NA6zBfepuAc/maxresdefault.jpg,4.83,5.2,ややあっさり
【簡単＆ヘルシー】もちもち＆サクサク！絶品豆腐もちレシピ,youtube,cLxF3VpPtJQ,https://www.youtube.com/watch?v=cLxF3VpPtJQ,cLxF3VpPtJQ,https://www.youtube.com/watch?v=cLxF3VpPtJQ,エイジ料理ノート,normal,豆腐,light,2,YouTube Data API収集,tofu,豆腐・大豆系,warm,3,2,false,true,https://i.ytimg.com/vi/cLxF3VpPtJQ/maxresdefault.jpg,3.0,3.5,あっさり
【チャーシュー】簡単とろとろ！豚バラ肉で作る本格ラーメン屋の味！【煮豚】,youtube,W0dpe6mSK8U,https://www.youtube.com/watch?v=W0dpe6mSK8U,W0dpe6mSK8U,https://www.youtube.com/watch?v=W0dpe6mSK8U,オリーブオイルをひとまわし / オリひと,normal,豚肉、ラーメン,semi-rich,1,YouTube Data API収集,"pork,ramen",肉類;麺,warm,3,2,true,true,https://i.ytimg.com/vi/W0dpe6mSK8U/maxresdefault.jpg,7.3,5.48,ややがっつり
はんぺんのチーズ焼き#簡単レシピ#簡単料理#レシピ#おうちごはん#はんぺんレシピ,youtube,4PPXgdHyRXQ,https://www.youtube.com/watch?v=4PPXgdHyRXQ,4PPXgdHyRXQ,https://www.youtube.com/watch?v=4PPXgdHyRXQ,まゆみの愛情キッチン,normal,チーズ,rich,4,YouTube Data API収集,cheese,チーズ・バター・マヨ系,warm,3,2,false,true,https://i.ytimg.com/vi/4PPXgdHyRXQ/maxresdefault.jpg,10.0,8.9,がっつり
茹でるだけ❗️簡単 チキンサラダ,youtube,7fseh3d5Ays,https://www.youtube.com/watch?v=7fseh3d5Ays,7fseh3d5Ays,https://www.youtube.com/watch?v=7fseh3d5Ays,よつばの事情,easy,鶏肉,semi-light,1,YouTube Data API収集,chicken,鶏肉,cold,1,1,true,false,https://i.ytimg.com/vi/7fseh3d5Ays/maxresdefault.jpg,6.0,4.7,ややあっさり
【Instagram1900万再生💕突破】韓国風⁉︎簡単まぜまぜおにぎり🍙#簡単料理 #おにぎり #混ぜおにぎり#韓国海苔,youtube,4OTBlIt6EBM,https://www.youtube.com/watch?v=4OTBlIt6EBM,4OTBlIt6EBM,https://www.youtube.com/watch?v=4OTBlIt6EBM,あつメシ×あさとファミリー,normal,白身魚、ご飯・米、ネギ,light,2,YouTube Data API収集,"whitefish,rice,green_onion",魚介;米;葉物野菜,warm,3,2,true,true,https://i.ytimg.com/vi/4OTBlIt6EBM/maxresdefault.jpg,4.37,4.32,あっさり
にんじんガレット #ダイエットレシピ #簡単レシピ #レシピ #野菜レシピ #cooking #レシピ #料理 #時短レシピ #にんじん #ななレシピ,youtube,a2OPvuBLajk,https://www.youtube.com/watch?v=a2OPvuBLajk,a2OPvuBLajk,https://www.youtube.com/watch?v=a2OPvuBLajk,なな 農家が作る野菜でかんたん瘦せレシピ,normal,にんじん,light,2,YouTube Data API収集,carrot,根菜,warm,3,2,true,true,https://i.ytimg.com/vi/a2OPvuBLajk/maxresdefault.jpg,3.0,3.5,あっさり
【6月家計簿公開】節約を楽しむ一人暮らしの給料日ルーティン👩‍💼｜食材買い出しと鶏むね肉で節約ごはん🍗💞,youtube,_-b1ttNd5ZQ,https://www.youtube.com/watch?v=_-b1ttNd5ZQ,_-b1ttNd5ZQ,https://www.youtube.com/watch?v=_-b1ttNd5ZQ,shiroのくらし,normal,鶏肉、サバ、白身魚、たこ、ショウガ、にんにく,light,2,YouTube Data API収集,"chicken,mackerel,whitefish,octopus,ginger,garlic",鶏肉;魚介;根菜,warm,3,2,true,true,https://i.ytimg.com/vi/_-b1ttNd5ZQ/maxresdefault.jpg,4.83,4.6,あっさり
平日5日間×1日3食でも食費2000円に抑える。【一人暮らしの節約生活】,youtube,OGULLyAUPEA,https://www.youtube.com/watch?v=OGULLyAUPEA,OGULLyAUPEA,https://www.youtube.com/watch?v=OGULLyAUPEA,節約自炊リーマンよね,normal,卵,semi-light,2,YouTube Data API収集,egg,卵,warm,3,2,false,true,https://i.ytimg.com/vi/OGULLyAUPEA/maxresdefault.jpg,5.0,4.7,ややあっさり
一人暮らしの食事vlog🥞/パスタグラタンとライスコロッケを作る🍅/ビアードパパ、米粉のパンケーキ、棒棒鶏、フライドズッキーニ,youtube,jSN-qyVl5Ng,https://www.youtube.com/watch?v=jSN-qyVl5Ng,jSN-qyVl5Ng,https://www.youtube.com/watch?v=jSN-qyVl5Ng,Hachi ハチと食生活,normal,ご飯・米、パスタ,rich,5,YouTube Data API収集,"rice,pasta",米;麺,warm,3,2,false,true,https://i.ytimg.com/vi/jSN-qyVl5Ng/maxresdefault.jpg,6.0,7.1,がっつり
バズってるやつ！悪魔のウインナー丼 簡単でとまらない！是非やってみて！簡単 手抜きご飯 おうちごはん 丼物 卵レシピ 一人暮らし自炊 ズボラ飯,youtube,emy2tqqImOA,https://www.youtube.com/watch?v=emy2tqqImOA,emy2tqqImOA,https://www.youtube.com/watch?v=emy2tqqImOA,ちゃらりんこクック,easy,鶏肉、白身魚、えび、厚揚げ、油揚げ、卵、ご飯・米、うどん、中華麺、ラーメン、パスタ、キャベツ、きゅうり、ほうれん草、小松菜、にら、ネギ、なす、ピーマン、ゴーヤ、玉ねぎ、かぼちゃ、にんにく、チーズ、バター,rich,4,YouTube Data API収集,"chicken,whitefish,shrimp,atsuage,aburaage,egg,rice,udon,noodles,ramen,pasta,cabbage,cucumber,spinach,komatsuna,nira,green_onion,eggplant,bell_pepper,bitter_melon,onion,pumpkin,garlic,cheese,butter",鶏肉;魚介;豆腐・大豆系;卵;米;麺;葉物野菜;根菜;チーズ・バター・マヨ系,warm,4,1,true,true,https://i.ytimg.com/vi/emy2tqqImOA/maxresdefault.jpg,6.42,6.75,がっつり
【アレンジ】結局みんなこういうの好きでしょ??🤤💭#アレンジレシピ #簡単レシピ #一人暮らし #ラーメン #生理前 #爆食 #ol,youtube,UMH-yj8jvTc,https://www.youtube.com/watch?v=UMH-yj8jvTc,UMH-yj8jvTc,https://www.youtube.com/watch?v=UMH-yj8jvTc,かわいいすし♡ | ときめくものに囲まれたい,normal,ラーメン,semi-rich,2,YouTube Data API収集,ramen,麺,warm,3,2,false,true,https://i.ytimg.com/vi/UMH-yj8jvTc/maxresdefault.jpg,6.0,5.3,ややがっつり
【爆買いウエル活】カゴいっぱいに詰める幸せ。節約する一人暮らしの月一ルーティン🛒｜食パンストック🍞｜炊飯器肉じゃが🥩,youtube,k0A7tcbKpl0,https://www.youtube.com/watch?v=k0A7tcbKpl0,k0A7tcbKpl0,https://www.youtube.com/watch?v=k0A7tcbKpl0,shiroのくらし,easy,豚肉、白身魚、ネギ、じゃが芋、玉ねぎ、にんじん、こんにゃく、パン,semi-light,2,YouTube Data API収集,"pork,whitefish,green_onion,potato,onion,carrot,konnyaku,bread",肉類;魚介;葉物野菜;根菜;米,warm,4,3,true,true,https://i.ytimg.com/vi/k0A7tcbKpl0/maxresdefault.jpg,5.48,4.99,ややあっさり
料理が楽になる冷凍ライフハック！,youtube,oXjBqd4XiV8,https://www.youtube.com/watch?v=oXjBqd4XiV8,oXjBqd4XiV8,https://www.youtube.com/watch?v=oXjBqd4XiV8,よう│明日から使えるライフハック術,normal,白身魚、ネギ、チーズ,rich,4,YouTube Data API収集,"whitefish,green_onion,cheese",魚介;葉物野菜;チーズ・バター・マヨ系,cold,3,2,true,true,https://i.ytimg.com/vi/oXjBqd4XiV8/maxresdefault.jpg,6.5,6.8,がっつり
【節約のコツ】一人暮らし社会人の自炊記録🍚｜野菜長持ち保存🥕 / 鶏むね＆豚こまレシピ🐷💞,youtube,IXy6wfk1vHQ,https://www.youtube.com/watch?v=IXy6wfk1vHQ,IXy6wfk1vHQ,https://www.youtube.com/watch?v=IXy6wfk1vHQ,shiroのくらし,easy,豚肉、鶏肉、白身魚、厚揚げ、卵、ほうれん草、ショウガ、チーズ,rich,4,YouTube Data API収集,"pork,chicken,whitefish,atsuage,egg,spinach,ginger,cheese",肉類;鶏肉;魚介;豆腐・大豆系;卵;葉物野菜;根菜;チーズ・バター・マヨ系,warm,4,3,true,true,https://i.ytimg.com/vi/IXy6wfk1vHQ/maxresdefault.jpg,6.5,6.8,がっつり
【大正解】ニトリは一人暮らしの強い味方ですね☁️#ニトリ #購入品紹介 #一人暮らし #独身 #便利アイテム #便利グッズ #おすすめ #家電 #簡単レシピ #ズボラ飯 #ラーメン,youtube,6_eL0dOI-sM,https://www.youtube.com/watch?v=6_eL0dOI-sM,6_eL0dOI-sM,https://www.youtube.com/watch?v=6_eL0dOI-sM,かわいいすし♡ | ときめくものに囲まれたい,normal,ラーメン,semi-rich,2,YouTube Data API収集,ramen,麺,warm,3,2,false,true,https://i.ytimg.com/vi/6_eL0dOI-sM/maxresdefault.jpg,6.0,5.3,ややがっつり
【5日間0円自炊】一人暮らし社会人の節約ごはん記録🍚｜手羽元と鶏むねレシピ🐔,youtube,gnKBeXaFnWs,https://www.youtube.com/watch?v=gnKBeXaFnWs,gnKBeXaFnWs,https://www.youtube.com/watch?v=gnKBeXaFnWs,shiroのくらし,easy,鶏肉、白身魚、卵、ほうれん草、小松菜、大根、牛乳,semi-rich,2,YouTube Data API収集,"chicken,whitefish,egg,spinach,komatsuna,daikon,milk",鶏肉;魚介;卵;葉物野菜;根菜;チーズ・バター・マヨ系,warm,4,3,true,true,https://i.ytimg.com/vi/gnKBeXaFnWs/maxresdefault.jpg,6.38,5.53,ややがっつり
【うどんカルボ】何回リピしたかな…娘にもできちゃうから、一人暮らしの方にオススメ！ #つやこママ #簡単レシピ #おうちごはん #ランチ #カルボナーラ #冷凍うどん,youtube,hJI7LAIsgrM,https://www.youtube.com/watch?v=hJI7LAIsgrM,hJI7LAIsgrM,https://www.youtube.com/watch?v=hJI7LAIsgrM,つやこママ,easy,うどん、パスタ,semi-rich,2,YouTube Data API収集,"udon,pasta",麺,cold,3,2,false,true,https://i.ytimg.com/vi/hJI7LAIsgrM/maxresdefault.jpg,6.0,5.3,ややがっつり
手取り18万円OLの100円レシピ⁡#自炊 #料理 #一人暮らし #簡単 #節約 #cooking #小籠包,youtube,VvS9AHhg4cc,https://www.youtube.com/watch?v=VvS9AHhg4cc,VvS9AHhg4cc,https://www.youtube.com/watch?v=VvS9AHhg4cc,みぃ | 手取り19万円上京OL,easy,挽肉、豆腐、ネギ、玉ねぎ、ショウガ、にんにく,semi-light,2,YouTube Data API収集,"minced_meat,tofu,green_onion,onion,ginger,garlic",肉類;豆腐・大豆系;葉物野菜;根菜,warm,3,2,true,true,https://i.ytimg.com/vi/VvS9AHhg4cc/maxresdefault.jpg,5.03,4.72,ややあっさり
【53kg→40kg】簡単なのにめっちゃ痩せる神レシピ👼🏻‎フライパンに放っとくだけで10分で5品完成💛#ダイエット #レシピ #Vlog #ルーティン#ワンパン,youtube,-EGlVc8ft4g,https://www.youtube.com/watch?v=-EGlVc8ft4g,-EGlVc8ft4g,https://www.youtube.com/watch?v=-EGlVc8ft4g,33ちゃん,easy,白身魚、卵、小松菜、もやし、にんじん、大根、しめじ、ショウガ、にんにく,semi-rich,5,YouTube Data API収集,"whitefish,egg,komatsuna,bean_sprouts,carrot,daikon,shimeji,ginger,garlic",魚介;卵;葉物野菜;根菜;きのこ,warm,4,3,true,true,https://i.ytimg.com/vi/-EGlVc8ft4g/maxresdefault.jpg,3.6,5.66,ややがっつり
【食費月1万円】節約の裏技！野菜を捨てない保存術と5日間のリアルな自炊記録🍚,youtube,bzGXhh0LryM,https://www.youtube.com/watch?v=bzGXhh0LryM,bzGXhh0LryM,https://www.youtube.com/watch?v=bzGXhh0LryM,shiroのくらし,easy,豚肉、ネギ、なす,semi-light,2,YouTube Data API収集,"pork,green_onion,eggplant",肉類;葉物野菜,warm,3,2,true,true,https://i.ytimg.com/vi/bzGXhh0LryM/maxresdefault.jpg,5.55,5.03,ややあっさり
【食費節約】あるものでやりくりする一人暮らしの自炊記録👩‍🦰🍚｜鶏むね最強レシピとアレンジ🍳 ｜すっきり片付くキッチンリセット🌿,youtube,yMFIMRVbAg8,https://www.youtube.com/watch?v=yMFIMRVbAg8,yMFIMRVbAg8,https://www.youtube.com/watch?v=yMFIMRVbAg8,shiroのくらし,easy,鶏肉、白身魚、豆腐、チーズ,rich,4,YouTube Data API収集,"chicken,whitefish,tofu,cheese",鶏肉;魚介;豆腐・大豆系;チーズ・バター・マヨ系,warm,3,2,true,true,https://i.ytimg.com/vi/yMFIMRVbAg8/maxresdefault.jpg,7.02,7.11,がっつり
超簡単キャベツ焼きの作り方！おうちでたっぷりキャベツレシピ！,youtube,QnPsN4tRDAI,https://www.youtube.com/watch?v=QnPsN4tRDAI,QnPsN4tRDAI,https://www.youtube.com/watch?v=QnPsN4tRDAI,Myマイごはん,normal,卵、キャベツ、ネギ、マヨネーズ、小麦粉,rich,4,YouTube Data API収集,"egg,cabbage,green_onion,mayonnaise,flour",卵;葉物野菜;チーズ・バター・マヨ系;米,warm,3,2,true,true,https://i.ytimg.com/vi/QnPsN4tRDAI/maxresdefault.jpg,6.85,7.01,がっつり
【節約のコツ】一人暮らし社会人の自炊記録🍚｜野菜長持ち保存🥕｜ アレンジ食パン🍞💞｜豚こま&むね肉の簡単レシピ🐷,youtube,DSnDAks5pyU,https://www.youtube.com/watch?v=DSnDAks5pyU,DSnDAks5pyU,https://www.youtube.com/watch?v=DSnDAks5pyU,shiroのくらし,normal,豚肉、鶏肉、白身魚、豆腐、油揚げ、卵、にんじん、ショウガ、にんにく、バター、パン,rich,4,YouTube Data API収集,"pork,chicken,whitefish,tofu,aburaage,egg,carrot,ginger,garlic,butter,bread",肉類;鶏肉;魚介;豆腐・大豆系;卵;根菜;チーズ・バター・マヨ系;米,warm,4,3,true,true,https://i.ytimg.com/vi/DSnDAks5pyU/maxresdefault.jpg,6.94,7.06,がっつり
究極の手抜き焼きそば。これでいいんだよ。「焼きそば焼き」 詳しいレシピは概要欄をチェック！#簡単レシピ #焼きそば #一人暮らし #節約レシピ #料理動画 #shorts,youtube,S5FeHK8Lf20,https://www.youtube.com/watch?v=S5FeHK8Lf20,S5FeHK8Lf20,https://www.youtube.com/watch?v=S5FeHK8Lf20,デリッシュキッチン,easy,卵、そば、中華麺、ネギ、マヨネーズ,rich,4,YouTube Data API収集,"egg,soba,noodles,green_onion,mayonnaise",卵;麺;葉物野菜;チーズ・バター・マヨ系,warm,3,2,true,true,https://i.ytimg.com/vi/S5FeHK8Lf20/maxresdefault.jpg,6.85,6.91,がっつり
【業スー】おすすめ調味料でアレンジレシピ7選,youtube,oXdy5LtPtZ4,https://www.youtube.com/watch?v=oXdy5LtPtZ4,oXdy5LtPtZ4,https://www.youtube.com/watch?v=oXdy5LtPtZ4,りんのおうちごはん,normal,豚肉、鶏肉、挽肉、サバ、白身魚、豆腐、厚揚げ、卵、ビーフン・フォー、パスタ、ネギ、ブロッコリー、玉ねぎ、にんにく、チーズ、マヨネーズ,rich,4,YouTube Data API収集,"pork,chicken,minced_meat,mackerel,whitefish,tofu,atsuage,egg,rice_noodles,pasta,green_onion,broccoli,onion,garlic,cheese,mayonnaise",肉類;鶏肉;魚介;豆腐・大豆系;卵;麺;葉物野菜;根菜;チーズ・バター・マヨ系,warm,4,3,true,true,https://i.ytimg.com/vi/oXdy5LtPtZ4/maxresdefault.jpg,6.58,6.85,がっつり
食費1～1.5万円の人ってなに食べてるの？🍚,youtube,Rm8NDBLdTK4,https://www.youtube.com/watch?v=Rm8NDBLdTK4,Rm8NDBLdTK4,https://www.youtube.com/watch?v=Rm8NDBLdTK4,なっぱ,easy,挽肉、白身魚、豆腐、ネギ、玉ねぎ、えのき茸、チーズ,semi-rich,4,YouTube Data API収集,"minced_meat,whitefish,tofu,green_onion,onion,enoki,cheese",肉類;魚介;豆腐・大豆系;葉物野菜;根菜;きのこ;チーズ・バター・マヨ系,warm,4,3,true,true,https://i.ytimg.com/vi/Rm8NDBLdTK4/maxresdefault.jpg,6.1,6.56,ややがっつり
【初】2人暮らし始めました！,youtube,buvSGcVYQ08,https://www.youtube.com/watch?v=buvSGcVYQ08,buvSGcVYQ08,https://www.youtube.com/watch?v=buvSGcVYQ08,りんのおうちごはん,normal,卵,semi-light,2,YouTube Data API収集,egg,卵,warm,3,2,false,true,https://i.ytimg.com/vi/buvSGcVYQ08/maxresdefault.jpg,5.0,4.7,ややあっさり
【アラフィフ独身女】孤独の夜｜ひとりで過ごすナイトルーティン【無職】【築48年団地】,youtube,ABHUFwm8_Qg,https://www.youtube.com/watch?v=ABHUFwm8_Qg,ABHUFwm8_Qg,https://www.youtube.com/watch?v=ABHUFwm8_Qg,杏と猫の小さな暮らし,normal,白身魚、豆腐、卵、にら、ネギ、大根、ショウガ,light,2,YouTube Data API収集,"whitefish,tofu,egg,nira,green_onion,daikon,ginger",魚介;豆腐・大豆系;卵;葉物野菜;根菜,warm,4,3,true,true,https://i.ytimg.com/vi/ABHUFwm8_Qg/maxresdefault.jpg,3.74,3.94,あっさり
【超濃厚】どん兵衛で明太クリームうどん💭#アレンジレシピ #簡単レシピ #簡単アレンジ #アレンジ #一人暮らし #ol #うどん #カップ麺,youtube,LxR1_5-vyR0,https://www.youtube.com/watch?v=LxR1_5-vyR0,LxR1_5-vyR0,https://www.youtube.com/watch?v=LxR1_5-vyR0,かわいいすし♡ | ときめくものに囲まれたい,easy,うどん,semi-rich,2,YouTube Data API収集,udon,麺,warm,3,2,false,true,https://i.ytimg.com/vi/LxR1_5-vyR0/maxresdefault.jpg,6.0,5.3,ややがっつり
【超濃厚】残った汁にうどんを入れても美味しいよ☁️#簡単レシピ #アレンジ #アレンジレシピ #ラーメン #たらこ #味噌ラーメン #日常vlog #一人暮らし #おすすめ #独身女子,youtube,_GkgXQ-0PwY,https://www.youtube.com/watch?v=_GkgXQ-0PwY,_GkgXQ-0PwY,https://www.youtube.com/watch?v=_GkgXQ-0PwY,かわいいすし♡ | ときめくものに囲まれたい,easy,白身魚、うどん、ラーメン,semi-light,2,YouTube Data API収集,"whitefish,udon,ramen",魚介;麺,warm,3,2,false,true,https://i.ytimg.com/vi/_GkgXQ-0PwY/maxresdefault.jpg,5.3,4.88,ややあっさり
【簡単レシピ】レンジで簡単小籠包 #自炊 #小籠包 #料理 #レシピ #一人暮らし,youtube,__qlofbvkdE,https://www.youtube.com/watch?v=__qlofbvkdE,__qlofbvkdE,https://www.youtube.com/watch?v=__qlofbvkdE,いふのきまぐれキッチン,easy,挽肉、ネギ、玉ねぎ、ショウガ、にんにく,semi-light,2,YouTube Data API収集,"minced_meat,green_onion,onion,ginger,garlic",肉類;葉物野菜;根菜,warm,3,2,true,true,https://i.ytimg.com/vi/__qlofbvkdE/maxresdefault.jpg,5.2,4.82,ややあっさり
一人暮らしの貧乏飯|味玉#簡単レシピ #節約レシピ #卵料理,youtube,COykBxqGmIQ,https://www.youtube.com/watch?v=COykBxqGmIQ,COykBxqGmIQ,https://www.youtube.com/watch?v=COykBxqGmIQ,ぼっちぱーてぃー,normal,卵,semi-light,2,YouTube Data API収集,egg,卵,warm,3,2,false,true,https://i.ytimg.com/vi/COykBxqGmIQ/maxresdefault.jpg,5.0,4.7,ややあっさり
ヘルシーだけどガッツリ食べたい！豆腐ハンバーグ🫶 #ブラック企業 #料理 #cooking #自炊 #vlog #レンチンレシピ,youtube,6bQKTzDHUPY,https://www.youtube.com/watch?v=6bQKTzDHUPY,6bQKTzDHUPY,https://www.youtube.com/watch?v=6bQKTzDHUPY,ななOL簡単ご飯,normal,豆腐,light,2,YouTube Data API収集,tofu,豆腐・大豆系,warm,3,2,false,true,https://i.ytimg.com/vi/6bQKTzDHUPY/maxresdefault.jpg,3.0,3.4,あっさり
チキンのクリーム煮#冷凍ストック #節約レシピ #簡単レシピ#一人暮らし#クリーム煮,youtube,IQIHh5eXd4A,https://www.youtube.com/watch?v=IQIHh5eXd4A,IQIHh5eXd4A,https://www.youtube.com/watch?v=IQIHh5eXd4A,けい 1食300円以下の節約冷凍レシピ,easy,鶏肉、白身魚、ほうれん草、ネギ、玉ねぎ、にんじん、チーズ、バター、牛乳、小麦粉,rich,4,YouTube Data API収集,"chicken,whitefish,spinach,green_onion,onion,carrot,cheese,butter,milk,flour",鶏肉;魚介;葉物野菜;根菜;チーズ・バター・マヨ系;米,cold,4,3,true,true,https://i.ytimg.com/vi/IQIHh5eXd4A/maxresdefault.jpg,6.5,6.8,がっつり
【簡単レシピ】包丁いらずの豚もやし #自炊 #もやし #料理 #一人暮らし,youtube,0J9WlxasTfk,https://www.youtube.com/watch?v=0J9WlxasTfk,0J9WlxasTfk,https://www.youtube.com/watch?v=0J9WlxasTfk,いふのきまぐれキッチン,easy,豚肉、白身魚、ネギ、もやし、えのき茸、ショウガ,light,2,YouTube Data API収集,"pork,whitefish,green_onion,bean_sprouts,enoki,ginger",肉類;魚介;葉物野菜;きのこ;根菜,warm,3,2,true,true,https://i.ytimg.com/vi/0J9WlxasTfk/maxresdefault.jpg,4.92,4.65,あっさり
老いる寂しさ一人暮らしの虚しい現実とは？,youtube,lsC26V1EmSI,https://www.youtube.com/watch?v=lsC26V1EmSI,lsC26V1EmSI,https://www.youtube.com/watch?v=lsC26V1EmSI,"きほんひとり Cook, eat and talk",normal,ショウガ,light,2,YouTube Data API収集,ginger,根菜,warm,3,2,false,true,https://i.ytimg.com/vi/lsC26V1EmSI/sddefault.jpg,3.0,3.5,あっさり
【還暦で始めた資産づくり】私の老後資金に新しい目標,youtube,RXu1tp9CgEQ,https://www.youtube.com/watch?v=RXu1tp9CgEQ,RXu1tp9CgEQ,https://www.youtube.com/watch?v=RXu1tp9CgEQ,まめ子のシニア生活始まるよ,normal,白身魚,light,2,YouTube Data API収集,whitefish,魚介,warm,3,2,false,true,https://i.ytimg.com/vi/RXu1tp9CgEQ/maxresdefault.jpg,4.0,4.1,あっさり
【50代女性一人暮らし】幅85cmの狭いキッチンで作る、3日間のお弁当と簡単ごはん,youtube,0dIXnHEkjLA,https://www.youtube.com/watch?v=0dIXnHEkjLA,0dIXnHEkjLA,https://www.youtube.com/watch?v=0dIXnHEkjLA,レバミチャンネル,normal,豚肉、ハム、サバ、ブリ、白身魚、厚揚げ、卵、ネギ、ピーマン、玉ねぎ,semi-light,2,YouTube Data API収集,"pork,ham,mackerel,yellowtail,whitefish,atsuage,egg,green_onion,bell_pepper,onion",肉類;魚介;豆腐・大豆系;卵;葉物野菜;根菜,warm,4,3,true,true,https://i.ytimg.com/vi/0dIXnHEkjLA/maxresdefault.jpg,5.2,4.82,ややあっさり
【ダイエット飯🔥】無限豚もやし🥗#ダイエットレシピ #料理 #自炊 #簡単レシピ #ダイエット,youtube,_jY5BdUmDD0,https://www.youtube.com/watch?v=_jY5BdUmDD0,_jY5BdUmDD0,https://www.youtube.com/watch?v=_jY5BdUmDD0,かなやん〔kana〕,normal,もやし,light,2,YouTube Data API収集,bean_sprouts,葉物野菜,warm,3,2,false,true,https://i.ytimg.com/vi/_jY5BdUmDD0/maxresdefault.jpg,1.0,2.3,あっさり
二度と鍋つゆを買わなくなる。一人前89円でバカウマい全人類救済鍋『虚無鍋』,youtube,bG5rZqdQndM,https://www.youtube.com/watch?v=bG5rZqdQndM,bG5rZqdQndM,https://www.youtube.com/watch?v=bG5rZqdQndM,料理研究家リュウジのバズレシピ,normal,豚肉、白身魚、卵、もやし,semi-rich,2,YouTube Data API収集,"pork,whitefish,egg,bean_sprouts",肉類;魚介;卵;葉物野菜,warm,3,2,true,true,https://i.ytimg.com/vi/bG5rZqdQndM/sddefault.jpg,5.55,5.33,ややがっつり
【12キロ痩せたOL】10分弁当🍱#ズボラ弁当 #ズボラレシピ #簡単レシピ #弁当作り #ダイエットレシピ #shorts,youtube,ndiVqzadaeE,https://www.youtube.com/watch?v=ndiVqzadaeE,ndiVqzadaeE,https://www.youtube.com/watch?v=ndiVqzadaeE,ゆぴ〻-12kgラク痩せズボラレシピ♡ˊ˗,easy,サケ、白身魚、マヨネーズ,rich,4,YouTube Data API収集,"salmon,whitefish,mayonnaise",魚介;チーズ・バター・マヨ系,warm,3,2,false,true,https://i.ytimg.com/vi/ndiVqzadaeE/maxresdefault.jpg,7.9,7.64,がっつり
【2ch有益スレ】一人暮らし自炊民のワイにマジで健康な貧乏飯レシピ教えてw【ゆっくり解説】,youtube,Gk8wfg9qEvI,https://www.youtube.com/watch?v=Gk8wfg9qEvI,Gk8wfg9qEvI,https://www.youtube.com/watch?v=Gk8wfg9qEvI,2ch有益ライハまとめ【ゆっくり解説】,normal,牛肉、白身魚、豆腐、もやし、レタス、なす、ゴーヤ,semi-light,2,YouTube Data API収集,"beef,whitefish,tofu,bean_sprouts,lettuce,eggplant,bitter_melon",肉類;魚介;豆腐・大豆系;葉物野菜,warm,4,3,true,true,https://i.ytimg.com/vi/Gk8wfg9qEvI/maxresdefault.jpg,5.2,4.82,ややあっさり
食材２つだけ！高タンパク質で痩せる鶏ネギ塩炒め弁当【1食200円】,youtube,n4NEHOew2ho,https://www.youtube.com/watch?v=n4NEHOew2ho,n4NEHOew2ho,https://www.youtube.com/watch?v=n4NEHOew2ho,りんのおうちごはん,normal,ネギ,light,3,YouTube Data API収集,green_onion,葉物野菜,warm,3,2,true,true,https://i.ytimg.com/vi/n4NEHOew2ho/maxresdefault.jpg,1.0,2.9,あっさり
食費1ヶ月1万円の一人暮らしご飯【1週間分紹介】担々そうめん/レモンペッパーチキン/オクラ豚しゃぶ…etc💛,youtube,vIKxqDGZxvk,https://www.youtube.com/watch?v=vIKxqDGZxvk,vIKxqDGZxvk,https://www.youtube.com/watch?v=vIKxqDGZxvk,りんのおうちごはん,normal,鶏肉、卵、そうめん,semi-light,2,YouTube Data API収集,"chicken,egg,somen",鶏肉;卵;麺,warm,3,2,true,true,https://i.ytimg.com/vi/vIKxqDGZxvk/maxresdefault.jpg,5.77,5.16,ややあっさり
57歳初めてのせいろ料理,youtube,17bm1K-wOqM,https://www.youtube.com/watch?v=17bm1K-wOqM,17bm1K-wOqM,https://www.youtube.com/watch?v=17bm1K-wOqM,りさねーぜ ひとりの戸建て暮らし,normal,鶏肉、白身魚,semi-light,2,YouTube Data API収集,"chicken,whitefish",鶏肉;魚介,warm,3,2,true,true,https://i.ytimg.com/vi/17bm1K-wOqM/maxresdefault.jpg,5.3,4.88,ややあっさり
レンジで1発！やる気1％オムライス,youtube,2A7VZe37XwE,https://www.youtube.com/watch?v=2A7VZe37XwE,2A7VZe37XwE,https://www.youtube.com/watch?v=2A7VZe37XwE,まるみキッチン【簡単レシピ】,easy,白身魚、卵、ご飯・米、マヨネーズ,rich,4,YouTube Data API収集,"whitefish,egg,rice,mayonnaise",魚介;卵;米;チーズ・バター・マヨ系,warm,3,2,false,true,https://i.ytimg.com/vi/2A7VZe37XwE/maxresdefault.jpg,7.38,7.23,がっつり
【一人暮らし】狭いキッチンで10品爆誕させる👩🏻‍🍳保存期間も紹介してます🫶 #一人暮らし #節約レシピ,youtube,Zm8DNCPPmQY,https://www.youtube.com/watch?v=Zm8DNCPPmQY,Zm8DNCPPmQY,https://www.youtube.com/watch?v=Zm8DNCPPmQY,うりよ | ズボラ社会人,normal,白身魚,light,2,YouTube Data API収集,whitefish,魚介,warm,3,2,false,true,https://i.ytimg.com/vi/Zm8DNCPPmQY/maxresdefault.jpg,4.0,4.1,あっさり
食費1ヶ月1万円の一人暮らしごはん【1週間分紹介】 /Weekly Cooking,youtube,Zl_MvEZIS5k,https://www.youtube.com/watch?v=Zl_MvEZIS5k,Zl_MvEZIS5k,https://www.youtube.com/watch?v=Zl_MvEZIS5k,りんのおうちごはん,normal,卵,semi-light,2,YouTube Data API収集,egg,卵,warm,3,2,false,true,https://i.ytimg.com/vi/Zl_MvEZIS5k/maxresdefault.jpg,5.0,4.7,ややあっさり
【 食費月一万円 】節約ごはんを楽しむ一人暮らし社会人のごはん記録 / 野菜保存法🥕 / おにぎり大量ストック🍙🧡,youtube,yQD28fALc0s,https://www.youtube.com/watch?v=yQD28fALc0s,yQD28fALc0s,https://www.youtube.com/watch?v=yQD28fALc0s,shiroのくらし,normal,豚肉、サケ、白身魚、ツナ、厚揚げ、卵、ご飯・米、ほうれん草、コーン缶、昆布、ショウガ、バター,rich,4,YouTube Data API収集,"pork,salmon,whitefish,canned_tuna,atsuage,egg,rice,spinach,corn,kombu,ginger,butter",肉類;魚介;豆腐・大豆系;卵;米;葉物野菜;根菜;チーズ・バター・マヨ系,warm,4,3,true,true,https://i.ytimg.com/vi/yQD28fALc0s/maxresdefault.jpg,6.5,6.8,がっつり
\ 炊飯器に入れるだけ / 鶏ももバター醤油ご飯 ↓↓↓ レシピの詳細はコメントから #レシピ #簡単レシピ #炊飯器レシピ,youtube,Pd8UtlEWCfU,https://www.youtube.com/watch?v=Pd8UtlEWCfU,Pd8UtlEWCfU,https://www.youtube.com/watch?v=Pd8UtlEWCfU,さしみ@引きこもり飯,normal,鶏肉、バター,rich,4,YouTube Data API収集,"chicken,butter",鶏肉;チーズ・バター・マヨ系,warm,3,2,true,true,https://i.ytimg.com/vi/Pd8UtlEWCfU/maxresdefault.jpg,8.6,8.06,がっつり
\常備して10kg痩せた/時短味噌汁#ダイエット #ダイエットレシピ #ヘルシーレシピ,youtube,Ys4fWugC73I,https://www.youtube.com/watch?v=Ys4fWugC73I,Ys4fWugC73I,https://www.youtube.com/watch?v=Ys4fWugC73I,chiaki_beautydiet,normal,えび、キャベツ、わかめ,light,2,YouTube Data API収集,"shrimp,cabbage,wakame",魚介;葉物野菜,warm,3,2,true,true,https://i.ytimg.com/vi/Ys4fWugC73I/maxresdefault.jpg,2.95,3.47,あっさり
【1食186円】無限豚こま南蛮弁当,youtube,uLNFTwzW4dw,https://www.youtube.com/watch?v=uLNFTwzW4dw,uLNFTwzW4dw,https://www.youtube.com/watch?v=uLNFTwzW4dw,えい | 1食200円以下の冷凍弁当ストック,normal,豚肉,semi-rich,2,YouTube Data API収集,pork,肉類,warm,3,2,true,true,https://i.ytimg.com/vi/uLNFTwzW4dw/maxresdefault.jpg,8.0,6.5,ややがっつり
箸がとまらない無限鶏むね肉！！ #おつまみレシピ #簡単レシピ #主婦 #おうち居酒屋,youtube,_Z2G1Xu1bMA,https://www.youtube.com/watch?v=_Z2G1Xu1bMA,_Z2G1Xu1bMA,https://www.youtube.com/watch?v=_Z2G1Xu1bMA,いそじま夫婦のお酒と料理チャンネル,normal,鶏肉,semi-rich,2,YouTube Data API収集,chicken,鶏肉,warm,3,2,true,true,https://i.ytimg.com/vi/_Z2G1Xu1bMA/maxresdefault.jpg,6.0,5.3,ややがっつり
＼ヘルシー豆腐グラタン／ #レンジレシピ #高タンパクレシピ #簡単レシピ #一人暮らしレシピ #豆腐レシピ,youtube,Act9XQZgEHs,https://www.youtube.com/watch?v=Act9XQZgEHs,Act9XQZgEHs,https://www.youtube.com/watch?v=Act9XQZgEHs,のあ【40代独身オタクのレンチン飯】,normal,豆腐,light,2,YouTube Data API収集,tofu,豆腐・大豆系,warm,3,2,false,true,https://i.ytimg.com/vi/Act9XQZgEHs/maxresdefault.jpg,3.0,3.5,あっさり
㊗️100万再生 10分で作れる、とても美味しいチャーハン,youtube,o6svdV4E8dw,https://www.youtube.com/watch?v=o6svdV4E8dw,o6svdV4E8dw,https://www.youtube.com/watch?v=o6svdV4E8dw,家政夫ミツキの10分作りおき,easy,ご飯・米,semi-rich,3,YouTube Data API収集,rice,米,warm,3,2,false,true,https://i.ytimg.com/vi/o6svdV4E8dw/maxresdefault.jpg,6.0,5.9,ややがっつり
【1、5、10年目】一人暮らし男の自炊あるある,youtube,9Ib-cqHiWh8,https://www.youtube.com/watch?v=9Ib-cqHiWh8,9Ib-cqHiWh8,https://www.youtube.com/watch?v=9Ib-cqHiWh8,孤独の厨,normal,牛肉、うどん、パスタ、にんにく,semi-rich,2,YouTube Data API収集,"beef,udon,pasta,garlic",肉類;麺;根菜,warm,3,2,true,true,https://i.ytimg.com/vi/9Ib-cqHiWh8/maxresdefault.jpg,6.37,5.52,ややがっつり
【冷凍ストック5日分】豚キムチうどん,youtube,nv07iauxTZs,https://www.youtube.com/watch?v=nv07iauxTZs,nv07iauxTZs,https://www.youtube.com/watch?v=nv07iauxTZs,れこちゃんねる,easy,豚肉、白身魚、卵、うどん、ビーフン・フォー、もやし,semi-light,2,YouTube Data API収集,"pork,whitefish,egg,udon,rice_noodles,bean_sprouts",肉類;魚介;卵;麺;葉物野菜,cold,3,2,true,true,https://i.ytimg.com/vi/nv07iauxTZs/maxresdefault.jpg,5.76,5.16,ややあっさり
イオン系スーパーまいばすけっとで2500円分爆買い🛒トップバリュー商品で絶対真似できるアレンジレシピも㊙️,youtube,hLF11viS9t8,https://www.youtube.com/watch?v=hLF11viS9t8,hLF11viS9t8,https://www.youtube.com/watch?v=hLF11viS9t8,りんのおうちごはん,normal,卵,semi-light,2,YouTube Data API収集,egg,卵,warm,3,2,false,true,https://i.ytimg.com/vi/hLF11viS9t8/maxresdefault.jpg,5.0,4.7,ややあっさり
👛一人前60円🧊冷凍ストック【フレンチトースト】,youtube,gYBddnXA2bU,https://www.youtube.com/watch?v=gYBddnXA2bU,gYBddnXA2bU,https://www.youtube.com/watch?v=gYBddnXA2bU,ふに,normal,パン,semi-rich,2,YouTube Data API収集,bread,米,cold,3,2,false,true,https://i.ytimg.com/vi/gYBddnXA2bU/maxresdefault.jpg,6.0,5.3,ややがっつり
カチコチ冷凍のまま作れる【激うま鶏むねチャーシュー】,youtube,klcd3W9kg64,https://www.youtube.com/watch?v=klcd3W9kg64,klcd3W9kg64,https://www.youtube.com/watch?v=klcd3W9kg64,きい┆-6kg ‣‣ 綺麗に痩せる鶏むね肉レシピ𓎩,easy,鶏肉、白身魚、卵、ショウガ、にんにく,light,2,YouTube Data API収集,"chicken,whitefish,egg,ginger,garlic",鶏肉;魚介;卵;根菜,cold,3,2,true,true,https://i.ytimg.com/vi/klcd3W9kg64/maxresdefault.jpg,4.95,4.67,あっさり
【ワンパン15分】鮭のクリーム煮 #ワンパンレシピ #ワーママ,youtube,k5OgHdRCkvQ,https://www.youtube.com/watch?v=k5OgHdRCkvQ,k5OgHdRCkvQ,https://www.youtube.com/watch?v=k5OgHdRCkvQ,みこ ⌇ずぼらママの簡単ワンプレートご飯,easy,サケ、白身魚、えび、ほうれん草、ネギ、ピーマン、ブロッコリー、玉ねぎ、しめじ、にんにく、バター、牛乳、小麦粉,semi-rich,4,YouTube Data API収集,"salmon,whitefish,shrimp,spinach,green_onion,bell_pepper,broccoli,onion,shimeji,garlic,butter,milk,flour",魚介;葉物野菜;根菜;きのこ;チーズ・バター・マヨ系;米,warm,4,3,true,true,https://i.ytimg.com/vi/k5OgHdRCkvQ/maxresdefault.jpg,6.03,6.42,ややがっつり
節約チーズケーキ🍰#節約レシピ #自炊記録 #一人暮らし,youtube,RJ4nNpdPxQo,https://www.youtube.com/watch?v=RJ4nNpdPxQo,RJ4nNpdPxQo,https://www.youtube.com/watch?v=RJ4nNpdPxQo,うりよ | ズボラ社会人,normal,チーズ,rich,4,YouTube Data API収集,cheese,チーズ・バター・マヨ系,warm,3,2,false,true,https://i.ytimg.com/vi/RJ4nNpdPxQo/maxresdefault.jpg,10.0,8.9,がっつり
材料２つ！一人暮らしの節約ツナ缶うどん！#節約料理 #節約 #節約飯 #簡単レシピ,youtube,lBOJ_JCbH0w,https://www.youtube.com/watch?v=lBOJ_JCbH0w,lBOJ_JCbH0w,https://www.youtube.com/watch?v=lBOJ_JCbH0w,引きこもりの節約レシピ,easy,ツナ、うどん,semi-light,2,YouTube Data API収集,"canned_tuna,udon",魚介;麺,warm,3,2,false,true,https://i.ytimg.com/vi/lBOJ_JCbH0w/maxresdefault.jpg,5.3,4.88,ややあっさり
＼やみつきコクマヨ／ソーセージパスタ🍝 #レンジレシピ #簡単レシピ #一人暮らしレシピ #パスタレシピ #レンチンレシピ #ズボラレシピ #高タンパク質メニュー,youtube,_3tevJRxzv8,https://www.youtube.com/watch?v=_3tevJRxzv8,_3tevJRxzv8,https://www.youtube.com/watch?v=_3tevJRxzv8,のあ【40代独身オタクのレンチン飯】,normal,パスタ、マヨネーズ,rich,4,YouTube Data API収集,"pasta,mayonnaise",麺;チーズ・バター・マヨ系,warm,3,2,false,true,https://i.ytimg.com/vi/_3tevJRxzv8/maxresdefault.jpg,8.6,8.06,がっつり
親子丼レシピはこれだけでいい！究極の親子丼レシピ #簡単レシピ #親子丼,youtube,pyuR674BEvg,https://www.youtube.com/watch?v=pyuR674BEvg,pyuR674BEvg,https://www.youtube.com/watch?v=pyuR674BEvg,ちぇる ダイエット食堂,easy,ご飯・米,semi-light,2,YouTube Data API収集,rice,米,warm,1,1,false,true,https://i.ytimg.com/vi/pyuR674BEvg/maxresdefault.jpg,6.0,5.1,ややあっさり
一度に作って大量冷凍！忙しくても手間なしで野菜＆たんぱく質がとれる【一人鍋冷凍セット】基本のストックとアレンジレシピ5選,youtube,t73GhEe2ddg,https://www.youtube.com/watch?v=t73GhEe2ddg,t73GhEe2ddg,https://www.youtube.com/watch?v=t73GhEe2ddg,おすぎ(管理栄養士),normal,鶏肉、挽肉、白身魚、キャベツ、トマト、にんじん、かぼちゃ、レンコン、しめじ、チーズ、バター、カレールゥ,rich,4,YouTube Data API収集,"chicken,minced_meat,whitefish,cabbage,tomato,carrot,pumpkin,lotus_root,shimeji,cheese,butter,curry_roux",鶏肉;肉類;魚介;葉物野菜;根菜;きのこ;チーズ・バター・マヨ系,cold,4,3,true,true,https://i.ytimg.com/vi/t73GhEe2ddg/maxresdefault.jpg,6.4,6.74,がっつり
食費８万を辞めたら#節約主婦#簡単レシピ#貯金,youtube,yD8bmes2pj0,https://www.youtube.com/watch?v=yD8bmes2pj0,yD8bmes2pj0,https://www.youtube.com/watch?v=yD8bmes2pj0,ヒナマル,normal,白身魚,light,2,YouTube Data API収集,whitefish,魚介,warm,3,2,false,true,https://i.ytimg.com/vi/yD8bmes2pj0/maxresdefault.jpg,4.0,4.1,あっさり
仕事の日でも料理を楽しむ｜一人暮らし会社員の平日ごはん,youtube,ZSYuG3WNFQA,https://www.youtube.com/watch?v=ZSYuG3WNFQA,ZSYuG3WNFQA,https://www.youtube.com/watch?v=ZSYuG3WNFQA,しゅんの節約生活,normal,サケ、卵、チーズ、マヨネーズ,rich,4,YouTube Data API収集,"salmon,egg,cheese,mayonnaise",魚介;卵;チーズ・バター・マヨ系,warm,3,2,false,true,https://i.ytimg.com/vi/ZSYuG3WNFQA/maxresdefault.jpg,7.43,7.36,がっつり
【簡単レシピ】炊飯器に入れるだけウインナーチャーハン！!#炊飯器レシピ,youtube,pPto4YkvyBQ,https://www.youtube.com/watch?v=pPto4YkvyBQ,pPto4YkvyBQ,https://www.youtube.com/watch?v=pPto4YkvyBQ,暇人クッキング【簡単レシピ】,normal,ご飯・米,semi-rich,3,YouTube Data API収集,rice,米,warm,3,2,false,true,https://i.ytimg.com/vi/pPto4YkvyBQ/maxresdefault.jpg,6.0,5.8,ややがっつり
【2ch有益スレ】一人暮らしのワイにガチ簡単な料理教えてクレメンスｗ【ゆっくり解説】,youtube,DN6mKlflhMo,https://www.youtube.com/watch?v=DN6mKlflhMo,DN6mKlflhMo,https://www.youtube.com/watch?v=DN6mKlflhMo,2ch有益ライハまとめ【ゆっくり解説】,normal,鶏肉、白身魚、うどん、パスタ、トマト、コーン缶、昆布、にんにく,light,2,YouTube Data API収集,"chicken,whitefish,udon,pasta,tomato,corn,kombu,garlic",鶏肉;魚介;麺;葉物野菜;根菜,warm,4,3,true,true,https://i.ytimg.com/vi/DN6mKlflhMo/maxresdefault.jpg,4.6,4.46,あっさり
【ズボラ飯】帰宅後4分で作る一人暮らしのやっつけ簡単料理【うどん】,youtube,xZx1xLkI2dc,https://www.youtube.com/watch?v=xZx1xLkI2dc,xZx1xLkI2dc,https://www.youtube.com/watch?v=xZx1xLkI2dc,ichi's life,easy,うどん,semi-rich,2,YouTube Data API収集,udon,麺,warm,3,2,false,true,https://i.ytimg.com/vi/xZx1xLkI2dc/maxresdefault.jpg,6.0,5.3,ややがっつり
👛1枚80円以下！1週間分の朝ごはん☀️【冷凍トースト】,youtube,oa9Y63nZ9wE,https://www.youtube.com/watch?v=oa9Y63nZ9wE,oa9Y63nZ9wE,https://www.youtube.com/watch?v=oa9Y63nZ9wE,ふに,normal,パン,semi-rich,2,YouTube Data API収集,bread,米,cold,3,2,false,true,https://i.ytimg.com/vi/oa9Y63nZ9wE/maxresdefault.jpg,6.0,5.3,ややがっつり
簡単カルボナーラうどん#自炊女子 #簡単料理レシピ #カルボナーラうどん #ダイエット中の食事 #ダイエット飯 #綺麗になる食事 #自炊生活 #自炊ダイエット #ヘルシーご飯,youtube,vneiN6uLUSQ,https://www.youtube.com/watch?v=vneiN6uLUSQ,vneiN6uLUSQ,https://www.youtube.com/watch?v=vneiN6uLUSQ,yu┊︎褒められ簡単ごはん,easy,うどん、パスタ,semi-light,2,YouTube Data API収集,"udon,pasta",麺,warm,3,2,false,true,https://i.ytimg.com/vi/vneiN6uLUSQ/maxresdefault.jpg,6.0,5.2,ややあっさり
【節約】新生活お弁当始まり🌸一人暮らし社会人の節約を楽しむ自炊記録👩‍🦰⌇春キャベツレシピ🥬,youtube,2xIbZNoKskk,https://www.youtube.com/watch?v=2xIbZNoKskk,2xIbZNoKskk,https://www.youtube.com/watch?v=2xIbZNoKskk,shiroのくらし,normal,豚肉、白身魚、豆腐、卵、キャベツ、もやし、マヨネーズ,rich,4,YouTube Data API収集,"pork,whitefish,tofu,egg,cabbage,bean_sprouts,mayonnaise",肉類;魚介;豆腐・大豆系;卵;葉物野菜;チーズ・バター・マヨ系,warm,4,3,true,true,https://i.ytimg.com/vi/2xIbZNoKskk/maxresdefault.jpg,6.62,6.87,がっつり
おかずにもなる豚汁の作り方,youtube,b-fNmdfzHl4,https://www.youtube.com/watch?v=b-fNmdfzHl4,b-fNmdfzHl4,https://www.youtube.com/watch?v=b-fNmdfzHl4,をにぎらー,normal,ネギ、じゃが芋、玉ねぎ、にんじん、しいたけ,light,2,YouTube Data API収集,"green_onion,potato,onion,carrot,shiitake",葉物野菜;根菜;きのこ,warm,3,2,true,true,https://i.ytimg.com/vi/b-fNmdfzHl4/maxresdefault.jpg,2.3,3.08,あっさり
【手取り18万円上京OL】ほぼ150円弁当#自炊 #お弁当 #料理 #一人暮らし #簡単 #節約 #cooking #弁当 #lunchbox,youtube,GvyIueDy9AY,https://www.youtube.com/watch?v=GvyIueDy9AY,GvyIueDy9AY,https://www.youtube.com/watch?v=GvyIueDy9AY,みぃ | 手取り19万円上京OL,normal,鶏肉、卵、ブロッコリー,light,2,YouTube Data API収集,"chicken,egg,broccoli",鶏肉;卵;葉物野菜,warm,3,2,true,true,https://i.ytimg.com/vi/GvyIueDy9AY/maxresdefault.jpg,4.6,4.46,あっさり
貧乏！具なしわさびパスタ！疲れててもお金はなるべく使いたくない🤦‍♀️#ブラック企業 #料理 #cooking #vlog #ol日常 #ルーティン #レンチンレシピ #一人暮らし,youtube,xdpemJTKpWs,https://www.youtube.com/watch?v=xdpemJTKpWs,xdpemJTKpWs,https://www.youtube.com/watch?v=xdpemJTKpWs,ななOL簡単ご飯,normal,パスタ,semi-rich,3,YouTube Data API収集,pasta,麺,warm,3,2,false,true,https://i.ytimg.com/vi/xdpemJTKpWs/maxresdefault.jpg,6.0,5.8,ややがっつり
一人暮らしの3日間★簡単夜ご飯 #2/料理vlog / 会社員 /簡単レシピ,youtube,-wTMJvL-nX0,https://www.youtube.com/watch?v=-wTMJvL-nX0,-wTMJvL-nX0,https://www.youtube.com/watch?v=-wTMJvL-nX0,*くまねこの暮らし* 〜むりをしない〜,normal,豚肉、豆腐、キャベツ、なす,semi-light,2,YouTube Data API収集,"pork,tofu,cabbage,eggplant",肉類;豆腐・大豆系;葉物野菜,warm,3,2,true,true,https://i.ytimg.com/vi/-wTMJvL-nX0/maxresdefault.jpg,5.2,4.82,ややあっさり
赤から風ラーメン#簡単レシピ #節約レシピ#一人暮らし#冷凍ストック #赤から,youtube,CXc0vA-hHh8,https://www.youtube.com/watch?v=CXc0vA-hHh8,CXc0vA-hHh8,https://www.youtube.com/watch?v=CXc0vA-hHh8,けい 1食300円以下の節約冷凍レシピ,easy,豚肉、白身魚、中華麺、ラーメン,semi-rich,2,YouTube Data API収集,"pork,whitefish,noodles,ramen",肉類;魚介;麺,cold,3,2,true,true,https://i.ytimg.com/vi/CXc0vA-hHh8/maxresdefault.jpg,6.6,5.66,ややがっつり
【手取り18万円上京OL】ほぼ150円弁当#自炊 #料理 #一人暮らし #簡単 #節約 #cooking #弁当 #lunch,youtube,6WJFWM-8Sc4,https://www.youtube.com/watch?v=6WJFWM-8Sc4,6WJFWM-8Sc4,https://www.youtube.com/watch?v=6WJFWM-8Sc4,みぃ | 手取り19万円上京OL,normal,厚揚げ、卵、トマト、ブロッコリー,light,2,YouTube Data API収集,"atsuage,egg,tomato,broccoli",豆腐・大豆系;卵;葉物野菜,warm,3,2,true,true,https://i.ytimg.com/vi/6WJFWM-8Sc4/maxresdefault.jpg,3.6,3.86,あっさり
熱々あんかけ焼きそば🍜#節約レシピ #やきそば #あんかけ焼きそば #一人暮らしごはん #cooking #料理#男飯 #料理男子,youtube,zhIS6j8ex3I,https://www.youtube.com/watch?v=zhIS6j8ex3I,zhIS6j8ex3I,https://www.youtube.com/watch?v=zhIS6j8ex3I,しゅう | 22時からつくる節約レシピ,easy,そば、中華麺,semi-rich,3,YouTube Data API収集,"soba,noodles",麺,warm,3,2,false,true,https://i.ytimg.com/vi/zhIS6j8ex3I/maxresdefault.jpg,6.0,5.9,ややがっつり
#チーズケーキ #スイーツ #一人暮らし #料理 #自炊 #cooking #丁寧な暮らし #晩ごはん #ごはん #コーヒー #おうちごはん #vlog #簡単レシピ #イタリアン #和食 #日常,youtube,Jy92rfwEvCg,https://www.youtube.com/watch?v=Jy92rfwEvCg,Jy92rfwEvCg,https://www.youtube.com/watch?v=Jy92rfwEvCg,一人暮らしの日々のごはん,normal,チーズ,rich,4,YouTube Data API収集,cheese,チーズ・バター・マヨ系,warm,3,2,false,true,https://i.ytimg.com/vi/Jy92rfwEvCg/maxresdefault.jpg,10.0,8.9,がっつり
豚キムチうどん#冷凍ストック #時短節約 #節約レシピ #一人暮らし#豚キムチ,youtube,c8RusQKw94E,https://www.youtube.com/watch?v=c8RusQKw94E,c8RusQKw94E,https://www.youtube.com/watch?v=c8RusQKw94E,けい 1食300円以下の節約冷凍レシピ,easy,豚肉、白身魚、うどん、ネギ,semi-light,2,YouTube Data API収集,"pork,whitefish,udon,green_onion",肉類;魚介;麺;葉物野菜,cold,3,2,true,true,https://i.ytimg.com/vi/c8RusQKw94E/maxresdefault.jpg,5.72,5.13,ややあっさり
しらすぺぺたま🍝 #節約レシピ #cooking #時短節約 #japanesefood #一人暮らしごはん #パスタ #暮らしチャンネル #簡単レシピ #ぺぺたま#料理 #料理男子,youtube,N50zTOJwf9w,https://www.youtube.com/watch?v=N50zTOJwf9w,N50zTOJwf9w,https://www.youtube.com/watch?v=N50zTOJwf9w,しゅう | 22時からつくる節約レシピ,normal,パスタ,semi-rich,3,YouTube Data API収集,pasta,麺,warm,3,2,false,true,https://i.ytimg.com/vi/N50zTOJwf9w/maxresdefault.jpg,6.0,5.9,ややがっつり
【節約】一人暮らしのラクする大量おにぎりストック🍙 柔らかむね肉の節約おかず🍗💕,youtube,WyLZsPgZbpE,https://www.youtube.com/watch?v=WyLZsPgZbpE,WyLZsPgZbpE,https://www.youtube.com/watch?v=WyLZsPgZbpE,shiroのくらし,easy,サバ、白身魚、ご飯・米、ショウガ,light,2,YouTube Data API収集,"mackerel,whitefish,rice,ginger",魚介;米;根菜,warm,3,2,false,true,https://i.ytimg.com/vi/WyLZsPgZbpE/maxresdefault.jpg,4.83,4.6,あっさり
【ミルフィーユ鍋の作り方】一人暮らし男の料理 / 簡単一人鍋レシピ,youtube,Mc-VuDydg-M,https://www.youtube.com/watch?v=Mc-VuDydg-M,Mc-VuDydg-M,https://www.youtube.com/watch?v=Mc-VuDydg-M,TOKYO COOKIG CLUB,normal,豚肉、白身魚、napa_cabbage、ショウガ、にんにく,semi-light,2,YouTube Data API収集,"pork,whitefish,napa_cabbage,ginger,garlic",肉類;魚介;葉物野菜;根菜,warm,3,2,true,true,https://i.ytimg.com/vi/Mc-VuDydg-M/maxresdefault.jpg,5.2,4.82,ややあっさり
とまとチキンパエリア🥘#節約レシピ #一人暮らしごはん #時短節約 #cooking #料理 #パエリア 📝レシピ詳細はInstagram本文に掲載しております🙇‍♂️,youtube,alLyfoPCy2A,https://www.youtube.com/watch?v=alLyfoPCy2A,alLyfoPCy2A,https://www.youtube.com/watch?v=alLyfoPCy2A,しゅう | 22時からつくる節約レシピ,normal,鶏肉,semi-rich,2,YouTube Data API収集,chicken,鶏肉,warm,3,2,true,true,https://i.ytimg.com/vi/alLyfoPCy2A/maxresdefault.jpg,6.0,5.3,ややがっつり
【週2000円】節約おうちごはんを楽しむ一人暮らし👩‍🦰 / 野菜長持ち保存🥕 / かさ増しスコッチエッグ🐣💞,youtube,VqqVlMtWx7M,https://www.youtube.com/watch?v=VqqVlMtWx7M,VqqVlMtWx7M,https://www.youtube.com/watch?v=VqqVlMtWx7M,shiroのくらし,easy,鶏肉、白身魚、卵、ネギ、玉ねぎ、にんにく、マヨネーズ,rich,4,YouTube Data API収集,"chicken,whitefish,egg,green_onion,onion,garlic,mayonnaise",鶏肉;魚介;卵;葉物野菜;根菜;チーズ・バター・マヨ系,warm,4,3,true,true,https://i.ytimg.com/vi/VqqVlMtWx7M/maxresdefault.jpg,6.38,6.73,がっつり
コク旨カレーうどん#冷凍ストック #節約レシピ #簡単レシピ#一人暮らし#カレーうどん,youtube,-D62jEzIBEM,https://www.youtube.com/watch?v=-D62jEzIBEM,-D62jEzIBEM,https://www.youtube.com/watch?v=-D62jEzIBEM,けい 1食300円以下の節約冷凍レシピ,easy,豚肉、白身魚、油揚げ、うどん、キャベツ、ネギ,semi-light,2,YouTube Data API収集,"pork,whitefish,aburaage,udon,cabbage,green_onion",肉類;魚介;豆腐・大豆系;麺;葉物野菜,cold,3,2,true,true,https://i.ytimg.com/vi/-D62jEzIBEM/maxresdefault.jpg,5.48,4.99,ややあっさり
炊飯器に丸投げ！トマトチキンライス🍅🍚残りはおにぎりにしてお昼ご飯の節約🫶 #ブラック企業 #料理 #cooking #自炊 #vlog #炊飯器レシピ,youtube,2wapdVaCRdw,https://www.youtube.com/watch?v=2wapdVaCRdw,2wapdVaCRdw,https://www.youtube.com/watch?v=2wapdVaCRdw,ななOL簡単ご飯,normal,鶏肉、ご飯・米、トマト,light,2,YouTube Data API収集,"chicken,rice,tomato",鶏肉;米;葉物野菜,warm,3,2,true,true,https://i.ytimg.com/vi/2wapdVaCRdw/maxresdefault.jpg,4.83,4.5,あっさり
休日は贅沢にたっぷりお肉を使う！！ボロネーゼ🍝#ol日常 #料理 #cooking #自炊 #簡単レシピ #vlog #パスタ #レンチンレシピ,youtube,DrFfaqFtTq8,https://www.youtube.com/watch?v=DrFfaqFtTq8,DrFfaqFtTq8,https://www.youtube.com/watch?v=DrFfaqFtTq8,ななOL簡単ご飯,normal,パスタ,semi-rich,3,YouTube Data API収集,pasta,麺,warm,3,2,false,true,https://i.ytimg.com/vi/DrFfaqFtTq8/maxresdefault.jpg,6.0,5.8,ややがっつり
[SUB]【料理ドラマ】『ひとりごとエプロン』第1話：一人暮らしのキッチンでつくる、簡単じゃがいもグラタン 2019クリスマスイブ公開/レシピ/音楽,youtube,mJeRHRoOuI8,https://www.youtube.com/watch?v=mJeRHRoOuI8,mJeRHRoOuI8,https://www.youtube.com/watch?v=mJeRHRoOuI8,北欧、暮らしの道具店,normal,貝、じゃが芋,light,2,YouTube Data API収集,"shellfish,potato",魚介;根菜,warm,3,2,true,true,https://i.ytimg.com/vi/mJeRHRoOuI8/maxresdefault.jpg,3.65,3.89,あっさり
【16日/100日】安くておいしすぎリピ確なので、市販のカレールーには戻れない、、！#一人暮らし#自炊 #夜ご飯,youtube,k1CE55lUvcI,https://www.youtube.com/watch?v=k1CE55lUvcI,k1CE55lUvcI,https://www.youtube.com/watch?v=k1CE55lUvcI,しょーるーむ🌙(shoroom),normal,カレールゥ,rich,2,YouTube Data API収集,curry_roux,チーズ・バター・マヨ系,warm,3,2,false,true,https://i.ytimg.com/vi/k1CE55lUvcI/maxresdefault.jpg,10.0,7.7,がっつり
蒙古タンメン風つけ麺🍜 #節約レシピ #cooking #時短節約 #一人暮らしごはん #暮らしチャンネル #料理 #つけ麺 #簡単レシピ #辛いラーメン,youtube,FYsyAoOvSa8,https://www.youtube.com/watch?v=FYsyAoOvSa8,FYsyAoOvSa8,https://www.youtube.com/watch?v=FYsyAoOvSa8,しゅう | 22時からつくる節約レシピ,normal,ラーメン,semi-rich,2,YouTube Data API収集,ramen,麺,warm,3,2,false,true,https://i.ytimg.com/vi/FYsyAoOvSa8/maxresdefault.jpg,6.0,5.3,ややがっつり
和風塩昆布ツナパスタ🍝#節約レシピ #パスタ #時短節約 #一人暮らしごはん #cooking #暮らしチャンネル #料理 #簡単レシピ #ツナマヨ #塩昆布,youtube,AvAn0DhbofA,https://www.youtube.com/watch?v=AvAn0DhbofA,AvAn0DhbofA,https://www.youtube.com/watch?v=AvAn0DhbofA,しゅう | 22時からつくる節約レシピ,normal,ツナ、パスタ、昆布、マヨネーズ,rich,4,YouTube Data API収集,"canned_tuna,pasta,kombu,mayonnaise",魚介;麺;葉物野菜;チーズ・バター・マヨ系,warm,3,2,false,true,https://i.ytimg.com/vi/AvAn0DhbofA/maxresdefault.jpg,6.67,6.9,がっつり
【手取り18万円上京OL】ほぼ150円弁当#自炊 #お弁当 #料理 #一人暮らし #簡単 #節約 #cooking #弁当 #lunchbox,youtube,66Yxo54I88o,https://www.youtube.com/watch?v=66Yxo54I88o,66Yxo54I88o,https://www.youtube.com/watch?v=66Yxo54I88o,みぃ | 手取り19万円上京OL,normal,挽肉、ベーコン、豆腐、卵、ほうれん草、ネギ、玉ねぎ,semi-rich,4,YouTube Data API収集,"minced_meat,bacon,tofu,egg,spinach,green_onion,onion",肉類;豆腐・大豆系;卵;葉物野菜;根菜,warm,4,3,true,true,https://i.ytimg.com/vi/66Yxo54I88o/maxresdefault.jpg,5.2,6.02,ややがっつり
巻かないロールキャベツ🍳#節約レシピ #一人暮らしごはん #cooking #ひとり暮らし #おうちごはん #自炊 #ロールキャベツ #料理,youtube,FDO3N12nIXg,https://www.youtube.com/watch?v=FDO3N12nIXg,FDO3N12nIXg,https://www.youtube.com/watch?v=FDO3N12nIXg,しゅう | 22時からつくる節約レシピ,normal,キャベツ,light,2,YouTube Data API収集,cabbage,葉物野菜,warm,5,3,true,true,https://i.ytimg.com/vi/FDO3N12nIXg/maxresdefault.jpg,1.0,2.3,あっさり
【時短料理はこうやって作ります】ノーカットでお届け/楽してうまい絶品レシピ/絶対作って！豚キャベツ豆腐のくたくた煮/ちくわのカレーマヨ焼き,youtube,sq_QJ53i6Ps,https://www.youtube.com/watch?v=sq_QJ53i6Ps,sq_QJ53i6Ps,https://www.youtube.com/watch?v=sq_QJ53i6Ps,LiLy's room,normal,白身魚、豆腐、ビーフン・フォー、キャベツ、マヨネーズ,rich,4,YouTube Data API収集,"whitefish,tofu,rice_noodles,cabbage,mayonnaise",魚介;豆腐・大豆系;麺;葉物野菜;チーズ・バター・マヨ系,warm,3,2,true,true,https://i.ytimg.com/vi/sq_QJ53i6Ps/maxresdefault.jpg,6.36,6.72,がっつり
【簡単時短レシピ】レンジだけ！美味しいプリップリの鶏マヨの作り方 鶏肉料理,youtube,8yhkYk7mqW8,https://www.youtube.com/watch?v=8yhkYk7mqW8,8yhkYk7mqW8,https://www.youtube.com/watch?v=8yhkYk7mqW8,でんぼの簡単レンジ料理,easy,鶏肉、白身魚、ビーフン・フォー、ネギ、トマト、ショウガ、にんにく、チーズ、マヨネーズ,semi-rich,4,YouTube Data API収集,"chicken,whitefish,rice_noodles,green_onion,tomato,ginger,garlic,cheese,mayonnaise",鶏肉;魚介;麺;葉物野菜;根菜;チーズ・バター・マヨ系,warm,4,3,true,true,https://i.ytimg.com/vi/8yhkYk7mqW8/maxresdefault.jpg,6.5,6.7,ややがっつり
油を使わない「キャベツのチーズ焼き」材料２つ！まな板・包丁を使わずカットキャベツで簡単‼時短・節約レシピ・キャベツ簡単レシピ,youtube,BsmoJ9z2WN4,https://www.youtube.com/watch?v=BsmoJ9z2WN4,BsmoJ9z2WN4,https://www.youtube.com/watch?v=BsmoJ9z2WN4,DAIFUKU KITCHEN,normal,キャベツ、チーズ,rich,4,YouTube Data API収集,"cabbage,cheese",葉物野菜;チーズ・バター・マヨ系,warm,3,2,true,true,https://i.ytimg.com/vi/BsmoJ9z2WN4/maxresdefault.jpg,6.85,7.01,がっつり
【150万回再生人気レシピ】レンジで簡単時短！ピリ辛タレが絶品！鶏むね肉がしっとりのよだれ鶏の作り方,youtube,firRdk0iGCY,https://www.youtube.com/watch?v=firRdk0iGCY,firRdk0iGCY,https://www.youtube.com/watch?v=firRdk0iGCY,Koh Kentetsu Kitchen【料理研究家コウケンテツ公式チャンネル】,normal,鶏肉、ビーフン・フォー、ネギ、レタス、ショウガ,light,2,YouTube Data API収集,"chicken,rice_noodles,green_onion,lettuce,ginger",鶏肉;麺;葉物野菜;根菜,warm,3,2,true,true,https://i.ytimg.com/vi/firRdk0iGCY/maxresdefault.jpg,4.6,4.46,あっさり
【仕事から帰宅後に作る時短レシピ】安くておいしい最強レシピ/頑張らない晩ごはん/体力なし40代母の時短料理/簡単レシピ/簡単おかず,youtube,k-kPqW3bd-s,https://www.youtube.com/watch?v=k-kPqW3bd-s,k-kPqW3bd-s,https://www.youtube.com/watch?v=k-kPqW3bd-s,LiLy's room,normal,豚肉、鶏肉、白身魚、豆腐、厚揚げ、卵、ビーフン・フォー、キャベツ、ネギ、トマト、ブロッコリー、ごぼう、レンコン、昆布、チーズ、マヨネーズ,rich,4,YouTube Data API収集,"pork,chicken,whitefish,tofu,atsuage,egg,rice_noodles,cabbage,green_onion,tomato,broccoli,burdock,lotus_root,kombu,cheese,mayonnaise",肉類;鶏肉;魚介;豆腐・大豆系;卵;麺;葉物野菜;根菜;チーズ・バター・マヨ系,warm,4,3,true,true,https://i.ytimg.com/vi/k-kPqW3bd-s/maxresdefault.jpg,6.58,6.85,がっつり
【250万回再生人気レシピ】保存版！時短中華レシピ！おうちで簡単極旨！マーボー豆腐の作り方,youtube,50iEDfOOLQk,https://www.youtube.com/watch?v=50iEDfOOLQk,50iEDfOOLQk,https://www.youtube.com/watch?v=50iEDfOOLQk,Koh Kentetsu Kitchen【料理研究家コウケンテツ公式チャンネル】,normal,挽肉、豆腐、にら、ネギ、ショウガ、にんにく,semi-light,2,YouTube Data API収集,"minced_meat,tofu,nira,green_onion,ginger,garlic",肉類;豆腐・大豆系;葉物野菜;根菜,warm,3,2,true,true,https://i.ytimg.com/vi/50iEDfOOLQk/maxresdefault.jpg,5.03,4.72,ややあっさり
フライパン・鍋不要【トマトパスタ】洗いもの無しで楽ちん！アイラップで時短レシピ,youtube,c01X7pkYaeE,https://www.youtube.com/watch?v=c01X7pkYaeE,c01X7pkYaeE,https://www.youtube.com/watch?v=c01X7pkYaeE,夫手取り17万円の節約ごはん,normal,パスタ、ほうれん草、トマト、にんにく、チーズ,rich,5,YouTube Data API収集,"pasta,spinach,tomato,garlic,cheese",麺;葉物野菜;根菜;チーズ・バター・マヨ系,warm,3,2,true,true,https://i.ytimg.com/vi/c01X7pkYaeE/maxresdefault.jpg,6.5,7.4,がっつり
鍋不要【卵サンド】洗いもの無しで楽ちん！時短レシピ,youtube,2VXi95zG7Kc,https://www.youtube.com/watch?v=2VXi95zG7Kc,2VXi95zG7Kc,https://www.youtube.com/watch?v=2VXi95zG7Kc,夫手取り17万円の節約ごはん,normal,卵、バター、マヨネーズ、牛乳,rich,4,YouTube Data API収集,"egg,butter,mayonnaise,milk",卵;チーズ・バター・マヨ系,warm,3,2,false,true,https://i.ytimg.com/vi/2VXi95zG7Kc/maxresdefault.jpg,8.25,7.85,がっつり
30分でぱぱっと節約夜ごはん🍚 #shorts,youtube,sVyNwag9oxU,https://www.youtube.com/watch?v=sVyNwag9oxU,sVyNwag9oxU,https://www.youtube.com/watch?v=sVyNwag9oxU,のんびり暮らしチャンネル,normal,鶏肉、挽肉、白身魚、豆腐、ネギ、わかめ、ショウガ、マヨネーズ,rich,4,YouTube Data API収集,"chicken,minced_meat,whitefish,tofu,green_onion,wakame,ginger,mayonnaise",鶏肉;肉類;魚介;豆腐・大豆系;葉物野菜;根菜;チーズ・バター・マヨ系,warm,4,3,true,true,https://i.ytimg.com/vi/sVyNwag9oxU/maxresdefault.jpg,6.5,6.8,がっつり
【時短晩ご飯】アラフォー主婦が10分で作る４人家族の一汁三菜〜土曜日のリアル晩ごはん〜,youtube,xwZYaz_HBz8,https://www.youtube.com/watch?v=xwZYaz_HBz8,xwZYaz_HBz8,https://www.youtube.com/watch?v=xwZYaz_HBz8,サッとさんのおうち,easy,鶏肉、ビーフン・フォー、キャベツ、トマト、しめじ,light,2,YouTube Data API収集,"chicken,rice_noodles,cabbage,tomato,shimeji",鶏肉;麺;葉物野菜;きのこ,warm,3,2,true,true,https://i.ytimg.com/vi/xwZYaz_HBz8/maxresdefault.jpg,4.42,4.35,あっさり
【1000万回再生】10歳から作ってるシンプルで一番大好きな卵チャーハン〈7分130円レシピ〉Fried Rice(simple ver),youtube,KXB4sNia2as,https://www.youtube.com/watch?v=KXB4sNia2as,KXB4sNia2as,https://www.youtube.com/watch?v=KXB4sNia2as,馬場ごはん〈ロバート〉Baba's Kitchen,easy,白身魚、卵、ご飯・米,semi-rich,3,YouTube Data API収集,"whitefish,egg,rice",魚介;卵;米,warm,3,2,false,true,https://i.ytimg.com/vi/KXB4sNia2as/maxresdefault.jpg,5.3,5.48,ややがっつり
【時短レシピ10選】10分でパパッと完成！スピードメニューレシピ♪｜macaroni（マカロニ）,youtube,qrCTLXlXQMM,https://www.youtube.com/watch?v=qrCTLXlXQMM,qrCTLXlXQMM,https://www.youtube.com/watch?v=qrCTLXlXQMM,macaroni | マカロニ,easy,豚肉、ベーコン、サバ、厚揚げ、卵、うどん、中華麺、キャベツ、napa_cabbage、にら、ネギ、もやし、トマト、なす、えのき茸、しいたけ、ショウガ、にんにく、チーズ、バター、マヨネーズ,semi-rich,4,YouTube Data API収集,"pork,bacon,mackerel,atsuage,egg,udon,noodles,cabbage,napa_cabbage,nira,green_onion,bean_sprouts,tomato,eggplant,enoki,shiitake,ginger,garlic,cheese,butter,mayonnaise",肉類;魚介;豆腐・大豆系;卵;麺;葉物野菜;きのこ;根菜;チーズ・バター・マヨ系,warm,4,3,true,true,https://i.ytimg.com/vi/qrCTLXlXQMM/maxresdefault.jpg,6.27,6.56,ややがっつり
【時短弁当】満腹ガッツリ系お弁当１週間/bento,youtube,x1xmA7nUAbI,https://www.youtube.com/watch?v=x1xmA7nUAbI,x1xmA7nUAbI,https://www.youtube.com/watch?v=x1xmA7nUAbI,まとめ買い主婦【みいかわ】,normal,白身魚,light,2,YouTube Data API収集,whitefish,魚介,warm,3,2,false,true,https://i.ytimg.com/vi/x1xmA7nUAbI/maxresdefault.jpg,4.0,4.1,あっさり
帰宅15分で作る爆速夜ごはん🌝🐴 #ふわたまチキン#簡単レシピ #自炊 #2人暮らし #2人暮らし #天皇杯,youtube,wNCboGGIGDc,https://www.youtube.com/watch?v=wNCboGGIGDc,wNCboGGIGDc,https://www.youtube.com/watch?v=wNCboGGIGDc,Hanaの暮らし,easy,鶏肉,semi-rich,2,YouTube Data API収集,chicken,鶏肉,warm,3,2,true,true,https://i.ytimg.com/vi/wNCboGGIGDc/maxresdefault.jpg,6.0,5.3,ややがっつり
【ダイエットレシピ】週一以上食べてる爆速健康ワンパンご飯の作り方！【PFCバランス◎/時短/1人ご飯】,youtube,h_IcKPmseHs,https://www.youtube.com/watch?v=h_IcKPmseHs,h_IcKPmseHs,https://www.youtube.com/watch?v=h_IcKPmseHs,Marina Takewaki,normal,サケ、ツナ、卵、キャベツ、napa_cabbage、ほうれん草、にら、ネギ、トマト、にんにく,light,2,YouTube Data API収集,"salmon,canned_tuna,egg,cabbage,napa_cabbage,spinach,nira,green_onion,tomato,garlic",魚介;卵;葉物野菜;根菜,warm,4,3,true,true,https://i.ytimg.com/vi/h_IcKPmseHs/maxresdefault.jpg,3.77,3.96,あっさり
5児ママ〜30kg痩せた蒸し鶏のにらだれ〜,youtube,xgDCLN5YxgU,https://www.youtube.com/watch?v=xgDCLN5YxgU,xgDCLN5YxgU,https://www.youtube.com/watch?v=xgDCLN5YxgU,マイ,normal,にら,light,1,YouTube Data API収集,nira,葉物野菜,warm,3,2,false,true,https://i.ytimg.com/vi/xgDCLN5YxgU/maxresdefault.jpg,1.0,1.7,あっさり
【コレが正解そうめん弁当】#暮らし #料理 #裏技 #簡単 #時短 #ライフハック,youtube,unUs-j3CXHU,https://www.youtube.com/watch?v=unUs-j3CXHU,unUs-j3CXHU,https://www.youtube.com/watch?v=unUs-j3CXHU,ぱるん⌇ずぼらママを救う時短・節約術,normal,そうめん,semi-rich,2,YouTube Data API収集,somen,麺,warm,3,2,false,true,https://i.ytimg.com/vi/unUs-j3CXHU/maxresdefault.jpg,6.0,5.3,ややがっつり
【鬼の残業week】疲労困憊で作る超時短1週間レシピ,youtube,E4dLJwQtGe0,https://www.youtube.com/watch?v=E4dLJwQtGe0,E4dLJwQtGe0,https://www.youtube.com/watch?v=E4dLJwQtGe0,節約自炊リーマンよね,easy,豚肉、鶏肉、えび、卵、ネギ、トマト、玉ねぎ、にんじん、ショウガ、バター,rich,4,YouTube Data API収集,"pork,chicken,shrimp,egg,green_onion,tomato,onion,carrot,ginger,butter",肉類;鶏肉;魚介;卵;葉物野菜;根菜;チーズ・バター・マヨ系,warm,4,3,true,true,https://i.ytimg.com/vi/E4dLJwQtGe0/maxresdefault.jpg,6.7,6.92,がっつり
【味&ボリューム最高♡】安くておいしい簡単レシピ/20分あれば余裕/野菜が苦手な家族が大絶賛/時短レシピしか勝たん/時短料理,youtube,eqGBDZgJK7Y,https://www.youtube.com/watch?v=eqGBDZgJK7Y,eqGBDZgJK7Y,https://www.youtube.com/watch?v=eqGBDZgJK7Y,LiLy's room,normal,豚肉、白身魚、ツナ、油揚げ、ビーフン・フォー、小松菜、ネギ、もやし、レンコン,semi-light,2,YouTube Data API収集,"pork,whitefish,canned_tuna,aburaage,rice_noodles,komatsuna,green_onion,bean_sprouts,lotus_root",肉類;魚介;豆腐・大豆系;麺;葉物野菜;根菜,warm,4,3,true,true,https://i.ytimg.com/vi/eqGBDZgJK7Y/maxresdefault.jpg,5.32,4.89,ややあっさり
【朝ごはんに】マグカップ1つでできる！超簡単・時短レシピ 3選,youtube,l1cLc3JWuy4,https://www.youtube.com/watch?v=l1cLc3JWuy4,l1cLc3JWuy4,https://www.youtube.com/watch?v=l1cLc3JWuy4,Kurashiru [クラシル],easy,トマト、チーズ,rich,4,YouTube Data API収集,"tomato,cheese",葉物野菜;チーズ・バター・マヨ系,warm,3,2,true,true,https://i.ytimg.com/vi/l1cLc3JWuy4/maxresdefault.jpg,6.85,6.91,がっつり
レンジで簡単🥟包まない小籠包 #料理 #レシピ #小籠包 #時短料理 #shorts,youtube,BKHdBp6HH_k,https://www.youtube.com/watch?v=BKHdBp6HH_k,BKHdBp6HH_k,https://www.youtube.com/watch?v=BKHdBp6HH_k,いとえり時短クッキング,easy,挽肉、ネギ、ショウガ,semi-light,2,YouTube Data API収集,"minced_meat,green_onion,ginger",肉類;葉物野菜;根菜,warm,3,2,true,true,https://i.ytimg.com/vi/BKHdBp6HH_k/maxresdefault.jpg,5.2,4.82,ややあっさり
フライパン1つ。丸めて焼くだけでやみつき！豚こま大葉チーズボール,youtube,bFw8Z3CK2mM,https://www.youtube.com/watch?v=bFw8Z3CK2mM,bFw8Z3CK2mM,https://www.youtube.com/watch?v=bFw8Z3CK2mM,簡単レシピ🤍東京OLむむちゃん,normal,豚肉、白身魚、にら、にんにく、チーズ、マヨネーズ,rich,5,YouTube Data API収集,"pork,whitefish,nira,garlic,cheese,mayonnaise",肉類;魚介;葉物野菜;根菜;チーズ・バター・マヨ系,warm,3,2,true,true,https://i.ytimg.com/vi/bFw8Z3CK2mM/maxresdefault.jpg,6.64,7.38,がっつり
アンチが震えるほど味の素が入った醤油ラーメンが震えるほど旨い#味の素 #ラーメン,youtube,V0lIkh5CCcc,https://www.youtube.com/watch?v=V0lIkh5CCcc,V0lIkh5CCcc,https://www.youtube.com/watch?v=V0lIkh5CCcc,えびすごはん 料理研究家 えびすまさき,normal,白身魚、えび、ラーメン,semi-light,2,YouTube Data API収集,"whitefish,shrimp,ramen",魚介;麺,warm,3,2,false,true,https://i.ytimg.com/vi/V0lIkh5CCcc/maxresdefault.jpg,5.3,4.88,ややあっさり
夏は絶対これ！スタミナとろたまそうめん,youtube,9ssDFdjJwic,https://www.youtube.com/watch?v=9ssDFdjJwic,9ssDFdjJwic,https://www.youtube.com/watch?v=9ssDFdjJwic,ハマごはん【お手軽レシピ】,normal,卵、そうめん、ネギ、ショウガ、にんにく,light,2,YouTube Data API収集,"egg,somen,green_onion,ginger,garlic",卵;麺;葉物野菜;根菜,warm,3,2,true,true,https://i.ytimg.com/vi/9ssDFdjJwic/maxresdefault.jpg,4.42,4.35,あっさり
【時短・簡単】スーパーの食材で本格チリコンカンの作り方｜ピリ辛＆旨い豆×ひき肉レシピ,youtube,XY8gMuiCbsU,https://www.youtube.com/watch?v=XY8gMuiCbsU,XY8gMuiCbsU,https://www.youtube.com/watch?v=XY8gMuiCbsU,Pato Cooking,normal,挽肉、白身魚、ネギ、トマト、玉ねぎ、にんにく、チーズ,rich,4,YouTube Data API収集,"minced_meat,whitefish,green_onion,tomato,onion,garlic,cheese",肉類;魚介;葉物野菜;根菜;チーズ・バター・マヨ系,warm,4,3,true,true,https://i.ytimg.com/vi/XY8gMuiCbsU/maxresdefault.jpg,6.64,6.88,がっつり
SNSでバズった！だし巻き玉子｜#簡単レシピ #時短レシピ #料理動画 #cooking #だし巻き玉子,youtube,7d_-4MYLTFA,https://www.youtube.com/watch?v=7d_-4MYLTFA,7d_-4MYLTFA,https://www.youtube.com/watch?v=7d_-4MYLTFA,ラクうま料理ちゃんねる,easy,白身魚、豆腐、卵,light,2,YouTube Data API収集,"whitefish,tofu,egg",魚介;豆腐・大豆系;卵,warm,3,2,false,true,https://i.ytimg.com/vi/7d_-4MYLTFA/maxresdefault.jpg,4.3,4.28,あっさり
【中華屋で働いる友達から教わった】【簡単きゅうり漬け】誰でも簡単に作れるのに超美味しい！#shorts #時短レシピ #料理,youtube,0g7__GEzRZc,https://www.youtube.com/watch?v=0g7__GEzRZc,0g7__GEzRZc,https://www.youtube.com/watch?v=0g7__GEzRZc,お任せCOOK,easy,白身魚、きゅうり,light,2,YouTube Data API収集,"whitefish,cucumber",魚介;葉物野菜,cold,3,2,true,true,https://i.ytimg.com/vi/0g7__GEzRZc/maxresdefault.jpg,2.95,3.47,あっさり
料理初心者でも失敗なし！簡単絶品ロコモコ丼,youtube,0PCxr-3cbY4,https://www.youtube.com/watch?v=0PCxr-3cbY4,0PCxr-3cbY4,https://www.youtube.com/watch?v=0PCxr-3cbY4,ハマごはん【お手軽レシピ】,easy,挽肉、白身魚、卵、ご飯・米、ネギ、玉ねぎ、にんにく、チーズ、マヨネーズ,rich,4,YouTube Data API収集,"minced_meat,whitefish,egg,rice,green_onion,onion,garlic,cheese,mayonnaise",肉類;魚介;卵;米;葉物野菜;根菜;チーズ・バター・マヨ系,warm,4,1,true,true,https://i.ytimg.com/vi/0PCxr-3cbY4/maxresdefault.jpg,6.7,6.92,がっつり
世界一簡単な煮干しラーメン#時短#ラーメン#簡単レシピ#時短レシピ#レシピ#時短料理,youtube,UK9uEu5Oddw,https://www.youtube.com/watch?v=UK9uEu5Oddw,UK9uEu5Oddw,https://www.youtube.com/watch?v=UK9uEu5Oddw,えびすごはん 料理研究家 えびすまさき,normal,白身魚、えび、ラーメン,light,1,YouTube Data API収集,"whitefish,shrimp,ramen",魚介;麺,warm,3,2,false,true,https://i.ytimg.com/vi/UK9uEu5Oddw/maxresdefault.jpg,5.3,4.28,あっさり
これが一番の時短‼️オーブン同時に4品知らない人は、やってみて🤗🤍✨,youtube,SIA1mbhXjoM,https://www.youtube.com/watch?v=SIA1mbhXjoM,SIA1mbhXjoM,https://www.youtube.com/watch?v=SIA1mbhXjoM,みさこママl簡単褒められ時短レシピ,normal,挽肉、白身魚、えび、厚揚げ、キャベツ、小松菜、ネギ、にんじん、レンコン、えのき茸、ショウガ、チーズ、バター、マヨネーズ,semi-rich,4,YouTube Data API収集,"minced_meat,whitefish,shrimp,atsuage,cabbage,komatsuna,green_onion,carrot,lotus_root,enoki,ginger,cheese,butter,mayonnaise",肉類;魚介;豆腐・大豆系;葉物野菜;根菜;きのこ;チーズ・バター・マヨ系,warm,4,3,true,true,https://i.ytimg.com/vi/SIA1mbhXjoM/maxresdefault.jpg,6.1,6.46,ややがっつり
揚げずに完成！本気で作った究極のチキン南蛮,youtube,YsZqyMumcY4,https://www.youtube.com/watch?v=YsZqyMumcY4,YsZqyMumcY4,https://www.youtube.com/watch?v=YsZqyMumcY4,ハマごはん【お手軽レシピ】,easy,鶏肉、白身魚、卵、ビーフン・フォー、ショウガ、マヨネーズ,rich,5,YouTube Data API収集,"chicken,whitefish,egg,rice_noodles,ginger,mayonnaise",鶏肉;魚介;卵;麺;根菜;チーズ・バター・マヨ系,warm,3,2,true,true,https://i.ytimg.com/vi/YsZqyMumcY4/maxresdefault.jpg,6.97,7.68,がっつり
280円でできる簡単節約 辛ラーメンカルボナーラ,youtube,BkH3o6tzvzI,https://www.youtube.com/watch?v=BkH3o6tzvzI,BkH3o6tzvzI,https://www.youtube.com/watch?v=BkH3o6tzvzI,なかむ 手取り18万の簡単節約レシピ,normal,ベーコン、白身魚、卵、ラーメン、パスタ、チーズ、バター、牛乳,rich,4,YouTube Data API収集,"bacon,whitefish,egg,ramen,pasta,cheese,butter,milk",肉類;魚介;卵;麺;チーズ・バター・マヨ系,warm,4,3,false,true,https://i.ytimg.com/vi/BkH3o6tzvzI/maxresdefault.jpg,7.62,7.37,がっつり
火を使わないナスの煮浸し🍆レンジ4分！時短レシピだよ〜オススメ✌️麺つゆアレンジタレで超簡単。#なす#なすレシピ#レンジ#レンジレシピ#簡単#簡単レシピ#時短レシピ#麺つゆ#ナスの煮びたし,youtube,J3U90T7UF54,https://www.youtube.com/watch?v=J3U90T7UF54,J3U90T7UF54,https://www.youtube.com/watch?v=J3U90T7UF54,まーたん,easy,なす,light,1,YouTube Data API収集,eggplant,葉物野菜,warm,3,2,true,true,https://i.ytimg.com/vi/J3U90T7UF54/maxresdefault.jpg,1.0,1.7,あっさり
やみつきダレで絶品❤️ズッキーニの重ね蒸し #料理 #レシピ #時短料理 #スッキーニ #ズッキーニレシピ #shorts,youtube,ML1CPn35o48,https://www.youtube.com/watch?v=ML1CPn35o48,ML1CPn35o48,https://www.youtube.com/watch?v=ML1CPn35o48,いとえり時短クッキング,easy,豚肉、なす,light,1,YouTube Data API収集,"pork,eggplant",肉類;葉物野菜,warm,3,2,true,true,https://i.ytimg.com/vi/ML1CPn35o48/maxresdefault.jpg,5.55,4.43,あっさり
【魚の面倒な片付けゼロ】下味冷凍して焼くだけ！絶品鮭ごまみりん焼き🍳,youtube,-PGICIBm09Q,https://www.youtube.com/watch?v=-PGICIBm09Q,-PGICIBm09Q,https://www.youtube.com/watch?v=-PGICIBm09Q,MiyabinoKurashi | みやびの暮らし,normal,サケ、白身魚,semi-light,3,YouTube Data API収集,"salmon,whitefish",魚介,cold,3,2,false,true,https://i.ytimg.com/vi/-PGICIBm09Q/maxresdefault.jpg,4.0,4.7,ややあっさり
じゅんわりジューシー🐷なすと豚肉の重ね蒸し🍆 #料理 #レシピ #時短料理 #なす #なすレシピ #shorts,youtube,GWaHcaUvulM,https://www.youtube.com/watch?v=GWaHcaUvulM,GWaHcaUvulM,https://www.youtube.com/watch?v=GWaHcaUvulM,いとえり時短クッキング,easy,豚肉、ネギ、なす,light,1,YouTube Data API収集,"pork,green_onion,eggplant",肉類;葉物野菜,warm,3,2,true,true,https://i.ytimg.com/vi/GWaHcaUvulM/maxresdefault.jpg,5.55,4.43,あっさり
鰻より美味しい？とろとろなすのかば焼き🍆 #料理 #レシピ #時短料理 #なす #なすレシピ #shorts,youtube,ztgDXS7JenI,https://www.youtube.com/watch?v=ztgDXS7JenI,ztgDXS7JenI,https://www.youtube.com/watch?v=ztgDXS7JenI,いとえり時短クッキング,easy,なす,light,3,YouTube Data API収集,eggplant,葉物野菜,warm,3,2,true,true,https://i.ytimg.com/vi/ztgDXS7JenI/maxresdefault.jpg,1.0,2.9,あっさり
これなら食べれる！【あんかけ塩雑炊】 #簡単レシピ,youtube,o7KdHTNEAa4,https://www.youtube.com/watch?v=o7KdHTNEAa4,o7KdHTNEAa4,https://www.youtube.com/watch?v=o7KdHTNEAa4,maki | 今日の時短レシピ,normal,ご飯・米,semi-rich,2,YouTube Data API収集,rice,米,warm,3,2,false,true,https://i.ytimg.com/vi/o7KdHTNEAa4/maxresdefault.jpg,6.0,5.3,ややがっつり
ズッキーニとツナサラダ #レシピ #レシピ動画 #簡単レシピ #時短レシピ #節約 #節約レシピ #料理 #初心者 #簡単 #時短 #ズッキーニ #家族 #ごはん #おつまみ 詳細は関連動画へ!,youtube,JjsqKU2eSnA,https://www.youtube.com/watch?v=JjsqKU2eSnA,JjsqKU2eSnA,https://www.youtube.com/watch?v=JjsqKU2eSnA,アラフォー看護師 たぬきの おうちごはん,easy,ツナ,light,2,YouTube Data API収集,canned_tuna,魚介,cold,1,1,false,false,https://i.ytimg.com/vi/JjsqKU2eSnA/maxresdefault.jpg,4.0,4.1,あっさり
薬味たっぷり🍆絶品なすのたたき #料理 #レシピ #時短料理 #なす #なすレシピ #shorts,youtube,Wb2Aqz2AAbg,https://www.youtube.com/watch?v=Wb2Aqz2AAbg,Wb2Aqz2AAbg,https://www.youtube.com/watch?v=Wb2Aqz2AAbg,いとえり時短クッキング,easy,ネギ、なす,light,2,YouTube Data API収集,"green_onion,eggplant",葉物野菜,warm,3,2,true,true,https://i.ytimg.com/vi/Wb2Aqz2AAbg/maxresdefault.jpg,1.0,2.3,あっさり
トマ玉カレーうどん #ズボラレシピ #炊飯器レシピ #時短レシピ #ズボラ主婦 #カレーうどん,youtube,mCe0elU3-HY,https://www.youtube.com/watch?v=mCe0elU3-HY,mCe0elU3-HY,https://www.youtube.com/watch?v=mCe0elU3-HY,しゅり,easy,豚肉、白身魚、卵、うどん、ネギ、トマト、玉ねぎ、ショウガ、にんにく、カレールゥ,semi-rich,2,YouTube Data API収集,"pork,whitefish,egg,udon,green_onion,tomato,onion,ginger,garlic,curry_roux",肉類;魚介;卵;麺;葉物野菜;根菜;チーズ・バター・マヨ系,warm,4,3,true,true,https://i.ytimg.com/vi/mCe0elU3-HY/maxresdefault.jpg,6.7,5.72,ややがっつり
【揚げないヘルシー】鶏肉なすの揚げ浸し #pr#簡単レシピ #時短 #料理 #簡単ごはん #レシピ #時短ごはん #料理動画 #時短レシピ #shorts #ヘルシー #和食 #節約レシピ #痩せる,youtube,gfjl946iKIo,https://www.youtube.com/watch?v=gfjl946iKIo,gfjl946iKIo,https://www.youtube.com/watch?v=gfjl946iKIo,あーぴん時短カンタンおうちごはん料理家,normal,鶏肉、なす,semi-rich,5,YouTube Data API収集,"chicken,eggplant",鶏肉;葉物野菜,warm,3,2,true,true,https://i.ytimg.com/vi/gfjl946iKIo/maxresdefault.jpg,4.25,6.05,ややがっつり
【レンチン✨😋】めんつゆパスタ紹介します✩.*˚ #時短レシピ#簡単レシピ#痩せメシ#時短レシピ#ダイエット#ダイエットレシピ#ダイエットメニュー#ヘルシーレシピ#レンチンレシ,youtube,OKBgAGXN7D8,https://www.youtube.com/watch?v=OKBgAGXN7D8,OKBgAGXN7D8,https://www.youtube.com/watch?v=OKBgAGXN7D8,ゆうじん | 10分で整うワンパンパスタ,normal,パスタ,semi-rich,3,YouTube Data API収集,pasta,麺,warm,3,2,false,true,https://i.ytimg.com/vi/OKBgAGXN7D8/maxresdefault.jpg,6.0,5.9,ややがっつり
レンジで6分！やみつきえのき漬け #簡単レシピ #時短レシピ #ダイエットレシピ #ヘルシーレシピ #無添加,youtube,NH_84NdsTI4,https://www.youtube.com/watch?v=NH_84NdsTI4,NH_84NdsTI4,https://www.youtube.com/watch?v=NH_84NdsTI4,むに ⌇ 共働き夫婦のゆる無添加🌿,easy,白身魚、ネギ、えのき茸、にんにく,light,2,YouTube Data API収集,"whitefish,green_onion,enoki,garlic",魚介;葉物野菜;きのこ;根菜,cold,3,2,true,true,https://i.ytimg.com/vi/NH_84NdsTI4/maxresdefault.jpg,2.95,3.47,あっさり
【レンジで簡単よだれ鶏】#おすすめ #簡単レシピ #簡単美味しい #料理 #時短 #ヘルシー #おかず #ダイエット #鶏むね肉 #よだれ鶏,youtube,DC8Uc-tT7aY,https://www.youtube.com/watch?v=DC8Uc-tT7aY,DC8Uc-tT7aY,https://www.youtube.com/watch?v=DC8Uc-tT7aY,まいのごはん。,normal,鶏肉,semi-rich,2,YouTube Data API収集,chicken,鶏肉,warm,3,2,true,true,https://i.ytimg.com/vi/DC8Uc-tT7aY/maxresdefault.jpg,6.0,5.3,ややがっつり
オムレツと言ったらコレ！『挽肉オムレツ』#15分レシピ #時短レシピ #オムレツ#ひき肉 #卵 #ガッツリ#男子飯,youtube,U2h15WnhuQo,https://www.youtube.com/watch?v=U2h15WnhuQo,U2h15WnhuQo,https://www.youtube.com/watch?v=U2h15WnhuQo,まかご飯,easy,挽肉、白身魚、卵,semi-rich,2,YouTube Data API収集,"minced_meat,whitefish,egg",肉類;魚介;卵,warm,3,2,false,true,https://i.ytimg.com/vi/U2h15WnhuQo/maxresdefault.jpg,6.37,5.52,ややがっつり
【白菜と豚しゃぶのうまだれ】 #簡単レシピ #時短節約 #おうちごはん #料理 #recipe,youtube,W-yZ_M6fkYk,https://www.youtube.com/watch?v=W-yZ_M6fkYk,W-yZ_M6fkYk,https://www.youtube.com/watch?v=W-yZ_M6fkYk,DOKIN,normal,napa_cabbage,light,2,YouTube Data API収集,napa_cabbage,葉物野菜,warm,3,2,false,true,https://i.ytimg.com/vi/W-yZ_M6fkYk/maxresdefault.jpg,1.0,2.3,あっさり
ポテトサラダまだ茹でてる🥔？#YouTubeshorts #レシピ #ポテトサラダ #時短 #時短レシピ #アイラップ,youtube,9U9CBWraNhI,https://www.youtube.com/watch?v=9U9CBWraNhI,9U9CBWraNhI,https://www.youtube.com/watch?v=9U9CBWraNhI,Akkaの時短クッキング,easy,ハム、ベーコン、白身魚、ツナ、卵、きゅうり、じゃが芋、にんじん、マヨネーズ,rich,4,YouTube Data API収集,"ham,bacon,whitefish,canned_tuna,egg,cucumber,potato,carrot,mayonnaise",肉類;魚介;卵;葉物野菜;根菜;チーズ・バター・マヨ系,cold,4,1,true,false,https://i.ytimg.com/vi/9U9CBWraNhI/maxresdefault.jpg,6.62,6.87,がっつり
【知らないと損！時短ゆで卵 裏技】 #ライフハック #暮らし #裏技 #ゆで卵,youtube,Zco1hcFW2DY,https://www.youtube.com/watch?v=Zco1hcFW2DY,Zco1hcFW2DY,https://www.youtube.com/watch?v=Zco1hcFW2DY,もな【30秒でわかるラク家事ハック】,normal,卵,semi-light,2,YouTube Data API収集,egg,卵,warm,3,2,false,true,https://i.ytimg.com/vi/Zco1hcFW2DY/maxresdefault.jpg,5.0,4.7,ややあっさり
【ごはんが進む甘辛ケチャップ味】#レシピ #簡単レシピ #簡単おかず #時短レシピ #ワーママごはん #鶏もも肉レシピ,youtube,7M95LpYo3-g,https://www.youtube.com/watch?v=7M95LpYo3-g,7M95LpYo3-g,https://www.youtube.com/watch?v=7M95LpYo3-g,かろ🍳ワーママ楽うまワンパンレシピ,normal,鶏肉,semi-rich,2,YouTube Data API収集,chicken,鶏肉,warm,3,2,true,true,https://i.ytimg.com/vi/7M95LpYo3-g/maxresdefault.jpg,6.0,5.3,ややがっつり
鮭のムニエル🐟 #二人暮らし #簡単レシピ #節約レシピ #時短節約 #料理 #暮らしチャンネル #家計管理 #自炊 #今日の晩ごはん #おうちごはん #料理動画 #cooking #鮭,youtube,oPngIkJdvG4,https://www.youtube.com/watch?v=oPngIkJdvG4,oPngIkJdvG4,https://www.youtube.com/watch?v=oPngIkJdvG4,hiyori,normal,サケ,light,2,YouTube Data API収集,salmon,魚介,warm,3,2,false,true,https://i.ytimg.com/vi/oPngIkJdvG4/maxresdefault.jpg,4.0,4.1,あっさり
丸めない！簡単スイートポテト🍠 #簡単レシピ #時短レシピ #さつまいも #ダイエットレシピ #無添加,youtube,iDJPqM0vfrk,https://www.youtube.com/watch?v=iDJPqM0vfrk,iDJPqM0vfrk,https://www.youtube.com/watch?v=iDJPqM0vfrk,むに ⌇ 共働き夫婦のゆる無添加🌿,easy,白身魚、卵、じゃが芋、バター、牛乳,rich,4,YouTube Data API収集,"whitefish,egg,potato,butter,milk",魚介;卵;根菜;チーズ・バター・マヨ系,warm,3,2,true,true,https://i.ytimg.com/vi/iDJPqM0vfrk/maxresdefault.jpg,6.85,7.01,がっつり
時短でできる春雨スープレシピを大公開！,youtube,Yjr1sXYfkSw,https://www.youtube.com/watch?v=Yjr1sXYfkSw,Yjr1sXYfkSw,https://www.youtube.com/watch?v=Yjr1sXYfkSw,あおいの給食室🔪,easy,豚肉、鶏肉、挽肉、白身魚、豆腐、春雨、キャベツ、小松菜、ネギ、もやし、玉ねぎ、にんじん、しいたけ,light,1,YouTube Data API収集,"pork,chicken,minced_meat,whitefish,tofu,harusame,cabbage,komatsuna,green_onion,bean_sprouts,onion,carrot,shiitake",肉類;鶏肉;魚介;豆腐・大豆系;麺;葉物野菜;根菜;きのこ,warm,4,3,true,true,https://i.ytimg.com/vi/Yjr1sXYfkSw/maxresdefault.jpg,5.29,4.27,あっさり
レシピはこちら🙌＼ ワンパンロコモコ丼 ／#ワンパンレシピ #ロコモコ丼 #簡単晩ごはん #時短ごはん #共働きごはん #おうちごはん #ひき肉レシピ #フライパンひとつ #おつまみ,youtube,c5MVOnYDWrA,https://www.youtube.com/watch?v=c5MVOnYDWrA,c5MVOnYDWrA,https://www.youtube.com/watch?v=c5MVOnYDWrA,さち⌇時短・簡単・夫婦ごはん,normal,挽肉、白身魚、卵、ご飯・米、ネギ、レタス、玉ねぎ、にんにく、チーズ,rich,5,YouTube Data API収集,"minced_meat,whitefish,egg,rice,green_onion,lettuce,onion,garlic,cheese",肉類;魚介;卵;米;葉物野菜;根菜;チーズ・バター・マヨ系,warm,4,1,true,true,https://i.ytimg.com/vi/c5MVOnYDWrA/maxresdefault.jpg,6.7,7.42,がっつり
【時短レシピ】豚薄切り肉でルーロー飯風の作り方 #shorts,youtube,d2Q4cw6y-Fk,https://www.youtube.com/watch?v=d2Q4cw6y-Fk,d2Q4cw6y-Fk,https://www.youtube.com/watch?v=d2Q4cw6y-Fk,デリッシュキッチン,easy,豚肉、白身魚、卵、小松菜、ショウガ,semi-light,2,YouTube Data API収集,"pork,whitefish,egg,komatsuna,ginger",肉類;魚介;卵;葉物野菜;根菜,warm,3,2,true,true,https://i.ytimg.com/vi/d2Q4cw6y-Fk/maxresdefault.jpg,5.34,4.8,ややあっさり
レシピはこちら🙌#チーズカツ #揚げないレシピ #簡単カツ #豚ロースレシピ #お弁当おかず #時短レシピ #節約ごはん #おうちごはん #作ってみたくなるレシピ #ご飯がすすむ #おつまみレシピ,youtube,esGrnYG8WCM,https://www.youtube.com/watch?v=esGrnYG8WCM,esGrnYG8WCM,https://www.youtube.com/watch?v=esGrnYG8WCM,さち⌇時短・簡単・夫婦ごはん,normal,豚肉、白身魚、チーズ、マヨネーズ,rich,5,YouTube Data API収集,"pork,whitefish,cheese,mayonnaise",肉類;魚介;チーズ・バター・マヨ系,warm,3,2,true,true,https://i.ytimg.com/vi/esGrnYG8WCM/maxresdefault.jpg,8.13,8.28,がっつり
レンジでじゅわとろ無限ナス #簡単副菜 #時短レシピ #shorts,youtube,U89fKFuw4bs,https://www.youtube.com/watch?v=U89fKFuw4bs,U89fKFuw4bs,https://www.youtube.com/watch?v=U89fKFuw4bs,りんのおうちごはん,normal,なす,light,2,YouTube Data API収集,eggplant,葉物野菜,warm,3,2,true,true,https://i.ytimg.com/vi/U89fKFuw4bs/maxresdefault.jpg,1.0,2.3,あっさり
秒うま！梅しそおにぎり #簡単レシピ #おにぎり #時短レシピ #無添加 #朝ごはん #朝食,youtube,5Hqmbr_Tyd8,https://www.youtube.com/watch?v=5Hqmbr_Tyd8,5Hqmbr_Tyd8,https://www.youtube.com/watch?v=5Hqmbr_Tyd8,むに ⌇ 共働き夫婦のゆる無添加🌿,normal,白身魚、ご飯・米、昆布,light,2,YouTube Data API収集,"whitefish,rice,kombu",魚介;米;葉物野菜,warm,3,2,false,true,https://i.ytimg.com/vi/5Hqmbr_Tyd8/maxresdefault.jpg,4.37,4.32,あっさり
材料少なめ【ツナパスタ】時短で済ませたい日におすすめ！節約レシピ,youtube,7r5mg8OIzG4,https://www.youtube.com/watch?v=7r5mg8OIzG4,7r5mg8OIzG4,https://www.youtube.com/watch?v=7r5mg8OIzG4,深夜食堂,normal,鶏肉、ツナ、パスタ、ネギ、昆布、マヨネーズ,rich,4,YouTube Data API収集,"chicken,canned_tuna,pasta,green_onion,kombu,mayonnaise",鶏肉;魚介;麺;葉物野菜;チーズ・バター・マヨ系,warm,3,2,true,true,https://i.ytimg.com/vi/7r5mg8OIzG4/maxresdefault.jpg,6.78,6.97,がっつり
【カリカリえのき】#ワーママごはん #簡単レシピ #簡単おかず #時短レシピ #えのき,youtube,MeOInYZO538,https://www.youtube.com/watch?v=MeOInYZO538,MeOInYZO538,https://www.youtube.com/watch?v=MeOInYZO538,かろ🍳ワーママ楽うまワンパンレシピ,normal,えのき茸,light,2,YouTube Data API収集,enoki,きのこ,warm,3,2,false,true,https://i.ytimg.com/vi/MeOInYZO538/maxresdefault.jpg,2.0,2.9,あっさり
4児ママ〜鶏もも簡単レシピ〜,youtube,tW_K3R-vXGQ,https://www.youtube.com/watch?v=tW_K3R-vXGQ,tW_K3R-vXGQ,https://www.youtube.com/watch?v=tW_K3R-vXGQ,マイ,normal,鶏肉,semi-rich,2,YouTube Data API収集,chicken,鶏肉,warm,3,2,true,true,https://i.ytimg.com/vi/tW_K3R-vXGQ/maxresdefault.jpg,6.0,5.3,ややがっつり
爆速ワンパン餃子 #時短レシピ#簡単レシピ #飯テロ #cooking,youtube,Cv2ov5Yz9_E,https://www.youtube.com/watch?v=Cv2ov5Yz9_E,Cv2ov5Yz9_E,https://www.youtube.com/watch?v=Cv2ov5Yz9_E,あやたい家族 〜B型6人の日常とごはん〜,normal,挽肉,semi-rich,2,YouTube Data API収集,minced_meat,肉類,warm,3,2,false,true,https://i.ytimg.com/vi/Cv2ov5Yz9_E/maxresdefault.jpg,8.0,6.5,ややがっつり
レンジで簡単！虚無塩ラーメン #時短#ラーメン#簡単レシピ#時短レシピ#レシピ#時短料理,youtube,aw8Z3a7mHCo,https://www.youtube.com/watch?v=aw8Z3a7mHCo,aw8Z3a7mHCo,https://www.youtube.com/watch?v=aw8Z3a7mHCo,えびすごはん 料理研究家 えびすまさき,normal,ラーメン,semi-rich,2,YouTube Data API収集,ramen,麺,warm,3,2,false,true,https://i.ytimg.com/vi/aw8Z3a7mHCo/maxresdefault.jpg,6.0,5.3,ややがっつり
超カンタン！激ウマ回鍋肉！#中華料理 #料理 #レシピ #ラーメン#時短 #簡単レシピ #時短レシピ,youtube,qDB2tM9rHRQ,https://www.youtube.com/watch?v=qDB2tM9rHRQ,qDB2tM9rHRQ,https://www.youtube.com/watch?v=qDB2tM9rHRQ,えびすごはん 料理研究家 えびすまさき,normal,白身魚、えび、ラーメン,semi-light,2,YouTube Data API収集,"whitefish,shrimp,ramen",魚介;麺,warm,3,2,false,true,https://i.ytimg.com/vi/qDB2tM9rHRQ/maxresdefault.jpg,5.3,4.88,ややあっさり
レンジで3分！チョコテリーヌ #簡単レシピ #時短レシピ #ダイエットレシピ #ヘルシーレシピ #無添加,youtube,DgaWBSWre3U,https://www.youtube.com/watch?v=DgaWBSWre3U,DgaWBSWre3U,https://www.youtube.com/watch?v=DgaWBSWre3U,むに ⌇ 共働き夫婦のゆる無添加🌿,easy,白身魚、豆腐、バター,rich,4,YouTube Data API収集,"whitefish,tofu,butter",魚介;豆腐・大豆系;チーズ・バター・マヨ系,warm,3,2,false,true,https://i.ytimg.com/vi/DgaWBSWre3U/maxresdefault.jpg,6.97,7.08,がっつり
『パン・オ・ショコラ』おうちで作る時短レシピ,youtube,DuAujlENoSY,https://www.youtube.com/watch?v=DuAujlENoSY,DuAujlENoSY,https://www.youtube.com/watch?v=DuAujlENoSY,ゆっこぱん,normal,バター,rich,4,YouTube Data API収集,butter,チーズ・バター・マヨ系,warm,3,2,false,true,https://i.ytimg.com/vi/DuAujlENoSY/maxresdefault.jpg,10.0,8.9,がっつり
🍙おにぎりランチケースの使い方✨＃お弁当＃おにぎり＃時短レシピ,youtube,6FvhAL3rjIo,https://www.youtube.com/watch?v=6FvhAL3rjIo,6FvhAL3rjIo,https://www.youtube.com/watch?v=6FvhAL3rjIo,【公式】オーエスケー,normal,ご飯・米,semi-rich,2,YouTube Data API収集,rice,米,warm,3,2,false,true,https://i.ytimg.com/vi/6FvhAL3rjIo/maxresdefault.jpg,6.0,5.3,ややがっつり
SNS総再生866万の油そば！#料理 #レシピ #ラーメン#時短 #簡単レシピ #時短レシピ,youtube,HDZm4ayyvRc,https://www.youtube.com/watch?v=HDZm4ayyvRc,HDZm4ayyvRc,https://www.youtube.com/watch?v=HDZm4ayyvRc,えびすごはん 料理研究家 えびすまさき,easy,白身魚、えび、そば、ラーメン,semi-light,2,YouTube Data API収集,"whitefish,shrimp,soba,ramen",魚介;麺,warm,3,2,false,true,https://i.ytimg.com/vi/HDZm4ayyvRc/maxresdefault.jpg,5.3,4.88,ややあっさり
料理人の父ちゃんが作る！簡単！チンジャオロース #時短レシピ #簡単レシピ #青椒肉絲 #中華料理,youtube,7QO6ZaN7sWo,https://www.youtube.com/watch?v=7QO6ZaN7sWo,7QO6ZaN7sWo,https://www.youtube.com/watch?v=7QO6ZaN7sWo,成田家のごきげんごはん,normal,豚肉、ピーマン、ショウガ,semi-light,2,YouTube Data API収集,"pork,bell_pepper,ginger",肉類;葉物野菜;根菜,warm,3,2,true,true,https://i.ytimg.com/vi/7QO6ZaN7sWo/maxresdefault.jpg,5.2,4.82,ややあっさり
『韓国チャプチェ』#15分レシピ #時短レシピ #韓国料理#チャプチェ #牛肉 #春雨#男子飯,youtube,LKWc4hCgUEk,https://www.youtube.com/watch?v=LKWc4hCgUEk,LKWc4hCgUEk,https://www.youtube.com/watch?v=LKWc4hCgUEk,まかご飯,easy,牛肉、春雨,semi-rich,2,YouTube Data API収集,"beef,harusame",肉類;麺,warm,3,2,true,true,https://i.ytimg.com/vi/LKWc4hCgUEk/maxresdefault.jpg,7.3,6.08,ややがっつり
和えるだけ！もずくキムチ #簡単レシピ #時短レシピ #ダイエットレシピ #ヘルシーレシピ #無添加,youtube,5pr-zPvs-qM,https://www.youtube.com/watch?v=5pr-zPvs-qM,5pr-zPvs-qM,https://www.youtube.com/watch?v=5pr-zPvs-qM,むに ⌇ 共働き夫婦のゆる無添加🌿,easy,白身魚、豆腐、そうめん、ネギ,light,1,YouTube Data API収集,"whitefish,tofu,somen,green_onion",魚介;豆腐・大豆系;麺;葉物野菜,warm,1,1,true,true,https://i.ytimg.com/vi/5pr-zPvs-qM/maxresdefault.jpg,4.25,3.65,あっさり
【ズッキーニのミートチーズ焼き】#簡単レシピ#ワンパンレシピ #時短レシピ#節約レシピ#レシピ,youtube,avVuDCgdLAg,https://www.youtube.com/watch?v=avVuDCgdLAg,avVuDCgdLAg,https://www.youtube.com/watch?v=avVuDCgdLAg,DOKIN,normal,チーズ,rich,4,YouTube Data API収集,cheese,チーズ・バター・マヨ系,warm,3,2,false,true,https://i.ytimg.com/vi/avVuDCgdLAg/maxresdefault.jpg,10.0,8.9,がっつり
きゅうりの明太子和え🥒 #料理 #レシピ #時短料理 #きゅうり #きゅうりレシピ #shorts,youtube,12KCEmH0biM,https://www.youtube.com/watch?v=12KCEmH0biM,12KCEmH0biM,https://www.youtube.com/watch?v=12KCEmH0biM,いとえり時短クッキング,easy,きゅうり,light,1,YouTube Data API収集,cucumber,葉物野菜,warm,1,1,true,true,https://i.ytimg.com/vi/12KCEmH0biM/maxresdefault.jpg,1.0,1.7,あっさり
ブロッコリー茹でちゃダメ！ #youtubeshorts #簡単レシピ #時短レシピ,youtube,H_MthNY1WTE,https://www.youtube.com/watch?v=H_MthNY1WTE,H_MthNY1WTE,https://www.youtube.com/watch?v=H_MthNY1WTE,Akkaの時短クッキング,easy,白身魚、ブロッコリー,light,1,YouTube Data API収集,"whitefish,broccoli",魚介;葉物野菜,warm,3,2,false,true,https://i.ytimg.com/vi/H_MthNY1WTE/maxresdefault.jpg,2.95,2.87,あっさり
レンジでカンタン！！絶品カルボナーラ！ #料理 #レシピ #ラーメン#時短 #簡単レシピ #時短レシピ,youtube,dGt4C8TJod8,https://www.youtube.com/watch?v=dGt4C8TJod8,dGt4C8TJod8,https://www.youtube.com/watch?v=dGt4C8TJod8,えびすごはん 料理研究家 えびすまさき,normal,白身魚、えび、ラーメン、パスタ,semi-light,2,YouTube Data API収集,"whitefish,shrimp,ramen,pasta",魚介;麺,warm,3,2,false,true,https://i.ytimg.com/vi/dGt4C8TJod8/maxresdefault.jpg,5.3,4.88,ややあっさり
ワンオペ金曜日の超時短ごはん🍝ナポリうどんありですか？#るいちゃんねる #簡単レシピ #簡単料理 #時短レシピ #時短節約 #2歳,youtube,kJF1cluEG_c,https://www.youtube.com/watch?v=kJF1cluEG_c,kJF1cluEG_c,https://www.youtube.com/watch?v=kJF1cluEG_c,るいちゃんねる🍼,easy,うどん,semi-rich,2,YouTube Data API収集,udon,麺,warm,3,2,false,true,https://i.ytimg.com/vi/kJF1cluEG_c/maxresdefault.jpg,6.0,5.3,ややがっつり
【材料ふたつで半熟たまカツ】#レシピ #簡単レシピ #簡単おかず #時短レシピ #ワーママごはん #卵レシピ,youtube,6_AbLF6bwKI,https://www.youtube.com/watch?v=6_AbLF6bwKI,6_AbLF6bwKI,https://www.youtube.com/watch?v=6_AbLF6bwKI,かろ🍳ワーママ楽うまワンパンレシピ,normal,卵,semi-rich,5,YouTube Data API収集,egg,卵,warm,3,2,false,true,https://i.ytimg.com/vi/6_AbLF6bwKI/maxresdefault.jpg,5.0,6.5,ややがっつり
簡単！節約！旨い！！豚バラのさっぱり蒸し煮✨ #簡単レシピ,youtube,2Vbe_XYqODM,https://www.youtube.com/watch?v=2Vbe_XYqODM,2Vbe_XYqODM,https://www.youtube.com/watch?v=2Vbe_XYqODM,maki | 今日の時短レシピ,normal,豚肉,semi-rich,1,YouTube Data API収集,pork,肉類,warm,3,2,true,true,https://i.ytimg.com/vi/2Vbe_XYqODM/maxresdefault.jpg,8.0,5.9,ややがっつり
10分でできるコスパ鍋🍲 #簡単レシピ #時短レシピ #節約レシピ #鍋レシピ #鍋 #小松菜レシピ #春雨レシピ #きのこレシピ,youtube,2oVD60mBpSk,https://www.youtube.com/watch?v=2oVD60mBpSk,2oVD60mBpSk,https://www.youtube.com/watch?v=2oVD60mBpSk,Yuuのラクうまクッキング,easy,春雨、小松菜,light,2,YouTube Data API収集,"harusame,komatsuna",麺;葉物野菜,warm,3,2,false,true,https://i.ytimg.com/vi/2oVD60mBpSk/maxresdefault.jpg,4.25,4.25,あっさり
もっちゅりん風🍩もちもちドーナツ #料理 #レシピ #時短料理 #もっちゅりん #ホットケーキミックス #shorts,youtube,aHulidj9AAY,https://www.youtube.com/watch?v=aHulidj9AAY,aHulidj9AAY,https://www.youtube.com/watch?v=aHulidj9AAY,いとえり時短クッキング,normal,卵、牛乳,semi-rich,2,YouTube Data API収集,"egg,milk",卵;チーズ・バター・マヨ系,warm,3,2,false,true,https://i.ytimg.com/vi/aHulidj9AAY/maxresdefault.jpg,8.25,6.65,ややがっつり
レッドホット風チキン #ズボラレシピ #時短レシピ #炊飯器レシピ #ズボラ主婦 #ケンタッキー,youtube,wF8CXUJw5ko,https://www.youtube.com/watch?v=wF8CXUJw5ko,wF8CXUJw5ko,https://www.youtube.com/watch?v=wF8CXUJw5ko,しゅり,normal,鶏肉、白身魚、にんにく、マヨネーズ,rich,4,YouTube Data API収集,"chicken,whitefish,garlic,mayonnaise",鶏肉;魚介;根菜;チーズ・バター・マヨ系,warm,3,2,true,true,https://i.ytimg.com/vi/wF8CXUJw5ko/maxresdefault.jpg,7.02,7.11,がっつり
大根おろしの豚しゃぶサラダ #レシピ#簡単レシピ#時短レシピ #同棲ご飯#お昼ご飯#夜ごはん#豚しゃぶ#サラダ#大根おろし#トマト,youtube,NSN8wlZqv34,https://www.youtube.com/watch?v=NSN8wlZqv34,NSN8wlZqv34,https://www.youtube.com/watch?v=NSN8wlZqv34,まるさん【22時帰宅の放置ごはん】,easy,豚肉、きゅうり、トマト、大根、にんにく,semi-light,2,YouTube Data API収集,"pork,cucumber,tomato,daikon,garlic",肉類;葉物野菜;根菜,cold,1,1,true,false,https://i.ytimg.com/vi/NSN8wlZqv34/maxresdefault.jpg,5.2,4.82,ややあっさり
レシピはこちら🙌#肉じゃがリメイク #スコップコロッケ #簡単レシピ #時短レシピ #リメイクレシピ #家庭料理 #ズボラ飯 #夜ご飯#余りもの活用 #美味しい #コロッケアレンジ #おつまみレシピ,youtube,1oeik1yaIIk,https://www.youtube.com/watch?v=1oeik1yaIIk,1oeik1yaIIk,https://www.youtube.com/watch?v=1oeik1yaIIk,さち⌇時短・簡単・夫婦ごはん,easy,挽肉、白身魚、じゃが芋,semi-light,2,YouTube Data API収集,"minced_meat,whitefish,potato",肉類;魚介;根菜,warm,3,2,true,true,https://i.ytimg.com/vi/1oeik1yaIIk/maxresdefault.jpg,5.9,5.14,ややあっさり
【カレー余り】 とろ〜り絶品カレーパン #残り #時短レシピ #幼児食 #カレー #カレーパン #朝ごはん #食パン #おやつ #トモニテ #shorts,youtube,JRuHDeKRk44,https://www.youtube.com/watch?v=JRuHDeKRk44,JRuHDeKRk44,https://www.youtube.com/watch?v=JRuHDeKRk44,トモニテ,easy,白身魚、卵、ビーフン・フォー、チーズ、パン,rich,4,YouTube Data API収集,"whitefish,egg,rice_noodles,cheese,bread",魚介;卵;麺;チーズ・バター・マヨ系;米,warm,3,2,false,true,https://i.ytimg.com/vi/JRuHDeKRk44/maxresdefault.jpg,7.34,7.3,がっつり
地味ご飯の時に助かるラディッシュ菜飯 #時短レシピ #夏レシピ #主婦 #簡単料理 #ライフハック #料理 #知ってて得する #豆知識 #shorts #ラディッシュ #菜飯 #混ぜご飯,youtube,TqlBj2j-jSc,https://www.youtube.com/watch?v=TqlBj2j-jSc,TqlBj2j-jSc,https://www.youtube.com/watch?v=TqlBj2j-jSc,冷凍子ママ,easy,白身魚、たこ,light,2,YouTube Data API収集,"whitefish,octopus",魚介,warm,3,2,false,true,https://i.ytimg.com/vi/TqlBj2j-jSc/maxresdefault.jpg,4.0,4.1,あっさり
ブリトー #簡単レシピ #冷凍ストック #時短レシピ #冷凍ストック #cooking,youtube,P5PSaam7He4,https://www.youtube.com/watch?v=P5PSaam7He4,P5PSaam7He4,https://www.youtube.com/watch?v=P5PSaam7He4,りこ,easy,ハム、ブリ、チーズ,rich,4,YouTube Data API収集,"ham,yellowtail,cheese",肉類;魚介;チーズ・バター・マヨ系,cold,3,2,false,true,https://i.ytimg.com/vi/P5PSaam7He4/sddefault.jpg,8.13,7.78,がっつり
レンジで簡単！味の素だしの醤油ラーメン#時短#ラーメン#簡単レシピ#時短レシピ#レシピ#時短料理,youtube,u5kuoCI0qk4,https://www.youtube.com/watch?v=u5kuoCI0qk4,u5kuoCI0qk4,https://www.youtube.com/watch?v=u5kuoCI0qk4,えびすごはん 料理研究家 えびすまさき,normal,ラーメン,semi-rich,2,YouTube Data API収集,ramen,麺,warm,3,2,false,true,https://i.ytimg.com/vi/u5kuoCI0qk4/maxresdefault.jpg,6.0,5.3,ややがっつり
溶かすだけで食べられる絶品冷凍パスタ弁当 #パスタ #暮らしチャンネル #冷凍ストック #cooking #料理 #時短レシピ #簡単レシピ #pasta #food #自炊 #おうちごはん #時短,youtube,ByAhnn2gPA4,https://www.youtube.com/watch?v=ByAhnn2gPA4,ByAhnn2gPA4,https://www.youtube.com/watch?v=ByAhnn2gPA4,nico_pastablock,easy,白身魚、パスタ,semi-rich,3,YouTube Data API収集,"whitefish,pasta",魚介;麺,cold,3,2,false,true,https://i.ytimg.com/vi/ByAhnn2gPA4/maxresdefault.jpg,5.3,5.48,ややがっつり
【簡単レシピ】納豆パリパリ焼き #おつまみ #簡単レシピ #簡単 #簡単料理 #時短 #時短レシピ #時短料理 #節約 #節約レシピ #自炊 #料理 #料理動画 #チーズ #一人暮らし #ズボラ飯,youtube,9ioFNszKXGc,https://www.youtube.com/watch?v=9ioFNszKXGc,9ioFNszKXGc,https://www.youtube.com/watch?v=9ioFNszKXGc,チキチキチャンネル,normal,チーズ,rich,4,YouTube Data API収集,cheese,チーズ・バター・マヨ系,warm,3,2,false,true,https://i.ytimg.com/vi/9ioFNszKXGc/maxresdefault.jpg,10.0,8.9,がっつり
【時短料理】焼き鳥缶で作れる激うま『親子丼』 #料理 #時短レシピ #親子丼 #せりちゃん食堂,youtube,O5Aat4KoQy4,https://www.youtube.com/watch?v=O5Aat4KoQy4,O5Aat4KoQy4,https://www.youtube.com/watch?v=O5Aat4KoQy4,芹沢尚哉のせりちゃん食堂,easy,鶏肉、白身魚、卵、ご飯・米、ネギ、玉ねぎ,semi-light,3,YouTube Data API収集,"chicken,whitefish,egg,rice,green_onion,onion",鶏肉;魚介;卵;米;葉物野菜;根菜,warm,1,1,true,true,https://i.ytimg.com/vi/O5Aat4KoQy4/maxresdefault.jpg,4.72,5.13,ややあっさり
絶品！塩ラーメン #時短#ラーメン#簡単レシピ#時短レシピ#レシピ#時短料理,youtube,7Nuv6esgxSM,https://www.youtube.com/watch?v=7Nuv6esgxSM,7Nuv6esgxSM,https://www.youtube.com/watch?v=7Nuv6esgxSM,えびすごはん 料理研究家 えびすまさき,normal,ラーメン,semi-rich,2,YouTube Data API収集,ramen,麺,warm,3,2,false,true,https://i.ytimg.com/vi/7Nuv6esgxSM/maxresdefault.jpg,6.0,5.3,ややがっつり
絶品！90秒で作れる油そば #ラーメン,youtube,LjZRVYmB5Gc,https://www.youtube.com/watch?v=LjZRVYmB5Gc,LjZRVYmB5Gc,https://www.youtube.com/watch?v=LjZRVYmB5Gc,えびすごはん 料理研究家 えびすまさき,easy,白身魚、えび、そば、ラーメン,semi-light,2,YouTube Data API収集,"whitefish,shrimp,soba,ramen",魚介;麺,warm,3,2,false,true,https://i.ytimg.com/vi/LjZRVYmB5Gc/maxresdefault.jpg,5.3,4.88,ややあっさり
【誰でも簡単】ドケチ主婦が月４万円で暮らすために実践する「食費節約術７選」｜節約レシピ紹介/節約生活/５人家族,youtube,_1ZkqakvXeA,https://www.youtube.com/watch?v=_1ZkqakvXeA,_1ZkqakvXeA,https://www.youtube.com/watch?v=_1ZkqakvXeA,リッチじゃない暮らし,easy,鶏肉、白身魚、豆腐、ビーフン・フォー、パスタ、ネギ、もやし、トマト、玉ねぎ、大根、にんにく、チーズ,semi-rich,4,YouTube Data API収集,"chicken,whitefish,tofu,rice_noodles,pasta,green_onion,bean_sprouts,tomato,onion,daikon,garlic,cheese",鶏肉;魚介;豆腐・大豆系;麺;葉物野菜;根菜;チーズ・バター・マヨ系,warm,4,3,true,true,https://i.ytimg.com/vi/_1ZkqakvXeA/maxresdefault.jpg,6.3,6.68,ややがっつり
お酢でさっぱり【夏野菜の焼き浸し】めんつゆで簡単絶品！生姜の風味に夏野菜の甘みが病みつき！節約おかず,youtube,gvjG8zhhgrQ,https://www.youtube.com/watch?v=gvjG8zhhgrQ,gvjG8zhhgrQ,https://www.youtube.com/watch?v=gvjG8zhhgrQ,夫手取り17万円の節約ごはん,normal,鶏肉、トマト、なす、ピーマン、かぼちゃ、ショウガ,semi-light,3,YouTube Data API収集,"chicken,tomato,eggplant,bell_pepper,pumpkin,ginger",鶏肉;葉物野菜;根菜,warm,3,2,true,true,https://i.ytimg.com/vi/gvjG8zhhgrQ/maxresdefault.jpg,4.13,4.78,ややあっさり
100万回再生人気レシピ【卵・油・パン粉不使用】家族に大人気！混ぜて焼くだけの節約もやしバーグ【節約レシピ】【もやしレシピ】【肉もやし】,youtube,cTzJsrPknog,https://www.youtube.com/watch?v=cTzJsrPknog,cTzJsrPknog,https://www.youtube.com/watch?v=cTzJsrPknog,調理師ゆめ子のこだわりレシピ,normal,挽肉、卵、もやし、パン,semi-light,2,YouTube Data API収集,"minced_meat,egg,bean_sprouts,bread",肉類;卵;葉物野菜;米,warm,3,2,false,true,https://i.ytimg.com/vi/cTzJsrPknog/maxresdefault.jpg,5.9,5.24,ややあっさり
【節約レシピ】豆腐の照り焼き,youtube,pp_5OLQKsD8,https://www.youtube.com/watch?v=pp_5OLQKsD8,pp_5OLQKsD8,https://www.youtube.com/watch?v=pp_5OLQKsD8,節約レシピ,normal,豆腐、厚揚げ、ネギ,light,3,YouTube Data API収集,"tofu,atsuage,green_onion",豆腐・大豆系;葉物野菜,warm,3,2,true,true,https://i.ytimg.com/vi/pp_5OLQKsD8/maxresdefault.jpg,2.3,3.68,あっさり
【80円で完成‼️もやし焼き】 #ダイエットレシピ #簡単レシピ #節約レシピ,youtube,ONyMYOSRysA,https://www.youtube.com/watch?v=ONyMYOSRysA,ONyMYOSRysA,https://www.youtube.com/watch?v=ONyMYOSRysA,ほのか🍽ラク痩せ飯,normal,もやし,light,3,YouTube Data API収集,bean_sprouts,葉物野菜,warm,3,2,false,true,https://i.ytimg.com/vi/ONyMYOSRysA/maxresdefault.jpg,1.0,2.9,あっさり
「玉ねぎ豆腐焼き」とろ～と甘い玉ねぎとフワフワ豆腐！節約レシピ・ダイエットレシピ,youtube,SujJWiXsm0Y,https://www.youtube.com/watch?v=SujJWiXsm0Y,SujJWiXsm0Y,https://www.youtube.com/watch?v=SujJWiXsm0Y,DAIFUKU KITCHEN,normal,豆腐、ネギ、玉ねぎ,light,3,YouTube Data API収集,"tofu,green_onion,onion",豆腐・大豆系;葉物野菜;根菜,warm,3,2,true,true,https://i.ytimg.com/vi/SujJWiXsm0Y/maxresdefault.jpg,2.53,3.82,あっさり
1000万再生超えたの。もやし史上1番バズったといっても過言ではないレシピです。#簡単レシピ #節約レシピ #shorts,youtube,6-WItDF2giI,https://www.youtube.com/watch?v=6-WItDF2giI,6-WItDF2giI,https://www.youtube.com/watch?v=6-WItDF2giI,経塚翼 - Tsubasa Kyoduka -,normal,もやし,light,2,YouTube Data API収集,bean_sprouts,葉物野菜,warm,3,2,false,true,https://i.ytimg.com/vi/6-WItDF2giI/maxresdefault.jpg,1.0,2.3,あっさり
100円節約ズボラ飯ライフハック！ #ライフハック #暮らし #料理 #レシピ #shorts,youtube,ZWmUo8ggZG0,https://www.youtube.com/watch?v=ZWmUo8ggZG0,ZWmUo8ggZG0,https://www.youtube.com/watch?v=ZWmUo8ggZG0,よう│明日から使えるライフハック術,normal,白身魚,light,2,YouTube Data API収集,whitefish,魚介,warm,3,2,false,true,https://i.ytimg.com/vi/ZWmUo8ggZG0/maxresdefault.jpg,4.0,4.1,あっさり
食べだしたらとまらない『カリッカリえのき』 #簡単レシピ #節約レシピ #おつまみレシピ,youtube,SeYu_w3cb9A,https://www.youtube.com/watch?v=SeYu_w3cb9A,SeYu_w3cb9A,https://www.youtube.com/watch?v=SeYu_w3cb9A,まさまさ・楽うまレシピ,normal,白身魚、えのき茸、ショウガ、にんにく,light,2,YouTube Data API収集,"whitefish,enoki,ginger,garlic",魚介;きのこ;根菜,warm,3,2,false,true,https://i.ytimg.com/vi/SeYu_w3cb9A/maxresdefault.jpg,3.3,3.68,あっさり
【簡単節約レシピ👛✨】1個132円ビッグマック風タコス,youtube,-H2pj4oLBlg,https://www.youtube.com/watch?v=-H2pj4oLBlg,-H2pj4oLBlg,https://www.youtube.com/watch?v=-H2pj4oLBlg,なの⌇週2500円でやりくりする社会人,normal,たこ,light,2,YouTube Data API収集,octopus,魚介,warm,3,2,false,true,https://i.ytimg.com/vi/-H2pj4oLBlg/maxresdefault.jpg,4.0,4.1,あっさり
たった125円！たった7分！究極の節約飯の『すき焼き丼』が悶絶級に旨いっ！,youtube,hkpA_NetwFo,https://www.youtube.com/watch?v=hkpA_NetwFo,hkpA_NetwFo,https://www.youtube.com/watch?v=hkpA_NetwFo,だれウマ【料理研究家】,easy,豚肉、卵、ご飯・米、ネギ,semi-rich,3,YouTube Data API収集,"pork,egg,rice,green_onion",肉類;卵;米;葉物野菜,warm,1,1,true,true,https://i.ytimg.com/vi/hkpA_NetwFo/maxresdefault.jpg,5.9,6.14,ややがっつり
【10分で完成‼️ささみシソチーズ🧀】 #ダイエットレシピ #簡単レシピ #節約レシピ # #ダイエット,youtube,I_M0VPcDINE,https://www.youtube.com/watch?v=I_M0VPcDINE,I_M0VPcDINE,https://www.youtube.com/watch?v=I_M0VPcDINE,ほのか🍽ラク痩せ飯,easy,鶏肉、チーズ,rich,4,YouTube Data API収集,"chicken,cheese",鶏肉;チーズ・バター・マヨ系,warm,3,2,true,true,https://i.ytimg.com/vi/I_M0VPcDINE/maxresdefault.jpg,8.6,8.06,がっつり
25歳会社員が204円で作る簡単節約チキンラーメンカルボナーラ,youtube,c8O87RIVWuA,https://www.youtube.com/watch?v=c8O87RIVWuA,c8O87RIVWuA,https://www.youtube.com/watch?v=c8O87RIVWuA,こまつl会社員の簡単節約レシピ,easy,鶏肉、白身魚、ラーメン、パスタ、ネギ、チーズ、牛乳,rich,4,YouTube Data API収集,"chicken,whitefish,ramen,pasta,green_onion,cheese,milk",鶏肉;魚介;麺;葉物野菜;チーズ・バター・マヨ系,warm,4,3,true,true,https://i.ytimg.com/vi/c8O87RIVWuA/maxresdefault.jpg,6.78,6.87,がっつり
ねぎ豚あんかけ塩うどん🔥 #簡単レシピ #節約レシピ,youtube,LnSEHnOUDQo,https://www.youtube.com/watch?v=LnSEHnOUDQo,LnSEHnOUDQo,https://www.youtube.com/watch?v=LnSEHnOUDQo,maki | 今日の時短レシピ,easy,うどん、ネギ,light,2,YouTube Data API収集,"udon,green_onion",麺;葉物野菜,warm,3,2,true,true,https://i.ytimg.com/vi/LnSEHnOUDQo/maxresdefault.jpg,4.25,4.25,あっさり
【エビを超えた！天才的に旨い鶏マヨ】#料理 #料理動画 #food #おすすめ,youtube,LmVxlUnBYZM,https://www.youtube.com/watch?v=LmVxlUnBYZM,LmVxlUnBYZM,https://www.youtube.com/watch?v=LmVxlUnBYZM,まいのごはん。,normal,えび、マヨネーズ,rich,4,YouTube Data API収集,"shrimp,mayonnaise",魚介;チーズ・バター・マヨ系,warm,3,2,false,true,https://i.ytimg.com/vi/LmVxlUnBYZM/maxresdefault.jpg,7.9,7.64,がっつり
【ダイエット×節約レシピ】ピリ辛×まろやかの最強タッグ！『濃厚キムチ春雨スープ』,youtube,0Y6NnBHcc9w,https://www.youtube.com/watch?v=0Y6NnBHcc9w,0Y6NnBHcc9w,https://www.youtube.com/watch?v=0Y6NnBHcc9w,簡単うまレシピ,easy,挽肉、白身魚、春雨、ネギ,light,1,YouTube Data API収集,"minced_meat,whitefish,harusame,green_onion",肉類;魚介;麺;葉物野菜,warm,1,2,true,true,https://i.ytimg.com/vi/0Y6NnBHcc9w/maxresdefault.jpg,5.72,4.43,あっさり
【150万回再生人気レシピ】簡単！節約おかずレシピ10選,youtube,zrLoT5kmtGk,https://www.youtube.com/watch?v=zrLoT5kmtGk,zrLoT5kmtGk,https://www.youtube.com/watch?v=zrLoT5kmtGk,macaroni | マカロニ,normal,豚肉、鶏肉、えび、厚揚げ、ネギ、もやし、ショウガ、バター、マヨネーズ,semi-rich,4,YouTube Data API収集,"pork,chicken,shrimp,atsuage,green_onion,bean_sprouts,ginger,butter,mayonnaise",肉類;鶏肉;魚介;豆腐・大豆系;葉物野菜;根菜;チーズ・バター・マヨ系,warm,4,3,true,true,https://i.ytimg.com/vi/zrLoT5kmtGk/maxresdefault.jpg,6.5,6.7,ややがっつり
【生活費公開】５人家族・節約一家が「１週間１万円生活」に挑戦した結果（食費・日用品・レジャー費）｜節約生活/食費見直し/貯金/節約レシピ,youtube,ynuohKvikZk,https://www.youtube.com/watch?v=ynuohKvikZk,ynuohKvikZk,https://www.youtube.com/watch?v=ynuohKvikZk,リッチじゃない暮らし,easy,豚肉、鶏肉、ハム、白身魚、豆腐、卵、中華麺、きゅうり、ほうれん草、にら、ネギ、もやし、トマト、玉ねぎ、にんじん、しめじ、ショウガ、にんにく、バター、マヨネーズ、牛乳、小麦粉,rich,4,YouTube Data API収集,"pork,chicken,ham,whitefish,tofu,egg,noodles,cucumber,spinach,nira,green_onion,bean_sprouts,tomato,onion,carrot,shimeji,ginger,garlic,butter,mayonnaise,milk,flour",肉類;鶏肉;魚介;豆腐・大豆系;卵;麺;葉物野菜;根菜;きのこ;チーズ・バター・マヨ系;米,warm,4,3,true,true,https://i.ytimg.com/vi/ynuohKvikZk/maxresdefault.jpg,6.44,6.76,がっつり
お金も洗い物も節約レシピ！えのき歯ごたえあってお腹いっぱいなる😉#料理 #cooking #vlog #ol日常 #自炊 #ブラック企業,youtube,VXDj5x_j7VI,https://www.youtube.com/watch?v=VXDj5x_j7VI,VXDj5x_j7VI,https://www.youtube.com/watch?v=VXDj5x_j7VI,ななOL簡単ご飯,normal,えのき茸,light,2,YouTube Data API収集,enoki,きのこ,warm,3,2,false,true,https://i.ytimg.com/vi/VXDj5x_j7VI/maxresdefault.jpg,2.0,2.8,あっさり
【ほうれん草と半熟卵のおかかマヨサラダ】#簡単レシピ #おうちごはん #時短節約 #節約レシピ,youtube,dfS9HXWwcXM,https://www.youtube.com/watch?v=dfS9HXWwcXM,dfS9HXWwcXM,https://www.youtube.com/watch?v=dfS9HXWwcXM,DOKIN,easy,卵、ほうれん草、マヨネーズ,rich,4,YouTube Data API収集,"egg,spinach,mayonnaise",卵;葉物野菜;チーズ・バター・マヨ系,cold,1,1,false,false,https://i.ytimg.com/vi/dfS9HXWwcXM/maxresdefault.jpg,6.73,6.94,がっつり
【節約レシピ】厚揚げ大葉チーズ,youtube,N8pYxmyx4cE,https://www.youtube.com/watch?v=N8pYxmyx4cE,N8pYxmyx4cE,https://www.youtube.com/watch?v=N8pYxmyx4cE,節約レシピ,normal,厚揚げ、チーズ,rich,5,YouTube Data API収集,"atsuage,cheese",豆腐・大豆系;チーズ・バター・マヨ系,warm,3,2,false,true,https://i.ytimg.com/vi/N8pYxmyx4cE/maxresdefault.jpg,7.55,8.03,がっつり
なんじゃこりゃ。美味すぎやねん。 #パスタレシピ #節約レシピ,youtube,VZ2K7_d2Jq8,https://www.youtube.com/watch?v=VZ2K7_d2Jq8,VZ2K7_d2Jq8,https://www.youtube.com/watch?v=VZ2K7_d2Jq8,経塚翼 - Tsubasa Kyoduka -,normal,パスタ,semi-rich,3,YouTube Data API収集,pasta,麺,warm,3,2,false,true,https://i.ytimg.com/vi/VZ2K7_d2Jq8/maxresdefault.jpg,6.0,5.9,ややがっつり
【DAY85】究極の節約丼🍚 #shorts #節約 #節約レシピ,youtube,5w2EJNu_7Pw,https://www.youtube.com/watch?v=5w2EJNu_7Pw,5w2EJNu_7Pw,https://www.youtube.com/watch?v=5w2EJNu_7Pw,いずみ⌇3年で1000万円貯める節約家夫婦,easy,ご飯・米,semi-rich,2,YouTube Data API収集,rice,米,warm,1,1,false,true,https://i.ytimg.com/vi/5w2EJNu_7Pw/maxresdefault.jpg,6.0,5.3,ややがっつり
【節約レシピ】50円でパスタランチ🍝💕 #節約 #節約レシピ #パスタ,youtube,7Zm7CCKEPQ8,https://www.youtube.com/watch?v=7Zm7CCKEPQ8,7Zm7CCKEPQ8,https://www.youtube.com/watch?v=7Zm7CCKEPQ8,いずみ⌇3年で1000万円貯める節約家夫婦,normal,パスタ,semi-rich,3,YouTube Data API収集,pasta,麺,warm,3,2,false,true,https://i.ytimg.com/vi/7Zm7CCKEPQ8/maxresdefault.jpg,6.0,5.9,ややがっつり
【節約ごはん】年明け…食費を抑える！ 街で聞いたらレシピ続々…『気になる！』,youtube,zMTkRGQbp_s,https://www.youtube.com/watch?v=zMTkRGQbp_s,zMTkRGQbp_s,https://www.youtube.com/watch?v=zMTkRGQbp_s,日テレNEWS,normal,白身魚、うどん,semi-light,2,YouTube Data API収集,"whitefish,udon",魚介;麺,warm,3,2,false,true,https://i.ytimg.com/vi/zMTkRGQbp_s/maxresdefault.jpg,5.3,4.88,ややあっさり
【たっぷりキャベツで節約・簡単！】１個１８円で驚くほど旨い／豚キャベツつくねの作り方 #recipe #cooking #料理,youtube,-dVay8yTtbU,https://www.youtube.com/watch?v=-dVay8yTtbU,-dVay8yTtbU,https://www.youtube.com/watch?v=-dVay8yTtbU,kattyanneru/かっちゃんねる,normal,挽肉、白身魚、卵、キャベツ,semi-light,2,YouTube Data API収集,"minced_meat,whitefish,egg,cabbage",肉類;魚介;卵;葉物野菜,warm,3,2,true,true,https://i.ytimg.com/vi/-dVay8yTtbU/maxresdefault.jpg,5.55,5.03,ややあっさり
マジでこの一皿だけで夕飯が成立してしまう節約飯【もやしと春雨のバカウマ】 #リュウジ #バズレシピ #料理 #料理動画 #レシピ #レシピ動画 #節約レシピ,youtube,ehLlg104KJE,https://www.youtube.com/watch?v=ehLlg104KJE,ehLlg104KJE,https://www.youtube.com/watch?v=ehLlg104KJE,料理研究家リュウジのバズレシピ,normal,白身魚、春雨、もやし,light,2,YouTube Data API収集,"whitefish,harusame,bean_sprouts",魚介;麺;葉物野菜,warm,3,2,false,true,https://i.ytimg.com/vi/ehLlg104KJE/maxresdefault.jpg,4.37,4.62,あっさり
【ヘルシー朝ごはんはこう作る！】#節約レシピ #節約 #料理 #簡単レシピ #自炊 #朝ごはん,youtube,tzYetAj2e3U,https://www.youtube.com/watch?v=tzYetAj2e3U,tzYetAj2e3U,https://www.youtube.com/watch?v=tzYetAj2e3U,あおにーな作りおきキッチン,normal,白身魚、豆腐、ほうれん草、ネギ、なす、大根、わかめ、にんにく,light,2,YouTube Data API収集,"whitefish,tofu,spinach,green_onion,eggplant,daikon,wakame,garlic",魚介;豆腐・大豆系;葉物野菜;根菜,warm,4,3,true,true,https://i.ytimg.com/vi/tzYetAj2e3U/maxresdefault.jpg,3.12,3.57,あっさり
洗い物少ない！【甘辛だれの油いらず唐揚げ】詳しいレシピは概要欄を見てね♪ #晩ごはん #おかず #鶏もも肉 #鶏肉 #鶏肉レシピ #簡単レシピ #レシピ動画 #からあげ #唐揚げ,youtube,7UnbT5Vf98M,https://www.youtube.com/watch?v=7UnbT5Vf98M,7UnbT5Vf98M,https://www.youtube.com/watch?v=7UnbT5Vf98M,デリッシュキッチン,easy,鶏肉、ショウガ,semi-rich,5,YouTube Data API収集,"chicken,ginger",鶏肉;根菜,warm,3,2,true,true,https://i.ytimg.com/vi/7UnbT5Vf98M/maxresdefault.jpg,4.95,6.37,ややがっつり
280円で作るパックご飯オムライスが美味すぎた🎠#節約レシピ#料理#オムライス,youtube,CB7n9LcsgS4,https://www.youtube.com/watch?v=CB7n9LcsgS4,CB7n9LcsgS4,https://www.youtube.com/watch?v=CB7n9LcsgS4,300円先生【300円以下で料理したい】,normal,ご飯・米,semi-rich,2,YouTube Data API収集,rice,米,warm,3,2,false,true,https://i.ytimg.com/vi/CB7n9LcsgS4/maxresdefault.jpg,6.0,5.3,ややがっつり
【節約レシピ】夫大絶賛の簡単節約丼🍚🍳 #shorts #節約 #節約レシピ,youtube,sT2jr0x5Gyo,https://www.youtube.com/watch?v=sT2jr0x5Gyo,sT2jr0x5Gyo,https://www.youtube.com/watch?v=sT2jr0x5Gyo,いずみ⌇3年で1000万円貯める節約家夫婦,easy,ご飯・米,semi-rich,2,YouTube Data API収集,rice,米,warm,1,1,false,true,https://i.ytimg.com/vi/sT2jr0x5Gyo/maxresdefault.jpg,6.0,5.3,ややがっつり
【1食194円】てりたまチキン弁当,youtube,i9lfuADT1mA,https://www.youtube.com/watch?v=i9lfuADT1mA,i9lfuADT1mA,https://www.youtube.com/watch?v=i9lfuADT1mA,えい | 1食200円以下の冷凍弁当ストック,normal,鶏肉,semi-rich,2,YouTube Data API収集,chicken,鶏肉,warm,3,2,true,true,https://i.ytimg.com/vi/i9lfuADT1mA/maxresdefault.jpg,6.0,5.3,ややがっつり
25歳会社員が150円で作る簡単節約ワンパン辛ラーメンカルボナーラ,youtube,OBAwlXMYiJc,https://www.youtube.com/watch?v=OBAwlXMYiJc,OBAwlXMYiJc,https://www.youtube.com/watch?v=OBAwlXMYiJc,こまつl会社員の簡単節約レシピ,normal,ベーコン、白身魚、ラーメン、パスタ、ネギ、チーズ、牛乳,rich,4,YouTube Data API収集,"bacon,whitefish,ramen,pasta,green_onion,cheese,milk",肉類;魚介;麺;葉物野菜;チーズ・バター・マヨ系,warm,4,3,true,true,https://i.ytimg.com/vi/OBAwlXMYiJc/maxresdefault.jpg,7.06,7.04,がっつり
なんかこれめっちゃバズったんだけど、、、そう言う時に限って玉ねぎの皮ちゃんと剥けてなくて叩かれまくったレシピ😱 #簡単レシピ #節約レシピ #ダイエット #shorts,youtube,-FGctGMR3so,https://www.youtube.com/watch?v=-FGctGMR3so,-FGctGMR3so,https://www.youtube.com/watch?v=-FGctGMR3so,経塚翼 - Tsubasa Kyoduka -,normal,ネギ、玉ねぎ,light,2,YouTube Data API収集,"green_onion,onion",葉物野菜;根菜,warm,3,2,true,true,https://i.ytimg.com/vi/-FGctGMR3so/maxresdefault.jpg,2.3,3.08,あっさり
おうちでおっとっと作ってみない？#簡単レシピ #時短節約 #節約レシピ #料理 #餃子の皮 #youtubeshorts #shorts,youtube,gFc2n14t5sw,https://www.youtube.com/watch?v=gFc2n14t5sw,gFc2n14t5sw,https://www.youtube.com/watch?v=gFc2n14t5sw,yuchi,normal,挽肉,semi-rich,2,YouTube Data API収集,minced_meat,肉類,warm,3,2,false,true,https://i.ytimg.com/vi/gFc2n14t5sw/maxresdefault.jpg,8.0,6.5,ややがっつり
トマトにんにく辛パスタ🌶️ #節約レシピ #cooking #時短節約 #一人暮らしごはん #japanesefood #暮らしチャンネル #パスタ #今日の晩ごはん #簡単レシピ #トマトパスタ,youtube,xudQBJVt45k,https://www.youtube.com/watch?v=xudQBJVt45k,xudQBJVt45k,https://www.youtube.com/watch?v=xudQBJVt45k,しゅう | 22時からつくる節約レシピ,normal,パスタ、トマト、にんにく,semi-light,3,YouTube Data API収集,"pasta,tomato,garlic",麺;葉物野菜;根菜,warm,3,2,true,true,https://i.ytimg.com/vi/xudQBJVt45k/maxresdefault.jpg,4.13,4.78,ややあっさり
\むくみ解消!!パクパクちくきゅうサラダ/#shorts#料理#cooking#節約レシピ#ズボラ,youtube,nzOFj2-kH68,https://www.youtube.com/watch?v=nzOFj2-kH68,nzOFj2-kH68,https://www.youtube.com/watch?v=nzOFj2-kH68,ワタシの料理,easy,白身魚、きゅうり,light,2,YouTube Data API収集,"whitefish,cucumber",魚介;葉物野菜,cold,1,1,true,false,https://i.ytimg.com/vi/nzOFj2-kH68/maxresdefault.jpg,2.95,3.47,あっさり
1食190円チキンマカロニグラタン弁当#shorts#簡単レシピ#節約レシピ,youtube,PWhyYoay-L8,https://www.youtube.com/watch?v=PWhyYoay-L8,PWhyYoay-L8,https://www.youtube.com/watch?v=PWhyYoay-L8,ゆみ⌇年150万貯める独身女の冷凍ｽﾄｯｸ,easy,鶏肉、ネギ、玉ねぎ、しめじ、チーズ、バター、牛乳、小麦粉,semi-rich,4,YouTube Data API収集,"chicken,green_onion,onion,shimeji,cheese,butter,milk,flour",鶏肉;葉物野菜;根菜;きのこ;チーズ・バター・マヨ系;米,warm,4,3,true,true,https://i.ytimg.com/vi/PWhyYoay-L8/maxresdefault.jpg,6.27,6.66,ややがっつり
究極のやみつき無限きゅうり,youtube,o-txnOqg9OI,https://www.youtube.com/watch?v=o-txnOqg9OI,o-txnOqg9OI,https://www.youtube.com/watch?v=o-txnOqg9OI,まるみキッチン【簡単レシピ】,normal,白身魚、ツナ、きゅうり,light,2,YouTube Data API収集,"whitefish,canned_tuna,cucumber",魚介;葉物野菜,warm,3,2,true,true,https://i.ytimg.com/vi/o-txnOqg9OI/maxresdefault.jpg,2.95,3.37,あっさり
【超簡単！】究極の節約アイスの作り方！#shorts,youtube,I2MN3Sn9HQc,https://www.youtube.com/watch?v=I2MN3Sn9HQc,I2MN3Sn9HQc,https://www.youtube.com/watch?v=I2MN3Sn9HQc,DAI大,normal,卵、にら、牛乳,semi-rich,2,YouTube Data API収集,"egg,nira,milk",卵;葉物野菜;チーズ・バター・マヨ系,warm,3,2,false,true,https://i.ytimg.com/vi/I2MN3Sn9HQc/maxresdefault.jpg,6.73,5.74,ややがっつり
【給食再現レシピ】#給食レシピ#再現レシピ#高野豆腐#簡単レシピ#節約レシピ,youtube,ycbfIVMFZnY,https://www.youtube.com/watch?v=ycbfIVMFZnY,ycbfIVMFZnY,https://www.youtube.com/watch?v=ycbfIVMFZnY,sugars弁当🍱🍙,normal,豆腐,light,2,YouTube Data API収集,tofu,豆腐・大豆系,warm,3,2,false,true,https://i.ytimg.com/vi/ycbfIVMFZnY/maxresdefault.jpg,3.0,3.5,あっさり
主材料２つで簡単！節約！「豆腐の海苔巻き」 詳しいレシピは概要欄をチェック！#簡単レシピ,youtube,drzcg4guv9c,https://www.youtube.com/watch?v=drzcg4guv9c,drzcg4guv9c,https://www.youtube.com/watch?v=drzcg4guv9c,デリッシュキッチン,normal,豆腐,light,2,YouTube Data API収集,tofu,豆腐・大豆系,warm,3,2,false,true,https://i.ytimg.com/vi/drzcg4guv9c/maxresdefault.jpg,3.0,3.4,あっさり
もやしとひき肉だけ！究極の節約ズボラレシピ✨ #簡単レシピ #節約レシピ #晩御飯レシピ,youtube,mUTlktys3Zk,https://www.youtube.com/watch?v=mUTlktys3Zk,mUTlktys3Zk,https://www.youtube.com/watch?v=mUTlktys3Zk,ちぇる ダイエット食堂,normal,挽肉、もやし,semi-light,2,YouTube Data API収集,"minced_meat,bean_sprouts",肉類;葉物野菜,warm,3,2,false,true,https://i.ytimg.com/vi/mUTlktys3Zk/maxresdefault.jpg,5.55,4.83,ややあっさり
【2ch有益スレ】ガチ一人暮らし自炊勢の最強食費節約術をまてめて挙げてけw【ゆっくり解説】,youtube,-hh1p01-vuY,https://www.youtube.com/watch?v=-hh1p01-vuY,-hh1p01-vuY,https://www.youtube.com/watch?v=-hh1p01-vuY,2ch有益ライハまとめ【ゆっくり解説】,normal,鶏肉、白身魚、マグロ、ツナ、うどん、中華麺、パスタ、キャベツ、ネギ、玉ねぎ、大根,light,2,YouTube Data API収集,"chicken,whitefish,tuna_sashimi,canned_tuna,udon,noodles,pasta,cabbage,green_onion,onion,daikon",鶏肉;魚介;麺;葉物野菜;根菜,warm,4,3,true,true,https://i.ytimg.com/vi/-hh1p01-vuY/maxresdefault.jpg,4.6,4.46,あっさり
【混ぜて焼くだけ】節約もダイエットも出来て超旨い！外カリッ中もちっ『やみつき野菜チヂミ』#shorts #低糖質レシピ #ロカボダイエット #痩せるレピ #bento #節約レシピ,youtube,G7ZeoGaQ2KM,https://www.youtube.com/watch?v=G7ZeoGaQ2KM,G7ZeoGaQ2KM,https://www.youtube.com/watch?v=G7ZeoGaQ2KM,こっタソの自由気ままに【Kottaso Recipe】,normal,白身魚、厚揚げ、きゅうり、にら、ネギ、玉ねぎ、にんじん、にんにく、チーズ,semi-rich,4,YouTube Data API収集,"whitefish,atsuage,cucumber,nira,green_onion,onion,carrot,garlic,cheese",魚介;豆腐・大豆系;葉物野菜;根菜;チーズ・バター・マヨ系,warm,4,3,true,true,https://i.ytimg.com/vi/G7ZeoGaQ2KM/maxresdefault.jpg,5.94,6.46,ややがっつり
【キムチーズ豆腐グラタン🥄✨】 #ダイエットレシピ #簡単レシピ #節約レシピ #豆腐,youtube,mPO720KoRJ0,https://www.youtube.com/watch?v=mPO720KoRJ0,mPO720KoRJ0,https://www.youtube.com/watch?v=mPO720KoRJ0,ほのか🍽ラク痩せ飯,normal,豆腐、チーズ,rich,4,YouTube Data API収集,"tofu,cheese",豆腐・大豆系;チーズ・バター・マヨ系,warm,3,2,false,true,https://i.ytimg.com/vi/mPO720KoRJ0/maxresdefault.jpg,7.55,7.43,がっつり
【時短・節約！もう茹でん激うまゆで卵】#ゆで卵レシピ #時短レシピ #節約レシピ #ズボラ飯 #家事ハック #暮らしの知恵 #ズボラ主婦 #便利ワザ #料理の裏ワザ #キッチンハック,youtube,r74Bfjk8mYg,https://www.youtube.com/watch?v=r74Bfjk8mYg,r74Bfjk8mYg,https://www.youtube.com/watch?v=r74Bfjk8mYg,あぴ 忙しいママを救う暮らし術🪄,normal,卵,light,1,YouTube Data API収集,egg,卵,warm,3,2,false,true,https://i.ytimg.com/vi/r74Bfjk8mYg/maxresdefault.jpg,5.0,4.1,あっさり
カリッモチッ！すげえ旨い！簡単厚揚げのおつまみ。話題のレシピ,youtube,HWnzejMnlO0,https://www.youtube.com/watch?v=HWnzejMnlO0,HWnzejMnlO0,https://www.youtube.com/watch?v=HWnzejMnlO0,ちゃらりんこクック,normal,豆腐、厚揚げ、ネギ、ショウガ,semi-light,5,YouTube Data API収集,"tofu,atsuage,green_onion,ginger",豆腐・大豆系;葉物野菜;根菜,warm,3,2,true,true,https://i.ytimg.com/vi/HWnzejMnlO0/maxresdefault.jpg,2.53,5.02,ややあっさり
妻が24時間豆腐生活に挑戦！ #アレンジレシピ #節約レシピ #shorts,youtube,P529fAlCCjA,https://www.youtube.com/watch?v=P529fAlCCjA,P529fAlCCjA,https://www.youtube.com/watch?v=P529fAlCCjA,ゆみみンゴTV,normal,豆腐,light,2,YouTube Data API収集,tofu,豆腐・大豆系,warm,3,2,false,true,https://i.ytimg.com/vi/P529fAlCCjA/maxresdefault.jpg,3.0,3.5,あっさり
【節約レシピ】4人家族平日5日間の晩ごはんレシピ！1食約100円の激安料理/平日1週間分の晩ご飯紹介,youtube,V3-vEVA4DFM,https://www.youtube.com/watch?v=V3-vEVA4DFM,V3-vEVA4DFM,https://www.youtube.com/watch?v=V3-vEVA4DFM,4人家族ぴーちの節約術,normal,豚肉、鶏肉、挽肉、サバ、ツナ、豆腐、キャベツ、napa_cabbage、小松菜、ネギ、もやし、トマト、玉ねぎ、にんじん、大根、えのき茸、ショウガ、にんにく,semi-light,2,YouTube Data API収集,"pork,chicken,minced_meat,mackerel,canned_tuna,tofu,cabbage,napa_cabbage,komatsuna,green_onion,bean_sprouts,tomato,onion,carrot,daikon,enoki,ginger,garlic",肉類;鶏肉;魚介;豆腐・大豆系;葉物野菜;根菜;きのこ,warm,4,3,true,true,https://i.ytimg.com/vi/V3-vEVA4DFM/maxresdefault.jpg,5.1,4.76,ややあっさり
失敗しない◎ロールキャベツの作り方☺️🥬 #節約レシピ #料理,youtube,tb58ORnAUL0,https://www.youtube.com/watch?v=tb58ORnAUL0,tb58ORnAUL0,https://www.youtube.com/watch?v=tb58ORnAUL0,Hideka cooking,normal,キャベツ,light,2,YouTube Data API収集,cabbage,葉物野菜,warm,5,3,true,true,https://i.ytimg.com/vi/tb58ORnAUL0/maxresdefault.jpg,1.0,2.3,あっさり
▶︎10分でできるコスパ鍋🍲 #鍋レシピ #鍋 #もやし料理 #もやしレシピ #もやし #白菜レシピ #白菜 #簡単レシピ #節約レシピ #時短レシピ,youtube,CG63Zco_k6M,https://www.youtube.com/watch?v=CG63Zco_k6M,CG63Zco_k6M,https://www.youtube.com/watch?v=CG63Zco_k6M,Yuuのラクうまクッキング,easy,napa_cabbage、もやし,light,2,YouTube Data API収集,"napa_cabbage,bean_sprouts",葉物野菜,warm,3,2,false,true,https://i.ytimg.com/vi/CG63Zco_k6M/maxresdefault.jpg,1.0,2.3,あっさり
【1日333円】31歳で資産7000万円貯めた最強食費節約ルーティン【レシピ有り】,youtube,AQr0Acx_Ask,https://www.youtube.com/watch?v=AQr0Acx_Ask,AQr0Acx_Ask,https://www.youtube.com/watch?v=AQr0Acx_Ask,倹者の流儀,normal,白身魚,light,2,YouTube Data API収集,whitefish,魚介,warm,3,2,false,true,https://i.ytimg.com/vi/AQr0Acx_Ask/maxresdefault.jpg,4.0,4.1,あっさり
5分でできる◎やみつき無限ピーマン！#料理動画 #簡単レシピ #節約レシピ #お弁当 #副菜 #無限ピーマン #やみつきレシピ,youtube,tYaK24wxZjk,https://www.youtube.com/watch?v=tYaK24wxZjk,tYaK24wxZjk,https://www.youtube.com/watch?v=tYaK24wxZjk,まいにち★ごはん,easy,ピーマン,light,2,YouTube Data API収集,bell_pepper,葉物野菜,warm,3,2,false,true,https://i.ytimg.com/vi/tYaK24wxZjk/maxresdefault.jpg,1.0,2.3,あっさり
節約食材で！ボリュームたっぷり「厚揚げ南蛮」 #材料と作り方は概要欄 #厚揚げ #厚揚げレシピ #節約 #節約レシピ #レシピ #料理 #フーディストノート #フーディスト,youtube,sHvKlltB34w,https://www.youtube.com/watch?v=sHvKlltB34w,sHvKlltB34w,https://www.youtube.com/watch?v=sHvKlltB34w,フーディストノート,normal,鶏肉、厚揚げ、卵、ビーフン・フォー、マヨネーズ,rich,5,YouTube Data API収集,"chicken,atsuage,egg,rice_noodles,mayonnaise",鶏肉;豆腐・大豆系;卵;麺;チーズ・バター・マヨ系,warm,3,2,true,true,https://i.ytimg.com/vi/sHvKlltB34w/maxresdefault.jpg,7.2,7.82,がっつり
【小麦不使用‼️納豆豆腐チヂミ‼️】 #ダイエットレシピ #簡単レシピ #節約レシピ,youtube,Jq22B1GXxG4,https://www.youtube.com/watch?v=Jq22B1GXxG4,Jq22B1GXxG4,https://www.youtube.com/watch?v=Jq22B1GXxG4,ほのか🍽ラク痩せ飯,normal,豆腐,light,2,YouTube Data API収集,tofu,豆腐・大豆系,warm,3,2,false,true,https://i.ytimg.com/vi/Jq22B1GXxG4/maxresdefault.jpg,3.0,3.5,あっさり
【節約飯】これ一生もののレシピです。もやしと挽き肉だけで激安肉もやし作ります #リュウジ #節約 #料理,youtube,uZ9AMAyvyqU,https://www.youtube.com/watch?v=uZ9AMAyvyqU,uZ9AMAyvyqU,https://www.youtube.com/watch?v=uZ9AMAyvyqU,料理研究家リュウジのバズレシピ,normal,挽肉、白身魚、もやし,semi-light,2,YouTube Data API収集,"minced_meat,whitefish,bean_sprouts",肉類;魚介;葉物野菜,warm,3,2,false,true,https://i.ytimg.com/vi/uZ9AMAyvyqU/maxresdefault.jpg,5.43,5.26,ややあっさり
262円でできる簡単節約 ディアボラ風チキン,youtube,xUyuwg1s9-Y,https://www.youtube.com/watch?v=xUyuwg1s9-Y,xUyuwg1s9-Y,https://www.youtube.com/watch?v=xUyuwg1s9-Y,なかむ 手取り18万の簡単節約レシピ,easy,鶏肉、白身魚、ネギ、玉ねぎ、にんにく、小麦粉,light,2,YouTube Data API収集,"chicken,whitefish,green_onion,onion,garlic,flour",鶏肉;魚介;葉物野菜;根菜;米,warm,3,2,true,true,https://i.ytimg.com/vi/xUyuwg1s9-Y/maxresdefault.jpg,4.6,4.36,あっさり
25歳会社員が41円で作る簡単節約ワンパン暗殺者のパスタ,youtube,4TpR8GccO-I,https://www.youtube.com/watch?v=4TpR8GccO-I,4TpR8GccO-I,https://www.youtube.com/watch?v=4TpR8GccO-I,こまつl会社員の簡単節約レシピ,easy,パスタ、トマト、にんにく,light,3,YouTube Data API収集,"pasta,tomato,garlic",麺;葉物野菜;根菜,warm,3,2,true,true,https://i.ytimg.com/vi/4TpR8GccO-I/maxresdefault.jpg,4.13,4.68,あっさり
【10分以内】もやしが主役になる！節約レシピ9選｜安いのに大満足おかず,youtube,irY4G83BHlU,https://www.youtube.com/watch?v=irY4G83BHlU,irY4G83BHlU,https://www.youtube.com/watch?v=irY4G83BHlU,macaroni | マカロニ,easy,鶏肉、白身魚、卵、きゅうり、ネギ、もやし、ブロッコリー、にんじん、しめじ、わかめ、ショウガ、にんにく、バター、マヨネーズ,semi-rich,4,YouTube Data API収集,"chicken,whitefish,egg,cucumber,green_onion,bean_sprouts,broccoli,carrot,shimeji,wakame,ginger,garlic,butter,mayonnaise",鶏肉;魚介;卵;葉物野菜;根菜;きのこ;チーズ・バター・マヨ系,warm,4,3,true,true,https://i.ytimg.com/vi/irY4G83BHlU/maxresdefault.jpg,6.1,6.46,ややがっつり
【食費節約術】食費1ヶ月2万円代/4人家族の夜ご飯5選！ルーティン主婦【業務スーパー】,youtube,FSmRRnLQFyI,https://www.youtube.com/watch?v=FSmRRnLQFyI,FSmRRnLQFyI,https://www.youtube.com/watch?v=FSmRRnLQFyI,ヒナマル,normal,鶏肉、白身魚、ショウガ,light,2,YouTube Data API収集,"chicken,whitefish,ginger",鶏肉;魚介;根菜,warm,3,2,true,true,https://i.ytimg.com/vi/FSmRRnLQFyI/maxresdefault.jpg,4.83,4.6,あっさり
【１人暮らし節約生活】平日１週間１０００円以下、仕事終わり晩ご飯,youtube,A2bGrnD7s1o,https://www.youtube.com/watch?v=A2bGrnD7s1o,A2bGrnD7s1o,https://www.youtube.com/watch?v=A2bGrnD7s1o,しゅんの節約生活,normal,豚肉、豆腐、卵,semi-rich,2,YouTube Data API収集,"pork,tofu,egg",肉類;豆腐・大豆系;卵,warm,3,2,true,true,https://i.ytimg.com/vi/A2bGrnD7s1o/maxresdefault.jpg,6.13,5.38,ややがっつり
【簡単節約レシピ】3食5日節約ご飯/食費27000円でやりくりする節約主婦が冷蔵庫にある物で１週間節約レシピを公開！節約生活/節約ルーティン,youtube,NdY7pNYfy6U,https://www.youtube.com/watch?v=NdY7pNYfy6U,NdY7pNYfy6U,https://www.youtube.com/watch?v=NdY7pNYfy6U,看護師るいみママの節約チャンネル,normal,白身魚,light,2,YouTube Data API収集,whitefish,魚介,cold,3,2,false,true,https://i.ytimg.com/vi/NdY7pNYfy6U/maxresdefault.jpg,4.0,4.1,あっさり
【自炊入門】これ以上簡単で旨い料理はないと思う節約神レシピ３選,youtube,QuwrDDaHUZs,https://www.youtube.com/watch?v=QuwrDDaHUZs,QuwrDDaHUZs,https://www.youtube.com/watch?v=QuwrDDaHUZs,がまぐち夫婦の節約チャンネル,normal,鶏肉,semi-rich,2,YouTube Data API収集,chicken,鶏肉,warm,3,2,true,true,https://i.ytimg.com/vi/QuwrDDaHUZs/maxresdefault.jpg,6.0,5.3,ややがっつり
豚こまで簡単！カレー風味のポークケチャップ🐷✨ #豚こまレシピ #節約,youtube,ju2yD2PnBoo,https://www.youtube.com/watch?v=ju2yD2PnBoo,ju2yD2PnBoo,https://www.youtube.com/watch?v=ju2yD2PnBoo,Hideka cooking,normal,豚肉,semi-rich,2,YouTube Data API収集,pork,肉類,warm,3,2,true,true,https://i.ytimg.com/vi/ju2yD2PnBoo/maxresdefault.jpg,8.0,6.5,ややがっつり
"【節約主婦の本気】予算４,０００円で家族が喜ぶ「５日間の晩ごはん作り」に挑戦した結果｜食費節約/節約レシピ/料理/５人家族",youtube,djX5O9HUHjA,https://www.youtube.com/watch?v=djX5O9HUHjA,djX5O9HUHjA,https://www.youtube.com/watch?v=djX5O9HUHjA,リッチじゃない暮らし,normal,牛肉、鶏肉、挽肉、白身魚、豆腐、卵、ラーメン、napa_cabbage、ネギ、もやし、なす、ピーマン、にんじん、かぼちゃ、ショウガ、にんにく、チーズ、バター、マヨネーズ、牛乳、小麦粉,rich,4,YouTube Data API収集,"beef,chicken,minced_meat,whitefish,tofu,egg,ramen,napa_cabbage,green_onion,bean_sprouts,eggplant,bell_pepper,carrot,pumpkin,ginger,garlic,cheese,butter,mayonnaise,milk,flour",肉類;鶏肉;魚介;豆腐・大豆系;卵;麺;葉物野菜;根菜;チーズ・バター・マヨ系;米,warm,4,3,true,true,https://i.ytimg.com/vi/djX5O9HUHjA/maxresdefault.jpg,6.64,6.88,がっつり
【一瞬でなくなる 無限ちくきゅう】#きゅうりレシピ#ちくわレシピ#節約レシピ#簡単レシピ#時短レシピ#火を使わない,youtube,wV8S-nFOeyc,https://www.youtube.com/watch?v=wV8S-nFOeyc,wV8S-nFOeyc,https://www.youtube.com/watch?v=wV8S-nFOeyc,ぽてママ🍳子どもが喜ぶ10分レシピ,normal,きゅうり,light,2,YouTube Data API収集,cucumber,葉物野菜,warm,3,2,true,true,https://i.ytimg.com/vi/wV8S-nFOeyc/maxresdefault.jpg,1.0,2.3,あっさり
1食200円カオマンガイ風弁当#shorts#簡単レシピ#節約レシピ,youtube,HhOOHR_nTbc,https://www.youtube.com/watch?v=HhOOHR_nTbc,HhOOHR_nTbc,https://www.youtube.com/watch?v=HhOOHR_nTbc,ゆみ⌇年150万貯める独身女の冷凍ｽﾄｯｸ,easy,鶏肉、白身魚、ネギ、ショウガ、にんにく,light,2,YouTube Data API収集,"chicken,whitefish,green_onion,ginger,garlic",鶏肉;魚介;葉物野菜;根菜,warm,3,2,true,true,https://i.ytimg.com/vi/HhOOHR_nTbc/maxresdefault.jpg,4.25,4.25,あっさり
豚こま唐揚げ｜丸めて簡単！少ない油で作れる柔らかジューシーな節約おかず【料理研究家ゆかり】#豚肉レシピ #からあげ #shorts,youtube,afYCGdvgoRQ,https://www.youtube.com/watch?v=afYCGdvgoRQ,afYCGdvgoRQ,https://www.youtube.com/watch?v=afYCGdvgoRQ,料理研究家ゆかりのおうちで簡単レシピ / Yukari's Kitchen,normal,豚肉、にんにく,rich,5,YouTube Data API収集,"pork,garlic",肉類;根菜,warm,3,2,true,true,https://i.ytimg.com/vi/afYCGdvgoRQ/maxresdefault.jpg,6.25,7.15,がっつり
【ゆっくり料理】スタミナMAX夜食 味噌ダレにんにく炒飯【節約レシピ】,youtube,0EAFg00cYAI,https://www.youtube.com/watch?v=0EAFg00cYAI,0EAFg00cYAI,https://www.youtube.com/watch?v=0EAFg00cYAI,依神姉妹の節約レシピちゃんねる,normal,卵、ご飯・米、ネギ、にんにく,light,2,YouTube Data API収集,"egg,rice,green_onion,garlic",卵;米;葉物野菜;根菜,warm,3,2,true,true,https://i.ytimg.com/vi/0EAFg00cYAI/sddefault.jpg,4.42,4.35,あっさり
材料キャベツと豚バラのみ！時短簡単節約レシピ🍚ご飯が進む『キャベツ豚バラの塩ダレ』🥬,youtube,PBK9PMVtsrM,https://www.youtube.com/watch?v=PBK9PMVtsrM,PBK9PMVtsrM,https://www.youtube.com/watch?v=PBK9PMVtsrM,あいす🍚【簡単時短節約レシピ】,normal,豚肉、キャベツ,semi-light,2,YouTube Data API収集,"pork,cabbage",肉類;葉物野菜,warm,3,2,true,true,https://i.ytimg.com/vi/PBK9PMVtsrM/sddefault.jpg,5.55,4.93,ややあっさり
1人前150円で出来るそうめんの最強レシピ知ってる？そうめんそうめんレシピ節約レシピ料理,youtube,_TlU0THKU0M,https://www.youtube.com/watch?v=_TlU0THKU0M,_TlU0THKU0M,https://www.youtube.com/watch?v=_TlU0THKU0M,guhucm,normal,そうめん,semi-rich,2,YouTube Data API収集,somen,麺,warm,3,2,false,true,https://i.ytimg.com/vi/_TlU0THKU0M/maxresdefault.jpg,6.0,5.3,ややがっつり
卵・砂糖・生クリーム不使用【材料3つ】【濃厚牛乳アイス】レンジで簡単！混ぜてチンして凍らすだけ♪市販のアイスもう買えない,youtube,0Etkofu1WzU,https://www.youtube.com/watch?v=0Etkofu1WzU,0Etkofu1WzU,https://www.youtube.com/watch?v=0Etkofu1WzU,夫手取り17万円の節約ごはん,normal,卵、にら、牛乳,semi-rich,2,YouTube Data API収集,"egg,nira,milk",卵;葉物野菜;チーズ・バター・マヨ系,warm,3,2,false,true,https://i.ytimg.com/vi/0Etkofu1WzU/maxresdefault.jpg,6.73,5.74,ややがっつり
材料3つ！混ぜて凍らせるだけ【ヨーグルトアイス】ヨーグルトの水切りなし！簡単に作れて美味しい♪,youtube,pMgfSA-R40w,https://www.youtube.com/watch?v=pMgfSA-R40w,pMgfSA-R40w,https://www.youtube.com/watch?v=pMgfSA-R40w,夫手取り17万円の節約ごはん,normal,牛乳,rich,2,YouTube Data API収集,milk,チーズ・バター・マヨ系,warm,3,2,false,true,https://i.ytimg.com/vi/pMgfSA-R40w/maxresdefault.jpg,10.0,7.7,がっつり
【パックそのまま】【簡単豆乳プリン】誰でも簡単に作れて超美味しくプルプルに仕上がる！#時短レシピ #料理 #時短レシピ,youtube,IDra0-JsqOU,https://www.youtube.com/watch?v=IDra0-JsqOU,IDra0-JsqOU,https://www.youtube.com/watch?v=IDra0-JsqOU,お任せCOOK,easy,白身魚,light,2,YouTube Data API収集,whitefish,魚介,warm,3,2,false,true,https://i.ytimg.com/vi/IDra0-JsqOU/maxresdefault.jpg,4.0,4.1,あっさり
ムダなし！手間なし！【簡単レシピ、節約レシピ】えのき茸サバ缶卵とじ！時短、ワンパン,youtube,goB5-0JdiSU,https://www.youtube.com/watch?v=goB5-0JdiSU,goB5-0JdiSU,https://www.youtube.com/watch?v=goB5-0JdiSU,モンフレールやさいでキレイ!簡単クッキング!,normal,サバ、卵、ネギ、玉ねぎ、えのき茸,light,2,YouTube Data API収集,"mackerel,egg,green_onion,onion,enoki",魚介;卵;葉物野菜;根菜;きのこ,warm,3,2,true,true,https://i.ytimg.com/vi/goB5-0JdiSU/maxresdefault.jpg,3.6,3.76,あっさり
【1食100円】お金がない日はこれ一択 【混ぜてレンチン】100円で作れる幸せドリア ずぼら主婦のずぼらレシピ,youtube,63pLemVxKFo,https://www.youtube.com/watch?v=63pLemVxKFo,63pLemVxKFo,https://www.youtube.com/watch?v=63pLemVxKFo,手取り17万夫とズボラ妻の節約レシピ,normal,卵、チーズ、カレールゥ,rich,4,YouTube Data API収集,"egg,cheese,curry_roux",卵;チーズ・バター・マヨ系,warm,3,2,false,true,https://i.ytimg.com/vi/63pLemVxKFo/maxresdefault.jpg,8.25,7.85,がっつり
【節約弁当】3品で150円なのに大満足！大葉ハムちくわ天弁当,youtube,6S1DSqrIT5k,https://www.youtube.com/watch?v=6S1DSqrIT5k,6S1DSqrIT5k,https://www.youtube.com/watch?v=6S1DSqrIT5k,mikatanキッチン,normal,ハム、卵、ブロッコリー、マヨネーズ、小麦粉,rich,4,YouTube Data API収集,"ham,egg,broccoli,mayonnaise,flour",肉類;卵;葉物野菜;チーズ・バター・マヨ系;米,warm,3,2,false,true,https://i.ytimg.com/vi/6S1DSqrIT5k/maxresdefault.jpg,7.2,7.22,がっつり
1人分300円節約ごはんNO.2 #節約レシピ #節約ごはん #300円ごはん #1人分ごはん #パスタレシピ #麻婆ナス #なすレシピ #食費節約 #簡単ごはん #琴音の節約でも楽しく暮らす,youtube,YcloLUVqRMM,https://www.youtube.com/watch?v=YcloLUVqRMM,YcloLUVqRMM,https://www.youtube.com/watch?v=YcloLUVqRMM,琴音,normal,パスタ、なす,semi-light,3,YouTube Data API収集,"pasta,eggplant",麺;葉物野菜,warm,3,2,true,true,https://i.ytimg.com/vi/YcloLUVqRMM/maxresdefault.jpg,4.25,4.85,ややあっさり
"【食費節約】業務スーパー購入品で作る１週間6,000円生活‼️ワンオペもう飽きた…#晩ご飯#簡単夜ご飯",youtube,xkpbISfsdMg,https://www.youtube.com/watch?v=xkpbISfsdMg,xkpbISfsdMg,https://www.youtube.com/watch?v=xkpbISfsdMg,おつきみママチャンネル,normal,鶏肉、チーズ,rich,4,YouTube Data API収集,"chicken,cheese",鶏肉;チーズ・バター・マヨ系,warm,3,2,true,true,https://i.ytimg.com/vi/xkpbISfsdMg/maxresdefault.jpg,8.6,8.06,がっつり
時短料理で乗り切る平日５日間のお弁当とお昼ごはん記録//新しいお弁当箱が失敗だった！？/vol.76,youtube,vPkb3KgE5Kc,https://www.youtube.com/watch?v=vPkb3KgE5Kc,vPkb3KgE5Kc,https://www.youtube.com/watch?v=vPkb3KgE5Kc,Alice's Kitchen Diary,normal,牛肉、白身魚、ツナ、そうめん、ビーフン・フォー、パスタ、トマト、なす,semi-light,2,YouTube Data API収集,"beef,whitefish,canned_tuna,somen,rice_noodles,pasta,tomato,eggplant",肉類;魚介;麺;葉物野菜,warm,4,3,true,true,https://i.ytimg.com/vi/vPkb3KgE5Kc/sddefault.jpg,5.72,5.13,ややあっさり
【時短♪節約♪】食べたら止まらない♪ちくわの大葉チーズ巻きwithブラックペッパー♪,youtube,-wwoxMWkuQ4,https://www.youtube.com/watch?v=-wwoxMWkuQ4,-wwoxMWkuQ4,https://www.youtube.com/watch?v=-wwoxMWkuQ4,あつメシ×あさとファミリー,normal,白身魚、チーズ,rich,4,YouTube Data API収集,"whitefish,cheese",魚介;チーズ・バター・マヨ系,warm,3,2,false,true,https://i.ytimg.com/vi/-wwoxMWkuQ4/maxresdefault.jpg,7.9,7.64,がっつり
市販のタレなしで作る🍳簡単回鍋肉 #料理 #時短節約 #簡単ご飯 #簡単レシピ,youtube,WV2pH5sV1aY,https://www.youtube.com/watch?v=WV2pH5sV1aY,WV2pH5sV1aY,https://www.youtube.com/watch?v=WV2pH5sV1aY,えまっちごはん⌇節約主婦の献立,normal,豚肉、白身魚、キャベツ、ピーマン、ショウガ、にんにく,semi-light,2,YouTube Data API収集,"pork,whitefish,cabbage,bell_pepper,ginger,garlic",肉類;魚介;葉物野菜;根菜,warm,3,2,true,true,https://i.ytimg.com/vi/WV2pH5sV1aY/maxresdefault.jpg,5.2,4.82,ややあっさり
手取り11万29歳の貧困ごはん #貧困ごはん #節約レシピ #節約 #節約飯 #男飯,youtube,EWBYtBzyiZg,https://www.youtube.com/watch?v=EWBYtBzyiZg,EWBYtBzyiZg,https://www.youtube.com/watch?v=EWBYtBzyiZg,シュン | 手取り11万旦那,normal,ネギ、玉ねぎ、にんにく,light,2,YouTube Data API収集,"green_onion,onion,garlic",葉物野菜;根菜,warm,3,2,true,true,https://i.ytimg.com/vi/EWBYtBzyiZg/maxresdefault.jpg,2.3,3.08,あっさり
190円で作ったこんちくしょーが美味すぎた🎠,youtube,0tWjgr1qtq0,https://www.youtube.com/watch?v=0tWjgr1qtq0,0tWjgr1qtq0,https://www.youtube.com/watch?v=0tWjgr1qtq0,300円先生【300円以下で料理したい】,easy,白身魚、たこ、ネギ、こんにゃく、ショウガ,light,2,YouTube Data API収集,"whitefish,octopus,green_onion,konnyaku,ginger",魚介;葉物野菜;根菜,warm,3,2,true,true,https://i.ytimg.com/vi/0tWjgr1qtq0/maxresdefault.jpg,3.07,3.54,あっさり
\1本70円/パリパリチョコバナナ #shorts #チョコバナナ #アイス,youtube,_jbg6bL7j50,https://www.youtube.com/watch?v=_jbg6bL7j50,_jbg6bL7j50,https://www.youtube.com/watch?v=_jbg6bL7j50,ちゃか_限界オタクの節約冷凍ストック,normal,白身魚,light,2,YouTube Data API収集,whitefish,魚介,warm,3,2,false,true,https://i.ytimg.com/vi/_jbg6bL7j50/maxresdefault.jpg,4.0,4.1,あっさり
もっち豆腐もやし #ダイエットレシピ #混ぜて焼くだけ #簡単レシピ,youtube,QH4K2yXwPJM,https://www.youtube.com/watch?v=QH4K2yXwPJM,QH4K2yXwPJM,https://www.youtube.com/watch?v=QH4K2yXwPJM,美やせグルメっ,normal,白身魚、豆腐、もやし、ショウガ、マヨネーズ,semi-rich,4,YouTube Data API収集,"whitefish,tofu,bean_sprouts,ginger,mayonnaise",魚介;豆腐・大豆系;葉物野菜;根菜;チーズ・バター・マヨ系,warm,3,2,false,true,https://i.ytimg.com/vi/QH4K2yXwPJM/maxresdefault.jpg,5.94,6.46,ややがっつり
【節約弁当】ちくわ全部これにして！味見が止まらなくなる大葉チーズのちくわカレー唐揚げ,youtube,npcxywFfHZ4,https://www.youtube.com/watch?v=npcxywFfHZ4,npcxywFfHZ4,https://www.youtube.com/watch?v=npcxywFfHZ4,にぎりっ娘。nigiricco,normal,挽肉、卵、ネギ、昆布、ショウガ、にんにく、チーズ、カレールゥ,rich,5,YouTube Data API収集,"minced_meat,egg,green_onion,kombu,ginger,garlic,cheese,curry_roux",肉類;卵;葉物野菜;根菜;チーズ・バター・マヨ系,warm,4,3,true,true,https://i.ytimg.com/vi/npcxywFfHZ4/maxresdefault.jpg,6.78,7.57,がっつり
【タラと塩昆布のやみつき和風パスタ🐟✨】 #パスタ #時短節約 #料理 #pasta #cooking #自炊 #noodles #food #簡単レシピ,youtube,xoJ5VTF_KdI,https://www.youtube.com/watch?v=xoJ5VTF_KdI,xoJ5VTF_KdI,https://www.youtube.com/watch?v=xoJ5VTF_KdI,のどか⌇10分で彼に褒められるパスタ,normal,白身魚、パスタ、ネギ、昆布、にんにく、バター,rich,4,YouTube Data API収集,"whitefish,pasta,green_onion,kombu,garlic,butter",魚介;麺;葉物野菜;根菜;チーズ・バター・マヨ系,warm,3,2,true,true,https://i.ytimg.com/vi/xoJ5VTF_KdI/maxresdefault.jpg,6.36,6.72,がっつり
⭐️簡単で体に優しい節約レシピ⭐️ 沢山、投稿していきます ぜひ作ってみてください😊 @taka_recipe 借金2000万、元うつ、61歳が作る 🍋「塩レモンチキンパエリア」,youtube,FuuLktqnVvQ,https://www.youtube.com/watch?v=FuuLktqnVvQ,FuuLktqnVvQ,https://www.youtube.com/watch?v=FuuLktqnVvQ,たか 借金2000万のおうちごはん,normal,鶏肉,semi-rich,2,YouTube Data API収集,chicken,鶏肉,warm,3,2,true,true,https://i.ytimg.com/vi/FuuLktqnVvQ/maxresdefault.jpg,6.0,5.3,ややがっつり
オクラ大量消費！焼くだけ簡単絶品副菜,youtube,UT89ysFT7RU,https://www.youtube.com/watch?v=UT89ysFT7RU,UT89ysFT7RU,https://www.youtube.com/watch?v=UT89ysFT7RU,ママの厨房,normal,白身魚,light,2,YouTube Data API収集,whitefish,魚介,warm,3,2,false,true,https://i.ytimg.com/vi/UT89ysFT7RU/maxresdefault.jpg,4.0,4.1,あっさり
胸肉とブロッコリーのレモンペッパー焼き🍋 #時短節約 #簡単レシピ #repi,youtube,0ZXVY_UXEm0,https://www.youtube.com/watch?v=0ZXVY_UXEm0,0ZXVY_UXEm0,https://www.youtube.com/watch?v=0ZXVY_UXEm0,うりよ | ズボラ社会人,normal,ブロッコリー,light,3,YouTube Data API収集,broccoli,葉物野菜,warm,3,2,false,true,https://i.ytimg.com/vi/0ZXVY_UXEm0/maxresdefault.jpg,1.0,2.9,あっさり
夕食にぴったりの「簡単・美味しいおかず」レシピを5つ紹介します。#簡単レシピ #時短レシピ #夕食レシピ #晩ごはん #おかずレシピ #節約レシピ #料理 #家庭料理 #鶏もも肉 #豚バラ #なす,youtube,bMxxKpg6EA8,https://www.youtube.com/watch?v=bMxxKpg6EA8,bMxxKpg6EA8,https://www.youtube.com/watch?v=bMxxKpg6EA8,ずぼら飯ラボ,normal,豚肉、鶏肉、白身魚、にら、もやし、なす,semi-light,2,YouTube Data API収集,"pork,chicken,whitefish,nira,bean_sprouts,eggplant",肉類;鶏肉;魚介;葉物野菜,warm,3,2,true,true,https://i.ytimg.com/vi/bMxxKpg6EA8/maxresdefault.jpg,5.72,5.13,ややあっさり
\きゅうりの1本漬け/#shorts #冷凍ストック #きゅうり,youtube,mvRDzHa-iO0,https://www.youtube.com/watch?v=mvRDzHa-iO0,mvRDzHa-iO0,https://www.youtube.com/watch?v=mvRDzHa-iO0,ちゃか_限界オタクの節約冷凍ストック,easy,きゅうり,light,2,YouTube Data API収集,cucumber,葉物野菜,cold,3,2,true,true,https://i.ytimg.com/vi/mvRDzHa-iO0/maxresdefault.jpg,1.0,2.3,あっさり
【もう揚げなくていい！】ノンフライヤーでパリパリすぎて感動級「五目中華春巻き」の作り方 #料理 #簡単レシピ,youtube,NijSMmOkWQc,https://www.youtube.com/watch?v=NijSMmOkWQc,NijSMmOkWQc,https://www.youtube.com/watch?v=NijSMmOkWQc,kattyanneru/かっちゃんねる,normal,挽肉、卵、小松菜、にんじん、しいたけ、ショウガ、にんにく,semi-rich,5,YouTube Data API収集,"minced_meat,egg,komatsuna,carrot,shiitake,ginger,garlic",肉類;卵;葉物野菜;根菜;きのこ,warm,4,3,true,true,https://i.ytimg.com/vi/NijSMmOkWQc/maxresdefault.jpg,5.06,6.54,ややがっつり
30歳独身の節約飯｜豆腐チヂミ #豆腐レシピ #節約レシピ #簡単レシピ #一人暮らしごはん #料理動画,youtube,KczX7KhGR-E,https://www.youtube.com/watch?v=KczX7KhGR-E,KczX7KhGR-E,https://www.youtube.com/watch?v=KczX7KhGR-E,てるまる,normal,豆腐,light,2,YouTube Data API収集,tofu,豆腐・大豆系,warm,3,2,false,true,https://i.ytimg.com/vi/KczX7KhGR-E/maxresdefault.jpg,3.0,3.5,あっさり
ミニトマトでさっぱり！ズッキーニの味噌バター炒め【簡単・節約】#ズッキーニ #ミニトマト #ベーコン #味噌バター #簡単レシピ #節約レシピ #家庭料理 #時短レシピ #おうちごはん #年金生活,youtube,PlozdSW-tVc,https://www.youtube.com/watch?v=PlozdSW-tVc,PlozdSW-tVc,https://www.youtube.com/watch?v=PlozdSW-tVc,金髪ゆきぱぱチャンネル,normal,ベーコン、白身魚、トマト、バター,rich,4,YouTube Data API収集,"bacon,whitefish,tomato,butter",肉類;魚介;葉物野菜;チーズ・バター・マヨ系,warm,3,2,true,true,https://i.ytimg.com/vi/PlozdSW-tVc/maxresdefault.jpg,7.02,7.11,がっつり
26歳会社員が24円で作る簡単節約レンチン爆速パスタ🍝,youtube,zZJEmkwmcFE,https://www.youtube.com/watch?v=zZJEmkwmcFE,zZJEmkwmcFE,https://www.youtube.com/watch?v=zZJEmkwmcFE,こまつl会社員の簡単節約レシピ,normal,パスタ,semi-rich,3,YouTube Data API収集,pasta,麺,warm,3,2,false,true,https://i.ytimg.com/vi/zZJEmkwmcFE/maxresdefault.jpg,6.0,5.8,ややがっつり
4ヶ月で15kg痩せた私が今でも食べてる痩せレシピ🩷 #ダイエット #簡単レシピ #ダイエットレシピ #パスタ #節約 #節約レシピ #簡単レシピ,youtube,QTW5hqsu0oM,https://www.youtube.com/watch?v=QTW5hqsu0oM,QTW5hqsu0oM,https://www.youtube.com/watch?v=QTW5hqsu0oM,【みのりん】広島の大食いトレーニー,normal,パスタ,semi-rich,3,YouTube Data API収集,pasta,麺,warm,3,2,false,true,https://i.ytimg.com/vi/QTW5hqsu0oM/maxresdefault.jpg,6.0,5.9,ややがっつり
大根おろしとツナのポン酢パスタ🐟❄️ #パスタ #時短節約 #料理 #pasta #cooking #自炊 #noodles #food #簡単レシピ #グルメ,youtube,IBgNpXMPg5U,https://www.youtube.com/watch?v=IBgNpXMPg5U,IBgNpXMPg5U,https://www.youtube.com/watch?v=IBgNpXMPg5U,のどか⌇10分で彼に褒められるパスタ,normal,白身魚、ツナ、パスタ、大根、にんにく,semi-light,3,YouTube Data API収集,"whitefish,canned_tuna,pasta,daikon,garlic",魚介;麺;根菜,warm,3,2,false,true,https://i.ytimg.com/vi/IBgNpXMPg5U/maxresdefault.jpg,4.83,5.2,ややあっさり
1杯88円でつくる野菜スープ,youtube,TvaSEbpka6E,https://www.youtube.com/watch?v=TvaSEbpka6E,TvaSEbpka6E,https://www.youtube.com/watch?v=TvaSEbpka6E,あお〻4年で1000万円貯めた中間管理職ママ,easy,ネギ、玉ねぎ、にんじん、かぼちゃ、バター、牛乳,semi-rich,4,YouTube Data API収集,"green_onion,onion,carrot,pumpkin,butter,milk",葉物野菜;根菜;チーズ・バター・マヨ系,warm,1,2,true,true,https://i.ytimg.com/vi/TvaSEbpka6E/maxresdefault.jpg,6.27,6.66,ややがっつり
【ヤンニョム豚こま】100万円貯める冷凍節約弁当#冷凍弁当 #冷凍節約 #節約弁当 #節約レシピ#ヤンニョムチキン#ヤンニョム豚こま,youtube,Dkcm1DSq2lw,https://www.youtube.com/watch?v=Dkcm1DSq2lw,Dkcm1DSq2lw,https://www.youtube.com/watch?v=Dkcm1DSq2lw,うま冷凍貯金で夢を実現する22歳,easy,豚肉、鶏肉、白身魚、ブロッコリー、にんにく,semi-light,2,YouTube Data API収集,"pork,chicken,whitefish,broccoli,garlic",肉類;鶏肉;魚介;葉物野菜;根菜,cold,3,2,true,true,https://i.ytimg.com/vi/Dkcm1DSq2lw/maxresdefault.jpg,5.48,4.99,ややあっさり
【無理せず節約】2人前約500円|晩ごはん記録|食費月3万円😎毎日が楽しくなる節約飯,youtube,5ZBnSKMnHr4,https://www.youtube.com/watch?v=5ZBnSKMnHr4,5ZBnSKMnHr4,https://www.youtube.com/watch?v=5ZBnSKMnHr4,森のくま子🧸,normal,白身魚,light,2,YouTube Data API収集,whitefish,魚介,warm,3,2,false,true,https://i.ytimg.com/vi/5ZBnSKMnHr4/maxresdefault.jpg,4.0,4.1,あっさり
レンジでキムチチゲ #節約レシピ #簡単レシピ #時短節約 #料理 #今日の晩ごはん #おうちごはん #1食300円以下冷凍ストック #時短レシピ #まいにちごはん #cooking #料理動画,youtube,uNrGGtrjgKY,https://www.youtube.com/watch?v=uNrGGtrjgKY,uNrGGtrjgKY,https://www.youtube.com/watch?v=uNrGGtrjgKY,あや 節約×冷凍ストック,easy,豚肉、白身魚、豆腐、にら、ネギ、にんにく,semi-light,2,YouTube Data API収集,"pork,whitefish,tofu,nira,green_onion,garlic",肉類;魚介;豆腐・大豆系;葉物野菜;根菜,cold,3,2,true,true,https://i.ytimg.com/vi/uNrGGtrjgKY/maxresdefault.jpg,5.06,4.74,ややあっさり
【レンジ5分】爆速‼️レンチンでなすの煮浸し🍆簡単＆節約レシピ♪疲れた日もこれなら作れる☺️,youtube,5ak5BG-IhyE,https://www.youtube.com/watch?v=5ak5BG-IhyE,5ak5BG-IhyE,https://www.youtube.com/watch?v=5ak5BG-IhyE,貧乏ズボラ夫婦のおいしいごはん,easy,なす、ショウガ,light,1,YouTube Data API収集,"eggplant,ginger",葉物野菜;根菜,warm,3,2,true,true,https://i.ytimg.com/vi/5ak5BG-IhyE/maxresdefault.jpg,2.3,2.48,あっさり
なす＋トマト＋豚肉で作る、おうちバルサミコ炒め #なすレシピ #節約レシピ #常備菜 #バルサミコ代用 #パパ看護師,youtube,Omv0R-Rd1JM,https://www.youtube.com/watch?v=Omv0R-Rd1JM,Omv0R-Rd1JM,https://www.youtube.com/watch?v=Omv0R-Rd1JM,ぱぱナースのごはんノート,easy,豚肉、白身魚、トマト、なす、にんにく,semi-rich,3,YouTube Data API収集,"pork,whitefish,tomato,eggplant,garlic",肉類;魚介;葉物野菜;根菜,warm,3,2,true,true,https://i.ytimg.com/vi/Omv0R-Rd1JM/maxresdefault.jpg,5.2,5.42,ややがっつり
ナスが驚くほど美味しくなる。味染み・時短・節約、全部叶う最強テク！簡単レシピ3選。麻婆ナス/なすポン酢/トマトパスタ,youtube,9E9UycQLZlA,https://www.youtube.com/watch?v=9E9UycQLZlA,9E9UycQLZlA,https://www.youtube.com/watch?v=9E9UycQLZlA,シクロエの家,normal,挽肉、ハム、ベーコン、パスタ、ネギ、トマト、なす、玉ねぎ、ショウガ、にんにく、チーズ,rich,4,YouTube Data API収集,"minced_meat,ham,bacon,pasta,green_onion,tomato,eggplant,onion,ginger,garlic,cheese",肉類;麺;葉物野菜;根菜;チーズ・バター・マヨ系,warm,4,3,true,true,https://i.ytimg.com/vi/9E9UycQLZlA/maxresdefault.jpg,6.92,7.05,がっつり
お好み焼き風ネギもやし #ダイエットレシピ #簡単レシピ,youtube,nWrUlrvn7n0,https://www.youtube.com/watch?v=nWrUlrvn7n0,nWrUlrvn7n0,https://www.youtube.com/watch?v=nWrUlrvn7n0,美やせグルメっ,normal,白身魚、ネギ、もやし、マヨネーズ,rich,4,YouTube Data API収集,"whitefish,green_onion,bean_sprouts,mayonnaise",魚介;葉物野菜;チーズ・バター・マヨ系,warm,3,2,true,true,https://i.ytimg.com/vi/nWrUlrvn7n0/maxresdefault.jpg,6.5,6.8,がっつり
たった5分。卵、ウィンナー、チーズがあれば世界1簡単で旨いズボラ丼ができます『超絶悶絶丼』,youtube,mVqOj55ezdI,https://www.youtube.com/watch?v=mVqOj55ezdI,mVqOj55ezdI,https://www.youtube.com/watch?v=mVqOj55ezdI,だれウマ【料理研究家】,easy,卵、ご飯・米、にんにく、チーズ、マヨネーズ,rich,4,YouTube Data API収集,"egg,rice,garlic,cheese,mayonnaise",卵;米;根菜;チーズ・バター・マヨ系,warm,1,1,false,true,https://i.ytimg.com/vi/mVqOj55ezdI/maxresdefault.jpg,7.2,7.52,がっつり
10分で吉野家風牛丼を作ってみよう！！／みきママ,youtube,19Qgsv6Zn9c,https://www.youtube.com/watch?v=19Qgsv6Zn9c,19Qgsv6Zn9c,https://www.youtube.com/watch?v=19Qgsv6Zn9c,みきママChannel,easy,白身魚、ご飯・米、ネギ、玉ねぎ、ショウガ,light,2,YouTube Data API収集,"whitefish,rice,green_onion,onion,ginger",魚介;米;葉物野菜;根菜,warm,1,1,true,true,https://i.ytimg.com/vi/19Qgsv6Zn9c/maxresdefault.jpg,4.25,4.25,あっさり
あまりにも完成度が高いので絶対試してほしい。15分で名店の味【完全再現 吉野家風豚丼】,youtube,EZlBM3s_PVU,https://www.youtube.com/watch?v=EZlBM3s_PVU,EZlBM3s_PVU,https://www.youtube.com/watch?v=EZlBM3s_PVU,料理研究家リュウジのバズレシピ,easy,豚肉、白身魚、ご飯・米、ネギ、玉ねぎ、ショウガ,semi-light,2,YouTube Data API収集,"pork,whitefish,rice,green_onion,onion,ginger",肉類;魚介;米;葉物野菜;根菜,warm,1,1,true,true,https://i.ytimg.com/vi/EZlBM3s_PVU/sddefault.jpg,5.48,5.29,ややあっさり
【「めんつゆ」で作る！】親子丼,youtube,tKN7GIfLIt4,https://www.youtube.com/watch?v=tKN7GIfLIt4,tKN7GIfLIt4,https://www.youtube.com/watch?v=tKN7GIfLIt4,鰹節屋・だし屋のヤマキ公式チャンネル,easy,鶏肉、卵、ご飯・米、ネギ、玉ねぎ,light,2,YouTube Data API収集,"chicken,egg,rice,green_onion,onion",鶏肉;卵;米;葉物野菜;根菜,warm,1,1,true,true,https://i.ytimg.com/vi/tKN7GIfLIt4/maxresdefault.jpg,4.74,4.54,あっさり
【再現】吉野家の牛丼の再現!!テレビでも紹介された大絶賛レシピ。,youtube,r2JXTDz7Qf8,https://www.youtube.com/watch?v=r2JXTDz7Qf8,r2JXTDz7Qf8,https://www.youtube.com/watch?v=r2JXTDz7Qf8,再現レシピ稲垣飛鳥のasucafe channel,easy,牛肉、ご飯・米、ネギ、玉ねぎ、ショウガ,semi-light,2,YouTube Data API収集,"beef,rice,green_onion,onion,ginger",肉類;米;葉物野菜;根菜,warm,1,1,true,true,https://i.ytimg.com/vi/r2JXTDz7Qf8/maxresdefault.jpg,5.55,5.03,ややあっさり
親子丼をパスタにしたら凄すぎる事に気付いた料理人の簡単レシピ【10分で作れる】,youtube,TZ3HXRrWMd0,https://www.youtube.com/watch?v=TZ3HXRrWMd0,TZ3HXRrWMd0,https://www.youtube.com/watch?v=TZ3HXRrWMd0,George ジョージ吉田,easy,白身魚、卵、ご飯・米、パスタ,semi-rich,3,YouTube Data API収集,"whitefish,egg,rice,pasta",魚介;卵;米;麺,warm,1,1,false,true,https://i.ytimg.com/vi/TZ3HXRrWMd0/maxresdefault.jpg,5.47,5.58,ややがっつり
これ、ガチで本家よりうめえかもしれません。一度食べたら忘れられない【至高のすたみな丼】,youtube,JC_9CWW2HA8,https://www.youtube.com/watch?v=JC_9CWW2HA8,JC_9CWW2HA8,https://www.youtube.com/watch?v=JC_9CWW2HA8,料理研究家リュウジのバズレシピ,easy,豚肉、白身魚、卵、ご飯・米、ネギ、にんにく,semi-rich,2,YouTube Data API収集,"pork,whitefish,egg,rice,green_onion,garlic",肉類;魚介;卵;米;葉物野菜;根菜,warm,1,1,true,true,https://i.ytimg.com/vi/JC_9CWW2HA8/sddefault.jpg,5.55,5.33,ややがっつり
こんなうめえご飯食べたことねえぞ丼,youtube,80CNwSIffzE,https://www.youtube.com/watch?v=80CNwSIffzE,80CNwSIffzE,https://www.youtube.com/watch?v=80CNwSIffzE,料理研究家リュウジのバズレシピ,easy,鶏肉、白身魚、たこ、卵、ご飯・米、パスタ、ほうれん草、にんにく、チーズ,rich,4,YouTube Data API収集,"chicken,whitefish,octopus,egg,rice,pasta,spinach,garlic,cheese",鶏肉;魚介;卵;米;麺;葉物野菜;根菜;チーズ・バター・マヨ系,warm,4,1,true,true,https://i.ytimg.com/vi/80CNwSIffzE/maxresdefault.jpg,6.59,7.15,がっつり
もう、焼くだけの豚丼にサヨナラ。料理研究家が導く豚丼の最適解、最高傑作豚丼,youtube,bkN_GmU67B8,https://www.youtube.com/watch?v=bkN_GmU67B8,bkN_GmU67B8,https://www.youtube.com/watch?v=bkN_GmU67B8,料理研究家リュウジのバズレシピ,easy,豚肉、白身魚、ご飯・米、ネギ,semi-rich,2,YouTube Data API収集,"pork,whitefish,rice,green_onion",肉類;魚介;米;葉物野菜,warm,1,1,true,true,https://i.ytimg.com/vi/bkN_GmU67B8/maxresdefault.jpg,5.72,5.43,ややがっつり
【これだけは教えたくない！】最強の味噌だれニンニクホルモン丼の作り方,youtube,RIAw_mlbhDY,https://www.youtube.com/watch?v=RIAw_mlbhDY,RIAw_mlbhDY,https://www.youtube.com/watch?v=RIAw_mlbhDY,だれウマ【料理研究家】,easy,ご飯・米、にんにく,semi-light,2,YouTube Data API収集,"rice,garlic",米;根菜,warm,1,1,false,true,https://i.ytimg.com/vi/RIAw_mlbhDY/maxresdefault.jpg,4.95,4.97,ややあっさり
親子丼（めんつゆで本格）の簡単な作り方【美味しいホットクックレシピ】阪下千恵,youtube,V7EPiux9xRg,https://www.youtube.com/watch?v=V7EPiux9xRg,V7EPiux9xRg,https://www.youtube.com/watch?v=V7EPiux9xRg,料理研究家 阪下千恵のBlue Terrace,easy,鶏肉、卵、ご飯・米、パスタ、ネギ、玉ねぎ、ショウガ,light,2,YouTube Data API収集,"chicken,egg,rice,pasta,green_onion,onion,ginger",鶏肉;卵;米;麺;葉物野菜;根菜,warm,4,1,true,true,https://i.ytimg.com/vi/V7EPiux9xRg/maxresdefault.jpg,4.95,4.67,あっさり
焼肉屋さんでも絶対知らない。本当に美味しい「焼き」が決め手の至高のビビンバ,youtube,9f83eJ1X7Bo,https://www.youtube.com/watch?v=9f83eJ1X7Bo,9f83eJ1X7Bo,https://www.youtube.com/watch?v=9f83eJ1X7Bo,料理研究家リュウジのバズレシピ,normal,挽肉、白身魚、卵、にら、ネギ、もやし、にんじん、にんにく、マヨネーズ,rich,4,YouTube Data API収集,"minced_meat,whitefish,egg,nira,green_onion,bean_sprouts,carrot,garlic,mayonnaise",肉類;魚介;卵;葉物野菜;根菜;チーズ・バター・マヨ系,warm,4,3,true,true,https://i.ytimg.com/vi/9f83eJ1X7Bo/sddefault.jpg,6.62,7.17,がっつり
【たった三分で出来る】この丼でズボラ飯の概念が変わる。合法生ユッケ丼,youtube,ROSategkG8Q,https://www.youtube.com/watch?v=ROSategkG8Q,ROSategkG8Q,https://www.youtube.com/watch?v=ROSategkG8Q,料理研究家リュウジのバズレシピ,easy,ハム、白身魚、卵、ご飯・米、ネギ、にんにく,semi-rich,2,YouTube Data API収集,"ham,whitefish,egg,rice,green_onion,garlic",肉類;魚介;卵;米;葉物野菜;根菜,warm,1,1,true,true,https://i.ytimg.com/vi/ROSategkG8Q/sddefault.jpg,5.55,5.33,ややがっつり
10秒で作れる！ネギマグロ丼のタレ🍣 #shots #おうちごはん,youtube,pbVCTmXO7kA,https://www.youtube.com/watch?v=pbVCTmXO7kA,pbVCTmXO7kA,https://www.youtube.com/watch?v=pbVCTmXO7kA,まみ(mami) ラクうまごはん,easy,白身魚、マグロ、ご飯・米、ネギ、にんにく,light,2,YouTube Data API収集,"whitefish,tuna_sashimi,rice,green_onion,garlic",魚介;米;葉物野菜;根菜,warm,1,1,true,true,https://i.ytimg.com/vi/pbVCTmXO7kA/maxresdefault.jpg,4.25,4.25,あっさり
【ご飯系レシピNo.1】オートミール・キャメロン・ディアス丼,youtube,SmeG5uQ16cY,https://www.youtube.com/watch?v=SmeG5uQ16cY,SmeG5uQ16cY,https://www.youtube.com/watch?v=SmeG5uQ16cY,ドムス【見るだけで痩せるチャンネル】,easy,白身魚、卵、ご飯・米、ネギ、玉ねぎ、ショウガ、バター,rich,4,YouTube Data API収集,"whitefish,egg,rice,green_onion,onion,ginger,butter",魚介;卵;米;葉物野菜;根菜;チーズ・バター・マヨ系,warm,4,1,true,true,https://i.ytimg.com/vi/SmeG5uQ16cY/maxresdefault.jpg,6.38,6.73,がっつり
背徳のとろたまチーズソーセージ丼,youtube,VF3VQ9Dseco,https://www.youtube.com/watch?v=VF3VQ9Dseco,VF3VQ9Dseco,https://www.youtube.com/watch?v=VF3VQ9Dseco,まるみキッチン【簡単レシピ】,easy,白身魚、卵、ご飯・米、にんにく、チーズ、バター,rich,4,YouTube Data API収集,"whitefish,egg,rice,garlic,cheese,butter",魚介;卵;米;根菜;チーズ・バター・マヨ系,warm,1,1,false,true,https://i.ytimg.com/vi/VF3VQ9Dseco/maxresdefault.jpg,6.92,6.95,がっつり
やる気1％で目玉焼きソーセージ丼,youtube,QekjegJMcHE,https://www.youtube.com/watch?v=QekjegJMcHE,QekjegJMcHE,https://www.youtube.com/watch?v=QekjegJMcHE,まるみキッチン【簡単レシピ】,easy,白身魚、卵、ご飯・米、バター,rich,4,YouTube Data API収集,"whitefish,egg,rice,butter",魚介;卵;米;チーズ・バター・マヨ系,warm,1,1,false,true,https://i.ytimg.com/vi/QekjegJMcHE/maxresdefault.jpg,7.38,7.23,がっつり
【ごはん作りたくないときに！】ツナたま丼！#ツナ #卵 #丼,youtube,PntCV8mV9oM,https://www.youtube.com/watch?v=PntCV8mV9oM,PntCV8mV9oM,https://www.youtube.com/watch?v=PntCV8mV9oM,macaroni | マカロニ,easy,ツナ、卵、ご飯・米,semi-light,2,YouTube Data API収集,"canned_tuna,egg,rice",魚介;卵;米,warm,1,1,false,true,https://i.ytimg.com/vi/PntCV8mV9oM/maxresdefault.jpg,5.3,4.78,ややあっさり
スーパーのトンカツで作るカツ丼の作り方 #イチカツ #レシピ #料理動画 #カツ丼,youtube,8wTPkv7lXds,https://www.youtube.com/watch?v=8wTPkv7lXds,8wTPkv7lXds,https://www.youtube.com/watch?v=8wTPkv7lXds,イチカツ料理チャンネル,easy,ご飯・米,rich,5,YouTube Data API収集,rice,米,warm,1,1,false,true,https://i.ytimg.com/vi/8wTPkv7lXds/maxresdefault.jpg,6.0,7.1,がっつり
【5分で挑戦】アボカドとマグロのユッケ丼の作り方｜21時の自分めし vol.31【火を使わない】,youtube,p5M212MO7gI,https://www.youtube.com/watch?v=p5M212MO7gI,p5M212MO7gI,https://www.youtube.com/watch?v=p5M212MO7gI,デリッシュキッチン,easy,マグロ、卵、ご飯・米、にんにく,light,2,YouTube Data API収集,"tuna_sashimi,egg,rice,garlic",魚介;卵;米;根菜,warm,1,1,false,true,https://i.ytimg.com/vi/p5M212MO7gI/maxresdefault.jpg,4.95,4.57,あっさり
やる気1%でごろごろサーモンユッケ丼,youtube,dkVB6gkTZhc,https://www.youtube.com/watch?v=dkVB6gkTZhc,dkVB6gkTZhc,https://www.youtube.com/watch?v=dkVB6gkTZhc,まるみキッチン【簡単レシピ】,easy,サケ、白身魚、卵、ご飯・米,semi-light,2,YouTube Data API収集,"salmon,whitefish,egg,rice",魚介;卵;米,warm,1,1,false,true,https://i.ytimg.com/vi/dkVB6gkTZhc/maxresdefault.jpg,5.3,4.78,ややあっさり
【吉野家風】基本の豚丼 #shorts #豚丼 #豚肉レシピ,youtube,tfliFl_vK9k,https://www.youtube.com/watch?v=tfliFl_vK9k,tfliFl_vK9k,https://www.youtube.com/watch?v=tfliFl_vK9k,今日何つくる,easy,豚肉、ご飯・米、ネギ、玉ねぎ、ショウガ,semi-light,2,YouTube Data API収集,"pork,rice,green_onion,onion,ginger",肉類;米;葉物野菜;根菜,warm,1,1,true,true,https://i.ytimg.com/vi/tfliFl_vK9k/maxresdefault.jpg,5.55,5.03,ややあっさり
これを食べネバ夏終われない【無限オクラ】詳しいレシピはアプリで料理名を検索♪#オクラ #やみつき #塩昆布 #夏野菜 #丼 #晩御飯 #レシピ#簡単レシピ #レシピ動画 #料理動画,youtube,fX48Os_ohFk,https://www.youtube.com/watch?v=fX48Os_ohFk,fX48Os_ohFk,https://www.youtube.com/watch?v=fX48Os_ohFk,デリッシュキッチン,easy,ご飯・米、昆布,light,2,YouTube Data API収集,"rice,kombu",米;葉物野菜,warm,1,1,false,true,https://i.ytimg.com/vi/fX48Os_ohFk/maxresdefault.jpg,4.25,4.15,あっさり
無限に米が溶けるヤバいたまご料理が爆誕しました,youtube,w5fzI-LirpM,https://www.youtube.com/watch?v=w5fzI-LirpM,w5fzI-LirpM,https://www.youtube.com/watch?v=w5fzI-LirpM,料理研究家リュウジのバズレシピ,normal,鶏肉、挽肉、白身魚、卵、ご飯・米、パスタ、ネギ、ピーマン、玉ねぎ、にんにく、チーズ、バター、小麦粉,rich,4,YouTube Data API収集,"chicken,minced_meat,whitefish,egg,rice,pasta,green_onion,bell_pepper,onion,garlic,cheese,butter,flour",鶏肉;肉類;魚介;卵;米;麺;葉物野菜;根菜;チーズ・バター・マヨ系,warm,4,3,true,true,https://i.ytimg.com/vi/w5fzI-LirpM/maxresdefault.jpg,6.81,7.29,がっつり
絶対にハマる超絶品てりたまチキン丼,youtube,s4xKK5OHI2E,https://www.youtube.com/watch?v=s4xKK5OHI2E,s4xKK5OHI2E,https://www.youtube.com/watch?v=s4xKK5OHI2E,ハマごはん【お手軽レシピ】,normal,鶏肉、白身魚、卵、ご飯・米、にんにく、マヨネーズ,rich,4,YouTube Data API収集,"chicken,whitefish,egg,rice,garlic,mayonnaise",鶏肉;魚介;卵;米;根菜;チーズ・バター・マヨ系,warm,1,1,true,true,https://i.ytimg.com/vi/s4xKK5OHI2E/maxresdefault.jpg,6.97,7.08,がっつり
【スタミナ丼】甘辛で美味しいプロの料理人の作り方,youtube,ge059ZJhfbQ,https://www.youtube.com/watch?v=ge059ZJhfbQ,ge059ZJhfbQ,https://www.youtube.com/watch?v=ge059ZJhfbQ,「一品料理」マサちゃんねる,easy,豚肉、卵、ご飯・米、ネギ、ショウガ、にんにく,semi-light,2,YouTube Data API収集,"pork,egg,rice,green_onion,ginger,garlic",肉類;卵;米;葉物野菜;根菜,warm,1,1,true,true,https://i.ytimg.com/vi/ge059ZJhfbQ/maxresdefault.jpg,5.62,5.07,ややあっさり
料理研究家、渾身の必殺ズボラ飯【わさびバターコンビーフ丼】,youtube,LVAEAPBwJa8,https://www.youtube.com/watch?v=LVAEAPBwJa8,LVAEAPBwJa8,https://www.youtube.com/watch?v=LVAEAPBwJa8,料理研究家リュウジのバズレシピ,easy,牛肉、白身魚、ご飯・米、ネギ、バター,rich,4,YouTube Data API収集,"beef,whitefish,rice,green_onion,butter",肉類;魚介;米;葉物野菜;チーズ・バター・マヨ系,warm,1,1,true,true,https://i.ytimg.com/vi/LVAEAPBwJa8/maxresdefault.jpg,7.06,7.44,がっつり
【すき家】3分で誰でもカンタンに作れるとりそぼろ丼教えます【完全再現】,youtube,Kgcq_dk8h98,https://www.youtube.com/watch?v=Kgcq_dk8h98,Kgcq_dk8h98,https://www.youtube.com/watch?v=Kgcq_dk8h98,プロ料理人あやの再現料理,easy,挽肉、白身魚、卵、ご飯・米、ネギ,semi-light,2,YouTube Data API収集,"minced_meat,whitefish,egg,rice,green_onion",肉類;魚介;卵;米;葉物野菜,warm,1,1,true,true,https://i.ytimg.com/vi/Kgcq_dk8h98/maxresdefault.jpg,5.76,5.16,ややあっさり
背徳の照りマヨサーモン丼,youtube,vQpb9fP2ShE,https://www.youtube.com/watch?v=vQpb9fP2ShE,vQpb9fP2ShE,https://www.youtube.com/watch?v=vQpb9fP2ShE,まるみキッチン【簡単レシピ】,easy,サケ、白身魚、卵、ご飯・米、ネギ、にんにく、マヨネーズ,semi-rich,4,YouTube Data API収集,"salmon,whitefish,egg,rice,green_onion,garlic,mayonnaise",魚介;卵;米;葉物野菜;根菜;チーズ・バター・マヨ系,warm,4,1,true,true,https://i.ytimg.com/vi/vQpb9fP2ShE/maxresdefault.jpg,6.38,6.63,ややがっつり
マジでフライパンで最高にウマくて香ばしい『ケバブ』丼が食えちゃいます！【魔法のケバブライス】,youtube,wTjzrGoW0qM,https://www.youtube.com/watch?v=wTjzrGoW0qM,wTjzrGoW0qM,https://www.youtube.com/watch?v=wTjzrGoW0qM,料理研究家リュウジのバズレシピ,easy,白身魚、ご飯・米、キャベツ、トマト、にんにく、マヨネーズ,rich,5,YouTube Data API収集,"whitefish,rice,cabbage,tomato,garlic,mayonnaise",魚介;米;葉物野菜;根菜;チーズ・バター・マヨ系,warm,1,1,true,true,https://i.ytimg.com/vi/wTjzrGoW0qM/sddefault.jpg,6.36,7.62,がっつり
お財布の味方💸【厚揚げの生姜焼き丼】詳しいレシピはアプリで料理名を検索♪ #厚揚げ #丼レシピ #丼 #節約レシピ #揚げ玉 #節約 #めんつゆ #料理動画 #レシピ動画 #簡単レシピ,youtube,gJ3OzMYWNJw,https://www.youtube.com/watch?v=gJ3OzMYWNJw,gJ3OzMYWNJw,https://www.youtube.com/watch?v=gJ3OzMYWNJw,デリッシュキッチン,easy,厚揚げ、ご飯・米、ネギ、ショウガ,semi-rich,5,YouTube Data API収集,"atsuage,rice,green_onion,ginger",豆腐・大豆系;米;葉物野菜;根菜,warm,1,1,true,true,https://i.ytimg.com/vi/gJ3OzMYWNJw/maxresdefault.jpg,4.07,5.84,ややがっつり
【ホットクックで簡単！】絶対に失敗しない牛丼の作り方｜レシピ,youtube,397XQX8bYJQ,https://www.youtube.com/watch?v=397XQX8bYJQ,397XQX8bYJQ,https://www.youtube.com/watch?v=397XQX8bYJQ,小原正子,easy,ご飯・米,semi-rich,2,YouTube Data API収集,rice,米,warm,1,1,false,true,https://i.ytimg.com/vi/397XQX8bYJQ/maxresdefault.jpg,6.0,5.3,ややがっつり
スーパーのサーモンが合法的に100倍美味しくなる究極の漬けダレ教えます #shorts,youtube,SqKS3l3-iJA,https://www.youtube.com/watch?v=SqKS3l3-iJA,SqKS3l3-iJA,https://www.youtube.com/watch?v=SqKS3l3-iJA,料理研究家リュウジのバズレシピ,normal,サケ、白身魚,light,2,YouTube Data API収集,"salmon,whitefish",魚介,cold,3,2,false,true,https://i.ytimg.com/vi/SqKS3l3-iJA/maxresdefault.jpg,4.0,4.4,あっさり
【一食100円】マジでこれうなぎ屋さんキレんだろ丼#shorts #リュウジ #うなぎ #うな丼 #レシピ #料理 #バズレシピ,youtube,rHtNwUI6LUg,https://www.youtube.com/watch?v=rHtNwUI6LUg,rHtNwUI6LUg,https://www.youtube.com/watch?v=rHtNwUI6LUg,料理研究家リュウジのバズレシピ,easy,白身魚、貝、豆腐、ご飯・米、パスタ,semi-light,2,YouTube Data API収集,"whitefish,shellfish,tofu,rice,pasta",魚介;豆腐・大豆系;米;麺,warm,1,1,false,true,https://i.ytimg.com/vi/rHtNwUI6LUg/maxresdefault.jpg,5.12,5.07,ややあっさり
ラーメンショップ再現『ネギ丼』作り方。【レシピ】【おうち麺】【飯テロ】,youtube,y5llwVQwN3s,https://www.youtube.com/watch?v=y5llwVQwN3s,y5llwVQwN3s,https://www.youtube.com/watch?v=y5llwVQwN3s,休日おうち外食,slow,ベーコン、白身魚、ご飯・米、ラーメン、ネギ、ショウガ、チーズ,rich,4,YouTube Data API収集,"bacon,whitefish,rice,ramen,green_onion,ginger,cheese",肉類;魚介;米;麺;葉物野菜;根菜;チーズ・バター・マヨ系,warm,4,1,true,true,https://i.ytimg.com/vi/y5llwVQwN3s/sddefault.jpg,6.8,6.98,がっつり
【ウインナー丼】焼肉屋が作る禁断のレシピがうますぎる #shorts,youtube,WaQMvydBYzI,https://www.youtube.com/watch?v=WaQMvydBYzI,WaQMvydBYzI,https://www.youtube.com/watch?v=WaQMvydBYzI,ホルモンしま田,easy,ご飯・米,semi-rich,2,YouTube Data API収集,rice,米,warm,1,1,false,true,https://i.ytimg.com/vi/WaQMvydBYzI/maxresdefault.jpg,6.0,5.3,ややがっつり
【完全再現】吉野家潰す気か牛丼,youtube,HSDRA6MrwmA,https://www.youtube.com/watch?v=HSDRA6MrwmA,HSDRA6MrwmA,https://www.youtube.com/watch?v=HSDRA6MrwmA,料理研究家リュウジのバズレシピ,easy,牛肉、鶏肉、白身魚、ご飯・米、パスタ、ネギ、玉ねぎ、昆布、ショウガ、にんにく,semi-rich,2,YouTube Data API収集,"beef,chicken,whitefish,rice,pasta,green_onion,onion,kombu,ginger,garlic",肉類;鶏肉;魚介;米;麺;葉物野菜;根菜,warm,4,1,true,true,https://i.ytimg.com/vi/HSDRA6MrwmA/maxresdefault.jpg,5.8,5.48,ややがっつり
吉野家の牛丼完全再現への道,youtube,Q2SerDlo1YA,https://www.youtube.com/watch?v=Q2SerDlo1YA,Q2SerDlo1YA,https://www.youtube.com/watch?v=Q2SerDlo1YA,すいじば SUIJIBA,easy,卵、ご飯・米,semi-light,2,YouTube Data API収集,"egg,rice",卵;米,warm,1,1,false,true,https://i.ytimg.com/vi/Q2SerDlo1YA/maxresdefault.jpg,5.65,5.09,ややあっさり
究極のワンパンレシピ！目玉焼きチーズミンチ,youtube,oBzlc1MKa1w,https://www.youtube.com/watch?v=oBzlc1MKa1w,oBzlc1MKa1w,https://www.youtube.com/watch?v=oBzlc1MKa1w,ハマごはん【お手軽レシピ】,easy,挽肉、白身魚、卵、にんにく、チーズ,rich,4,YouTube Data API収集,"minced_meat,whitefish,egg,garlic,cheese",肉類;魚介;卵;根菜;チーズ・バター・マヨ系,warm,3,2,false,true,https://i.ytimg.com/vi/oBzlc1MKa1w/maxresdefault.jpg,7.2,7.22,がっつり
給食で大人気のもずく丼ってどんな味？,youtube,Uah1fQTqB0A,https://www.youtube.com/watch?v=Uah1fQTqB0A,Uah1fQTqB0A,https://www.youtube.com/watch?v=Uah1fQTqB0A,あおいの給食室🔪,easy,豚肉、挽肉、白身魚、ご飯・米、ネギ、ピーマン、玉ねぎ、にんじん、コーン缶、ショウガ,semi-light,2,YouTube Data API収集,"pork,minced_meat,whitefish,rice,green_onion,bell_pepper,onion,carrot,corn,ginger",肉類;魚介;米;葉物野菜;根菜,warm,4,1,true,true,https://i.ytimg.com/vi/Uah1fQTqB0A/maxresdefault.jpg,5.48,4.99,ややあっさり
【ご飯に合いすぎるｗｗ】すた丼を再現してみた！,youtube,PBglt6NhX_E,https://www.youtube.com/watch?v=PBglt6NhX_E,PBglt6NhX_E,https://www.youtube.com/watch?v=PBglt6NhX_E,おっくんの宅飲みグルメ,easy,ご飯・米,semi-rich,2,YouTube Data API収集,rice,米,warm,1,1,false,true,https://i.ytimg.com/vi/PBglt6NhX_E/maxresdefault.jpg,6.0,5.3,ややがっつり
【男飯】本当に美味しいマルチョウのシロコロホルモン丼の作り方,youtube,hetH4NUoDQc,https://www.youtube.com/watch?v=hetH4NUoDQc,hetH4NUoDQc,https://www.youtube.com/watch?v=hetH4NUoDQc,かっつ飯TV【居酒屋料理専門チャンネル】,easy,卵、ご飯・米、にんにく,semi-light,2,YouTube Data API収集,"egg,rice,garlic",卵;米;根菜,warm,1,1,false,true,https://i.ytimg.com/vi/hetH4NUoDQc/maxresdefault.jpg,5.07,4.74,ややあっさり
懐かしの給食！ビビンバの作り方,youtube,1lpo050lXy4,https://www.youtube.com/watch?v=1lpo050lXy4,1lpo050lXy4,https://www.youtube.com/watch?v=1lpo050lXy4,あおいの給食室🔪,easy,豚肉、挽肉、白身魚、ほうれん草、もやし、にんじん、にんにく,semi-light,2,YouTube Data API収集,"pork,minced_meat,whitefish,spinach,bean_sprouts,carrot,garlic",肉類;魚介;葉物野菜;根菜,warm,4,3,true,true,https://i.ytimg.com/vi/1lpo050lXy4/maxresdefault.jpg,5.2,4.82,ややあっさり
【悪魔のチーズメルトソーセージ丼】,youtube,C_SNyKS4xl4,https://www.youtube.com/watch?v=C_SNyKS4xl4,C_SNyKS4xl4,https://www.youtube.com/watch?v=C_SNyKS4xl4,まるみキッチン【簡単レシピ】,easy,白身魚、ご飯・米、にんにく、チーズ、バター,rich,4,YouTube Data API収集,"whitefish,rice,garlic,cheese,butter",魚介;米;根菜;チーズ・バター・マヨ系,warm,1,1,false,true,https://i.ytimg.com/vi/C_SNyKS4xl4/maxresdefault.jpg,7.02,7.01,がっつり
やみつき納豆ごはんの作り方【ミツカン公式】,youtube,kS3GSa1L-L0,https://www.youtube.com/watch?v=kS3GSa1L-L0,kS3GSa1L-L0,https://www.youtube.com/watch?v=kS3GSa1L-L0,ミツカン公式チャンネル,normal,卵、ネギ,light,2,YouTube Data API収集,"egg,green_onion",卵;葉物野菜,warm,3,2,true,true,https://i.ytimg.com/vi/kS3GSa1L-L0/maxresdefault.jpg,3.6,3.86,あっさり
とまらない味わい！最強ガーリックバター豚丼,youtube,V25jsOnEs1U,https://www.youtube.com/watch?v=V25jsOnEs1U,V25jsOnEs1U,https://www.youtube.com/watch?v=V25jsOnEs1U,ハマごはん【お手軽レシピ】,easy,豚肉、白身魚、卵、ご飯・米、にんにく、バター,rich,4,YouTube Data API収集,"pork,whitefish,egg,rice,garlic,butter",肉類;魚介;卵;米;根菜;チーズ・バター・マヨ系,warm,1,1,true,true,https://i.ytimg.com/vi/V25jsOnEs1U/maxresdefault.jpg,7.2,7.22,がっつり
スーパーの値引きされたトンカツで絶品ズボラカツ丼,youtube,y3orqlR3f4o,https://www.youtube.com/watch?v=y3orqlR3f4o,y3orqlR3f4o,https://www.youtube.com/watch?v=y3orqlR3f4o,ハマごはん【お手軽レシピ】,easy,白身魚、卵、ご飯・米、ネギ、玉ねぎ,semi-rich,5,YouTube Data API収集,"whitefish,egg,rice,green_onion,onion",魚介;卵;米;葉物野菜;根菜,warm,1,1,true,true,https://i.ytimg.com/vi/y3orqlR3f4o/maxresdefault.jpg,4.46,6.18,ややがっつり
㊗️150万再生 10分で作れて旨すぎる牛丼,youtube,di6M_tovENc,https://www.youtube.com/watch?v=di6M_tovENc,di6M_tovENc,https://www.youtube.com/watch?v=di6M_tovENc,家政夫ミツキの10分作りおき,easy,ご飯・米,semi-rich,2,YouTube Data API収集,rice,米,warm,1,1,false,true,https://i.ytimg.com/vi/di6M_tovENc/maxresdefault.jpg,6.0,5.3,ややがっつり
煮込んだ分だけ美味すぎる豚こましぐれ煮丼,youtube,QpT2CS2aUt0,https://www.youtube.com/watch?v=QpT2CS2aUt0,QpT2CS2aUt0,https://www.youtube.com/watch?v=QpT2CS2aUt0,ハマごはん【お手軽レシピ】,easy,豚肉、白身魚、ご飯・米、ネギ、玉ねぎ、ショウガ,light,1,YouTube Data API収集,"pork,whitefish,rice,green_onion,onion,ginger",肉類;魚介;米;葉物野菜;根菜,warm,1,1,true,true,https://i.ytimg.com/vi/QpT2CS2aUt0/maxresdefault.jpg,5.48,4.39,あっさり
背徳のチーズソーセージタッカルビ丼,youtube,auUXkW3N-KA,https://www.youtube.com/watch?v=auUXkW3N-KA,auUXkW3N-KA,https://www.youtube.com/watch?v=auUXkW3N-KA,まるみキッチン【簡単レシピ】,easy,白身魚、ご飯・米、にんにく、チーズ,rich,4,YouTube Data API収集,"whitefish,rice,garlic,cheese",魚介;米;根菜;チーズ・バター・マヨ系,warm,1,1,false,true,https://i.ytimg.com/vi/auUXkW3N-KA/maxresdefault.jpg,7.02,7.01,がっつり
ウィンナーと卵さえあればできる最強に旨いウィンナー丼,youtube,u2jz_E55P8Y,https://www.youtube.com/watch?v=u2jz_E55P8Y,u2jz_E55P8Y,https://www.youtube.com/watch?v=u2jz_E55P8Y,だれウマ【料理研究家】,easy,卵、ご飯・米、にんにく、バター,rich,4,YouTube Data API収集,"egg,rice,garlic,butter",卵;米;根菜;チーズ・バター・マヨ系,warm,1,1,false,true,https://i.ytimg.com/vi/u2jz_E55P8Y/maxresdefault.jpg,7.2,7.52,がっつり
1番美味しい親子丼の作り方はこれ！🐥 #簡単レシピ #料理 #cooking,youtube,rzZk1zZOluY,https://www.youtube.com/watch?v=rzZk1zZOluY,rzZk1zZOluY,https://www.youtube.com/watch?v=rzZk1zZOluY,Hideka cooking,easy,ご飯・米,semi-rich,2,YouTube Data API収集,rice,米,warm,1,1,false,true,https://i.ytimg.com/vi/rzZk1zZOluY/maxresdefault.jpg,6.0,5.3,ややがっつり
【ネギトロ】もう市販品に戻れない！サクから作るふわふわネギトロ丼！,youtube,1IeQEyJxXeY,https://www.youtube.com/watch?v=1IeQEyJxXeY,1IeQEyJxXeY,https://www.youtube.com/watch?v=1IeQEyJxXeY,オリーブオイルをひとまわし / オリひと,easy,ご飯・米、ネギ,light,2,YouTube Data API収集,"rice,green_onion",米;葉物野菜,warm,1,1,true,true,https://i.ytimg.com/vi/1IeQEyJxXeY/maxresdefault.jpg,4.25,4.25,あっさり
食材は卵だけ。3分で絶望してしまうほどウマい『究極のたまご丼』の作り方,youtube,W1LSRydYpgE,https://www.youtube.com/watch?v=W1LSRydYpgE,W1LSRydYpgE,https://www.youtube.com/watch?v=W1LSRydYpgE,だれウマ【料理研究家】,easy,卵、ご飯・米、バター、マヨネーズ,rich,4,YouTube Data API収集,"egg,rice,butter,mayonnaise",卵;米;チーズ・バター・マヨ系,warm,1,1,false,true,https://i.ytimg.com/vi/W1LSRydYpgE/maxresdefault.jpg,7.9,7.94,がっつり
なす味噌丼🧑🏻‍🍳🍆#簡単レシピ #給食 #茄子 #丼 #幼児食 #shorts,youtube,9BAa_E8b2vU,https://www.youtube.com/watch?v=9BAa_E8b2vU,9BAa_E8b2vU,https://www.youtube.com/watch?v=9BAa_E8b2vU,給食の先生ゆりまま,easy,挽肉、白身魚、ご飯・米、なす、ピーマン、ショウガ,semi-light,2,YouTube Data API収集,"minced_meat,whitefish,rice,eggplant,bell_pepper,ginger",肉類;魚介;米;葉物野菜;根菜,warm,1,1,true,true,https://i.ytimg.com/vi/9BAa_E8b2vU/maxresdefault.jpg,5.48,4.99,ややあっさり
プロのアドバイス満載！絶品中華丼レシピ｜クラシル #shorts,youtube,VmX2T8jMrgw,https://www.youtube.com/watch?v=VmX2T8jMrgw,VmX2T8jMrgw,https://www.youtube.com/watch?v=VmX2T8jMrgw,Kurashiru [クラシル],easy,ご飯・米,semi-light,2,YouTube Data API収集,rice,米,warm,1,1,false,true,https://i.ytimg.com/vi/VmX2T8jMrgw/maxresdefault.jpg,6.0,5.2,ややあっさり
Pork Bowl 甘辛豚丼の作り方 #pork #豚丼 #shorts,youtube,l4hevn3vEEU,https://www.youtube.com/watch?v=l4hevn3vEEU,l4hevn3vEEU,https://www.youtube.com/watch?v=l4hevn3vEEU,料理研究家ゆかりのおうちで簡単レシピ / Yukari's Kitchen,easy,豚肉、鶏肉、白身魚、卵、ご飯・米、ネギ、玉ねぎ、ショウガ,semi-light,2,YouTube Data API収集,"pork,chicken,whitefish,egg,rice,green_onion,onion,ginger",肉類;鶏肉;魚介;卵;米;葉物野菜;根菜,warm,4,1,true,true,https://i.ytimg.com/vi/l4hevn3vEEU/maxresdefault.jpg,5.7,5.02,ややあっさり
かつ丼 卵とじ 専用鍋不要フライパンでOK コツをしっかり説明簡単レシピ カツ丼の作り方,youtube,7MZrDXzQpMI,https://www.youtube.com/watch?v=7MZrDXzQpMI,7MZrDXzQpMI,https://www.youtube.com/watch?v=7MZrDXzQpMI,みんなのごはん堂,easy,豚肉、白身魚、卵、ご飯・米、ネギ、玉ねぎ,rich,5,YouTube Data API収集,"pork,whitefish,egg,rice,green_onion,onion",肉類;魚介;卵;米;葉物野菜;根菜,warm,1,1,true,true,https://i.ytimg.com/vi/7MZrDXzQpMI/sddefault.jpg,5.55,6.83,がっつり
【200万回再生人気レシピ】材料3つでお店の味に！牛肉がトロットロやわらか！超王道牛丼の作り方,youtube,KZotqeFbr5s,https://www.youtube.com/watch?v=KZotqeFbr5s,KZotqeFbr5s,https://www.youtube.com/watch?v=KZotqeFbr5s,Koh Kentetsu Kitchen【料理研究家コウケンテツ公式チャンネル】,easy,牛肉、ご飯・米、ネギ、レタス、玉ねぎ、ショウガ,semi-light,2,YouTube Data API収集,"beef,rice,green_onion,lettuce,onion,ginger",肉類;米;葉物野菜;根菜,warm,1,1,true,true,https://i.ytimg.com/vi/KZotqeFbr5s/maxresdefault.jpg,5.55,5.03,ややあっさり
卵は3つをのっけ丼,youtube,_79ETqvuc_I,https://www.youtube.com/watch?v=_79ETqvuc_I,_79ETqvuc_I,https://www.youtube.com/watch?v=_79ETqvuc_I,まみ(mami) ラクうまごはん,easy,卵、ご飯・米,semi-light,2,YouTube Data API収集,"egg,rice",卵;米,warm,1,1,false,true,https://i.ytimg.com/vi/_79ETqvuc_I/maxresdefault.jpg,5.65,5.09,ややあっさり
究極のたまご丼はこれ,youtube,u6MZFPo6kpQ,https://www.youtube.com/watch?v=u6MZFPo6kpQ,u6MZFPo6kpQ,https://www.youtube.com/watch?v=u6MZFPo6kpQ,まみ(mami) ラクうまごはん,easy,卵、ご飯・米,semi-light,2,YouTube Data API収集,"egg,rice",卵;米,warm,1,1,false,true,https://i.ytimg.com/vi/u6MZFPo6kpQ/maxresdefault.jpg,5.65,5.09,ややあっさり
飯テロにも程がある🤤「夢中豚バラ」詳しいレシピは概要欄でチェック！ #豚バラ #豚バラ 豚バラレシピ #豚肉,youtube,ZlTyXY83Ww0,https://www.youtube.com/watch?v=ZlTyXY83Ww0,ZlTyXY83Ww0,https://www.youtube.com/watch?v=ZlTyXY83Ww0,デリッシュキッチン,easy,豚肉、白身魚、ネギ、にんにく,semi-light,2,YouTube Data API収集,"pork,whitefish,green_onion,garlic",肉類;魚介;葉物野菜;根菜,warm,3,2,true,true,https://i.ytimg.com/vi/ZlTyXY83Ww0/maxresdefault.jpg,5.2,4.72,ややあっさり
簡単玉子丼の作り方！,youtube,fRGJjmbw1SE,https://www.youtube.com/watch?v=fRGJjmbw1SE,fRGJjmbw1SE,https://www.youtube.com/watch?v=fRGJjmbw1SE,けんますクッキング,easy,白身魚、卵、ご飯・米、にら、ネギ、玉ねぎ,light,2,YouTube Data API収集,"whitefish,egg,rice,nira,green_onion,onion",魚介;卵;米;葉物野菜;根菜,warm,1,1,true,true,https://i.ytimg.com/vi/fRGJjmbw1SE/hqdefault.jpg,4.46,4.38,あっさり
悪魔のてりたまソーセージ丼,youtube,N35aiYfJWes,https://www.youtube.com/watch?v=N35aiYfJWes,N35aiYfJWes,https://www.youtube.com/watch?v=N35aiYfJWes,まるみキッチン【簡単レシピ】,easy,白身魚、卵、ご飯・米、マヨネーズ,rich,4,YouTube Data API収集,"whitefish,egg,rice,mayonnaise",魚介;卵;米;チーズ・バター・マヨ系,warm,1,1,false,true,https://i.ytimg.com/vi/N35aiYfJWes/maxresdefault.jpg,7.38,7.23,がっつり
フライパン一発で3色そぼろ丼🍚✨ #簡単レシピ #胃袋泥棒レシピ,youtube,2sqyZhgGIWY,https://www.youtube.com/watch?v=2sqyZhgGIWY,2sqyZhgGIWY,https://www.youtube.com/watch?v=2sqyZhgGIWY,maki | 今日の時短レシピ,easy,ご飯・米,rich,5,YouTube Data API収集,rice,米,warm,1,1,false,true,https://i.ytimg.com/vi/2sqyZhgGIWY/maxresdefault.jpg,6.0,7.1,がっつり
【胃袋を掴む】ふわとろ親子丼 #おうちごはん #簡単レシピ,youtube,RSjX616xPkM,https://www.youtube.com/watch?v=RSjX616xPkM,RSjX616xPkM,https://www.youtube.com/watch?v=RSjX616xPkM,Hideka cooking,easy,ご飯・米,semi-rich,2,YouTube Data API収集,rice,米,warm,1,1,false,true,https://i.ytimg.com/vi/RSjX616xPkM/maxresdefault.jpg,6.0,5.3,ややがっつり
卵とチーズで作るヤバすぎる玉子丼#卵 #簡単レシピ #丼,youtube,iUJGnDtqHl0,https://www.youtube.com/watch?v=iUJGnDtqHl0,iUJGnDtqHl0,https://www.youtube.com/watch?v=iUJGnDtqHl0,だれウマ【料理研究家】,easy,卵、ご飯・米、チーズ,rich,4,YouTube Data API収集,"egg,rice,cheese",卵;米;チーズ・バター・マヨ系,warm,1,1,false,true,https://i.ytimg.com/vi/iUJGnDtqHl0/maxresdefault.jpg,7.9,7.94,がっつり
【究極のユッケだれTKG】,youtube,fM_jTRBoR0U,https://www.youtube.com/watch?v=fM_jTRBoR0U,fM_jTRBoR0U,https://www.youtube.com/watch?v=fM_jTRBoR0U,まるみキッチン【簡単レシピ】,normal,卵,light,2,YouTube Data API収集,egg,卵,warm,3,2,false,true,https://i.ytimg.com/vi/fM_jTRBoR0U/maxresdefault.jpg,5.0,4.6,あっさり
牛丼の作り方｜おうちで簡単にお店の味！ちょっと一手間で激ウマに仕上がる絶品牛丼レシピ！旨味たっぷりで最後の一口まで大満足！-How to make【料理研究家ゆかり】,youtube,u3_dLqrWRuE,https://www.youtube.com/watch?v=u3_dLqrWRuE,u3_dLqrWRuE,https://www.youtube.com/watch?v=u3_dLqrWRuE,料理研究家ゆかりのおうちで簡単レシピ / Yukari's Kitchen,easy,牛肉、豚肉、白身魚、卵、ご飯・米、napa_cabbage、ネギ、玉ねぎ、ショウガ,semi-light,2,YouTube Data API収集,"beef,pork,whitefish,egg,rice,napa_cabbage,green_onion,onion,ginger",肉類;魚介;卵;米;葉物野菜;根菜,warm,4,1,true,true,https://i.ytimg.com/vi/u3_dLqrWRuE/maxresdefault.jpg,5.55,4.93,ややあっさり
洗い物も少ないし、生焼けの心配もない「食べたらハンバーグ丼」 詳しいレシピは概要欄をチェック！ #ハンバーグ #丼レシピ #昼ごはん,youtube,WEh1wMBq7rE,https://www.youtube.com/watch?v=WEh1wMBq7rE,WEh1wMBq7rE,https://www.youtube.com/watch?v=WEh1wMBq7rE,デリッシュキッチン,easy,白身魚、卵、ご飯・米、ネギ、玉ねぎ,light,2,YouTube Data API収集,"whitefish,egg,rice,green_onion,onion",魚介;卵;米;葉物野菜;根菜,warm,1,1,true,true,https://i.ytimg.com/vi/WEh1wMBq7rE/maxresdefault.jpg,4.46,4.28,あっさり
【㊗️500万回再生‼️】【牛丼ってここまで変わる？荏原シェフの技で普通の肉でもプロの味に】｜#クラシル #shorts,youtube,4d-Z3-BOW0U,https://www.youtube.com/watch?v=4d-Z3-BOW0U,4d-Z3-BOW0U,https://www.youtube.com/watch?v=4d-Z3-BOW0U,Kurashiru [クラシル],easy,ご飯・米、ネギ、玉ねぎ,light,2,YouTube Data API収集,"rice,green_onion,onion",米;葉物野菜;根菜,warm,1,1,true,true,https://i.ytimg.com/vi/4d-Z3-BOW0U/maxresdefault.jpg,4.13,4.08,あっさり
子供ウケ抜群【だしあん卵丼】🍳 #たまごレシピ #たまご料理 #卵レシピ #卵料理 #丼レシピ,youtube,QEZJpYiT7CI,https://www.youtube.com/watch?v=QEZJpYiT7CI,QEZJpYiT7CI,https://www.youtube.com/watch?v=QEZJpYiT7CI,える パパッと作れるパパ飯,easy,白身魚、卵、ご飯・米、ネギ,light,2,YouTube Data API収集,"whitefish,egg,rice,green_onion",魚介;卵;米;葉物野菜,warm,1,1,true,true,https://i.ytimg.com/vi/QEZJpYiT7CI/maxresdefault.jpg,4.6,4.46,あっさり
うちの三姉妹で取り合いになった絶品ロコモコ丼,youtube,2AbioKh5Sd8,https://www.youtube.com/watch?v=2AbioKh5Sd8,2AbioKh5Sd8,https://www.youtube.com/watch?v=2AbioKh5Sd8,まるみキッチン【簡単レシピ】,easy,挽肉、白身魚、卵、ご飯・米、レタス、チーズ,rich,4,YouTube Data API収集,"minced_meat,whitefish,egg,rice,lettuce,cheese",肉類;魚介;卵;米;葉物野菜;チーズ・バター・マヨ系,warm,1,1,false,true,https://i.ytimg.com/vi/2AbioKh5Sd8/maxresdefault.jpg,6.97,6.98,がっつり
子供が大好きな給食の豚キムチ丼を作ってみた！,youtube,f7e6EvyVY_M,https://www.youtube.com/watch?v=f7e6EvyVY_M,f7e6EvyVY_M,https://www.youtube.com/watch?v=f7e6EvyVY_M,あおいの給食室🔪,easy,豚肉、白身魚、ご飯・米、キャベツ、にら、ネギ、玉ねぎ、にんじん、にんにく,semi-light,2,YouTube Data API収集,"pork,whitefish,rice,cabbage,nira,green_onion,onion,carrot,garlic",肉類;魚介;米;葉物野菜;根菜,warm,4,1,true,true,https://i.ytimg.com/vi/f7e6EvyVY_M/maxresdefault.jpg,5.48,4.99,ややあっさり
簡単すぎ・・・え、今から作ろうかな【ポン酢豚丼】#どんぶり#丼 #豚肉 #豚こま肉 #玉ねぎ #ポン酢 #簡単レシピ #レシピ動画,youtube,v012YMWZxnQ,https://www.youtube.com/watch?v=v012YMWZxnQ,v012YMWZxnQ,https://www.youtube.com/watch?v=v012YMWZxnQ,デリッシュキッチン,easy,豚肉、ご飯・米、ネギ、玉ねぎ、ショウガ,semi-light,2,YouTube Data API収集,"pork,rice,green_onion,onion,ginger",肉類;米;葉物野菜;根菜,warm,1,1,true,true,https://i.ytimg.com/vi/v012YMWZxnQ/maxresdefault.jpg,5.55,4.93,ややあっさり
胃袋掴む！鶏の照りたま丼【ふわとろ半熟卵と照り焼きチキン】,youtube,uwSdRWstL14,https://www.youtube.com/watch?v=uwSdRWstL14,uwSdRWstL14,https://www.youtube.com/watch?v=uwSdRWstL14,chii【ちはる姉さん】らくチン美味いごはんとおやつ🥣,easy,鶏肉、卵、ご飯・米,semi-rich,3,YouTube Data API収集,"chicken,egg,rice",鶏肉;卵;米,warm,1,1,true,true,https://i.ytimg.com/vi/uwSdRWstL14/maxresdefault.jpg,5.77,5.76,ややがっつり
今度から親子丼これでもいいかも【とろとろ親子丼】詳しいレシピは概要欄をチェック！#親子丼 #ひき肉 #鶏肉 #昼ごはん #ワンパン #晩ごはん#簡単レシピ #レシピ動画 #料理動画,youtube,WvI-Pb5XxNs,https://www.youtube.com/watch?v=WvI-Pb5XxNs,WvI-Pb5XxNs,https://www.youtube.com/watch?v=WvI-Pb5XxNs,デリッシュキッチン,easy,鶏肉、挽肉、白身魚、卵、ご飯・米、ネギ、ショウガ,semi-light,2,YouTube Data API収集,"chicken,minced_meat,whitefish,egg,rice,green_onion,ginger",鶏肉;肉類;魚介;卵;米;葉物野菜;根菜,warm,4,1,true,true,https://i.ytimg.com/vi/WvI-Pb5XxNs/maxresdefault.jpg,5.7,5.02,ややあっさり
究極の親子丼の作り方☆卵が半熟とろとろ濃厚！お肉も柔らかジューシー！おうちでも簡単にお店のように美味しく作るコツをご紹介します♪-How to make Oyakodon-【料理研究家ゆかり】,youtube,bjFKhfW4aVg,https://www.youtube.com/watch?v=bjFKhfW4aVg,bjFKhfW4aVg,https://www.youtube.com/watch?v=bjFKhfW4aVg,料理研究家ゆかりのおうちで簡単レシピ / Yukari's Kitchen,easy,鶏肉、白身魚、卵、ご飯・米、ネギ、なす,light,2,YouTube Data API収集,"chicken,whitefish,egg,rice,green_onion,eggplant",鶏肉;魚介;卵;米;葉物野菜,warm,1,1,true,true,https://i.ytimg.com/vi/bjFKhfW4aVg/maxresdefault.jpg,4.88,4.53,あっさり
焼肉屋超え🍳豚バラネギ塩丼,youtube,DynqwIPe8dI,https://www.youtube.com/watch?v=DynqwIPe8dI,DynqwIPe8dI,https://www.youtube.com/watch?v=DynqwIPe8dI,ゆっこ⌇調理師ママのラクうまごはん,easy,豚肉、白身魚、ご飯・米、ネギ、にんにく,semi-light,2,YouTube Data API収集,"pork,whitefish,rice,green_onion,garlic",肉類;魚介;米;葉物野菜;根菜,warm,1,1,true,true,https://i.ytimg.com/vi/DynqwIPe8dI/maxresdefault.jpg,5.48,4.99,ややあっさり
ご飯泥棒！ささみユッケ風丼が美味しすぎた🤤🍚 #簡単レシピ #自炊,youtube,a5yZhOVqle8,https://www.youtube.com/watch?v=a5yZhOVqle8,a5yZhOVqle8,https://www.youtube.com/watch?v=a5yZhOVqle8,Hideka cooking,easy,鶏肉、ご飯・米,semi-rich,2,YouTube Data API収集,"chicken,rice",鶏肉;米,warm,1,1,true,true,https://i.ytimg.com/vi/a5yZhOVqle8/maxresdefault.jpg,6.0,5.3,ややがっつり
ちくわで最高に旨すぎる丼作れます,youtube,PfOVD47JN4w,https://www.youtube.com/watch?v=PfOVD47JN4w,PfOVD47JN4w,https://www.youtube.com/watch?v=PfOVD47JN4w,だれウマ【料理研究家】,easy,ご飯・米、バター,rich,4,YouTube Data API収集,"rice,butter",米;チーズ・バター・マヨ系,warm,1,1,false,true,https://i.ytimg.com/vi/PfOVD47JN4w/maxresdefault.jpg,8.6,8.36,がっつり
【野永シェフの特製・他人丼レシピ】｜#クラシル #shorts,youtube,B0Uzvr92B44,https://www.youtube.com/watch?v=B0Uzvr92B44,B0Uzvr92B44,https://www.youtube.com/watch?v=B0Uzvr92B44,Kurashiru [クラシル],easy,ご飯・米,semi-light,2,YouTube Data API収集,rice,米,warm,1,1,false,true,https://i.ytimg.com/vi/B0Uzvr92B44/maxresdefault.jpg,6.0,5.2,ややあっさり
某有名チェーン店の牛丼を再現してみた【笠野家の牛丼】,youtube,TgBD15J7zmk,https://www.youtube.com/watch?v=TgBD15J7zmk,TgBD15J7zmk,https://www.youtube.com/watch?v=TgBD15J7zmk,【賛否両論】笠原将弘の料理のほそ道,easy,牛肉、白身魚、卵、ご飯・米、ネギ、玉ねぎ、昆布、ショウガ,semi-light,2,YouTube Data API収集,"beef,whitefish,egg,rice,green_onion,onion,kombu,ginger",肉類;魚介;卵;米;葉物野菜;根菜,warm,4,1,true,true,https://i.ytimg.com/vi/TgBD15J7zmk/maxresdefault.jpg,5.55,5.03,ややあっさり
牛と卵の他人丼《牛とじ丼》#shorts #簡単レシピ,youtube,WjT-30BO39A,https://www.youtube.com/watch?v=WjT-30BO39A,WjT-30BO39A,https://www.youtube.com/watch?v=WjT-30BO39A,はらぺ子のママ,easy,卵、ご飯・米,semi-light,2,YouTube Data API収集,"egg,rice",卵;米,warm,1,1,false,true,https://i.ytimg.com/vi/WjT-30BO39A/maxresdefault.jpg,5.65,5.09,ややあっさり
『技術は不要』ちょっとずつ余った野菜達こそ最高の食材です。家庭で作る中華丼の作り方,youtube,B9MiMjR-iR0,https://www.youtube.com/watch?v=B9MiMjR-iR0,B9MiMjR-iR0,https://www.youtube.com/watch?v=B9MiMjR-iR0,食事処さくらの料理教室,easy,豚肉、卵、ご飯・米、napa_cabbage、小松菜、ネギ、玉ねぎ、にんじん、しめじ、ショウガ,semi-light,2,YouTube Data API収集,"pork,egg,rice,napa_cabbage,komatsuna,green_onion,onion,carrot,shimeji,ginger",肉類;卵;米;葉物野菜;根菜;きのこ,warm,4,1,true,true,https://i.ytimg.com/vi/B9MiMjR-iR0/maxresdefault.jpg,5.32,4.89,ややあっさり
料理人歴23年、今までこの作り方知らなかったのが悔しいです,youtube,nLllKqYdQ9c,https://www.youtube.com/watch?v=nLllKqYdQ9c,nLllKqYdQ9c,https://www.youtube.com/watch?v=nLllKqYdQ9c,飲食店独立学校 /こうせい校長,normal,豆腐、ネギ、ショウガ,light,2,YouTube Data API収集,"tofu,green_onion,ginger",豆腐・大豆系;葉物野菜;根菜,warm,3,2,true,true,https://i.ytimg.com/vi/nLllKqYdQ9c/maxresdefault.jpg,2.53,3.22,あっさり
鶏肉なしでこの美味しさ!【玉ねぎと卵だけ!のたまご丼】の作り方/王道の甘じょっばい味がいい♪,youtube,bUrAt9QylSs,https://www.youtube.com/watch?v=bUrAt9QylSs,bUrAt9QylSs,https://www.youtube.com/watch?v=bUrAt9QylSs,つぶあんの簡単ゆったりクッキング,easy,鶏肉、白身魚、卵、ご飯・米、ネギ、玉ねぎ,light,2,YouTube Data API収集,"chicken,whitefish,egg,rice,green_onion,onion",鶏肉;魚介;卵;米;葉物野菜;根菜,warm,1,1,true,true,https://i.ytimg.com/vi/bUrAt9QylSs/maxresdefault.jpg,4.72,4.43,あっさり
答えは0:07秒あたりを見てね【卵だけあんかけ丼】丁寧に工程を見たい人はアプリで検索♪#卵 #たまご #丼 #丼飯 #あんかけ #中華料理 #天津飯 #簡単レシピ #レシピ動画 #料理動画,youtube,1hiR6Wsb2E0,https://www.youtube.com/watch?v=1hiR6Wsb2E0,1hiR6Wsb2E0,https://www.youtube.com/watch?v=1hiR6Wsb2E0,デリッシュキッチン,easy,卵、ご飯・米、ネギ、ショウガ、マヨネーズ,semi-rich,4,YouTube Data API収集,"egg,rice,green_onion,ginger,mayonnaise",卵;米;葉物野菜;根菜;チーズ・バター・マヨ系,warm,1,1,true,true,https://i.ytimg.com/vi/1hiR6Wsb2E0/maxresdefault.jpg,6.5,6.7,ややがっつり
【ルウ1個で1人前】どんぶり革命！カレー親子丼が旨すぎる！,youtube,fNTVaTGj3ag,https://www.youtube.com/watch?v=fNTVaTGj3ag,fNTVaTGj3ag,https://www.youtube.com/watch?v=fNTVaTGj3ag,めしコイズミ,easy,鶏肉、白身魚、卵、ご飯・米、ネギ、玉ねぎ,light,2,YouTube Data API収集,"chicken,whitefish,egg,rice,green_onion,onion",鶏肉;魚介;卵;米;葉物野菜;根菜,warm,1,1,true,true,https://i.ytimg.com/vi/fNTVaTGj3ag/maxresdefault.jpg,4.72,4.53,あっさり
全人類好きな味✨ネギ塩豚丼🍚♡（レシピはコメント欄に🫶）,youtube,sFdWqSj36qU,https://www.youtube.com/watch?v=sFdWqSj36qU,sFdWqSj36qU,https://www.youtube.com/watch?v=sFdWqSj36qU,ゆい▷愛する旦那さんに褒められごはん,easy,ご飯・米、ネギ,light,2,YouTube Data API収集,"rice,green_onion",米;葉物野菜,warm,1,1,true,true,https://i.ytimg.com/vi/sFdWqSj36qU/maxresdefault.jpg,4.25,4.25,あっさり
【再現！】「すた丼」お店調理のポイントをご家庭で再現する作り方 #shorts,youtube,jipO-Sr-mgQ,https://www.youtube.com/watch?v=jipO-Sr-mgQ,jipO-Sr-mgQ,https://www.youtube.com/watch?v=jipO-Sr-mgQ,ねこくら料理チャンネル ～猫と暮らしたい～,easy,豚肉、卵、ご飯・米、ネギ、にんにく,semi-light,2,YouTube Data API収集,"pork,egg,rice,green_onion,garlic",肉類;卵;米;葉物野菜;根菜,warm,1,1,true,true,https://i.ytimg.com/vi/jipO-Sr-mgQ/maxresdefault.jpg,5.62,5.07,ややあっさり
【うなぎよりウマい】なすの蒲焼き丼 #レシピ動画 #簡単レシピ #なす #なすレシピ #うなぎ #丼,youtube,8DWt9k4IW7A,https://www.youtube.com/watch?v=8DWt9k4IW7A,8DWt9k4IW7A,https://www.youtube.com/watch?v=8DWt9k4IW7A,ガンガンの料理塾,easy,ご飯・米、なす、ショウガ、小麦粉,semi-light,3,YouTube Data API収集,"rice,eggplant,ginger,flour",米;葉物野菜;根菜,warm,1,1,true,true,https://i.ytimg.com/vi/8DWt9k4IW7A/maxresdefault.jpg,4.13,4.78,ややあっさり
【サーモンとアボカドで究極のポキ丼】,youtube,H957XuaZ-Xk,https://www.youtube.com/watch?v=H957XuaZ-Xk,H957XuaZ-Xk,https://www.youtube.com/watch?v=H957XuaZ-Xk,まるみキッチン【簡単レシピ】,easy,サケ、白身魚、卵、ご飯・米、にんにく,light,2,YouTube Data API収集,"salmon,whitefish,egg,rice,garlic",魚介;卵;米;根菜,warm,1,1,false,true,https://i.ytimg.com/vi/H957XuaZ-Xk/maxresdefault.jpg,4.95,4.57,あっさり
家庭で本場の味を再現！笠原流【豚丼】の作り方,youtube,O4l3byCyEzY,https://www.youtube.com/watch?v=O4l3byCyEzY,O4l3byCyEzY,https://www.youtube.com/watch?v=O4l3byCyEzY,【賛否両論】笠原将弘の料理のほそ道,easy,豚肉、白身魚、ご飯・米、ビーフン・フォー、ネギ、ショウガ、にんにく,semi-light,2,YouTube Data API収集,"pork,whitefish,rice,rice_noodles,green_onion,ginger,garlic",肉類;魚介;米;麺;葉物野菜;根菜,warm,4,1,true,true,https://i.ytimg.com/vi/O4l3byCyEzY/maxresdefault.jpg,5.67,5.1,ややあっさり
【みんな大好き】板前が教える、親子丼の作り方！※分量はコメント欄に！#shorts,youtube,fnZfyb5exyQ,https://www.youtube.com/watch?v=fnZfyb5exyQ,fnZfyb5exyQ,https://www.youtube.com/watch?v=fnZfyb5exyQ,板前山ちゃん,easy,鶏肉、卵、ご飯・米、ネギ、玉ねぎ,light,2,YouTube Data API収集,"chicken,egg,rice,green_onion,onion",鶏肉;卵;米;葉物野菜;根菜,warm,1,1,true,true,https://i.ytimg.com/vi/fnZfyb5exyQ/maxresdefault.jpg,4.74,4.54,あっさり
作ってみて！海鮮丼 #shorts,youtube,hinEV2pGPVQ,https://www.youtube.com/watch?v=hinEV2pGPVQ,hinEV2pGPVQ,https://www.youtube.com/watch?v=hinEV2pGPVQ,けんた食堂,easy,ご飯・米,semi-rich,2,YouTube Data API収集,rice,米,warm,1,1,false,true,https://i.ytimg.com/vi/hinEV2pGPVQ/maxresdefault.jpg,6.0,5.3,ややがっつり
【100万回再生人気レシピ】薄切り肉で簡単＆柔らか！直球勝負のレシピ！豚丼の作り方,youtube,6cHxq7gXisI,https://www.youtube.com/watch?v=6cHxq7gXisI,6cHxq7gXisI,https://www.youtube.com/watch?v=6cHxq7gXisI,Koh Kentetsu Kitchen【料理研究家コウケンテツ公式チャンネル】,easy,豚肉、ご飯・米、ネギ、にんにく,semi-light,2,YouTube Data API収集,"pork,rice,green_onion,garlic",肉類;米;葉物野菜;根菜,warm,1,1,true,true,https://i.ytimg.com/vi/6cHxq7gXisI/maxresdefault.jpg,5.55,5.03,ややあっさり
厚揚げ豚挽き丼🧑🏻‍🍳#shorts #簡単レシピ#料理,youtube,YvpG-0TUwZg,https://www.youtube.com/watch?v=YvpG-0TUwZg,YvpG-0TUwZg,https://www.youtube.com/watch?v=YvpG-0TUwZg,給食の先生ゆりまま,easy,挽肉、白身魚、厚揚げ、ご飯・米,rich,5,YouTube Data API収集,"minced_meat,whitefish,atsuage,rice",肉類;魚介;豆腐・大豆系;米,warm,1,1,false,true,https://i.ytimg.com/vi/YvpG-0TUwZg/maxresdefault.jpg,6.07,7.14,がっつり
最高においしい牛丼の作り方/ How to make the most delicious gyudon,youtube,UZeUikY2U8Q,https://www.youtube.com/watch?v=UZeUikY2U8Q,UZeUikY2U8Q,https://www.youtube.com/watch?v=UZeUikY2U8Q,Ryogo,easy,ご飯・米、パスタ,semi-rich,2,YouTube Data API収集,"rice,pasta",米;麺,warm,1,1,false,true,https://i.ytimg.com/vi/UZeUikY2U8Q/maxresdefault.jpg,6.0,5.3,ややがっつり
10分で完成【ワンパンビビンバ丼】 #レシピ,youtube,edBSLjYj1Xk,https://www.youtube.com/watch?v=edBSLjYj1Xk,edBSLjYj1Xk,https://www.youtube.com/watch?v=edBSLjYj1Xk,AKIHO kitchen 簡単映えレシピ,easy,ご飯・米,semi-light,2,YouTube Data API収集,rice,米,warm,1,1,false,true,https://i.ytimg.com/vi/edBSLjYj1Xk/maxresdefault.jpg,6.0,5.2,ややあっさり
脳がバグる😱じゃがりこを粉々にして、うなぎの蒲焼作ってみたらリアルすぎた！#Shorts #お菓子 #DIY #じゃがりこ,youtube,FHwmQTShcmM,https://www.youtube.com/watch?v=FHwmQTShcmM,FHwmQTShcmM,https://www.youtube.com/watch?v=FHwmQTShcmM,アジーンTV,normal,白身魚,light,2,YouTube Data API収集,whitefish,魚介,warm,3,2,false,true,https://i.ytimg.com/vi/FHwmQTShcmM/maxresdefault.jpg,4.0,4.1,あっさり
※再掲※正直レビュー!! 「ワンパンロコモコ丼」 #簡単レシピ #ワンパン #ロコモコ #ハンバーグ #おつまみ,youtube,G51tdgYrth4,https://www.youtube.com/watch?v=G51tdgYrth4,G51tdgYrth4,https://www.youtube.com/watch?v=G51tdgYrth4,バズログ【バズ飯正直レビュー】,easy,挽肉、白身魚、卵、ご飯・米、ネギ、玉ねぎ、にんにく、チーズ,rich,4,YouTube Data API収集,"minced_meat,whitefish,egg,rice,green_onion,onion,garlic,cheese",肉類;魚介;卵;米;葉物野菜;根菜;チーズ・バター・マヨ系,warm,4,1,true,true,https://i.ytimg.com/vi/G51tdgYrth4/maxresdefault.jpg,6.7,6.92,がっつり
一度で作るそぼろ丼,youtube,3XI5FZcsa8A,https://www.youtube.com/watch?v=3XI5FZcsa8A,3XI5FZcsa8A,https://www.youtube.com/watch?v=3XI5FZcsa8A,まみ(mami) ラクうまごはん,easy,ご飯・米,semi-rich,2,YouTube Data API収集,rice,米,warm,1,1,false,true,https://i.ytimg.com/vi/3XI5FZcsa8A/maxresdefault.jpg,6.0,5.3,ややがっつり
豚こまで節約！簡単豚丼 #簡単レシピ #時短節約 #shorts,youtube,dRlJUFQKl0U,https://www.youtube.com/watch?v=dRlJUFQKl0U,dRlJUFQKl0U,https://www.youtube.com/watch?v=dRlJUFQKl0U,パパっとdish,easy,豚肉、白身魚、ご飯・米、ネギ、玉ねぎ、ショウガ,semi-light,2,YouTube Data API収集,"pork,whitefish,rice,green_onion,onion,ginger",肉類;魚介;米;葉物野菜;根菜,warm,1,1,true,true,https://i.ytimg.com/vi/dRlJUFQKl0U/maxresdefault.jpg,5.48,4.99,ややあっさり
絶品照り焼き丼🧑🏻‍🍳🐓#簡単レシピ #照り焼き #給食 #shorts,youtube,2LMT3DYSQaw,https://www.youtube.com/watch?v=2LMT3DYSQaw,2LMT3DYSQaw,https://www.youtube.com/watch?v=2LMT3DYSQaw,給食の先生ゆりまま,easy,鶏肉、白身魚、ご飯・米、ネギ,semi-light,3,YouTube Data API収集,"chicken,whitefish,rice,green_onion",鶏肉;魚介;米;葉物野菜,warm,1,1,true,true,https://i.ytimg.com/vi/2LMT3DYSQaw/maxresdefault.jpg,4.77,5.16,ややあっさり
完全再現！すき家の牛丼＃簡単レシピ＃牛丼#shorts,youtube,CLqjRGWDJik,https://www.youtube.com/watch?v=CLqjRGWDJik,CLqjRGWDJik,https://www.youtube.com/watch?v=CLqjRGWDJik,はっち 料理サークルちゃお主宰,easy,牛肉、白身魚、ご飯・米、ネギ、玉ねぎ、昆布、ショウガ,semi-light,2,YouTube Data API収集,"beef,whitefish,rice,green_onion,onion,kombu,ginger",肉類;魚介;米;葉物野菜;根菜,warm,4,1,true,true,https://i.ytimg.com/vi/CLqjRGWDJik/maxresdefault.jpg,5.48,4.99,ややあっさり
わずか8分でこの美味しさ【帯広豚丼】,youtube,jLX3DFXN0HE,https://www.youtube.com/watch?v=jLX3DFXN0HE,jLX3DFXN0HE,https://www.youtube.com/watch?v=jLX3DFXN0HE,二階堂まなみの「きほんのき」,easy,豚肉、ご飯・米、ショウガ、にんにく,semi-rich,2,YouTube Data API収集,"pork,rice,ginger,garlic",肉類;米;根菜,warm,1,1,true,true,https://i.ytimg.com/vi/jLX3DFXN0HE/maxresdefault.jpg,6.37,5.52,ややがっつり
卵だけ！絶品とろふわあんかけ丼 簡単 節約 ワンパンレシピ おうちごはん たまご料理,youtube,R9jbv-PFcus,https://www.youtube.com/watch?v=R9jbv-PFcus,R9jbv-PFcus,https://www.youtube.com/watch?v=R9jbv-PFcus,ちゃらりんこクック,easy,鶏肉、豆腐、卵、ご飯・米、キャベツ、ほうれん草、小松菜、にら、ネギ、なす、ピーマン、ブロッコリー、玉ねぎ、大根、かぼちゃ,light,2,YouTube Data API収集,"chicken,tofu,egg,rice,cabbage,spinach,komatsuna,nira,green_onion,eggplant,bell_pepper,broccoli,onion,daikon,pumpkin",鶏肉;豆腐・大豆系;卵;米;葉物野菜;根菜,warm,4,1,true,true,https://i.ytimg.com/vi/R9jbv-PFcus/maxresdefault.jpg,4.6,4.46,あっさり
イケメンダイエットマグロポキ丼の作り方 #ダイエット #ダイエットレシピ #shorts,youtube,K5d2wHRnCpk,https://www.youtube.com/watch?v=K5d2wHRnCpk,K5d2wHRnCpk,https://www.youtube.com/watch?v=K5d2wHRnCpk,けんじイケメン化計画,easy,マグロ、ご飯・米,semi-light,2,YouTube Data API収集,"tuna_sashimi,rice",魚介;米,warm,1,1,false,true,https://i.ytimg.com/vi/K5d2wHRnCpk/maxresdefault.jpg,5.3,4.88,ややあっさり
にんにくも生姜も使わないからこそウマい!!スーパーの肉で至高を越えたシン・豚丼作ります#shorts #リュウジ #料理,youtube,ZpgbQn-C3cQ,https://www.youtube.com/watch?v=ZpgbQn-C3cQ,ZpgbQn-C3cQ,https://www.youtube.com/watch?v=ZpgbQn-C3cQ,料理研究家リュウジのバズレシピ,easy,白身魚、ご飯・米、ショウガ、にんにく,semi-light,2,YouTube Data API収集,"whitefish,rice,ginger,garlic",魚介;米;根菜,warm,1,1,false,true,https://i.ytimg.com/vi/ZpgbQn-C3cQ/maxresdefault.jpg,4.83,4.9,ややあっさり
夫の大好物『ネギ塩豚丼』 #簡単レシピ #料理,youtube,UTjViLyA4V0,https://www.youtube.com/watch?v=UTjViLyA4V0,UTjViLyA4V0,https://www.youtube.com/watch?v=UTjViLyA4V0,さな〻旦那胃袋つかみメシ🍳,easy,ご飯・米、ネギ,light,2,YouTube Data API収集,"rice,green_onion",米;葉物野菜,warm,1,1,true,true,https://i.ytimg.com/vi/UTjViLyA4V0/maxresdefault.jpg,4.25,4.25,あっさり
【カニカマで作るカニ玉丼】10分で完成するふわとろ絶品丼！節約にもおすすめ♪,youtube,KsyQwRFUTQM,https://www.youtube.com/watch?v=KsyQwRFUTQM,KsyQwRFUTQM,https://www.youtube.com/watch?v=KsyQwRFUTQM,macaroni | マカロニ,easy,白身魚、卵、ご飯・米、ネギ、マヨネーズ,rich,4,YouTube Data API収集,"whitefish,egg,rice,green_onion,mayonnaise",魚介;卵;米;葉物野菜;チーズ・バター・マヨ系,warm,1,1,true,true,https://i.ytimg.com/vi/KsyQwRFUTQM/maxresdefault.jpg,6.64,6.78,がっつり
【悪魔の甘辛ダレ】帯広風豚丼、ヤバすぎた【1週間白米が止まらないおかず生活】,youtube,cpdrlO7UV70,https://www.youtube.com/watch?v=cpdrlO7UV70,cpdrlO7UV70,https://www.youtube.com/watch?v=cpdrlO7UV70,OneMin Cooking,easy,豚肉、白身魚、ご飯・米、ネギ、ショウガ、にんにく,semi-light,2,YouTube Data API収集,"pork,whitefish,rice,green_onion,ginger,garlic",肉類;魚介;米;葉物野菜;根菜,warm,1,1,true,true,https://i.ytimg.com/vi/cpdrlO7UV70/maxresdefault.jpg,5.48,4.99,ややあっさり
【豚こまと卵の簡単レシピ】10分で絶品どんぶり！お箸とまらん♪,youtube,l0k5Mrkgq2Q,https://www.youtube.com/watch?v=l0k5Mrkgq2Q,l0k5Mrkgq2Q,https://www.youtube.com/watch?v=l0k5Mrkgq2Q,しばのごはん食堂,easy,豚肉、卵、ネギ、玉ねぎ,semi-light,2,YouTube Data API収集,"pork,egg,green_onion,onion",肉類;卵;葉物野菜;根菜,warm,3,2,true,true,https://i.ytimg.com/vi/l0k5Mrkgq2Q/maxresdefault.jpg,5.38,4.93,ややあっさり
悪魔のてりたまベーコン丼,youtube,1TGzuBboYXE,https://www.youtube.com/watch?v=1TGzuBboYXE,1TGzuBboYXE,https://www.youtube.com/watch?v=1TGzuBboYXE,まるみキッチン【簡単レシピ】,easy,ベーコン、白身魚、卵、ご飯・米,semi-rich,4,YouTube Data API収集,"bacon,whitefish,egg,rice",肉類;魚介;卵;米,warm,1,1,false,true,https://i.ytimg.com/vi/1TGzuBboYXE/maxresdefault.jpg,6.42,6.65,ややがっつり
フライパン1つで完結！爆速そぼろ丼,youtube,LpySaQfR-TM,https://www.youtube.com/watch?v=LpySaQfR-TM,LpySaQfR-TM,https://www.youtube.com/watch?v=LpySaQfR-TM,レイ【3児ママのリアルすぎる日常】,easy,挽肉、白身魚、卵、ご飯・米,rich,5,YouTube Data API収集,"minced_meat,whitefish,egg,rice",肉類;魚介;卵;米,warm,1,1,false,true,https://i.ytimg.com/vi/LpySaQfR-TM/maxresdefault.jpg,6.42,7.35,がっつり
我慢しない鶏むねユッケ丼 #彼ごはん#彼ご飯#自炊#簡単レシピ#ヘルシーレシピ#ダイエットレシピ#太らないレシピ#鶏むねユッケ#どんぶり#鶏むねレシピ#高タンパクレシピ#筋肉レシピ#レンチンレシピ,youtube,d_org5K7DT0,https://www.youtube.com/watch?v=d_org5K7DT0,d_org5K7DT0,https://www.youtube.com/watch?v=d_org5K7DT0,なぎ【冷凍弁当で月1万円節約】,easy,鶏肉、ご飯・米,semi-rich,2,YouTube Data API収集,"chicken,rice",鶏肉;米,warm,1,1,true,true,https://i.ytimg.com/vi/d_org5K7DT0/maxresdefault.jpg,6.0,5.3,ややがっつり
おうちで再現！ 伝説のすた丼の作り方,youtube,MFJXZAxqOik,https://www.youtube.com/watch?v=MFJXZAxqOik,MFJXZAxqOik,https://www.youtube.com/watch?v=MFJXZAxqOik,おつまみ料理動画ツマモ,easy,豚肉、白身魚、卵、ご飯・米、ネギ、にんにく,semi-light,2,YouTube Data API収集,"pork,whitefish,egg,rice,green_onion,garlic",肉類;魚介;卵;米;葉物野菜;根菜,warm,1,1,true,true,https://i.ytimg.com/vi/MFJXZAxqOik/hqdefault.jpg,5.55,5.03,ややあっさり
美味しい豚丼３００円【万能のただならぬタレを是非】小間肉でも極旨です おに豚丼。,youtube,k8cgRiN4j-4,https://www.youtube.com/watch?v=k8cgRiN4j-4,k8cgRiN4j-4,https://www.youtube.com/watch?v=k8cgRiN4j-4,くまの限界食堂,easy,白身魚、ご飯・米、ネギ、ショウガ、にんにく,light,2,YouTube Data API収集,"whitefish,rice,green_onion,ginger,garlic",魚介;米;葉物野菜;根菜,warm,1,1,true,true,https://i.ytimg.com/vi/k8cgRiN4j-4/maxresdefault.jpg,4.25,4.25,あっさり
この金額で出来る一番うめえ料理これだと思う。死ぬほどバズったドケチレシピ【お金渋り丼】 #リュウジ #料理 #shorts,youtube,iPshdzeTiRI,https://www.youtube.com/watch?v=iPshdzeTiRI,iPshdzeTiRI,https://www.youtube.com/watch?v=iPshdzeTiRI,料理研究家リュウジのバズレシピ,easy,白身魚、ご飯・米,semi-light,2,YouTube Data API収集,"whitefish,rice",魚介;米,warm,1,1,false,true,https://i.ytimg.com/vi/iPshdzeTiRI/maxresdefault.jpg,5.3,5.18,ややあっさり
野菜もりもり食べれちゃう！そぼろ丼の作り方✨ #おうちごはん #shots,youtube,6bIZdZkSEmY,https://www.youtube.com/watch?v=6bIZdZkSEmY,6bIZdZkSEmY,https://www.youtube.com/watch?v=6bIZdZkSEmY,まみ(mami) ラクうまごはん,easy,挽肉、白身魚、ご飯・米、小松菜、にんじん、ショウガ,semi-light,2,YouTube Data API収集,"minced_meat,whitefish,rice,komatsuna,carrot,ginger",肉類;魚介;米;葉物野菜;根菜,warm,1,1,true,true,https://i.ytimg.com/vi/6bIZdZkSEmY/maxresdefault.jpg,5.48,4.99,ややあっさり
【2ヶ月で6キロ痩せた】腸活めかぶ丼 #ダイエットレシピ #簡単レシピ,youtube,IqB9sqVygec,https://www.youtube.com/watch?v=IqB9sqVygec,IqB9sqVygec,https://www.youtube.com/watch?v=IqB9sqVygec,うちこ【ダイエットレシピ】,easy,白身魚、卵、ご飯・米、ネギ,light,2,YouTube Data API収集,"whitefish,egg,rice,green_onion",魚介;卵;米;葉物野菜,warm,1,1,true,true,https://i.ytimg.com/vi/IqB9sqVygec/maxresdefault.jpg,4.6,4.26,あっさり
【どんなお肉でも絶対美味しくなる牛丼】,youtube,XCplJeWH5gg,https://www.youtube.com/watch?v=XCplJeWH5gg,XCplJeWH5gg,https://www.youtube.com/watch?v=XCplJeWH5gg,昭和生まれのBBAのごはん,easy,牛肉、ご飯・米,semi-rich,2,YouTube Data API収集,"beef,rice",肉類;米,warm,1,1,true,true,https://i.ytimg.com/vi/XCplJeWH5gg/maxresdefault.jpg,7.3,6.08,ややがっつり
15分で出来る！牛肉と小松菜のふわ玉丼🤤✨ #簡単レシピ #料理,youtube,951aMKh0T08,https://www.youtube.com/watch?v=951aMKh0T08,951aMKh0T08,https://www.youtube.com/watch?v=951aMKh0T08,Hideka cooking,easy,牛肉、ご飯・米、小松菜,semi-light,2,YouTube Data API収集,"beef,rice,komatsuna",肉類;米;葉物野菜,warm,1,1,true,true,https://i.ytimg.com/vi/951aMKh0T08/maxresdefault.jpg,5.9,5.24,ややあっさり
【白だしで簡単‼︎ふわとろ🥚鶏むね肉の親子丼🐓】#shoerts #簡単レシピ #時短節約 #料理#親子丼,youtube,CrKbdD3z3KQ,https://www.youtube.com/watch?v=CrKbdD3z3KQ,CrKbdD3z3KQ,https://www.youtube.com/watch?v=CrKbdD3z3KQ,ゆかごはん,easy,鶏肉、白身魚、卵、ご飯・米、ネギ、玉ねぎ,light,2,YouTube Data API収集,"chicken,whitefish,egg,rice,green_onion,onion",鶏肉;魚介;卵;米;葉物野菜;根菜,warm,1,1,true,true,https://i.ytimg.com/vi/CrKbdD3z3KQ/maxresdefault.jpg,4.72,4.53,あっさり
シャリアピンステーキ丼の美味しい作り方#shorts,youtube,_rxQKv4RI0g,https://www.youtube.com/watch?v=_rxQKv4RI0g,_rxQKv4RI0g,https://www.youtube.com/watch?v=_rxQKv4RI0g,Ryou【和久井亮平】,easy,ご飯・米,semi-rich,2,YouTube Data API収集,rice,米,warm,1,1,false,true,https://i.ytimg.com/vi/_rxQKv4RI0g/maxresdefault.jpg,6.0,5.3,ややがっつり
ウィンナーと卵さえあれば作れる超最強おかず。ご飯無限です,youtube,Xktr0gbHbK0,https://www.youtube.com/watch?v=Xktr0gbHbK0,Xktr0gbHbK0,https://www.youtube.com/watch?v=Xktr0gbHbK0,だれウマ【料理研究家】,normal,卵、マヨネーズ,rich,4,YouTube Data API収集,"egg,mayonnaise",卵;チーズ・バター・マヨ系,warm,3,2,false,true,https://i.ytimg.com/vi/Xktr0gbHbK0/maxresdefault.jpg,8.25,8.15,がっつり
ビビンバ丼 #幼児食 #簡単レシピ #野菜嫌い #料理 #自炊,youtube,BkLNDAKkXIs,https://www.youtube.com/watch?v=BkLNDAKkXIs,BkLNDAKkXIs,https://www.youtube.com/watch?v=BkLNDAKkXIs,ヒロ⌇大人もリピする子どもごはん🍳,easy,白身魚、ご飯・米、小松菜、もやし、にんじん,light,2,YouTube Data API収集,"whitefish,rice,komatsuna,bean_sprouts,carrot",魚介;米;葉物野菜;根菜,warm,1,1,true,true,https://i.ytimg.com/vi/BkLNDAKkXIs/maxresdefault.jpg,4.25,4.25,あっさり
正直、これしか出さない定食屋さんがあっても通うレベルでウマい。米泥棒、無限豚バラ #リュウジ #料理 #バズレシピ #レシピ #レシピ動画 #料理動画 #豚バラ,youtube,LpdGn4pL4T8,https://www.youtube.com/watch?v=LpdGn4pL4T8,LpdGn4pL4T8,https://www.youtube.com/watch?v=LpdGn4pL4T8,料理研究家リュウジのバズレシピ,normal,豚肉、白身魚、ご飯・米,semi-rich,2,YouTube Data API収集,"pork,whitefish,rice",肉類;魚介;米,warm,3,2,true,true,https://i.ytimg.com/vi/LpdGn4pL4T8/maxresdefault.jpg,6.6,5.96,ややがっつり
めちゃ美味しいカツ丼のタレ作り方！一人前分量～！ #shorts #簡単レシピ #カツ丼タレ,youtube,yeTlYD8jmmE,https://www.youtube.com/watch?v=yeTlYD8jmmE,yeTlYD8jmmE,https://www.youtube.com/watch?v=yeTlYD8jmmE,ビートル萬屋ちゃんねる,easy,ご飯・米,rich,5,YouTube Data API収集,rice,米,warm,1,1,false,true,https://i.ytimg.com/vi/yeTlYD8jmmE/maxresdefault.jpg,6.0,7.1,がっつり
ひき肉が100倍旨くなる！至高の肉味噌たまご丼 #簡単レシピ,youtube,iInKm-j7yc0,https://www.youtube.com/watch?v=iInKm-j7yc0,iInKm-j7yc0,https://www.youtube.com/watch?v=iInKm-j7yc0,にっしー@1分クッキング,easy,挽肉、白身魚、卵、ご飯・米,semi-rich,2,YouTube Data API収集,"minced_meat,whitefish,egg,rice",肉類;魚介;卵;米,warm,1,1,false,true,https://i.ytimg.com/vi/iInKm-j7yc0/maxresdefault.jpg,6.42,5.55,ややがっつり
材料3つだけで超簡単&激うま！ジューシー油揚げにふわとろ卵！あぶたま丼の作り方,youtube,P3tzLsw4B1w,https://www.youtube.com/watch?v=P3tzLsw4B1w,P3tzLsw4B1w,https://www.youtube.com/watch?v=P3tzLsw4B1w,Koh Kentetsu Kitchen【料理研究家コウケンテツ公式チャンネル】,easy,油揚げ、卵、ご飯・米、ネギ、レタス,semi-rich,5,YouTube Data API収集,"aburaage,egg,rice,green_onion,lettuce",豆腐・大豆系;卵;米;葉物野菜,warm,1,1,true,true,https://i.ytimg.com/vi/P3tzLsw4B1w/maxresdefault.jpg,4.42,6.15,ややがっつり
10分で激うま！焼き鳥丼 #簡単レシピ #今日の晩ごはん #ワーママご飯 #ワンパンレシピ #おうちごはん #時短レシピ #こどもごはん #焼き鳥 #鶏肉レシピ,youtube,OWFmmA1Fa-w,https://www.youtube.com/watch?v=OWFmmA1Fa-w,OWFmmA1Fa-w,https://www.youtube.com/watch?v=OWFmmA1Fa-w,つき,easy,鶏肉、白身魚、卵、ご飯・米、ネギ,semi-light,3,YouTube Data API収集,"chicken,whitefish,egg,rice,green_onion",鶏肉;魚介;卵;米;葉物野菜,warm,1,1,true,true,https://i.ytimg.com/vi/OWFmmA1Fa-w/maxresdefault.jpg,4.88,5.23,ややあっさり
絶品中華丼🧑🏻‍🍳#簡単レシピ #中華丼 #給食 #shorts,youtube,mO-9aQFdABI,https://www.youtube.com/watch?v=mO-9aQFdABI,mO-9aQFdABI,https://www.youtube.com/watch?v=mO-9aQFdABI,給食の先生ゆりまま,easy,豚肉、白身魚、ご飯・米、napa_cabbage、ネギ、玉ねぎ、にんじん、しいたけ、ショウガ,semi-light,2,YouTube Data API収集,"pork,whitefish,rice,napa_cabbage,green_onion,onion,carrot,shiitake,ginger",肉類;魚介;米;葉物野菜;根菜;きのこ,warm,4,1,true,true,https://i.ytimg.com/vi/mO-9aQFdABI/maxresdefault.jpg,5.2,4.82,ややあっさり
海鮮丼は青魚が旨い #shorts #海鮮丼 #sashimi,youtube,8EEXmB8rK7k,https://www.youtube.com/watch?v=8EEXmB8rK7k,8EEXmB8rK7k,https://www.youtube.com/watch?v=8EEXmB8rK7k,けんた食堂,easy,サバ、ご飯・米,semi-light,2,YouTube Data API収集,"mackerel,rice",魚介;米,warm,1,1,false,true,https://i.ytimg.com/vi/8EEXmB8rK7k/maxresdefault.jpg,5.3,4.88,ややあっさり
ニラとひき肉のスタミナ丼 #簡単レシピ #時短節約 #料理 #whatieatinaday #まいにちごはん,youtube,DmNmsrZqh64,https://www.youtube.com/watch?v=DmNmsrZqh64,DmNmsrZqh64,https://www.youtube.com/watch?v=DmNmsrZqh64,おうちごはん日記,easy,挽肉、ご飯・米、にら,semi-light,2,YouTube Data API収集,"minced_meat,rice,nira",肉類;米;葉物野菜,warm,1,1,false,true,https://i.ytimg.com/vi/DmNmsrZqh64/maxresdefault.jpg,5.9,5.24,ややあっさり
卵あれば誰でも簡単にできるクソうまい北海道北見市のソウルフード,youtube,tto3vJjqfps,https://www.youtube.com/watch?v=tto3vJjqfps,tto3vJjqfps,https://www.youtube.com/watch?v=tto3vJjqfps,家族のための男飯🐒もんきち,normal,白身魚、卵,light,2,YouTube Data API収集,"whitefish,egg",魚介;卵,warm,3,2,false,true,https://i.ytimg.com/vi/tto3vJjqfps/maxresdefault.jpg,4.65,4.49,あっさり
これが88円で食えるのヤバいだろ…安い油揚げが牛丼並みにウマくなる【虚無ごはん5】 #shorts #リュウジ #料理,youtube,FNmjTjVSSUI,https://www.youtube.com/watch?v=FNmjTjVSSUI,FNmjTjVSSUI,https://www.youtube.com/watch?v=FNmjTjVSSUI,料理研究家リュウジのバズレシピ,easy,白身魚、油揚げ、ご飯・米,semi-rich,5,YouTube Data API収集,"whitefish,aburaage,rice",魚介;豆腐・大豆系;米,warm,1,1,false,true,https://i.ytimg.com/vi/FNmjTjVSSUI/maxresdefault.jpg,4.83,6.7,ややがっつり
和風ステーキ丼の作り方#shorts,youtube,SN3enmkudCI,https://www.youtube.com/watch?v=SN3enmkudCI,SN3enmkudCI,https://www.youtube.com/watch?v=SN3enmkudCI,板前山ちゃん,easy,ご飯・米,semi-rich,2,YouTube Data API収集,rice,米,warm,1,1,false,true,https://i.ytimg.com/vi/SN3enmkudCI/maxresdefault.jpg,6.0,5.3,ややがっつり
【笠原シェフを訪ね、賛否両論へ】桝谷が愛した“親子丼”ふわふわになる裏技満載！【この味一生忘れない】Oyakodon,youtube,v9O_1gsRHU4,https://www.youtube.com/watch?v=v9O_1gsRHU4,v9O_1gsRHU4,https://www.youtube.com/watch?v=v9O_1gsRHU4,桝谷のSimple is best,easy,鶏肉、卵、ご飯・米、ネギ,light,2,YouTube Data API収集,"chicken,egg,rice,green_onion",鶏肉;卵;米;葉物野菜,warm,1,1,true,true,https://i.ytimg.com/vi/v9O_1gsRHU4/maxresdefault.jpg,4.95,4.67,あっさり
『インスタ800万再生突破』ぷるぷるムネ肉ユッケ丼#簡単レシピ #むね肉 #レシピ,youtube,jctLEuydvao,https://www.youtube.com/watch?v=jctLEuydvao,jctLEuydvao,https://www.youtube.com/watch?v=jctLEuydvao,Kiyo Balance Kitchen,easy,ご飯・米,semi-rich,2,YouTube Data API収集,rice,米,warm,1,1,false,true,https://i.ytimg.com/vi/jctLEuydvao/maxresdefault.jpg,6.0,5.3,ややがっつり
【出汁は使わない。親子丼の旨味を最大にするには鶏肉の下処理が肝心】｜#クラシル #shorts,youtube,Fiv_3pfqRJo,https://www.youtube.com/watch?v=Fiv_3pfqRJo,Fiv_3pfqRJo,https://www.youtube.com/watch?v=Fiv_3pfqRJo,Kurashiru [クラシル],easy,鶏肉、ご飯・米,semi-light,2,YouTube Data API収集,"chicken,rice",鶏肉;米,warm,1,1,true,true,https://i.ytimg.com/vi/Fiv_3pfqRJo/maxresdefault.jpg,6.0,5.2,ややあっさり
【部活終わりこれあったら大喜び】ニラ豚ミンチ丼 #料理 #マッチョ #元カレ #簡単レシピ #暮らしチャンネル #cooking,youtube,oreYAqWOPFI,https://www.youtube.com/watch?v=oreYAqWOPFI,oreYAqWOPFI,https://www.youtube.com/watch?v=oreYAqWOPFI,マッチョ元カレごはんがうますぎる,easy,挽肉、白身魚、ご飯・米、にら,semi-light,2,YouTube Data API収集,"minced_meat,whitefish,rice,nira",肉類;魚介;米;葉物野菜,warm,1,1,false,true,https://i.ytimg.com/vi/oreYAqWOPFI/maxresdefault.jpg,5.72,5.13,ややあっさり
どのお店にも絶対負けないほどガチで旨い【極トンテキ】,youtube,krtygrktFHM,https://www.youtube.com/watch?v=krtygrktFHM,krtygrktFHM,https://www.youtube.com/watch?v=krtygrktFHM,だれウマ【料理研究家】,normal,豚肉、ネギ、玉ねぎ、にんにく、バター,rich,4,YouTube Data API収集,"pork,green_onion,onion,garlic,butter",肉類;葉物野菜;根菜;チーズ・バター・マヨ系,warm,3,2,true,true,https://i.ytimg.com/vi/krtygrktFHM/maxresdefault.jpg,6.85,7.31,がっつり
それカツにすんのかよ。肉無しでも笑えるほど美味しい【貧乏人のカツ丼】が安いのに旨すぎる#shorts #リュウジ #料理,youtube,6BVMyQLBsN4,https://www.youtube.com/watch?v=6BVMyQLBsN4,6BVMyQLBsN4,https://www.youtube.com/watch?v=6BVMyQLBsN4,料理研究家リュウジのバズレシピ,easy,白身魚、ご飯・米,rich,5,YouTube Data API収集,"whitefish,rice",魚介;米,warm,1,1,false,true,https://i.ytimg.com/vi/6BVMyQLBsN4/maxresdefault.jpg,5.3,6.98,がっつり
牛丼をそのまま煮るのは大損！安い肉が劇的にトロトロになる元店員の秘密の下準備。 #牛丼の作り方 #おすすめ #裏技 #暮らしの知恵 #主婦の知恵,youtube,RmnpWkWnyk8,https://www.youtube.com/watch?v=RmnpWkWnyk8,RmnpWkWnyk8,https://www.youtube.com/watch?v=RmnpWkWnyk8,ヘルシーレシピ,easy,ご飯・米,light,1,YouTube Data API収集,rice,米,warm,1,1,false,true,https://i.ytimg.com/vi/RmnpWkWnyk8/maxresdefault.jpg,6.0,4.5,あっさり
結局これが1番うまい…チキンとほうれん草のクリームパスタが美味すぎて溺れたい！#パスタ #時短レシピ #クリームパスタ,youtube,m-kPlNRypeE,https://www.youtube.com/watch?v=m-kPlNRypeE,m-kPlNRypeE,https://www.youtube.com/watch?v=m-kPlNRypeE,深夜食堂,normal,鶏肉、パスタ、ほうれん草,semi-light,3,YouTube Data API収集,"chicken,pasta,spinach",鶏肉;麺;葉物野菜,warm,3,2,true,true,https://i.ytimg.com/vi/m-kPlNRypeE/maxresdefault.jpg,4.83,5.2,ややあっさり
【至高のパスタ】ミニトマトで作る！あっさりトマトパスタ #パスタレシピ #パスタ,youtube,n3QC5g4FeX8,https://www.youtube.com/watch?v=n3QC5g4FeX8,n3QC5g4FeX8,https://www.youtube.com/watch?v=n3QC5g4FeX8,ナオ飯チャンネル,normal,白身魚、パスタ、トマト、にんにく,semi-light,3,YouTube Data API収集,"whitefish,pasta,tomato,garlic",魚介;麺;葉物野菜;根菜,warm,3,2,true,true,https://i.ytimg.com/vi/n3QC5g4FeX8/maxresdefault.jpg,4.25,4.85,ややあっさり
僕が10代から作ってる本当に美味しいペペロンチーノのレシピはこちらです。【悪魔のペペロンチーノ】 #リュウジ #バズレシピ #料理 #料理動画 #レシピ #レシピ動画 #パスタ,youtube,Aj5t5nUu61w,https://www.youtube.com/watch?v=Aj5t5nUu61w,Aj5t5nUu61w,https://www.youtube.com/watch?v=Aj5t5nUu61w,料理研究家リュウジのバズレシピ,normal,白身魚、パスタ,semi-rich,3,YouTube Data API収集,"whitefish,pasta",魚介;麺,warm,3,2,false,true,https://i.ytimg.com/vi/Aj5t5nUu61w/maxresdefault.jpg,5.3,5.78,ややがっつり
これが1番うまい…濃厚バター醤油パスタがあっさりなのに猛烈に美味しい！ #パスタ #時短レシピ #簡単レシピ,youtube,McTrXHDX81k,https://www.youtube.com/watch?v=McTrXHDX81k,McTrXHDX81k,https://www.youtube.com/watch?v=McTrXHDX81k,深夜食堂,easy,パスタ、ほうれん草、しめじ、にんにく、バター,semi-rich,4,YouTube Data API収集,"pasta,spinach,shimeji,garlic,butter",麺;葉物野菜;きのこ;根菜;チーズ・バター・マヨ系,warm,3,2,false,true,https://i.ytimg.com/vi/McTrXHDX81k/maxresdefault.jpg,6.08,6.55,ややがっつり
【白だしだけで作るパスタ】小松菜の和風パスタ #レシピ動画 #簡単レシピ #料理 #レシピ #パスタ,youtube,EW40qfxgsho,https://www.youtube.com/watch?v=EW40qfxgsho,EW40qfxgsho,https://www.youtube.com/watch?v=EW40qfxgsho,ガンガンの料理塾,easy,ベーコン、白身魚、パスタ、ほうれん草、小松菜、しめじ、にんにく,semi-rich,4,YouTube Data API収集,"bacon,whitefish,pasta,spinach,komatsuna,shimeji,garlic",肉類;魚介;麺;葉物野菜;きのこ;根菜,warm,4,3,false,true,https://i.ytimg.com/vi/EW40qfxgsho/maxresdefault.jpg,5.2,6.02,ややがっつり
【15分で作れる】ほぼお店の味！最高に美味しいナポリタンが完成。#パスタ #簡単レシピ #時短レシピ #料理,youtube,5nzS6Gc4O40,https://www.youtube.com/watch?v=5nzS6Gc4O40,5nzS6Gc4O40,https://www.youtube.com/watch?v=5nzS6Gc4O40,深夜食堂,easy,パスタ,semi-rich,3,YouTube Data API収集,pasta,麺,warm,3,2,false,true,https://i.ytimg.com/vi/5nzS6Gc4O40/maxresdefault.jpg,6.0,5.9,ややがっつり
大人気のパスタを再現してみました🍝 #レシピ #カプリチョーザ,youtube,SVSlHAjImdY,https://www.youtube.com/watch?v=SVSlHAjImdY,SVSlHAjImdY,https://www.youtube.com/watch?v=SVSlHAjImdY,高松先生🍖おうちごはん,normal,パスタ,semi-rich,3,YouTube Data API収集,pasta,麺,warm,3,2,false,true,https://i.ytimg.com/vi/SVSlHAjImdY/maxresdefault.jpg,6.0,5.9,ややがっつり
生クリーム？小麦粉？ルー？全部いらねえのにお店の味、信じられない【虚無チーズパスタ】#shorts #リュウジ #料理,youtube,yrAKZZsXc_w,https://www.youtube.com/watch?v=yrAKZZsXc_w,yrAKZZsXc_w,https://www.youtube.com/watch?v=yrAKZZsXc_w,料理研究家リュウジのバズレシピ,normal,白身魚、パスタ、チーズ、小麦粉,rich,4,YouTube Data API収集,"whitefish,pasta,cheese,flour",魚介;麺;チーズ・バター・マヨ系;米,warm,3,2,false,true,https://i.ytimg.com/vi/yrAKZZsXc_w/maxresdefault.jpg,7.55,7.73,がっつり
5分で簡単！最強納豆パスタ〜🍝 #簡単レシピ #料理 #パスタ,youtube,bMTSe5DNBLU,https://www.youtube.com/watch?v=bMTSe5DNBLU,bMTSe5DNBLU,https://www.youtube.com/watch?v=bMTSe5DNBLU,Hideka cooking,easy,パスタ,semi-rich,3,YouTube Data API収集,pasta,麺,warm,3,2,false,true,https://i.ytimg.com/vi/bMTSe5DNBLU/maxresdefault.jpg,6.0,5.9,ややがっつり
【10分で作れる】大盛りで食べたくなる和風ツナパスタ！#簡単レシピ #パスタ,youtube,KCnw8BVW3hQ,https://www.youtube.com/watch?v=KCnw8BVW3hQ,KCnw8BVW3hQ,https://www.youtube.com/watch?v=KCnw8BVW3hQ,深夜食堂,easy,ツナ、パスタ,semi-rich,3,YouTube Data API収集,"canned_tuna,pasta",魚介;麺,warm,3,2,false,true,https://i.ytimg.com/vi/KCnw8BVW3hQ/maxresdefault.jpg,5.3,5.48,ややがっつり
【ワンパン15分】このキノコパスタ最上級に美味しい！#パスタ #簡単レシピ #料理 #時短レシピ #パスタ,youtube,vtbNNttBGzY,https://www.youtube.com/watch?v=vtbNNttBGzY,vtbNNttBGzY,https://www.youtube.com/watch?v=vtbNNttBGzY,深夜食堂,easy,パスタ,semi-rich,3,YouTube Data API収集,pasta,麺,warm,3,2,false,true,https://i.ytimg.com/vi/vtbNNttBGzY/maxresdefault.jpg,6.0,5.9,ややがっつり
旨辛トマトパスタ！基本の【アラビアータ🇮🇹】#shorts,youtube,deVNLrZ01g4,https://www.youtube.com/watch?v=deVNLrZ01g4,deVNLrZ01g4,https://www.youtube.com/watch?v=deVNLrZ01g4,ファビオ飯 /イタリア料理人の世界,normal,たこ、パスタ、トマト、にんにく,semi-light,3,YouTube Data API収集,"octopus,pasta,tomato,garlic",魚介;麺;葉物野菜;根菜,warm,3,2,true,true,https://i.ytimg.com/vi/deVNLrZ01g4/maxresdefault.jpg,4.25,4.85,ややあっさり
総再生400万回越え！ガーリックバターの和風【きのこパスタ】,youtube,hDbz3m0yWkw,https://www.youtube.com/watch?v=hDbz3m0yWkw,hDbz3m0yWkw,https://www.youtube.com/watch?v=hDbz3m0yWkw,ファビオ飯 /イタリア料理人の世界,normal,パスタ、にんにく、バター,rich,4,YouTube Data API収集,"pasta,garlic,butter",麺;根菜;チーズ・バター・マヨ系,warm,3,2,false,true,https://i.ytimg.com/vi/hDbz3m0yWkw/maxresdefault.jpg,7.43,7.36,がっつり
やる気1％で極上のワンパンカルボナーラ,youtube,SZPHZ8pmyr0,https://www.youtube.com/watch?v=SZPHZ8pmyr0,SZPHZ8pmyr0,https://www.youtube.com/watch?v=SZPHZ8pmyr0,まるみキッチン【簡単レシピ】,easy,ベーコン、白身魚、卵、パスタ、チーズ、牛乳,rich,4,YouTube Data API収集,"bacon,whitefish,egg,pasta,cheese,milk",肉類;魚介;卵;麺;チーズ・バター・マヨ系,warm,3,2,false,true,https://i.ytimg.com/vi/SZPHZ8pmyr0/maxresdefault.jpg,7.62,7.37,がっつり
レンジで簡単！濃厚チーズパスタ,youtube,f3ziYO2Diqk,https://www.youtube.com/watch?v=f3ziYO2Diqk,f3ziYO2Diqk,https://www.youtube.com/watch?v=f3ziYO2Diqk,まるみキッチン【簡単レシピ】,easy,白身魚、パスタ、チーズ、バター、牛乳,rich,4,YouTube Data API収集,"whitefish,pasta,cheese,butter,milk",魚介;麺;チーズ・バター・マヨ系,warm,3,2,false,true,https://i.ytimg.com/vi/f3ziYO2Diqk/maxresdefault.jpg,7.67,7.4,がっつり
イタリアで作るペペロンチーノがシンプルの極み！#ペペロンチーノ #パスタ #レシピ,youtube,tF7cFllj7FQ,https://www.youtube.com/watch?v=tF7cFllj7FQ,tF7cFllj7FQ,https://www.youtube.com/watch?v=tF7cFllj7FQ,Chef Ropia料理人の世界,normal,パスタ、にんにく,semi-light,3,YouTube Data API収集,"pasta,garlic",麺;根菜,warm,3,2,false,true,https://i.ytimg.com/vi/tF7cFllj7FQ/sddefault.jpg,4.95,5.27,ややあっさり
1皿98円。トマトソース買うのがバカらしくなるウマさだこれ【虚無トマトパスタ】,youtube,TWe1jMtLmzY,https://www.youtube.com/watch?v=TWe1jMtLmzY,TWe1jMtLmzY,https://www.youtube.com/watch?v=TWe1jMtLmzY,料理研究家リュウジのバズレシピ,easy,白身魚、パスタ、トマト、にんにく、チーズ,rich,4,YouTube Data API収集,"whitefish,pasta,tomato,garlic,cheese",魚介;麺;葉物野菜;根菜;チーズ・バター・マヨ系,warm,3,2,true,true,https://i.ytimg.com/vi/TWe1jMtLmzY/hqdefault.jpg,6.36,7.02,がっつり
【冷凍シーフードミックスで作る】絶品シーフードパスタの作り方！解凍要らず！,youtube,UWfAZNLGt0g,https://www.youtube.com/watch?v=UWfAZNLGt0g,UWfAZNLGt0g,https://www.youtube.com/watch?v=UWfAZNLGt0g,居酒屋店長のまかない飯チャンネル,normal,パスタ、にんにく,semi-light,3,YouTube Data API収集,"pasta,garlic",麺;根菜,cold,3,2,false,true,https://i.ytimg.com/vi/UWfAZNLGt0g/maxresdefault.jpg,4.95,5.27,ややあっさり
和風きのこパスタの作り方｜フライパン1つで簡単！きのこの旨みたっぷりで風味豊かな和風パスタ！忙しい日にピッタリ！-How to make Mushroom Pasta-【料理研究家ゆかり】,youtube,U_9KrBg1lMs,https://www.youtube.com/watch?v=U_9KrBg1lMs,U_9KrBg1lMs,https://www.youtube.com/watch?v=U_9KrBg1lMs,料理研究家ゆかりのおうちで簡単レシピ / Yukari's Kitchen,normal,ベーコン、白身魚、卵、パスタ、ネギ、トマト、しめじ、にんにく、バター,rich,5,YouTube Data API収集,"bacon,whitefish,egg,pasta,green_onion,tomato,shimeji,garlic,butter",肉類;魚介;卵;麺;葉物野菜;きのこ;根菜;チーズ・バター・マヨ系,warm,4,3,true,true,https://i.ytimg.com/vi/U_9KrBg1lMs/maxresdefault.jpg,6.41,7.25,がっつり
調味料2つで完成する究極に美味しい和風パスタ,youtube,OQvk8GM4fBE,https://www.youtube.com/watch?v=OQvk8GM4fBE,OQvk8GM4fBE,https://www.youtube.com/watch?v=OQvk8GM4fBE,ハマごはん【お手軽レシピ】,easy,白身魚、ツナ、パスタ、ネギ、バター,rich,4,YouTube Data API収集,"whitefish,canned_tuna,pasta,green_onion,butter",魚介;麺;葉物野菜;チーズ・バター・マヨ系,warm,3,2,true,true,https://i.ytimg.com/vi/OQvk8GM4fBE/maxresdefault.jpg,6.67,6.9,がっつり
超簡単で激ウマなパスタレシピ３選🍝 #パスタ #レシピ #簡単レシピ #shorts,youtube,CIp-SsRUsQ8,https://www.youtube.com/watch?v=CIp-SsRUsQ8,CIp-SsRUsQ8,https://www.youtube.com/watch?v=CIp-SsRUsQ8,かずき@簡単パスタレシピ,normal,パスタ,semi-rich,3,YouTube Data API収集,pasta,麺,warm,3,2,false,true,https://i.ytimg.com/vi/CIp-SsRUsQ8/maxresdefault.jpg,6.0,5.8,ややがっつり
本場イタリアの失敗なしの【カルボナーラ】コツは水！#カルボナーラ #パスタ #レシピ,youtube,pYCq8uNLAwM,https://www.youtube.com/watch?v=pYCq8uNLAwM,pYCq8uNLAwM,https://www.youtube.com/watch?v=pYCq8uNLAwM,Chef Ropia料理人の世界,normal,パスタ、チーズ,rich,4,YouTube Data API収集,"pasta,cheese",麺;チーズ・バター・マヨ系,warm,3,2,false,true,https://i.ytimg.com/vi/pYCq8uNLAwM/maxresdefault.jpg,8.6,8.06,がっつり
【激ウマパスタレシピ3選🍝】2025年上期に作ったパスタの中から特に美味しかったものを紹介します！ #パスタ #レシピ #簡単レシピ #shorts,youtube,0gD0fzOOJtI,https://www.youtube.com/watch?v=0gD0fzOOJtI,0gD0fzOOJtI,https://www.youtube.com/watch?v=0gD0fzOOJtI,かずき@簡単パスタレシピ,normal,パスタ,semi-rich,3,YouTube Data API収集,pasta,麺,warm,3,2,false,true,https://i.ytimg.com/vi/0gD0fzOOJtI/maxresdefault.jpg,6.0,5.8,ややがっつり
1皿98円。トマトソース買うのがバカらしくなるウマさだこれ【虚無トマトパスタ】 #リュウジ #料理 #パスタ,youtube,j8RGWROicl4,https://www.youtube.com/watch?v=j8RGWROicl4,j8RGWROicl4,https://www.youtube.com/watch?v=j8RGWROicl4,料理研究家リュウジのバズレシピ,normal,白身魚、パスタ、トマト,semi-light,3,YouTube Data API収集,"whitefish,pasta,tomato",魚介;麺;葉物野菜,warm,3,2,true,true,https://i.ytimg.com/vi/j8RGWROicl4/maxresdefault.jpg,4.37,5.22,ややあっさり
【貧乏人のパスタ】YouTubeで人気の簡単パスタ #shorts,youtube,Pn1yF9ASc54,https://www.youtube.com/watch?v=Pn1yF9ASc54,Pn1yF9ASc54,https://www.youtube.com/watch?v=Pn1yF9ASc54,フリーランス料理人の簡単レシピ,normal,白身魚、卵、パスタ、にんにく、チーズ,rich,4,YouTube Data API収集,"whitefish,egg,pasta,garlic,cheese",魚介;卵;麺;根菜;チーズ・バター・マヨ系,warm,3,2,false,true,https://i.ytimg.com/vi/Pn1yF9ASc54/maxresdefault.jpg,6.92,6.95,がっつり
【ワンパン10分で作れる◎】海老トマトクリームパスタ #料理動画 #cooking #shorts #簡単レシピ #時短レシピ #節約レシピ #パスタレシピ,youtube,89o7Dpd9cWA,https://www.youtube.com/watch?v=89o7Dpd9cWA,89o7Dpd9cWA,https://www.youtube.com/watch?v=89o7Dpd9cWA,ラクうま料理ちゃんねる,easy,白身魚、えび、パスタ、トマト、にんにく、牛乳,semi-rich,3,YouTube Data API収集,"whitefish,shrimp,pasta,tomato,garlic,milk",魚介;麺;葉物野菜;根菜;チーズ・バター・マヨ系,warm,3,2,true,true,https://i.ytimg.com/vi/89o7Dpd9cWA/maxresdefault.jpg,6.36,6.12,ややがっつり
フライパン１つで作れるありえないほど美味しいパスタの作り方,youtube,FuWkGfcPgn4,https://www.youtube.com/watch?v=FuWkGfcPgn4,FuWkGfcPgn4,https://www.youtube.com/watch?v=FuWkGfcPgn4,だれウマ【料理研究家】,normal,パスタ,rich,5,YouTube Data API収集,pasta,麺,warm,3,2,false,true,https://i.ytimg.com/vi/FuWkGfcPgn4/maxresdefault.jpg,6.0,7.4,がっつり
大葉20枚使った絶対おいしいパスタ【どっさり青じそパスタ】 #大葉 #青じそ #パスタ #スパゲティ #大葉レシピ,youtube,tYKYi2fFYqM,https://www.youtube.com/watch?v=tYKYi2fFYqM,tYKYi2fFYqM,https://www.youtube.com/watch?v=tYKYi2fFYqM,デリッシュキッチン,normal,白身魚、ツナ、パスタ、にんにく,semi-light,3,YouTube Data API収集,"whitefish,canned_tuna,pasta,garlic",魚介;麺;根菜,warm,3,2,false,true,https://i.ytimg.com/vi/tYKYi2fFYqM/maxresdefault.jpg,4.83,5.1,ややあっさり
革命｜味噌×ペペロンチーノ【みそロンチーノ】#shorts,youtube,XMLtlccLUqc,https://www.youtube.com/watch?v=XMLtlccLUqc,XMLtlccLUqc,https://www.youtube.com/watch?v=XMLtlccLUqc,ファビオ飯 /イタリア料理人の世界,normal,パスタ、にんにく,light,2,YouTube Data API収集,"pasta,garlic",麺;根菜,warm,3,2,false,true,https://i.ytimg.com/vi/XMLtlccLUqc/maxresdefault.jpg,4.95,4.67,あっさり
本場推奨🇮🇹【暗殺者のパスタ】36cmの鉄フライパンで作る！#shorts,youtube,e4vTddzINWI,https://www.youtube.com/watch?v=e4vTddzINWI,e4vTddzINWI,https://www.youtube.com/watch?v=e4vTddzINWI,ファビオ飯 /イタリア料理人の世界,normal,パスタ、トマト,semi-rich,5,YouTube Data API収集,"pasta,tomato",麺;葉物野菜,warm,3,2,true,true,https://i.ytimg.com/vi/e4vTddzINWI/maxresdefault.jpg,4.25,6.05,ややがっつり
【簡単10分】貧乏パスタ｜一気に大盛作るコツ！#shorts,youtube,cgj2ppzs-TA,https://www.youtube.com/watch?v=cgj2ppzs-TA,cgj2ppzs-TA,https://www.youtube.com/watch?v=cgj2ppzs-TA,ファビオ飯 /イタリア料理人の世界,easy,卵、パスタ、にんにく、チーズ,rich,4,YouTube Data API収集,"egg,pasta,garlic,cheese",卵;麺;根菜;チーズ・バター・マヨ系,warm,3,2,false,true,https://i.ytimg.com/vi/cgj2ppzs-TA/maxresdefault.jpg,7.2,7.22,がっつり
【ペペロンチーノ】誰でも1発で乳化できる作り方,youtube,32u3j47-XiA,https://www.youtube.com/watch?v=32u3j47-XiA,32u3j47-XiA,https://www.youtube.com/watch?v=32u3j47-XiA,PEPESEN ペペロンチーノ専門チャンネル,normal,パスタ、にんにく,light,2,YouTube Data API収集,"pasta,garlic",麺;根菜,warm,3,2,false,true,https://i.ytimg.com/vi/32u3j47-XiA/maxresdefault.jpg,4.95,4.67,あっさり
こんなに旨いのにまだ日本では全く知られてない無名にして最高の【不遇のパスタ】#shorts #リュウジ #レシピ,youtube,gBwB_7avAmo,https://www.youtube.com/watch?v=gBwB_7avAmo,gBwB_7avAmo,https://www.youtube.com/watch?v=gBwB_7avAmo,料理研究家リュウジのバズレシピ,normal,白身魚、パスタ,semi-rich,3,YouTube Data API収集,"whitefish,pasta",魚介;麺,warm,3,2,false,true,https://i.ytimg.com/vi/gBwB_7avAmo/maxresdefault.jpg,5.3,5.78,ややがっつり
ワンパンで和風明太クリームパスタ,youtube,sij4jBxslfE,https://www.youtube.com/watch?v=sij4jBxslfE,sij4jBxslfE,https://www.youtube.com/watch?v=sij4jBxslfE,まるみキッチン【簡単レシピ】,normal,白身魚、パスタ、マヨネーズ、牛乳,rich,4,YouTube Data API収集,"whitefish,pasta,mayonnaise,milk",魚介;麺;チーズ・バター・マヨ系,warm,3,2,false,true,https://i.ytimg.com/vi/sij4jBxslfE/maxresdefault.jpg,7.67,7.4,がっつり
悶絶パスタ🍝,youtube,LMoce11XFuM,https://www.youtube.com/watch?v=LMoce11XFuM,LMoce11XFuM,https://www.youtube.com/watch?v=LMoce11XFuM,まみ(mami) ラクうまごはん,normal,パスタ,semi-rich,3,YouTube Data API収集,pasta,麺,warm,3,2,false,true,https://i.ytimg.com/vi/LMoce11XFuM/maxresdefault.jpg,6.0,5.9,ややがっつり
パスタは折らずに作りました🍝【ワンパンツナトマトパスタ】詳しいレシピは概要欄をチェック！#パスタ#ワンパン #ワンパンパスタ#ツナ#トマトパスタ #スパゲティ #料理動画 #レシピ動画 #簡単レシピ,youtube,8xLifbLi3XY,https://www.youtube.com/watch?v=8xLifbLi3XY,8xLifbLi3XY,https://www.youtube.com/watch?v=8xLifbLi3XY,デリッシュキッチン,easy,白身魚、ツナ、パスタ、トマト、にんにく,semi-light,3,YouTube Data API収集,"whitefish,canned_tuna,pasta,tomato,garlic",魚介;麺;葉物野菜;根菜,warm,3,2,true,true,https://i.ytimg.com/vi/8xLifbLi3XY/maxresdefault.jpg,4.25,4.75,ややあっさり
無条件に美味しい【ガーリックバター醤油のパスタ】#shorts,youtube,HDe_3PULafE,https://www.youtube.com/watch?v=HDe_3PULafE,HDe_3PULafE,https://www.youtube.com/watch?v=HDe_3PULafE,ファビオ飯 /イタリア料理人の世界,normal,ベーコン、ブリ、パスタ、ほうれん草、にんにく、バター,rich,4,YouTube Data API収集,"bacon,yellowtail,pasta,spinach,garlic,butter",肉類;魚介;麺;葉物野菜;根菜;チーズ・バター・マヨ系,warm,3,2,false,true,https://i.ytimg.com/vi/HDe_3PULafE/maxresdefault.jpg,6.73,6.94,がっつり
フライパン１つでぜっっったいに失敗しない本格カルボナーラ,youtube,AN7bvnTvq7U,https://www.youtube.com/watch?v=AN7bvnTvq7U,AN7bvnTvq7U,https://www.youtube.com/watch?v=AN7bvnTvq7U,だれウマ【料理研究家】,normal,パスタ,rich,5,YouTube Data API収集,pasta,麺,warm,3,2,false,true,https://i.ytimg.com/vi/AN7bvnTvq7U/maxresdefault.jpg,6.0,7.4,がっつり
いや、美味すぎるって！ただ和えるだけパスタ。,youtube,w4UZhwDqBrY,https://www.youtube.com/watch?v=w4UZhwDqBrY,w4UZhwDqBrY,https://www.youtube.com/watch?v=w4UZhwDqBrY,まみ(mami) ラクうまごはん,easy,パスタ,semi-rich,3,YouTube Data API収集,pasta,麺,warm,1,1,false,true,https://i.ytimg.com/vi/w4UZhwDqBrY/maxresdefault.jpg,6.0,5.9,ややがっつり
たぶん一番美味しい、しかも簡単、明太子パスタ｜クラシル｜#shorts,youtube,XL9rdp6u888,https://www.youtube.com/watch?v=XL9rdp6u888,XL9rdp6u888,https://www.youtube.com/watch?v=XL9rdp6u888,Kurashiru [クラシル],normal,パスタ,semi-rich,3,YouTube Data API収集,pasta,麺,warm,3,2,false,true,https://i.ytimg.com/vi/XL9rdp6u888/maxresdefault.jpg,6.0,5.8,ややがっつり
イタリアではこうする！｜一番美味しいトマトパスタの作り方#shorts,youtube,pb2P_atmtzM,https://www.youtube.com/watch?v=pb2P_atmtzM,pb2P_atmtzM,https://www.youtube.com/watch?v=pb2P_atmtzM,ファビオ飯 /イタリア料理人の世界,easy,パスタ、トマト、にんにく,semi-light,3,YouTube Data API収集,"pasta,tomato,garlic",麺;葉物野菜;根菜,warm,3,2,true,true,https://i.ytimg.com/vi/pb2P_atmtzM/maxresdefault.jpg,4.13,4.78,ややあっさり
思い出の喫茶店の味【たらこスパゲッティ】,youtube,wq82wx3zRdo,https://www.youtube.com/watch?v=wq82wx3zRdo,wq82wx3zRdo,https://www.youtube.com/watch?v=wq82wx3zRdo,【賛否両論】笠原将弘の料理のほそ道,normal,白身魚、パスタ,semi-light,2,YouTube Data API収集,"whitefish,pasta",魚介;麺,warm,3,2,false,true,https://i.ytimg.com/vi/wq82wx3zRdo/maxresdefault.jpg,5.3,4.88,ややあっさり
【革命的な冷製パスタ】超簡単な冷やし坦々風パスタが美味すぎるので紹介します。 #パスタ #レシピ #簡単レシピ #shorts,youtube,1RSHrQ-wx6s,https://www.youtube.com/watch?v=1RSHrQ-wx6s,1RSHrQ-wx6s,https://www.youtube.com/watch?v=1RSHrQ-wx6s,かずき@簡単パスタレシピ,normal,パスタ,semi-rich,3,YouTube Data API収集,pasta,麺,cold,3,2,false,true,https://i.ytimg.com/vi/1RSHrQ-wx6s/maxresdefault.jpg,6.0,5.8,ややがっつり
マヨで食うパスタがうますぎた。,youtube,sSGwmBNKIDY,https://www.youtube.com/watch?v=sSGwmBNKIDY,sSGwmBNKIDY,https://www.youtube.com/watch?v=sSGwmBNKIDY,まるみキッチン【簡単レシピ】,normal,白身魚、パスタ、にんにく、マヨネーズ,rich,4,YouTube Data API収集,"whitefish,pasta,garlic,mayonnaise",魚介;麺;根菜;チーズ・バター・マヨ系,warm,3,2,false,true,https://i.ytimg.com/vi/sSGwmBNKIDY/maxresdefault.jpg,7.02,7.01,がっつり
『幸せのパスタ』がフライパン１つでできて世界1旨い件,youtube,mlYeH4KfaZg,https://www.youtube.com/watch?v=mlYeH4KfaZg,mlYeH4KfaZg,https://www.youtube.com/watch?v=mlYeH4KfaZg,だれウマ【料理研究家】,normal,卵、パスタ、昆布、にんにく、バター,rich,5,YouTube Data API収集,"egg,pasta,kombu,garlic,butter",卵;麺;葉物野菜;根菜;チーズ・バター・マヨ系,warm,3,2,false,true,https://i.ytimg.com/vi/mlYeH4KfaZg/maxresdefault.jpg,6.5,7.7,がっつり
【ラーメン二郎パスタ】イタリアンシェフがたどり着いた！#shorts,youtube,LJ37EFlGCs4,https://www.youtube.com/watch?v=LJ37EFlGCs4,LJ37EFlGCs4,https://www.youtube.com/watch?v=LJ37EFlGCs4,ファビオ飯 /イタリア料理人の世界,normal,ラーメン、パスタ、キャベツ、もやし、にんにく,semi-light,3,YouTube Data API収集,"ramen,pasta,cabbage,bean_sprouts,garlic",麺;葉物野菜;根菜,warm,3,2,true,true,https://i.ytimg.com/vi/LJ37EFlGCs4/maxresdefault.jpg,4.13,4.78,ややあっさり
トマトのペペロンチーノ【トマト缶】で作る絶品パスタ！#shorts,youtube,kmyo4QmAw_I,https://www.youtube.com/watch?v=kmyo4QmAw_I,kmyo4QmAw_I,https://www.youtube.com/watch?v=kmyo4QmAw_I,ファビオ飯 /イタリア料理人の世界,normal,白身魚、パスタ、トマト、にんにく,semi-light,3,YouTube Data API収集,"whitefish,pasta,tomato,garlic",魚介;麺;葉物野菜;根菜,warm,3,2,true,true,https://i.ytimg.com/vi/kmyo4QmAw_I/maxresdefault.jpg,4.25,4.85,ややあっさり
やる気1%で背徳の塩こんぶバターパスタ,youtube,jh5FVe-DUgM,https://www.youtube.com/watch?v=jh5FVe-DUgM,jh5FVe-DUgM,https://www.youtube.com/watch?v=jh5FVe-DUgM,まるみキッチン【簡単レシピ】,normal,白身魚、パスタ、ネギ、バター,rich,4,YouTube Data API収集,"whitefish,pasta,green_onion,butter",魚介;麺;葉物野菜;チーズ・バター・マヨ系,warm,3,2,true,true,https://i.ytimg.com/vi/jh5FVe-DUgM/maxresdefault.jpg,6.67,6.8,がっつり
レンジでできる人生最高に美味しい明太子パスタ,youtube,5h7b6yxUaBs,https://www.youtube.com/watch?v=5h7b6yxUaBs,5h7b6yxUaBs,https://www.youtube.com/watch?v=5h7b6yxUaBs,だれウマ【料理研究家】,normal,パスタ、昆布、バター、マヨネーズ,rich,4,YouTube Data API収集,"pasta,kombu,butter,mayonnaise",麺;葉物野菜;チーズ・バター・マヨ系,warm,3,2,false,true,https://i.ytimg.com/vi/5h7b6yxUaBs/maxresdefault.jpg,6.97,7.38,がっつり
【ワンパンパスタレシピ10選】別ゆでいらず！フライパン1つで完成♪｜macaroni（マカロニ）,youtube,chVVovfcUvY,https://www.youtube.com/watch?v=chVVovfcUvY,chVVovfcUvY,https://www.youtube.com/watch?v=chVVovfcUvY,macaroni | マカロニ,normal,豚肉、ベーコン、貝、ツナ、卵、パスタ、キャベツ、napa_cabbage、ネギ、トマト、大根、しめじ、にんにく、チーズ、牛乳,rich,5,YouTube Data API収集,"pork,bacon,shellfish,canned_tuna,egg,pasta,cabbage,napa_cabbage,green_onion,tomato,daikon,shimeji,garlic,cheese,milk",肉類;魚介;卵;麺;葉物野菜;根菜;きのこ;チーズ・バター・マヨ系,warm,4,3,true,true,https://i.ytimg.com/vi/chVVovfcUvY/maxresdefault.jpg,6.41,7.25,がっつり
【最高傑作】ついに人生で一番美味しいカルボナーラが完成したから絶対に見てほしい #リュウジ #料理 #shorts,youtube,_iAn2wKW_Xw,https://www.youtube.com/watch?v=_iAn2wKW_Xw,_iAn2wKW_Xw,https://www.youtube.com/watch?v=_iAn2wKW_Xw,料理研究家リュウジのバズレシピ,normal,白身魚、パスタ,semi-light,2,YouTube Data API収集,"whitefish,pasta",魚介;麺,warm,3,2,false,true,https://i.ytimg.com/vi/_iAn2wKW_Xw/maxresdefault.jpg,5.3,5.18,ややあっさり
【覚えて損なし】豚肉ときのこで作る「うちの和風パスタ」 #料理#パスタ#スパゲッティ,youtube,UugKaxbX0as,https://www.youtube.com/watch?v=UugKaxbX0as,UugKaxbX0as,https://www.youtube.com/watch?v=UugKaxbX0as,パパイズム 〜レシピ考える人〜料理人、イタリアン〜,easy,豚肉、白身魚、パスタ、ネギ、えのき茸、しめじ、にんにく、バター,rich,4,YouTube Data API収集,"pork,whitefish,pasta,green_onion,enoki,shimeji,garlic,butter",肉類;魚介;麺;葉物野菜;きのこ;根菜;チーズ・バター・マヨ系,warm,4,3,true,true,https://i.ytimg.com/vi/UugKaxbX0as/maxresdefault.jpg,6.4,6.74,がっつり
【節約・ダイエットレシピ】たったの170円で作れる『和風旨みパスタ』,youtube,OTKgnkJiquE,https://www.youtube.com/watch?v=OTKgnkJiquE,OTKgnkJiquE,https://www.youtube.com/watch?v=OTKgnkJiquE,簡単うまレシピ,easy,豚肉、白身魚、パスタ、小松菜、ネギ、昆布、ショウガ,semi-rich,3,YouTube Data API収集,"pork,whitefish,pasta,komatsuna,green_onion,kombu,ginger",肉類;魚介;麺;葉物野菜;根菜,warm,4,3,true,true,https://i.ytimg.com/vi/OTKgnkJiquE/maxresdefault.jpg,5.48,5.49,ややがっつり
レンジ1発で満腹！和風スープパスタ #簡単レシピ #胃袋泥棒レシピ,youtube,NI0vz0uqVHs,https://www.youtube.com/watch?v=NI0vz0uqVHs,NI0vz0uqVHs,https://www.youtube.com/watch?v=NI0vz0uqVHs,maki | 今日の時短レシピ,normal,パスタ,semi-rich,3,YouTube Data API収集,pasta,麺,warm,1,2,false,true,https://i.ytimg.com/vi/NI0vz0uqVHs/maxresdefault.jpg,6.0,5.9,ややがっつり
ワンパン＆包丁なし！ケチャップツナパスタ ｜ How To Make Ketchup Tuna Pasta,youtube,1qtBLmqaA5Q,https://www.youtube.com/watch?v=1qtBLmqaA5Q,1qtBLmqaA5Q,https://www.youtube.com/watch?v=1qtBLmqaA5Q,デリッシュキッチン,normal,白身魚、ツナ、卵、パスタ、にんにく,semi-light,3,YouTube Data API収集,"whitefish,canned_tuna,egg,pasta,garlic",魚介;卵;麺;根菜,warm,3,2,false,true,https://i.ytimg.com/vi/1qtBLmqaA5Q/maxresdefault.jpg,4.95,5.17,ややあっさり
【時短レシピ】トマトとたっぷり魚介のお家パスタが旨すぎて幸！#簡単レシピ #パスタ #料理,youtube,LznN3nffVKM,https://www.youtube.com/watch?v=LznN3nffVKM,LznN3nffVKM,https://www.youtube.com/watch?v=LznN3nffVKM,深夜食堂,easy,パスタ、トマト、にんにく、チーズ,rich,4,YouTube Data API収集,"pasta,tomato,garlic,cheese",麺;葉物野菜;根菜;チーズ・バター・マヨ系,warm,3,2,true,true,https://i.ytimg.com/vi/LznN3nffVKM/maxresdefault.jpg,6.5,6.8,がっつり
革命！｜イタリア人に教わった【トマトクリームパスタ】トマトペーストで簡単パスタ#shorts,youtube,vVa25bd9Kfw,https://www.youtube.com/watch?v=vVa25bd9Kfw,vVa25bd9Kfw,https://www.youtube.com/watch?v=vVa25bd9Kfw,ファビオ飯 /イタリア料理人の世界,normal,パスタ、トマト、チーズ、バター,rich,4,YouTube Data API収集,"pasta,tomato,cheese,butter",麺;葉物野菜;チーズ・バター・マヨ系,warm,3,2,true,true,https://i.ytimg.com/vi/vVa25bd9Kfw/maxresdefault.jpg,6.97,7.08,がっつり
お皿１つで完璧な味わい！レンジで楽チンペペロンチーノ,youtube,6Pvu0r-gezg,https://www.youtube.com/watch?v=6Pvu0r-gezg,6Pvu0r-gezg,https://www.youtube.com/watch?v=6Pvu0r-gezg,ハマごはん【お手軽レシピ】,easy,白身魚、パスタ、にんにく、バター,rich,4,YouTube Data API収集,"whitefish,pasta,garlic,butter",魚介;麺;根菜;チーズ・バター・マヨ系,warm,3,2,false,true,https://i.ytimg.com/vi/6Pvu0r-gezg/maxresdefault.jpg,7.02,7.11,がっつり
あの有名店の絶望的にウマい究極のパスタを再現しました。【絶望のパスタ】#shorts #リュウジ #パスタ,youtube,-bZKIcKwgRg,https://www.youtube.com/watch?v=-bZKIcKwgRg,-bZKIcKwgRg,https://www.youtube.com/watch?v=-bZKIcKwgRg,料理研究家リュウジのバズレシピ,normal,白身魚、パスタ,semi-rich,3,YouTube Data API収集,"whitefish,pasta",魚介;麺,warm,3,2,false,true,https://i.ytimg.com/vi/-bZKIcKwgRg/maxresdefault.jpg,5.3,5.78,ややがっつり
超さっぱり『冷しゃぶ冷製パスタ』 #簡単レシピ,youtube,A_ZBtawoCSI,https://www.youtube.com/watch?v=A_ZBtawoCSI,A_ZBtawoCSI,https://www.youtube.com/watch?v=A_ZBtawoCSI,かずニコ,normal,パスタ、ショウガ,semi-light,3,YouTube Data API収集,"pasta,ginger",麺;根菜,cold,3,2,false,true,https://i.ytimg.com/vi/A_ZBtawoCSI/maxresdefault.jpg,4.95,5.27,ややあっさり
ワンパンでねぎ塩ツナパスタ,youtube,xs7B61-xN9k,https://www.youtube.com/watch?v=xs7B61-xN9k,xs7B61-xN9k,https://www.youtube.com/watch?v=xs7B61-xN9k,まるみキッチン【簡単レシピ】,normal,白身魚、ツナ、パスタ、ネギ、にんにく,semi-light,3,YouTube Data API収集,"whitefish,canned_tuna,pasta,green_onion,garlic",魚介;麺;葉物野菜;根菜,warm,3,2,true,true,https://i.ytimg.com/vi/xs7B61-xN9k/maxresdefault.jpg,4.25,4.75,ややあっさり
冷製パスタの概念変わるぞこれ...【冷製トマト缶パスタ】#shorts #リュウジ #トマト #缶詰 #パスタ #冷製パスタ #レシピ #料理,youtube,WUz8hNgDhjc,https://www.youtube.com/watch?v=WUz8hNgDhjc,WUz8hNgDhjc,https://www.youtube.com/watch?v=WUz8hNgDhjc,料理研究家リュウジのバズレシピ,normal,白身魚、ツナ、パスタ、トマト、昆布、にんにく、チーズ,rich,4,YouTube Data API収集,"whitefish,canned_tuna,pasta,tomato,kombu,garlic,cheese",魚介;麺;葉物野菜;根菜;チーズ・バター・マヨ系,cold,4,3,true,true,https://i.ytimg.com/vi/WUz8hNgDhjc/maxresdefault.jpg,6.36,7.02,がっつり
ワンパンでソーセージペペロンチーノ,youtube,eN9i4lQDUYI,https://www.youtube.com/watch?v=eN9i4lQDUYI,eN9i4lQDUYI,https://www.youtube.com/watch?v=eN9i4lQDUYI,まるみキッチン【簡単レシピ】,normal,白身魚、パスタ、にんにく、チーズ,rich,4,YouTube Data API収集,"whitefish,pasta,garlic,cheese",魚介;麺;根菜;チーズ・バター・マヨ系,warm,3,2,false,true,https://i.ytimg.com/vi/eN9i4lQDUYI/maxresdefault.jpg,7.02,7.01,がっつり
ナポリタンを自宅で簡単に美味しく作るためのコツを伝授,youtube,sz7CSP70His,https://www.youtube.com/watch?v=sz7CSP70His,sz7CSP70His,https://www.youtube.com/watch?v=sz7CSP70His,あおいの給食室🔪,easy,パスタ、ネギ、ピーマン、玉ねぎ、にんじん,light,2,YouTube Data API収集,"pasta,green_onion,bell_pepper,onion,carrot",麺;葉物野菜;根菜,warm,3,2,true,true,https://i.ytimg.com/vi/sz7CSP70His/maxresdefault.jpg,4.13,4.18,あっさり
400万再生越え！パスタを美味しく冷凍する方法 #簡単レシピ #料理 #ライフハック #時短レシピ #レシピ #主婦の知恵 #パスタ #パスタレシピ #ぱすた #shorts いい#知ってて得する,youtube,8u87B__il7g,https://www.youtube.com/watch?v=8u87B__il7g,8u87B__il7g,https://www.youtube.com/watch?v=8u87B__il7g,冷凍子ママ,easy,白身魚、パスタ,semi-rich,3,YouTube Data API収集,"whitefish,pasta",魚介;麺,cold,3,2,false,true,https://i.ytimg.com/vi/8u87B__il7g/maxresdefault.jpg,5.3,5.48,ややがっつり
イタリア人に教わった【アラビアータ】トマトペーストでお手軽｜賄いパスタ#shorts,youtube,gpgkx2XgNtE,https://www.youtube.com/watch?v=gpgkx2XgNtE,gpgkx2XgNtE,https://www.youtube.com/watch?v=gpgkx2XgNtE,ファビオ飯 /イタリア料理人の世界,easy,ブリ、白身魚、パスタ、トマト、にんにく,semi-light,3,YouTube Data API収集,"yellowtail,whitefish,pasta,tomato,garlic",魚介;麺;葉物野菜;根菜,warm,3,2,true,true,https://i.ytimg.com/vi/gpgkx2XgNtE/maxresdefault.jpg,4.25,4.85,ややあっさり
これまじでカルボナーラ越えました。目玉焼き作ってパスタに乗せる目玉焼きパスタが廃人レベルにウマい #リュウジ #ベーコン #目玉焼き #ベーコンエッグ #パスタ #レシピ #料理 #バズレシピ,youtube,dHRQYrVNz5U,https://www.youtube.com/watch?v=dHRQYrVNz5U,dHRQYrVNz5U,https://www.youtube.com/watch?v=dHRQYrVNz5U,料理研究家リュウジのバズレシピ,easy,鶏肉、ベーコン、白身魚、卵、パスタ、レタス、にんにく、チーズ、バター,rich,4,YouTube Data API収集,"chicken,bacon,whitefish,egg,pasta,lettuce,garlic,cheese,butter",鶏肉;肉類;魚介;卵;麺;葉物野菜;根菜;チーズ・バター・マヨ系,warm,4,3,true,true,https://i.ytimg.com/vi/dHRQYrVNz5U/maxresdefault.jpg,6.76,7.26,がっつり
キャベツとツナの和風パスタのレシピ,youtube,7IPPo3PbeQw,https://www.youtube.com/watch?v=7IPPo3PbeQw,7IPPo3PbeQw,https://www.youtube.com/watch?v=7IPPo3PbeQw,パーティレシピ動画スマパリ,normal,白身魚、ツナ、パスタ、キャベツ、バター,rich,4,YouTube Data API収集,"whitefish,canned_tuna,pasta,cabbage,butter",魚介;麺;葉物野菜;チーズ・バター・マヨ系,warm,3,2,true,true,https://i.ytimg.com/vi/7IPPo3PbeQw/maxresdefault.jpg,6.67,6.9,がっつり
【秘密を解き明かす】ボウルパスタの真骨頂なめらか明太子パスタ【アロマフレスカ・原田慎次】｜クラシル #シェフのレシピ帖,youtube,you66Sn4S78,https://www.youtube.com/watch?v=you66Sn4S78,you66Sn4S78,https://www.youtube.com/watch?v=you66Sn4S78,Kurashiru [クラシル],normal,パスタ,semi-rich,3,YouTube Data API収集,pasta,麺,warm,3,2,false,true,https://i.ytimg.com/vi/you66Sn4S78/maxresdefault.jpg,6.0,5.8,ややがっつり
フライパン１つで完成！和風明太マヨパスタ,youtube,ovXQm55k78w,https://www.youtube.com/watch?v=ovXQm55k78w,ovXQm55k78w,https://www.youtube.com/watch?v=ovXQm55k78w,ハマごはん【お手軽レシピ】,easy,白身魚、パスタ、ネギ、バター、マヨネーズ,rich,5,YouTube Data API収集,"whitefish,pasta,green_onion,butter,mayonnaise",魚介;麺;葉物野菜;チーズ・バター・マヨ系,warm,3,2,true,true,https://i.ytimg.com/vi/ovXQm55k78w/maxresdefault.jpg,6.67,7.5,がっつり
「ほんだし®︎」ってじつはパスタとも相性抜群なの知ってた？？,youtube,i6kwFKN1dGQ,https://www.youtube.com/watch?v=i6kwFKN1dGQ,i6kwFKN1dGQ,https://www.youtube.com/watch?v=i6kwFKN1dGQ,まるみキッチン【簡単レシピ】,normal,白身魚、卵、パスタ、ネギ、マヨネーズ,rich,4,YouTube Data API収集,"whitefish,egg,pasta,green_onion,mayonnaise",魚介;卵;麺;葉物野菜;チーズ・バター・マヨ系,warm,3,2,true,true,https://i.ytimg.com/vi/i6kwFKN1dGQ/maxresdefault.jpg,6.64,6.78,がっつり
思わず悶絶してしまうほどガチで旨い『和風パスタ』を食べたことはありますか？,youtube,iabPdt_5KTg,https://www.youtube.com/watch?v=iabPdt_5KTg,iabPdt_5KTg,https://www.youtube.com/watch?v=iabPdt_5KTg,だれウマ【料理研究家】,normal,豚肉、たこ、パスタ、ネギ、昆布、にんにく、バター,rich,4,YouTube Data API収集,"pork,octopus,pasta,green_onion,kombu,garlic,butter",肉類;魚介;麺;葉物野菜;根菜;チーズ・バター・マヨ系,warm,4,3,true,true,https://i.ytimg.com/vi/iabPdt_5KTg/maxresdefault.jpg,6.73,7.24,がっつり
【店級のパスタが食べい人必見】激うまボロネーゼ #マッチョ #料理 #元カレ #筋肉番付 #暮らしチャンネル #パスタ #簡単 #cooking #飯テロ,youtube,GgdS1NeuLqg,https://www.youtube.com/watch?v=GgdS1NeuLqg,GgdS1NeuLqg,https://www.youtube.com/watch?v=GgdS1NeuLqg,マッチョ元カレごはんがうますぎる,normal,パスタ,semi-rich,3,YouTube Data API収集,pasta,麺,warm,3,2,false,true,https://i.ytimg.com/vi/GgdS1NeuLqg/maxresdefault.jpg,6.0,5.9,ややがっつり
【レンチン1回】にんにく醤油パスタ🍝#shots,youtube,3JUEchExWqg,https://www.youtube.com/watch?v=3JUEchExWqg,3JUEchExWqg,https://www.youtube.com/watch?v=3JUEchExWqg,まみ(mami) ラクうまごはん,normal,パスタ、にんにく,semi-light,3,YouTube Data API収集,"pasta,garlic",麺;根菜,warm,3,2,false,true,https://i.ytimg.com/vi/3JUEchExWqg/maxresdefault.jpg,4.95,5.27,ややあっさり
洗い物ほぼないと言っても過言ではない【鮭丸ごとクリームパスタ】詳しいレシピは概要欄をチェック！#鮭#サーモン#パスタ#スパゲッティ#クリームパスタ#簡単レシピ#ほうれん草#ワンパンレシピ#レシピ動画,youtube,8eYKZxygpeE,https://www.youtube.com/watch?v=8eYKZxygpeE,8eYKZxygpeE,https://www.youtube.com/watch?v=8eYKZxygpeE,デリッシュキッチン,easy,サケ、白身魚、パスタ、ほうれん草、バター、牛乳,rich,4,YouTube Data API収集,"salmon,whitefish,pasta,spinach,butter,milk",魚介;麺;葉物野菜;チーズ・バター・マヨ系,warm,3,2,false,true,https://i.ytimg.com/vi/8eYKZxygpeE/maxresdefault.jpg,6.67,6.8,がっつり
【茹でて混ぜるだけ】明太子パスタならこれ。 #パスタ,youtube,KEjv-2C732I,https://www.youtube.com/watch?v=KEjv-2C732I,KEjv-2C732I,https://www.youtube.com/watch?v=KEjv-2C732I,深夜食堂,normal,パスタ、にんにく、バター、牛乳,rich,4,YouTube Data API収集,"pasta,garlic,butter,milk",麺;根菜;チーズ・バター・マヨ系,warm,3,2,false,true,https://i.ytimg.com/vi/KEjv-2C732I/maxresdefault.jpg,7.43,7.36,がっつり
2026年6月8日,youtube,wLykAqAabJY,https://www.youtube.com/watch?v=wLykAqAabJY,wLykAqAabJY,https://www.youtube.com/watch?v=wLykAqAabJY,あやか⌇10分で作れる褒められパスタ,easy,豚肉、白身魚、パスタ、ネギ、玉ねぎ、にんにく、バター、牛乳,rich,4,YouTube Data API収集,"pork,whitefish,pasta,green_onion,onion,garlic,butter,milk",肉類;魚介;麺;葉物野菜;根菜;チーズ・バター・マヨ系,warm,4,3,true,true,https://i.ytimg.com/vi/wLykAqAabJY/maxresdefault.jpg,6.73,6.94,がっつり
【ミルクパスタ】牛乳で作るクリームパスタの作り方 #料理 #レシピ,youtube,BZUx2H2axQ4,https://www.youtube.com/watch?v=BZUx2H2axQ4,BZUx2H2axQ4,https://www.youtube.com/watch?v=BZUx2H2axQ4,をにぎらー,normal,パスタ、牛乳,rich,3,YouTube Data API収集,"pasta,milk",麺;チーズ・バター・マヨ系,warm,3,2,false,true,https://i.ytimg.com/vi/BZUx2H2axQ4/maxresdefault.jpg,8.6,7.46,がっつり
元高級ホテル料理人が教える、滑らかぁ〜な明太子パスタの作り方!!,youtube,4PxTkO2g5ec,https://www.youtube.com/watch?v=4PxTkO2g5ec,4PxTkO2g5ec,https://www.youtube.com/watch?v=4PxTkO2g5ec,ツナボーイ🐟,normal,サケ、白身魚、ツナ、パスタ、チーズ,rich,4,YouTube Data API収集,"salmon,whitefish,canned_tuna,pasta,cheese",魚介;麺;チーズ・バター・マヨ系,warm,3,2,false,true,https://i.ytimg.com/vi/4PxTkO2g5ec/maxresdefault.jpg,7.67,7.5,がっつり
一口で「作って良かった」と必ず思わせてみせます。料理研究家が人生を懸けた【至高のトマトソースパスタ 】,youtube,bSt6QSa2QKs,https://www.youtube.com/watch?v=bSt6QSa2QKs,bSt6QSa2QKs,https://www.youtube.com/watch?v=bSt6QSa2QKs,料理研究家リュウジのバズレシピ,normal,白身魚、パスタ、トマト、玉ねぎ、にんにく,semi-light,3,YouTube Data API収集,"whitefish,pasta,tomato,onion,garlic",魚介;麺;葉物野菜;根菜,warm,3,2,true,true,https://i.ytimg.com/vi/bSt6QSa2QKs/sddefault.jpg,4.25,5.15,ややあっさり
【絶品パスタ３選】ツナを使った最高に旨いパスタレシピ #パスタ #レシピ #shorts,youtube,q3YqTW6zpK8,https://www.youtube.com/watch?v=q3YqTW6zpK8,q3YqTW6zpK8,https://www.youtube.com/watch?v=q3YqTW6zpK8,かずき@簡単パスタレシピ,easy,ツナ、パスタ、ネギ、玉ねぎ、昆布、にんにく、チーズ、バター、マヨネーズ,semi-rich,4,YouTube Data API収集,"canned_tuna,pasta,green_onion,onion,kombu,garlic,cheese,butter,mayonnaise",魚介;麺;葉物野菜;根菜;チーズ・バター・マヨ系,warm,4,3,true,true,https://i.ytimg.com/vi/q3YqTW6zpK8/maxresdefault.jpg,6.36,6.62,ややがっつり
1食150円、33歳限界OLのトマトクリームパスタ弁当#shorts#簡単レシピ#パスタ,youtube,fKiWxN4S2v0,https://www.youtube.com/watch?v=fKiWxN4S2v0,fKiWxN4S2v0,https://www.youtube.com/watch?v=fKiWxN4S2v0,ゆみ⌇年150万貯める独身女の冷凍ｽﾄｯｸ,easy,白身魚、ツナ、パスタ、ネギ、トマト、玉ねぎ、にんにく、チーズ、牛乳,rich,4,YouTube Data API収集,"whitefish,canned_tuna,pasta,green_onion,tomato,onion,garlic,cheese,milk",魚介;麺;葉物野菜;根菜;チーズ・バター・マヨ系,warm,4,3,true,true,https://i.ytimg.com/vi/fKiWxN4S2v0/maxresdefault.jpg,6.36,6.72,がっつり
包丁も火も使いません【レンチントマトクリームパスタ】詳しくはDELISH KITCHENアプリでレシピ名を検索♪ #簡単レシピ #レンジ #パスタ #レンジ調理,youtube,YKDNIM2_No0,https://www.youtube.com/watch?v=YKDNIM2_No0,YKDNIM2_No0,https://www.youtube.com/watch?v=YKDNIM2_No0,デリッシュキッチン,easy,ベーコン、パスタ、ネギ、トマト、玉ねぎ、チーズ、牛乳,rich,4,YouTube Data API収集,"bacon,pasta,green_onion,tomato,onion,cheese,milk",肉類;麺;葉物野菜;根菜;チーズ・バター・マヨ系,warm,4,3,true,true,https://i.ytimg.com/vi/YKDNIM2_No0/maxresdefault.jpg,6.92,6.95,がっつり
忙しい人必見！簡単お手軽！10分で作れる和風ツナパスタのレシピ #shorts #recipe #パスタ,youtube,8DiJwRhTqPw,https://www.youtube.com/watch?v=8DiJwRhTqPw,8DiJwRhTqPw,https://www.youtube.com/watch?v=8DiJwRhTqPw,Koh Kentetsu Kitchen【料理研究家コウケンテツ公式チャンネル】,easy,ツナ、ラーメン、パスタ、レタス,semi-light,3,YouTube Data API収集,"canned_tuna,ramen,pasta,lettuce",魚介;麺;葉物野菜,warm,3,2,false,true,https://i.ytimg.com/vi/8DiJwRhTqPw/maxresdefault.jpg,4.37,4.92,ややあっさり
視聴者に聞いた貧乏パスタTOP3,youtube,I5A_0TS304o,https://www.youtube.com/watch?v=I5A_0TS304o,I5A_0TS304o,https://www.youtube.com/watch?v=I5A_0TS304o,OTAKE【節約オタク】,normal,パスタ,semi-rich,3,YouTube Data API収集,pasta,麺,warm,3,2,false,true,https://i.ytimg.com/vi/I5A_0TS304o/maxresdefault.jpg,6.0,5.9,ややがっつり
リュウジとかいうYouTuberより断然旨いペペロンチーノの作り方,youtube,KaITLIvBOVM,https://www.youtube.com/watch?v=KaITLIvBOVM,KaITLIvBOVM,https://www.youtube.com/watch?v=KaITLIvBOVM,料理研究家リュウジのバズレシピ,easy,鶏肉、白身魚、ビーフン・フォー、パスタ、にんにく、バター,rich,4,YouTube Data API収集,"chicken,whitefish,rice_noodles,pasta,garlic,butter",鶏肉;魚介;麺;根菜;チーズ・バター・マヨ系,warm,3,2,true,true,https://i.ytimg.com/vi/KaITLIvBOVM/maxresdefault.jpg,7.06,7.44,がっつり
世界最小のパスタ！チュニジア料理をW杯戦の前に喰らい尽くす！【ワールドカップ】,youtube,LzekfOY-w80,https://www.youtube.com/watch?v=LzekfOY-w80,LzekfOY-w80,https://www.youtube.com/watch?v=LzekfOY-w80,ひみつ基地。,normal,パスタ,semi-rich,3,YouTube Data API収集,pasta,麺,warm,3,2,false,true,https://i.ytimg.com/vi/LzekfOY-w80/maxresdefault.jpg,6.0,5.9,ややがっつり
【ひき肉のパスタ】どうしても紹介したい美味しいパスタです！ #パスタ #レシピ #shorts,youtube,k7hE1cSF5kI,https://www.youtube.com/watch?v=k7hE1cSF5kI,k7hE1cSF5kI,https://www.youtube.com/watch?v=k7hE1cSF5kI,かずき@簡単パスタレシピ,normal,挽肉、パスタ,semi-rich,3,YouTube Data API収集,"minced_meat,pasta",肉類;麺,warm,3,2,false,true,https://i.ytimg.com/vi/k7hE1cSF5kI/maxresdefault.jpg,7.3,6.58,ややがっつり
革命｜トマトペーストで作る秒速【クリームパスタ】ショート動画で1000万再生のリピ確定パスタ！,youtube,NVe3_SdgRpc,https://www.youtube.com/watch?v=NVe3_SdgRpc,NVe3_SdgRpc,https://www.youtube.com/watch?v=NVe3_SdgRpc,ファビオ飯 /イタリア料理人の世界,normal,貝、パスタ、トマト、チーズ、バター,rich,4,YouTube Data API収集,"shellfish,pasta,tomato,cheese,butter",魚介;麺;葉物野菜;チーズ・バター・マヨ系,warm,3,2,true,true,https://i.ytimg.com/vi/NVe3_SdgRpc/maxresdefault.jpg,6.67,6.9,がっつり
超簡単【レンチンパスタ】白だしを混ぜてチンするだけですぐ食べられる♪市販のパスタもう買えない,youtube,TxjW2BdLhaE,https://www.youtube.com/watch?v=TxjW2BdLhaE,TxjW2BdLhaE,https://www.youtube.com/watch?v=TxjW2BdLhaE,夫手取り17万円の節約ごはん,normal,ベーコン、パスタ、しめじ、にんにく,semi-rich,4,YouTube Data API収集,"bacon,pasta,shimeji,garlic",肉類;麺;きのこ;根菜,warm,3,2,false,true,https://i.ytimg.com/vi/TxjW2BdLhaE/maxresdefault.jpg,5.72,6.33,ややがっつり
某チェーン店さん本当にごめんなさいパスタ#shorts #リュウジ #カプリチョーザ #再現 #レシピ #パスタ #料理,youtube,1-U-XOMgVQM,https://www.youtube.com/watch?v=1-U-XOMgVQM,1-U-XOMgVQM,https://www.youtube.com/watch?v=1-U-XOMgVQM,料理研究家リュウジのバズレシピ,normal,パスタ、ネギ、トマト、玉ねぎ、にんにく、チーズ,rich,4,YouTube Data API収集,"pasta,green_onion,tomato,onion,garlic,cheese",麺;葉物野菜;根菜;チーズ・バター・マヨ系,warm,3,2,true,true,https://i.ytimg.com/vi/1-U-XOMgVQM/maxresdefault.jpg,6.5,7.1,がっつり
240万回再生された ”松茸の味お吸いもの” だけで味が完璧に決まる悶絶パスタの作り方,youtube,wP1LHJKZxws,https://www.youtube.com/watch?v=wP1LHJKZxws,wP1LHJKZxws,https://www.youtube.com/watch?v=wP1LHJKZxws,だれウマ【料理研究家】,normal,パスタ,semi-rich,3,YouTube Data API収集,pasta,麺,warm,3,2,false,true,https://i.ytimg.com/vi/wP1LHJKZxws/sddefault.jpg,6.0,6.2,ややがっつり
【極みパスタ】海老の旨みをふんだんに使った最強ペペロンチーノです。 #パスタ #レシピ #簡単レシピ #レシピ動画 #ワンパンパスタ #shorts,youtube,0fNI-jzG4bM,https://www.youtube.com/watch?v=0fNI-jzG4bM,0fNI-jzG4bM,https://www.youtube.com/watch?v=0fNI-jzG4bM,かずき@簡単パスタレシピ,normal,えび、パスタ,semi-rich,3,YouTube Data API収集,"shrimp,pasta",魚介;麺,warm,3,2,false,true,https://i.ytimg.com/vi/0fNI-jzG4bM/maxresdefault.jpg,5.3,5.38,ややがっつり
イタリアンシェフが教える想像を超えるパスタ「ミントとチーズのスパゲッティー」【イタリアンプロ養成講座 vol.197】,youtube,9NJSd8dtwQY,https://www.youtube.com/watch?v=9NJSd8dtwQY,9NJSd8dtwQY,https://www.youtube.com/watch?v=9NJSd8dtwQY,小倉知巳のイタリアンプロ養成講座,normal,白身魚、パスタ、トマト、ショウガ、にんにく、チーズ、バター,rich,4,YouTube Data API収集,"whitefish,pasta,tomato,ginger,garlic,cheese,butter",魚介;麺;葉物野菜;根菜;チーズ・バター・マヨ系,warm,4,3,true,true,https://i.ytimg.com/vi/9NJSd8dtwQY/maxresdefault.jpg,6.36,6.72,がっつり
SNSで鬼バズってる料理長のレベルが違いすぎる,youtube,zza-L1Nx2N8,https://www.youtube.com/watch?v=zza-L1Nx2N8,zza-L1Nx2N8,https://www.youtube.com/watch?v=zza-L1Nx2N8,料理研究家リュウジのバズレシピ,normal,牛肉、鶏肉、白身魚、豆腐、パスタ、ネギ、トマト,semi-rich,2,YouTube Data API収集,"beef,chicken,whitefish,tofu,pasta,green_onion,tomato",肉類;鶏肉;魚介;豆腐・大豆系;麺;葉物野菜,warm,4,3,true,true,https://i.ytimg.com/vi/zza-L1Nx2N8/maxresdefault.jpg,5.67,5.4,ややがっつり
【シンプルこそ至高】ミニトマトのパスタが超簡単でお店レベルの旨さでした。 #パスタ #レシピ #簡単レシピ #shorts,youtube,kVB8NhYyo_w,https://www.youtube.com/watch?v=kVB8NhYyo_w,kVB8NhYyo_w,https://www.youtube.com/watch?v=kVB8NhYyo_w,かずき@簡単パスタレシピ,normal,パスタ、トマト,semi-light,3,YouTube Data API収集,"pasta,tomato",麺;葉物野菜,warm,3,2,true,true,https://i.ytimg.com/vi/kVB8NhYyo_w/maxresdefault.jpg,4.25,4.75,ややあっさり
これ以上のナポリタンを僕は知らない…【至高のナポリタン】『Japanese style pasta Napolitana』,youtube,uCbg_uS9aEU,https://www.youtube.com/watch?v=uCbg_uS9aEU,uCbg_uS9aEU,https://www.youtube.com/watch?v=uCbg_uS9aEU,料理研究家リュウジのバズレシピ,normal,白身魚、パスタ、ネギ、ピーマン、玉ねぎ、チーズ、バター,rich,4,YouTube Data API収集,"whitefish,pasta,green_onion,bell_pepper,onion,cheese,butter",魚介;麺;葉物野菜;根菜;チーズ・バター・マヨ系,warm,4,3,true,true,https://i.ytimg.com/vi/uCbg_uS9aEU/maxresdefault.jpg,6.36,7.02,がっつり
【ワンパン15分】トマトクリームパスタはコレだ！ #パスタ,youtube,tZSxZmS7EQk,https://www.youtube.com/watch?v=tZSxZmS7EQk,tZSxZmS7EQk,https://www.youtube.com/watch?v=tZSxZmS7EQk,深夜食堂,easy,ベーコン、えび、パスタ、ネギ、トマト、牛乳,rich,4,YouTube Data API収集,"bacon,shrimp,pasta,green_onion,tomato,milk",肉類;魚介;麺;葉物野菜;チーズ・バター・マヨ系,warm,3,2,true,true,https://i.ytimg.com/vi/tZSxZmS7EQk/maxresdefault.jpg,7.06,7.14,がっつり
どハマりパスタ,youtube,LARQt5TZ5Nc,https://www.youtube.com/watch?v=LARQt5TZ5Nc,LARQt5TZ5Nc,https://www.youtube.com/watch?v=LARQt5TZ5Nc,まみ(mami) ラクうまごはん,normal,パスタ,semi-rich,3,YouTube Data API収集,pasta,麺,warm,3,2,false,true,https://i.ytimg.com/vi/LARQt5TZ5Nc/maxresdefault.jpg,6.0,5.9,ややがっつり
【10分で完成】簡単すぎる絶品パスタレシピ10選🍝忙しい日の神ごはん！節約×時短×大満足！,youtube,DgPJ5utYQFM,https://www.youtube.com/watch?v=DgPJ5utYQFM,DgPJ5utYQFM,https://www.youtube.com/watch?v=DgPJ5utYQFM,macaroni | マカロニ,easy,挽肉、ベーコン、サケ、卵、そうめん、パスタ、ネギ、トマト、玉ねぎ、しめじ、にんにく、チーズ、バター、マヨネーズ、牛乳,semi-rich,4,YouTube Data API収集,"minced_meat,bacon,salmon,egg,somen,pasta,green_onion,tomato,onion,shimeji,garlic,cheese,butter,mayonnaise,milk",肉類;魚介;卵;麺;葉物野菜;根菜;きのこ;チーズ・バター・マヨ系,warm,4,3,true,true,https://i.ytimg.com/vi/DgPJ5utYQFM/maxresdefault.jpg,6.41,6.65,ややがっつり
【ワンパン10分で作れる◎】ミートソースパスタ #cooking #shorts #簡単レシピ #時短レシピ #節約レシピ #ワンパンレシピ #パスタレシピ,youtube,4Pu1_D40Ojg,https://www.youtube.com/watch?v=4Pu1_D40Ojg,4Pu1_D40Ojg,https://www.youtube.com/watch?v=4Pu1_D40Ojg,ラクうま料理ちゃんねる,easy,挽肉、白身魚、パスタ、ネギ、玉ねぎ、にんじん、チーズ,rich,4,YouTube Data API収集,"minced_meat,whitefish,pasta,green_onion,onion,carrot,cheese",肉類;魚介;麺;葉物野菜;根菜;チーズ・バター・マヨ系,warm,4,3,true,true,https://i.ytimg.com/vi/4Pu1_D40Ojg/maxresdefault.jpg,6.73,6.94,がっつり
【試作100回以上！極上カルボナーラ】,youtube,MOL2RvhEFBc,https://www.youtube.com/watch?v=MOL2RvhEFBc,MOL2RvhEFBc,https://www.youtube.com/watch?v=MOL2RvhEFBc,まるみキッチン【簡単レシピ】,normal,ベーコン、白身魚、卵、パスタ、チーズ、牛乳,rich,4,YouTube Data API収集,"bacon,whitefish,egg,pasta,cheese,milk",肉類;魚介;卵;麺;チーズ・バター・マヨ系,warm,3,2,false,true,https://i.ytimg.com/vi/MOL2RvhEFBc/maxresdefault.jpg,7.62,7.37,がっつり
海老クリームパスタの作り方｜フライパン1つで簡単！生クリームなしでも濃厚に仕上がる失敗しないクリームパスタレシピ【パスタレシピ・ワンパンレシピ・フライパンレシピ・簡単レシピ】【料理研究家ゆかり】,youtube,2Db0ypbOIIM,https://www.youtube.com/watch?v=2Db0ypbOIIM,2Db0ypbOIIM,https://www.youtube.com/watch?v=2Db0ypbOIIM,料理研究家ゆかりのおうちで簡単レシピ / Yukari's Kitchen,easy,白身魚、えび、卵、パスタ、ネギ、トマト、玉ねぎ、にんにく、チーズ、バター、牛乳,rich,5,YouTube Data API収集,"whitefish,shrimp,egg,pasta,green_onion,tomato,onion,garlic,cheese,butter,milk",魚介;卵;麺;葉物野菜;根菜;チーズ・バター・マヨ系,warm,4,3,true,true,https://i.ytimg.com/vi/2Db0ypbOIIM/maxresdefault.jpg,6.38,7.23,がっつり
明日、スーパーから｢パスタ｣が消えます。驚愕のミートソース,youtube,nfKgV2XJ_Ic,https://www.youtube.com/watch?v=nfKgV2XJ_Ic,nfKgV2XJ_Ic,https://www.youtube.com/watch?v=nfKgV2XJ_Ic,料理研究家リュウジのバズレシピ,normal,鶏肉、挽肉、白身魚、パスタ、小松菜、トマト、にんにく、チーズ、バター,rich,4,YouTube Data API収集,"chicken,minced_meat,whitefish,pasta,komatsuna,tomato,garlic,cheese,butter",鶏肉;肉類;魚介;麺;葉物野菜;根菜;チーズ・バター・マヨ系,warm,4,3,true,true,https://i.ytimg.com/vi/nfKgV2XJ_Ic/maxresdefault.jpg,6.8,7.28,がっつり
【和風パスタ】箸で食べる和風ガーリックきのこパスタ❗️秋にピッタリのパスタです❗️#パスタ#和風#ベーコン#きのこレシピ#料理#簡単レシピ#cooking,youtube,xlii-zg7DDc,https://www.youtube.com/watch?v=xlii-zg7DDc,xlii-zg7DDc,https://www.youtube.com/watch?v=xlii-zg7DDc,速水もこみち Mocomichi Hayami,normal,ベーコン、白身魚、パスタ、しめじ、にんにく、バター,rich,4,YouTube Data API収集,"bacon,whitefish,pasta,shimeji,garlic,butter",肉類;魚介;麺;きのこ;根菜;チーズ・バター・マヨ系,warm,3,2,false,true,https://i.ytimg.com/vi/xlii-zg7DDc/sddefault.jpg,6.85,7.01,がっつり
【ひき肉のパスタ】どうしても紹介したい美味しいレシピです🍝😋 #パスタ #レシピ #簡単レシピ #料理 #shorts,youtube,XOYSaAmE5RY,https://www.youtube.com/watch?v=XOYSaAmE5RY,XOYSaAmE5RY,https://www.youtube.com/watch?v=XOYSaAmE5RY,かずき@簡単パスタレシピ,normal,挽肉、パスタ,semi-rich,3,YouTube Data API収集,"minced_meat,pasta",肉類;麺,warm,3,2,false,true,https://i.ytimg.com/vi/XOYSaAmE5RY/maxresdefault.jpg,7.3,6.58,ややがっつり
家にある材料で簡単お手軽パスタ！旨みたっぷり！ツナトマトパスタの作り方,youtube,XQ7SIM5aFbA,https://www.youtube.com/watch?v=XQ7SIM5aFbA,XQ7SIM5aFbA,https://www.youtube.com/watch?v=XQ7SIM5aFbA,Koh Kentetsu Kitchen【料理研究家コウケンテツ公式チャンネル】,normal,ツナ、パスタ、ネギ、トマト、玉ねぎ、にんにく、チーズ,rich,4,YouTube Data API収集,"canned_tuna,pasta,green_onion,tomato,onion,garlic,cheese",魚介;麺;葉物野菜;根菜;チーズ・バター・マヨ系,warm,4,3,true,true,https://i.ytimg.com/vi/XQ7SIM5aFbA/maxresdefault.jpg,6.36,6.72,がっつり
【最高傑作】ついに人生で一番美味しいカルボナーラが完成したから絶対に見てほしい,youtube,8y10r6Ts0k8,https://www.youtube.com/watch?v=8y10r6Ts0k8,8y10r6Ts0k8,https://www.youtube.com/watch?v=8y10r6Ts0k8,料理研究家リュウジのバズレシピ,easy,ベーコン、白身魚、卵、パスタ、にんにく、チーズ,rich,4,YouTube Data API収集,"bacon,whitefish,egg,pasta,garlic,cheese",肉類;魚介;卵;麺;根菜;チーズ・バター・マヨ系,warm,3,2,false,true,https://i.ytimg.com/vi/8y10r6Ts0k8/maxresdefault.jpg,7.2,7.52,がっつり
【衝撃的な旨さ】ガリバタチキンパスタ🍝 #パスタ #レシピ #簡単レシピ #shorts,youtube,yqgj2XXA0WY,https://www.youtube.com/watch?v=yqgj2XXA0WY,yqgj2XXA0WY,https://www.youtube.com/watch?v=yqgj2XXA0WY,かずき@簡単パスタレシピ,normal,鶏肉、パスタ,semi-rich,3,YouTube Data API収集,"chicken,pasta",鶏肉;麺,warm,3,2,true,true,https://i.ytimg.com/vi/yqgj2XXA0WY/maxresdefault.jpg,6.0,5.8,ややがっつり
【悶絶級の旨さ🍝】海老と大葉のクリームパスタがお店の味超えてます。 #パスタ #レシピ #料理 #簡単レシピ #shorts,youtube,y-0OvO_nGIk,https://www.youtube.com/watch?v=y-0OvO_nGIk,y-0OvO_nGIk,https://www.youtube.com/watch?v=y-0OvO_nGIk,かずき@簡単パスタレシピ,normal,えび、パスタ,semi-rich,3,YouTube Data API収集,"shrimp,pasta",魚介;麺,warm,3,2,false,true,https://i.ytimg.com/vi/y-0OvO_nGIk/maxresdefault.jpg,5.3,5.38,ややがっつり
【限界シリーズ】ガチまかないはこれ！包丁不要のマヨ醤油パスタ,youtube,k5v0xq40lqE,https://www.youtube.com/watch?v=k5v0xq40lqE,k5v0xq40lqE,https://www.youtube.com/watch?v=k5v0xq40lqE,まかないチャレンジ!,easy,パスタ、ネギ、マヨネーズ,rich,4,YouTube Data API収集,"pasta,green_onion,mayonnaise",麺;葉物野菜;チーズ・バター・マヨ系,warm,3,2,true,true,https://i.ytimg.com/vi/k5v0xq40lqE/maxresdefault.jpg,6.97,7.08,がっつり
レンジで大満足パスタの作り方【ミツカン公式】,youtube,mvBfj7qSKxM,https://www.youtube.com/watch?v=mvBfj7qSKxM,mvBfj7qSKxM,https://www.youtube.com/watch?v=mvBfj7qSKxM,ミツカン公式チャンネル,easy,パスタ、にんにく,semi-light,3,YouTube Data API収集,"pasta,garlic",麺;根菜,warm,3,2,false,true,https://i.ytimg.com/vi/mvBfj7qSKxM/maxresdefault.jpg,4.95,5.27,ややあっさり
買い出し不要！超シンプルなズボラ和風パスタ,youtube,9czV-6UbJmQ,https://www.youtube.com/watch?v=9czV-6UbJmQ,9czV-6UbJmQ,https://www.youtube.com/watch?v=9czV-6UbJmQ,まるみキッチン【簡単レシピ】,normal,卵、パスタ、ネギ、にんにく、マヨネーズ,semi-rich,4,YouTube Data API収集,"egg,pasta,green_onion,garlic,mayonnaise",卵;麺;葉物野菜;根菜;チーズ・バター・マヨ系,warm,3,2,true,true,https://i.ytimg.com/vi/9czV-6UbJmQ/maxresdefault.jpg,6.5,6.7,ややがっつり
簡単なのにおいしすぎる！【ワンパンたらこクリームパスタ】詳しいレシピはアプリで料理名を検索♪ #たらこパスタ #たらこ #パスタ #スパゲティ #ワンパン #フライパンひとつ,youtube,kkoO8rmAI6Y,https://www.youtube.com/watch?v=kkoO8rmAI6Y,kkoO8rmAI6Y,https://www.youtube.com/watch?v=kkoO8rmAI6Y,デリッシュキッチン,easy,白身魚、パスタ、ネギ、バター、マヨネーズ、牛乳,rich,5,YouTube Data API収集,"whitefish,pasta,green_onion,butter,mayonnaise,milk",魚介;麺;葉物野菜;チーズ・バター・マヨ系,warm,3,2,true,true,https://i.ytimg.com/vi/kkoO8rmAI6Y/maxresdefault.jpg,6.67,7.4,がっつり
たことミニトマトの出汁を吸ったパスタがお店級に美味いです。 #パスタ #レシピ #簡単レシピ #shorts,youtube,8yX-agKXZcI,https://www.youtube.com/watch?v=8yX-agKXZcI,8yX-agKXZcI,https://www.youtube.com/watch?v=8yX-agKXZcI,かずき@簡単パスタレシピ,normal,たこ、パスタ、トマト,semi-light,3,YouTube Data API収集,"octopus,pasta,tomato",魚介;麺;葉物野菜,warm,3,2,true,true,https://i.ytimg.com/vi/8yX-agKXZcI/maxresdefault.jpg,4.37,4.82,ややあっさり
【400万回再生】もう終わりです。カルボナーラをこの方法で作ったら、もうコレでいいやってなる【 料理レシピ 】,youtube,GffgVEa7s-o,https://www.youtube.com/watch?v=GffgVEa7s-o,GffgVEa7s-o,https://www.youtube.com/watch?v=GffgVEa7s-o,Aosトラットリア〜青池のオッティモな食卓,normal,ベーコン、白身魚、卵、パスタ、トマト、にんにく、チーズ,rich,4,YouTube Data API収集,"bacon,whitefish,egg,pasta,tomato,garlic,cheese",肉類;魚介;卵;麺;葉物野菜;根菜;チーズ・バター・マヨ系,warm,4,3,true,true,https://i.ytimg.com/vi/GffgVEa7s-o/maxresdefault.jpg,6.7,6.92,がっつり
簡単パスタレシピ！しらすパスタの作り方 #料理 #パスタ #shorts,youtube,X9FkFE1ajtM,https://www.youtube.com/watch?v=X9FkFE1ajtM,X9FkFE1ajtM,https://www.youtube.com/watch?v=X9FkFE1ajtM,Koh Kentetsu Kitchen【料理研究家コウケンテツ公式チャンネル】,normal,パスタ,semi-rich,3,YouTube Data API収集,pasta,麺,warm,3,2,false,true,https://i.ytimg.com/vi/X9FkFE1ajtM/maxresdefault.jpg,6.0,5.9,ややがっつり
衝撃｜ズッキーニのパスタ【ペペロンチーノ】が美味しすぎた…#shorts,youtube,roEkm8hiiuM,https://www.youtube.com/watch?v=roEkm8hiiuM,roEkm8hiiuM,https://www.youtube.com/watch?v=roEkm8hiiuM,ファビオ飯 /イタリア料理人の世界,normal,パスタ、にんにく,semi-light,3,YouTube Data API収集,"pasta,garlic",麺;根菜,warm,3,2,false,true,https://i.ytimg.com/vi/roEkm8hiiuM/maxresdefault.jpg,4.95,5.27,ややあっさり
イタリア人シェフに直接教わった｜暗殺者のパスタ【決定版】結局どうなの？おこげパスタ！,youtube,2GI1wP_D_P0,https://www.youtube.com/watch?v=2GI1wP_D_P0,2GI1wP_D_P0,https://www.youtube.com/watch?v=2GI1wP_D_P0,ファビオ飯 /イタリア料理人の世界,normal,貝、パスタ、トマト、コーン缶、にんにく,semi-light,3,YouTube Data API収集,"shellfish,pasta,tomato,corn,garlic",魚介;麺;葉物野菜;根菜,warm,3,2,true,true,https://i.ytimg.com/vi/2GI1wP_D_P0/maxresdefault.jpg,4.25,4.85,ややあっさり
梅もずくとオクラの冷製パスタ,youtube,FGmPV6MRFA0,https://www.youtube.com/watch?v=FGmPV6MRFA0,FGmPV6MRFA0,https://www.youtube.com/watch?v=FGmPV6MRFA0,パスたけ,easy,白身魚、パスタ、ネギ,semi-light,3,YouTube Data API収集,"whitefish,pasta,green_onion",魚介;麺;葉物野菜,cold,3,2,true,true,https://i.ytimg.com/vi/FGmPV6MRFA0/maxresdefault.jpg,4.37,4.92,ややあっさり
イタリア料理を極める第一歩｜キャベツとアンチョビの【ペペロンチーノ】簡単だけど大満足の一皿！,youtube,wWwYCsVX7xQ,https://www.youtube.com/watch?v=wWwYCsVX7xQ,wWwYCsVX7xQ,https://www.youtube.com/watch?v=wWwYCsVX7xQ,ファビオ飯 /イタリア料理人の世界,normal,パスタ、キャベツ、コーン缶、にんにく,light,2,YouTube Data API収集,"pasta,cabbage,corn,garlic",麺;葉物野菜;根菜,warm,3,2,true,true,https://i.ytimg.com/vi/wWwYCsVX7xQ/maxresdefault.jpg,4.13,4.18,あっさり
プロが教えるナポリタン #ナポリタン #パスタ #スパゲティ #料理人 #レシピ #作り方,youtube,LiWWggxrKgg,https://www.youtube.com/watch?v=LiWWggxrKgg,LiWWggxrKgg,https://www.youtube.com/watch?v=LiWWggxrKgg,Chef Ropia料理人の世界,normal,パスタ,semi-rich,3,YouTube Data API収集,pasta,麺,warm,3,2,false,true,https://i.ytimg.com/vi/LiWWggxrKgg/maxresdefault.jpg,6.0,5.9,ややがっつり
【簡単レシピ】フライパン一つで完成！カルボナーラ #shorts,youtube,sCSd31meCwE,https://www.youtube.com/watch?v=sCSd31meCwE,sCSd31meCwE,https://www.youtube.com/watch?v=sCSd31meCwE,【料理研究家 水野あき】3児のママの時短レシピ,normal,ベーコン、卵、パスタ、にんにく、チーズ、牛乳,rich,5,YouTube Data API収集,"bacon,egg,pasta,garlic,cheese,milk",肉類;卵;麺;根菜;チーズ・バター・マヨ系,warm,3,2,false,true,https://i.ytimg.com/vi/sCSd31meCwE/maxresdefault.jpg,7.48,7.99,がっつり
衝撃の【トマトパスタ】｜イタリアの三ツ星シェフに教わったパスタを《完全再現》,youtube,zLAXvGJ817o,https://www.youtube.com/watch?v=zLAXvGJ817o,zLAXvGJ817o,https://www.youtube.com/watch?v=zLAXvGJ817o,ファビオ飯 /イタリア料理人の世界,normal,ブリ、パスタ、トマト、コーン缶、にんにく,semi-light,3,YouTube Data API収集,"yellowtail,pasta,tomato,corn,garlic",魚介;麺;葉物野菜;根菜,warm,3,2,true,true,https://i.ytimg.com/vi/zLAXvGJ817o/maxresdefault.jpg,4.25,4.85,ややあっさり
イタリア人に教わった【ペペロンチーノ】トマトの旨味で完成された最高パスタ！#shorts,youtube,IS5LxCQGlQQ,https://www.youtube.com/watch?v=IS5LxCQGlQQ,IS5LxCQGlQQ,https://www.youtube.com/watch?v=IS5LxCQGlQQ,ファビオ飯 /イタリア料理人の世界,normal,ブリ、パスタ、トマト、にんにく,semi-light,3,YouTube Data API収集,"yellowtail,pasta,tomato,garlic",魚介;麺;葉物野菜;根菜,warm,3,2,true,true,https://i.ytimg.com/vi/IS5LxCQGlQQ/maxresdefault.jpg,4.25,4.85,ややあっさり
ウインナーとパスタで簡単にできる美味しい料理！ #簡単レシピ #プチ知識 #ずんだもん #料理,youtube,Bkt-nBfdh38,https://www.youtube.com/watch?v=Bkt-nBfdh38,Bkt-nBfdh38,https://www.youtube.com/watch?v=Bkt-nBfdh38,ひろか | 誰でもできるライフハック術,normal,パスタ,semi-rich,3,YouTube Data API収集,pasta,麺,warm,3,2,false,true,https://i.ytimg.com/vi/Bkt-nBfdh38/maxresdefault.jpg,6.0,5.9,ややがっつり
【しらすの旨辛ペペロンチーノ】シェフの即席パスタ#shorts,youtube,v4AMLnaiqR0,https://www.youtube.com/watch?v=v4AMLnaiqR0,v4AMLnaiqR0,https://www.youtube.com/watch?v=v4AMLnaiqR0,George ジョージ吉田,normal,パスタ,semi-rich,3,YouTube Data API収集,pasta,麺,warm,3,2,false,true,https://i.ytimg.com/vi/v4AMLnaiqR0/maxresdefault.jpg,6.0,5.9,ややがっつり
ガーリック醤油が最高！【ナスのパスタ】#shorts,youtube,9eqCKWFZAmY,https://www.youtube.com/watch?v=9eqCKWFZAmY,9eqCKWFZAmY,https://www.youtube.com/watch?v=9eqCKWFZAmY,ファビオ飯 /イタリア料理人の世界,normal,ベーコン、パスタ、ネギ、なす、大根、にんにく,semi-rich,4,YouTube Data API収集,"bacon,pasta,green_onion,eggplant,daikon,garlic",肉類;麺;葉物野菜;根菜,warm,3,2,true,true,https://i.ytimg.com/vi/9eqCKWFZAmY/maxresdefault.jpg,5.55,6.23,ややがっつり
【100万回人気レシピ！】うま味たっぷりパスタ！お店の味に！和風きのこスパゲティの作り方,youtube,4K9oLcspsAY,https://www.youtube.com/watch?v=4K9oLcspsAY,4K9oLcspsAY,https://www.youtube.com/watch?v=4K9oLcspsAY,Koh Kentetsu Kitchen【料理研究家コウケンテツ公式チャンネル】,normal,ラーメン、パスタ、レタス、しめじ、にんにく、バター,semi-rich,4,YouTube Data API収集,"ramen,pasta,lettuce,shimeji,garlic,butter",麺;葉物野菜;きのこ;根菜;チーズ・バター・マヨ系,warm,3,2,false,true,https://i.ytimg.com/vi/4K9oLcspsAY/maxresdefault.jpg,6.08,6.55,ややがっつり
海苔と牛乳の組み合わせ、なしだと思った？ 【海苔クリームパスタ】 #パスタ #海苔 #クリームパスタ #簡単レシピ #料理 #おうちごはん,youtube,VqPciWTJXVY,https://www.youtube.com/watch?v=VqPciWTJXVY,VqPciWTJXVY,https://www.youtube.com/watch?v=VqPciWTJXVY,デリッシュキッチン,easy,白身魚、パスタ、牛乳,rich,3,YouTube Data API収集,"whitefish,pasta,milk",魚介;麺;チーズ・バター・マヨ系,warm,3,2,false,true,https://i.ytimg.com/vi/VqPciWTJXVY/maxresdefault.jpg,7.67,6.8,がっつり
【明太子カルボナーラ】濃厚で美味すぎるパスタが超簡単にできちゃいます。 #パスタ #レシピ #簡単レシピ #shorts,youtube,wN8XfQ4f-VY,https://www.youtube.com/watch?v=wN8XfQ4f-VY,wN8XfQ4f-VY,https://www.youtube.com/watch?v=wN8XfQ4f-VY,かずき@簡単パスタレシピ,normal,パスタ,semi-rich,3,YouTube Data API収集,pasta,麺,warm,3,2,false,true,https://i.ytimg.com/vi/wN8XfQ4f-VY/maxresdefault.jpg,6.0,5.8,ややがっつり
五右衛門風！明太クリームパスタ作ってみた🤤🍝 #料理 #簡単レシピ #パスタ,youtube,bLWwgapILKU,https://www.youtube.com/watch?v=bLWwgapILKU,bLWwgapILKU,https://www.youtube.com/watch?v=bLWwgapILKU,Hideka cooking,normal,パスタ,semi-rich,3,YouTube Data API収集,pasta,麺,warm,3,2,false,true,https://i.ytimg.com/vi/bLWwgapILKU/maxresdefault.jpg,6.0,5.9,ややがっつり
フランス人にバター醤油パスタ作ったらww,youtube,SaNLF88CZbE,https://www.youtube.com/watch?v=SaNLF88CZbE,SaNLF88CZbE,https://www.youtube.com/watch?v=SaNLF88CZbE,天然彼女エヴァちゃん,normal,白身魚、パスタ、バター,rich,4,YouTube Data API収集,"whitefish,pasta,butter",魚介;麺;チーズ・バター・マヨ系,warm,3,2,false,true,https://i.ytimg.com/vi/SaNLF88CZbE/maxresdefault.jpg,7.67,7.5,がっつり
【激ウマ和風パスタ】最高に旨いシンプルな和風パスタを紹介します！ #パスタ #レシピ #簡単レシピ #shorts,youtube,jHHTea5D98M,https://www.youtube.com/watch?v=jHHTea5D98M,jHHTea5D98M,https://www.youtube.com/watch?v=jHHTea5D98M,かずき@簡単パスタレシピ,normal,パスタ,semi-rich,3,YouTube Data API収集,pasta,麺,warm,3,2,false,true,https://i.ytimg.com/vi/jHHTea5D98M/maxresdefault.jpg,6.0,5.8,ややがっつり
イタリアで作るボンゴレロッソが衝撃のうまさ！#パスタ #ボンゴレ #レシピ,youtube,PiLd0xDfw_Y,https://www.youtube.com/watch?v=PiLd0xDfw_Y,PiLd0xDfw_Y,https://www.youtube.com/watch?v=PiLd0xDfw_Y,Chef Ropia料理人の世界,normal,貝、パスタ,semi-rich,3,YouTube Data API収集,"shellfish,pasta",魚介;麺,warm,3,2,false,true,https://i.ytimg.com/vi/PiLd0xDfw_Y/maxresdefault.jpg,5.3,5.48,ややがっつり
思い立ったらすぐ作れる！ケチャップで簡単コク旨！おうちナポリタンの作り方,youtube,66nPAvqtNtw,https://www.youtube.com/watch?v=66nPAvqtNtw,66nPAvqtNtw,https://www.youtube.com/watch?v=66nPAvqtNtw,Koh Kentetsu Kitchen【料理研究家コウケンテツ公式チャンネル】,normal,白身魚、ラーメン、パスタ、ネギ、レタス、トマト、ピーマン、玉ねぎ、にんにく、チーズ、バター,rich,4,YouTube Data API収集,"whitefish,ramen,pasta,green_onion,lettuce,tomato,bell_pepper,onion,garlic,cheese,butter",魚介;麺;葉物野菜;根菜;チーズ・バター・マヨ系,warm,4,3,true,true,https://i.ytimg.com/vi/66nPAvqtNtw/maxresdefault.jpg,6.36,6.72,がっつり
リアル・イカスミパスタ #shorts #pastarecipe,youtube,WtYKXdKE0HA,https://www.youtube.com/watch?v=WtYKXdKE0HA,WtYKXdKE0HA,https://www.youtube.com/watch?v=WtYKXdKE0HA,けんた食堂,normal,パスタ,semi-rich,3,YouTube Data API収集,pasta,麺,warm,3,2,false,true,https://i.ytimg.com/vi/WtYKXdKE0HA/maxresdefault.jpg,6.0,5.9,ややがっつり
スーパーフード舞茸の紹介とパスタのレシピ、その効能と#パスタ #レシピ #pasta,youtube,HFmJoVKbdkM,https://www.youtube.com/watch?v=HFmJoVKbdkM,HFmJoVKbdkM,https://www.youtube.com/watch?v=HFmJoVKbdkM,ラク短おうちパスタ@きみさん,normal,パスタ,semi-rich,3,YouTube Data API収集,pasta,麺,warm,3,2,false,true,https://i.ytimg.com/vi/HFmJoVKbdkM/maxresdefault.jpg,6.0,5.9,ややがっつり
バジルあったら作ってみて【バジルのパスタ】 #recipe #簡単レシピ #パスタ #料理 #おうちごはん #パスタレシピ #バジル #レシピ #レシピ動画 #shorts,youtube,sqwy8_OEfwQ,https://www.youtube.com/watch?v=sqwy8_OEfwQ,sqwy8_OEfwQ,https://www.youtube.com/watch?v=sqwy8_OEfwQ,ゆーりお┃1分で分かる洋食レシピ,easy,白身魚、パスタ、にんにく、チーズ,rich,4,YouTube Data API収集,"whitefish,pasta,garlic,cheese",魚介;麺;根菜;チーズ・バター・マヨ系,warm,3,2,false,true,https://i.ytimg.com/vi/sqwy8_OEfwQ/maxresdefault.jpg,7.02,7.11,がっつり
【100万回再生人気レシピ！】お店のパスタに！シンプルだけど最高に美味しい！コウケンテツ渾身のペペロンチーノの作り方,youtube,rcXWA-lbS5Q,https://www.youtube.com/watch?v=rcXWA-lbS5Q,rcXWA-lbS5Q,https://www.youtube.com/watch?v=rcXWA-lbS5Q,Koh Kentetsu Kitchen【料理研究家コウケンテツ公式チャンネル】,normal,パスタ、レタス、にんにく、バター,rich,4,YouTube Data API収集,"pasta,lettuce,garlic,butter",麺;葉物野菜;根菜;チーズ・バター・マヨ系,warm,3,2,false,true,https://i.ytimg.com/vi/rcXWA-lbS5Q/maxresdefault.jpg,6.5,6.8,がっつり
イタリア人に教わった漁師風パスタ【ペスカトーラ】#shorts,youtube,EZq8IOEdquc,https://www.youtube.com/watch?v=EZq8IOEdquc,EZq8IOEdquc,https://www.youtube.com/watch?v=EZq8IOEdquc,ファビオ飯 /イタリア料理人の世界,normal,ブリ、えび、たこ、パスタ、トマト、にんにく,semi-light,3,YouTube Data API収集,"yellowtail,shrimp,octopus,pasta,tomato,garlic",魚介;麺;葉物野菜;根菜,warm,3,2,true,true,https://i.ytimg.com/vi/EZq8IOEdquc/maxresdefault.jpg,4.25,4.85,ややあっさり
きのこパスタ｜めんつゆガーリック！【ペペロンチーノ】 #パスタ,youtube,ZLN13KhLskQ,https://www.youtube.com/watch?v=ZLN13KhLskQ,ZLN13KhLskQ,https://www.youtube.com/watch?v=ZLN13KhLskQ,ファビオ飯 /イタリア料理人の世界,normal,パスタ、しめじ、しいたけ、にんにく,semi-light,3,YouTube Data API収集,"pasta,shimeji,shiitake,garlic",麺;きのこ;根菜,warm,3,2,false,true,https://i.ytimg.com/vi/ZLN13KhLskQ/maxresdefault.jpg,4.37,4.92,ややあっさり
フライパンひとつで簡単！ケチャたまパスタ！ フルはチャンネルから！#料理 #おうちごはん #簡単レシピ #料理動画 #食テロ #gofood #パスタ #Shorts,youtube,c6b_PxkuxsE,https://www.youtube.com/watch?v=c6b_PxkuxsE,c6b_PxkuxsE,https://www.youtube.com/watch?v=c6b_PxkuxsE,料理にスキル全振りした人,normal,パスタ,rich,5,YouTube Data API収集,pasta,麺,warm,3,2,false,true,https://i.ytimg.com/vi/c6b_PxkuxsE/maxresdefault.jpg,6.0,7.1,がっつり
レンジで簡単❗クリームパスタ #shorts,youtube,RTWfdp-SFMI,https://www.youtube.com/watch?v=RTWfdp-SFMI,RTWfdp-SFMI,https://www.youtube.com/watch?v=RTWfdp-SFMI,よつばの事情,easy,白身魚、パスタ、チーズ、牛乳,rich,4,YouTube Data API収集,"whitefish,pasta,cheese,milk",魚介;麺;チーズ・バター・マヨ系,warm,3,2,false,true,https://i.ytimg.com/vi/RTWfdp-SFMI/maxresdefault.jpg,7.67,7.5,がっつり
トマトパスタの作り方｜フライパン1つで簡単☆ワンパンレシピ！濃厚で旨い！手軽な材料で作れるやみつきトマトパスタです！-How to make Tomato Pasta-【料理研究家ゆかり】,youtube,OMbjEzyTZU0,https://www.youtube.com/watch?v=OMbjEzyTZU0,OMbjEzyTZU0,https://www.youtube.com/watch?v=OMbjEzyTZU0,料理研究家ゆかりのおうちで簡単レシピ / Yukari's Kitchen,normal,ベーコン、白身魚、卵、パスタ、ネギ、トマト、玉ねぎ、にんにく,rich,5,YouTube Data API収集,"bacon,whitefish,egg,pasta,green_onion,tomato,onion,garlic",肉類;魚介;卵;麺;葉物野菜;根菜,warm,4,3,true,true,https://i.ytimg.com/vi/OMbjEzyTZU0/maxresdefault.jpg,5.55,6.73,がっつり
シチリア風【辛口カルボナーラ】まさかのうまい！公邸料理人のパスタレシピ#パスタ #カルボナーラ #料理,youtube,IWb-6epCBtg,https://www.youtube.com/watch?v=IWb-6epCBtg,IWb-6epCBtg,https://www.youtube.com/watch?v=IWb-6epCBtg,Chef Ropia料理人の世界,normal,卵、パスタ,semi-rich,3,YouTube Data API収集,"egg,pasta",卵;麺,warm,3,2,false,true,https://i.ytimg.com/vi/IWb-6epCBtg/maxresdefault.jpg,5.65,5.69,ややがっつり
夏こそ食べたいシチリアのパスタ【アッラ ノルマ】公邸料理人のパスタレシピ#パスタ #トマトスパゲティ#料理,youtube,WiV5HtAVlRU,https://www.youtube.com/watch?v=WiV5HtAVlRU,WiV5HtAVlRU,https://www.youtube.com/watch?v=WiV5HtAVlRU,Chef Ropia料理人の世界,normal,パスタ、トマト,semi-light,3,YouTube Data API収集,"pasta,tomato",麺;葉物野菜,warm,3,2,true,true,https://i.ytimg.com/vi/WiV5HtAVlRU/maxresdefault.jpg,4.25,4.85,ややあっさり
イタリア親父が効率厨のパスタ料理を見た結果,youtube,AG66nlV4Lio,https://www.youtube.com/watch?v=AG66nlV4Lio,AG66nlV4Lio,https://www.youtube.com/watch?v=AG66nlV4Lio,ニヤリハット,normal,パスタ,semi-rich,3,YouTube Data API収集,pasta,麺,warm,3,2,false,true,https://i.ytimg.com/vi/AG66nlV4Lio/maxresdefault.jpg,6.0,5.9,ややがっつり
喫茶店で食べた思い出の味！笠原流【昭和のナポリタン】,youtube,TKclm3XDHA0,https://www.youtube.com/watch?v=TKclm3XDHA0,TKclm3XDHA0,https://www.youtube.com/watch?v=TKclm3XDHA0,【賛否両論】笠原将弘の料理のほそ道,easy,白身魚、ビーフン・フォー、パスタ、ネギ、ピーマン、玉ねぎ、チーズ、バター,rich,4,YouTube Data API収集,"whitefish,rice_noodles,pasta,green_onion,bell_pepper,onion,cheese,butter",魚介;麺;葉物野菜;根菜;チーズ・バター・マヨ系,warm,4,3,true,true,https://i.ytimg.com/vi/TKclm3XDHA0/maxresdefault.jpg,6.36,6.72,がっつり
世界チャンピオンのフレッシュトマト🍅パスタ！｜クラシル #shorts,youtube,REWxx-VLR1c,https://www.youtube.com/watch?v=REWxx-VLR1c,REWxx-VLR1c,https://www.youtube.com/watch?v=REWxx-VLR1c,Kurashiru [クラシル],normal,パスタ、トマト,semi-light,3,YouTube Data API収集,"pasta,tomato",麺;葉物野菜,warm,3,2,true,true,https://i.ytimg.com/vi/REWxx-VLR1c/maxresdefault.jpg,4.25,4.75,ややあっさり
【調味料2つ】レンチンパスタ🍝#簡単レシピ #pasta,youtube,ncdv3oT-krE,https://www.youtube.com/watch?v=ncdv3oT-krE,ncdv3oT-krE,https://www.youtube.com/watch?v=ncdv3oT-krE,まみ(mami) ラクうまごはん,normal,パスタ,semi-rich,3,YouTube Data API収集,pasta,麺,warm,3,2,false,true,https://i.ytimg.com/vi/ncdv3oT-krE/maxresdefault.jpg,6.0,5.9,ややがっつり
【明太子の冷製パスタレシピ】冷たい明太子パスタが美味しすぎる！ #パスタレシピ #明太子パスタ #冷製パスタ,youtube,ZpBTenmmQRE,https://www.youtube.com/watch?v=ZpBTenmmQRE,ZpBTenmmQRE,https://www.youtube.com/watch?v=ZpBTenmmQRE,ナオ飯チャンネル,easy,白身魚、たこ、卵、パスタ、にんにく、牛乳,semi-rich,3,YouTube Data API収集,"whitefish,octopus,egg,pasta,garlic,milk",魚介;卵;麺;根菜;チーズ・バター・マヨ系,cold,3,2,false,true,https://i.ytimg.com/vi/ZpBTenmmQRE/maxresdefault.jpg,6.92,6.45,ややがっつり
イタリア人から教わった🐙【ペペロンチーノ】シンプルパスタ#shorts,youtube,Ph1hSZ_gBzo,https://www.youtube.com/watch?v=Ph1hSZ_gBzo,Ph1hSZ_gBzo,https://www.youtube.com/watch?v=Ph1hSZ_gBzo,ファビオ飯 /イタリア料理人の世界,normal,たこ、パスタ、にんにく,semi-light,3,YouTube Data API収集,"octopus,pasta,garlic",魚介;麺;根菜,warm,3,2,false,true,https://i.ytimg.com/vi/Ph1hSZ_gBzo/maxresdefault.jpg,4.83,5.2,ややあっさり
イタリア人に教わったパスタ【カッチョエペペ】#shorts,youtube,XQpES5L6sbQ,https://www.youtube.com/watch?v=XQpES5L6sbQ,XQpES5L6sbQ,https://www.youtube.com/watch?v=XQpES5L6sbQ,ファビオ飯 /イタリア料理人の世界,normal,パスタ、バター,rich,4,YouTube Data API収集,"pasta,butter",麺;チーズ・バター・マヨ系,warm,3,2,false,true,https://i.ytimg.com/vi/XQpES5L6sbQ/maxresdefault.jpg,8.6,8.06,がっつり
お店で食べるような［クリームパスタ］をご家庭でも簡単に作れるようにレシピにしてみました。,youtube,MphLsTnVg78,https://www.youtube.com/watch?v=MphLsTnVg78,MphLsTnVg78,https://www.youtube.com/watch?v=MphLsTnVg78,食事処さくらの料理教室,easy,ベーコン、パスタ、ネギ、玉ねぎ、しめじ、チーズ、バター、牛乳,rich,4,YouTube Data API収集,"bacon,pasta,green_onion,onion,shimeji,cheese,butter,milk",肉類;麺;葉物野菜;根菜;きのこ;チーズ・バター・マヨ系,warm,4,3,true,true,https://i.ytimg.com/vi/MphLsTnVg78/maxresdefault.jpg,6.5,6.8,がっつり
もうミートソース買わない！ぶち込むだけで簡単おいしいボロネーゼペンネ,youtube,3eSAkb-NUvE,https://www.youtube.com/watch?v=3eSAkb-NUvE,3eSAkb-NUvE,https://www.youtube.com/watch?v=3eSAkb-NUvE,ゆたれぴレシピ,normal,挽肉、パスタ、トマト,semi-light,2,YouTube Data API収集,"minced_meat,pasta,tomato",肉類;麺;葉物野菜,warm,3,2,true,true,https://i.ytimg.com/vi/3eSAkb-NUvE/maxresdefault.jpg,5.9,5.24,ややあっさり
うめえ！！ボールごとくれ！！と叫ばれるほど旨い、塩が決め手の【至高を越えたスパサラ】#shorts #リュウジ #料理,youtube,Nz79UMbUCAo,https://www.youtube.com/watch?v=Nz79UMbUCAo,Nz79UMbUCAo,https://www.youtube.com/watch?v=Nz79UMbUCAo,料理研究家リュウジのバズレシピ,normal,白身魚、パスタ,semi-light,2,YouTube Data API収集,"whitefish,pasta",魚介;麺,warm,3,2,false,true,https://i.ytimg.com/vi/Nz79UMbUCAo/maxresdefault.jpg,5.3,5.18,ややあっさり
【旨みと香りが最高のパスタ】ベーコンと大葉のジェノベーゼ #パスタ #レシピ #shorts,youtube,jXjlF99IqsU,https://www.youtube.com/watch?v=jXjlF99IqsU,jXjlF99IqsU,https://www.youtube.com/watch?v=jXjlF99IqsU,かずき@簡単パスタレシピ,easy,ベーコン、パスタ、ネギ、玉ねぎ、にんにく、チーズ,rich,4,YouTube Data API収集,"bacon,pasta,green_onion,onion,garlic,cheese",肉類;麺;葉物野菜;根菜;チーズ・バター・マヨ系,warm,3,2,true,true,https://i.ytimg.com/vi/jXjlF99IqsU/maxresdefault.jpg,6.92,6.95,がっつり
こんな美味い牡蠣のパスタがあるのかと言われたペペロンチーノのレシピ#shorts,youtube,SbCdFZAudVg,https://www.youtube.com/watch?v=SbCdFZAudVg,SbCdFZAudVg,https://www.youtube.com/watch?v=SbCdFZAudVg,George ジョージ吉田,normal,パスタ,semi-rich,3,YouTube Data API収集,pasta,麺,warm,3,2,false,true,https://i.ytimg.com/vi/SbCdFZAudVg/maxresdefault.jpg,6.0,5.9,ややがっつり
本場イタリアの野良パスタが虜になるうまさ #パスタ #レシピ #公邸料理人,youtube,GHQRjlrUdGE,https://www.youtube.com/watch?v=GHQRjlrUdGE,GHQRjlrUdGE,https://www.youtube.com/watch?v=GHQRjlrUdGE,Chef Ropia料理人の世界,normal,挽肉、パスタ、ネギ、トマト、チーズ、バター、牛乳,rich,4,YouTube Data API収集,"minced_meat,pasta,green_onion,tomato,cheese,butter,milk",肉類;麺;葉物野菜;チーズ・バター・マヨ系,warm,4,3,true,true,https://i.ytimg.com/vi/GHQRjlrUdGE/maxresdefault.jpg,7.38,7.33,がっつり
イタリア人に教わった【肉パスタ】ボロネーゼだけじゃないラグーソース#shorts,youtube,NTCL2-CnaxA,https://www.youtube.com/watch?v=NTCL2-CnaxA,NTCL2-CnaxA,https://www.youtube.com/watch?v=NTCL2-CnaxA,ファビオ飯 /イタリア料理人の世界,normal,挽肉、パスタ、ほうれん草、にんにく、チーズ、バター,rich,4,YouTube Data API収集,"minced_meat,pasta,spinach,garlic,cheese,butter",肉類;麺;葉物野菜;根菜;チーズ・バター・マヨ系,warm,3,2,false,true,https://i.ytimg.com/vi/NTCL2-CnaxA/maxresdefault.jpg,6.92,7.05,がっつり
ペペロンチーノの美味しい作り方。#shorts,youtube,FL1kLYyEtdY,https://www.youtube.com/watch?v=FL1kLYyEtdY,FL1kLYyEtdY,https://www.youtube.com/watch?v=FL1kLYyEtdY,Ryou【和久井亮平】,normal,パスタ,semi-rich,2,YouTube Data API収集,pasta,麺,warm,3,2,false,true,https://i.ytimg.com/vi/FL1kLYyEtdY/maxresdefault.jpg,6.0,5.3,ややがっつり
和えるだけ和風たらこパスタ⌇パスタの熱で和えるのがおいしさのポイント #料理 #簡単レシピ #管理栄養士 #パスタ #たらこ,youtube,sA5ifX0ECEA,https://www.youtube.com/watch?v=sA5ifX0ECEA,sA5ifX0ECEA,https://www.youtube.com/watch?v=sA5ifX0ECEA,管理栄養士ぽなこ,easy,白身魚、パスタ,semi-rich,3,YouTube Data API収集,"whitefish,pasta",魚介;麺,warm,1,1,false,true,https://i.ytimg.com/vi/sA5ifX0ECEA/maxresdefault.jpg,5.3,5.48,ややがっつり
過去にこれほど旨い冷凍うどんの食べ方があっただろうか。究極の油うどん,youtube,qib1DsXHa4A,https://www.youtube.com/watch?v=qib1DsXHa4A,qib1DsXHa4A,https://www.youtube.com/watch?v=qib1DsXHa4A,料理研究家リュウジのバズレシピ,easy,鶏肉、白身魚、卵、うどん、パスタ、ネギ、にんにく,semi-light,2,YouTube Data API収集,"chicken,whitefish,egg,udon,pasta,green_onion,garlic",鶏肉;魚介;卵;麺;葉物野菜;根菜,cold,4,3,true,true,https://i.ytimg.com/vi/qib1DsXHa4A/maxresdefault.jpg,4.72,4.83,ややあっさり
身体が温まる！ふわふわ卵のあんかけうどん🥢 #簡単レシピ #ズボラ飯,youtube,0cNcqncofzk,https://www.youtube.com/watch?v=0cNcqncofzk,0cNcqncofzk,https://www.youtube.com/watch?v=0cNcqncofzk,腹へったch,easy,白身魚、卵、うどん、ネギ、ショウガ,light,2,YouTube Data API収集,"whitefish,egg,udon,green_onion,ginger",魚介;卵;麺;葉物野菜;根菜,warm,3,2,true,true,https://i.ytimg.com/vi/0cNcqncofzk/maxresdefault.jpg,4.46,4.38,あっさり
レンジ１発でこんなに旨いなんて【極み油うどん】詳しいレシピは概要欄をチェック！#うどん #冷凍うどん #焼きうどん,youtube,hThxfZPR08Y,https://www.youtube.com/watch?v=hThxfZPR08Y,hThxfZPR08Y,https://www.youtube.com/watch?v=hThxfZPR08Y,デリッシュキッチン,easy,白身魚、卵、うどん、ネギ、にんにく,semi-light,3,YouTube Data API収集,"whitefish,egg,udon,green_onion,garlic",魚介;卵;麺;葉物野菜;根菜,cold,3,2,true,true,https://i.ytimg.com/vi/hThxfZPR08Y/maxresdefault.jpg,4.46,4.88,ややあっさり
【やる気1％で卵かけ鶏がらだしうどん】,youtube,hu27OO0lZUc,https://www.youtube.com/watch?v=hu27OO0lZUc,hu27OO0lZUc,https://www.youtube.com/watch?v=hu27OO0lZUc,まるみキッチン【簡単レシピ】,easy,白身魚、卵、うどん、ネギ,light,2,YouTube Data API収集,"whitefish,egg,udon,green_onion",魚介;卵;麺;葉物野菜,warm,3,2,true,true,https://i.ytimg.com/vi/hu27OO0lZUc/maxresdefault.jpg,4.6,4.36,あっさり
ホッと温まる。ズボラ式肉うどん🥢 #簡単レシピ #ズボラ飯,youtube,kIOPftu4SIs,https://www.youtube.com/watch?v=kIOPftu4SIs,kIOPftu4SIs,https://www.youtube.com/watch?v=kIOPftu4SIs,腹へったch,easy,豚肉、うどん、ネギ,semi-light,2,YouTube Data API収集,"pork,udon,green_onion",肉類;麺;葉物野菜,warm,3,2,true,true,https://i.ytimg.com/vi/kIOPftu4SIs/maxresdefault.jpg,5.9,5.24,ややあっさり
【冷やしうどんレシピ10選】暑い日に食べたい！さっぱり簡単うどんアレンジ,youtube,rJrqt7on9Cw,https://www.youtube.com/watch?v=rJrqt7on9Cw,rJrqt7on9Cw,https://www.youtube.com/watch?v=rJrqt7on9Cw,macaroni | マカロニ,easy,牛肉、挽肉、ツナ、卵、うどん、パスタ、napa_cabbage、きゅうり、ネギ、トマト、ピーマン、玉ねぎ、大根、わかめ、ショウガ、にんにく、バター、カレールゥ,rich,4,YouTube Data API収集,"beef,minced_meat,canned_tuna,egg,udon,pasta,napa_cabbage,cucumber,green_onion,tomato,bell_pepper,onion,daikon,wakame,ginger,garlic,butter,curry_roux",肉類;魚介;卵;麺;葉物野菜;根菜;チーズ・バター・マヨ系,cold,4,3,true,true,https://i.ytimg.com/vi/rJrqt7on9Cw/maxresdefault.jpg,6.7,6.82,がっつり
やる気1％でウマ塩うどん,youtube,L_5QO1gf_NY,https://www.youtube.com/watch?v=L_5QO1gf_NY,L_5QO1gf_NY,https://www.youtube.com/watch?v=L_5QO1gf_NY,まるみキッチン【簡単レシピ】,easy,白身魚、うどん、ネギ、にんにく,light,2,YouTube Data API収集,"whitefish,udon,green_onion,garlic",魚介;麺;葉物野菜;根菜,warm,3,2,true,true,https://i.ytimg.com/vi/L_5QO1gf_NY/maxresdefault.jpg,4.25,4.15,あっさり
この世で1番うまい冷凍うどんの食べ方はこれ。,youtube,lyC8pZLn-p8,https://www.youtube.com/watch?v=lyC8pZLn-p8,lyC8pZLn-p8,https://www.youtube.com/watch?v=lyC8pZLn-p8,まるみキッチン【簡単レシピ】,easy,白身魚、卵、うどん、ネギ、にんにく,light,2,YouTube Data API収集,"whitefish,egg,udon,green_onion,garlic",魚介;卵;麺;葉物野菜;根菜,cold,3,2,true,true,https://i.ytimg.com/vi/lyC8pZLn-p8/maxresdefault.jpg,4.46,4.28,あっさり
やる気1%で作れちゃうめんつゆ鶏がら冷やしうどん,youtube,R23bMl2Sdc0,https://www.youtube.com/watch?v=R23bMl2Sdc0,R23bMl2Sdc0,https://www.youtube.com/watch?v=R23bMl2Sdc0,ハマごはん【お手軽レシピ】,easy,白身魚、うどん、ネギ、ショウガ、にんにく,light,2,YouTube Data API収集,"whitefish,udon,green_onion,ginger,garlic",魚介;麺;葉物野菜;根菜,cold,3,2,true,true,https://i.ytimg.com/vi/R23bMl2Sdc0/maxresdefault.jpg,4.25,4.25,あっさり
泣くほど旨い『冷やしぶっかけ肉うどん』,youtube,CGZKcTLBJn0,https://www.youtube.com/watch?v=CGZKcTLBJn0,CGZKcTLBJn0,https://www.youtube.com/watch?v=CGZKcTLBJn0,だれウマ【料理研究家】,easy,豚肉、卵、うどん、ネギ,semi-rich,2,YouTube Data API収集,"pork,egg,udon,green_onion",肉類;卵;麺;葉物野菜,cold,3,2,true,true,https://i.ytimg.com/vi/CGZKcTLBJn0/maxresdefault.jpg,5.9,5.54,ややがっつり
【究極の卵黄ユッケうどん】,youtube,_pwQnmRafLA,https://www.youtube.com/watch?v=_pwQnmRafLA,_pwQnmRafLA,https://www.youtube.com/watch?v=_pwQnmRafLA,まるみキッチン【簡単レシピ】,easy,白身魚、卵、うどん,semi-light,2,YouTube Data API収集,"whitefish,egg,udon",魚介;卵;麺,warm,3,2,false,true,https://i.ytimg.com/vi/_pwQnmRafLA/maxresdefault.jpg,5.3,4.78,ややあっさり
これだけは絶対覚えてた方が良い！やみつき混ぜうどんの作り方！,youtube,eV-IkFKfqBY,https://www.youtube.com/watch?v=eV-IkFKfqBY,eV-IkFKfqBY,https://www.youtube.com/watch?v=eV-IkFKfqBY,けんますクッキング,easy,白身魚、うどん,semi-light,2,YouTube Data API収集,"whitefish,udon",魚介;麺,warm,3,2,false,true,https://i.ytimg.com/vi/eV-IkFKfqBY/maxresdefault.jpg,5.3,4.88,ややあっさり
お皿ひとつでできる絶品ズボラ飯！ヤンニョムチーズうどん,youtube,NaP7unX8qYo,https://www.youtube.com/watch?v=NaP7unX8qYo,NaP7unX8qYo,https://www.youtube.com/watch?v=NaP7unX8qYo,ハマごはん【お手軽レシピ】,easy,白身魚、卵、うどん、ネギ、にんにく、チーズ,rich,4,YouTube Data API収集,"whitefish,egg,udon,green_onion,garlic,cheese",魚介;卵;麺;葉物野菜;根菜;チーズ・バター・マヨ系,warm,3,2,true,true,https://i.ytimg.com/vi/NaP7unX8qYo/maxresdefault.jpg,6.38,6.73,がっつり
とろとろ餡と生姜でほっかほか！卵とじうどん ｜ How To Make Egg-drop Udon,youtube,dYnJIaFrLe8,https://www.youtube.com/watch?v=dYnJIaFrLe8,dYnJIaFrLe8,https://www.youtube.com/watch?v=dYnJIaFrLe8,デリッシュキッチン,easy,豚肉、鶏肉、白身魚、豆腐、卵、うどん、パスタ、にら、ネギ、もやし、大根、ショウガ、マヨネーズ,rich,4,YouTube Data API収集,"pork,chicken,whitefish,tofu,egg,udon,pasta,nira,green_onion,bean_sprouts,daikon,ginger,mayonnaise",肉類;鶏肉;魚介;豆腐・大豆系;卵;麺;葉物野菜;根菜;チーズ・バター・マヨ系,warm,4,3,true,true,https://i.ytimg.com/vi/dYnJIaFrLe8/maxresdefault.jpg,6.58,6.75,がっつり
300万回再生された○🐢再現レシピ #shorts,youtube,O9Im7jqMRBc,https://www.youtube.com/watch?v=O9Im7jqMRBc,O9Im7jqMRBc,https://www.youtube.com/watch?v=O9Im7jqMRBc,Noa│家族ごはん,normal,うどん,semi-rich,2,YouTube Data API収集,udon,麺,warm,3,2,false,true,https://i.ytimg.com/vi/O9Im7jqMRBc/maxresdefault.jpg,6.0,5.3,ややがっつり
肉うどん,youtube,dKssykCeITs,https://www.youtube.com/watch?v=dKssykCeITs,dKssykCeITs,https://www.youtube.com/watch?v=dKssykCeITs,タサン志麻,easy,牛肉、豚肉、うどん、ショウガ,semi-rich,2,YouTube Data API収集,"beef,pork,udon,ginger",肉類;麺;根菜,warm,3,2,true,true,https://i.ytimg.com/vi/dKssykCeITs/maxresdefault.jpg,6.37,5.52,ややがっつり
【㊗️800万回再生‼️】お店が出来ちゃう？とろっとろのカレーうどん ｜クラシル #Shorts,youtube,erkhdgoEUNg,https://www.youtube.com/watch?v=erkhdgoEUNg,erkhdgoEUNg,https://www.youtube.com/watch?v=erkhdgoEUNg,Kurashiru [クラシル],easy,うどん,semi-light,2,YouTube Data API収集,udon,麺,warm,3,2,false,true,https://i.ytimg.com/vi/erkhdgoEUNg/maxresdefault.jpg,6.0,5.2,ややあっさり
【レンジで簡単！スタミナつけうどん】,youtube,4jO08yz9xmQ,https://www.youtube.com/watch?v=4jO08yz9xmQ,4jO08yz9xmQ,https://www.youtube.com/watch?v=4jO08yz9xmQ,まるみキッチン【簡単レシピ】,easy,卵、うどん、ネギ、にんにく,light,2,YouTube Data API収集,"egg,udon,green_onion,garlic",卵;麺;葉物野菜;根菜,warm,3,2,true,true,https://i.ytimg.com/vi/4jO08yz9xmQ/maxresdefault.jpg,4.42,4.25,あっさり
夏にピッタリピリ辛レシピ！冷やしラー油ぶっかけうどん,youtube,VdPwgOY66y4,https://www.youtube.com/watch?v=VdPwgOY66y4,VdPwgOY66y4,https://www.youtube.com/watch?v=VdPwgOY66y4,ハマごはん【お手軽レシピ】,easy,うどん、ネギ,light,2,YouTube Data API収集,"udon,green_onion",麺;葉物野菜,cold,3,2,true,true,https://i.ytimg.com/vi/VdPwgOY66y4/maxresdefault.jpg,4.25,4.25,あっさり
【こういうのでいいんだよ】金欠で疲れたそこのあなたに食べてほしい。心と体に染み渡るうどんレシピ教えます！,youtube,aRVQqB6dquY,https://www.youtube.com/watch?v=aRVQqB6dquY,aRVQqB6dquY,https://www.youtube.com/watch?v=aRVQqB6dquY,けんますクッキング,easy,豚肉、ブリ、厚揚げ、うどん、ネギ,semi-light,2,YouTube Data API収集,"pork,yellowtail,atsuage,udon,green_onion",肉類;魚介;豆腐・大豆系;麺;葉物野菜,warm,3,2,true,true,https://i.ytimg.com/vi/aRVQqB6dquY/maxresdefault.jpg,5.48,4.99,ややあっさり
汁まで飲み干しちゃう。簡単すぎる梅だしうどん🥢,youtube,6HU97Fo4wTM,https://www.youtube.com/watch?v=6HU97Fo4wTM,6HU97Fo4wTM,https://www.youtube.com/watch?v=6HU97Fo4wTM,腹へったch,easy,うどん、ネギ,light,2,YouTube Data API収集,"udon,green_onion",麺;葉物野菜,warm,3,2,true,true,https://i.ytimg.com/vi/6HU97Fo4wTM/maxresdefault.jpg,4.25,4.25,あっさり
疲れた日でも超簡単に作れる究極のキムチ釜玉うどん,youtube,dnoOLvGweUE,https://www.youtube.com/watch?v=dnoOLvGweUE,dnoOLvGweUE,https://www.youtube.com/watch?v=dnoOLvGweUE,ハマごはん【お手軽レシピ】,easy,白身魚、卵、うどん、ネギ、にんにく,light,2,YouTube Data API収集,"whitefish,egg,udon,green_onion,garlic",魚介;卵;麺;葉物野菜;根菜,warm,3,2,true,true,https://i.ytimg.com/vi/dnoOLvGweUE/maxresdefault.jpg,4.46,4.38,あっさり
やる気1％でスタミナまぜうどん,youtube,cyGZEKtYIgY,https://www.youtube.com/watch?v=cyGZEKtYIgY,cyGZEKtYIgY,https://www.youtube.com/watch?v=cyGZEKtYIgY,まるみキッチン【簡単レシピ】,easy,白身魚、卵、うどん、にんにく,light,2,YouTube Data API収集,"whitefish,egg,udon,garlic",魚介;卵;麺;根菜,warm,3,2,false,true,https://i.ytimg.com/vi/cyGZEKtYIgY/maxresdefault.jpg,4.95,4.57,あっさり
やる気1%で濃厚ネギだれつけうどん,youtube,XbkfJ7jICjg,https://www.youtube.com/watch?v=XbkfJ7jICjg,XbkfJ7jICjg,https://www.youtube.com/watch?v=XbkfJ7jICjg,まるみキッチン【簡単レシピ】,easy,白身魚、卵、うどん、ネギ、にんにく,light,2,YouTube Data API収集,"whitefish,egg,udon,green_onion,garlic",魚介;卵;麺;葉物野菜;根菜,warm,3,2,true,true,https://i.ytimg.com/vi/XbkfJ7jICjg/maxresdefault.jpg,4.46,4.28,あっさり
さっぱりおいしい！冷やしぶっかけうどん,youtube,kkH9ymDO03g,https://www.youtube.com/watch?v=kkH9ymDO03g,kkH9ymDO03g,https://www.youtube.com/watch?v=kkH9ymDO03g,まるみキッチン【簡単レシピ】,easy,白身魚、卵、うどん、ネギ、ショウガ,light,2,YouTube Data API収集,"whitefish,egg,udon,green_onion,ginger",魚介;卵;麺;葉物野菜;根菜,cold,3,2,true,true,https://i.ytimg.com/vi/kkH9ymDO03g/maxresdefault.jpg,4.46,4.28,あっさり
手打ちうどんの作り方 前編【讃岐うどん】,youtube,67TYGc6Dd_g,https://www.youtube.com/watch?v=67TYGc6Dd_g,67TYGc6Dd_g,https://www.youtube.com/watch?v=67TYGc6Dd_g,JA香川県公式チャンネル,easy,鶏肉、白身魚、油揚げ、うどん、ネギ,light,2,YouTube Data API収集,"chicken,whitefish,aburaage,udon,green_onion",鶏肉;魚介;豆腐・大豆系;麺;葉物野菜,warm,3,2,true,true,https://i.ytimg.com/vi/67TYGc6Dd_g/maxresdefault.jpg,4.6,4.46,あっさり
すげぇ旨いカレーうどんの作り方簡単ワンパンレシピ！ ライフハック,youtube,Yf2g5pcnzMc,https://www.youtube.com/watch?v=Yf2g5pcnzMc,Yf2g5pcnzMc,https://www.youtube.com/watch?v=Yf2g5pcnzMc,ちゃらりんこクック,easy,鶏肉、豆腐、うどん、キャベツ、ほうれん草、小松菜、にら、ネギ、なす、ピーマン、ブロッコリー、玉ねぎ、大根、かぼちゃ、しいたけ,light,2,YouTube Data API収集,"chicken,tofu,udon,cabbage,spinach,komatsuna,nira,green_onion,eggplant,bell_pepper,broccoli,onion,daikon,pumpkin,shiitake",鶏肉;豆腐・大豆系;麺;葉物野菜;根菜;きのこ,warm,4,3,true,true,https://i.ytimg.com/vi/Yf2g5pcnzMc/maxresdefault.jpg,4.25,4.25,あっさり
茹でて混ぜるだけ！速攻で食べれるのに最高に美味しい！【うどん】永谷園松茸のお吸い物で釜揚げにしたら最高。食べた後のお楽しみも嬉しい。,youtube,w-I-0Xs8ArI,https://www.youtube.com/watch?v=w-I-0Xs8ArI,w-I-0Xs8ArI,https://www.youtube.com/watch?v=w-I-0Xs8ArI,手抜き料理、それは創作。,easy,白身魚、卵、うどん、ネギ,semi-rich,5,YouTube Data API収集,"whitefish,egg,udon,green_onion",魚介;卵;麺;葉物野菜,warm,3,2,true,true,https://i.ytimg.com/vi/w-I-0Xs8ArI/maxresdefault.jpg,4.6,6.26,ややがっつり
5分で完成！明太子クリームうどん🌶️ #簡単レシピ #美味しい,youtube,H_XqNjmFWCQ,https://www.youtube.com/watch?v=H_XqNjmFWCQ,H_XqNjmFWCQ,https://www.youtube.com/watch?v=H_XqNjmFWCQ,腹へったch,easy,うどん、ネギ、にんにく、バター、マヨネーズ、牛乳,rich,4,YouTube Data API収集,"udon,green_onion,garlic,butter,mayonnaise,milk",麺;葉物野菜;根菜;チーズ・バター・マヨ系,warm,3,2,true,true,https://i.ytimg.com/vi/H_XqNjmFWCQ/maxresdefault.jpg,6.5,6.8,がっつり
簡単釜玉納豆うどん #簡単レシピ,youtube,EUZ-UeRCkrY,https://www.youtube.com/watch?v=EUZ-UeRCkrY,EUZ-UeRCkrY,https://www.youtube.com/watch?v=EUZ-UeRCkrY,ゆい | 誰でもできる簡単痩せレシピ,easy,うどん,semi-light,2,YouTube Data API収集,udon,麺,warm,3,2,false,true,https://i.ytimg.com/vi/EUZ-UeRCkrY/maxresdefault.jpg,6.0,5.2,ややあっさり
やる気1％でキムチーズ釜玉うどん,youtube,aVuigqIVTfQ,https://www.youtube.com/watch?v=aVuigqIVTfQ,aVuigqIVTfQ,https://www.youtube.com/watch?v=aVuigqIVTfQ,まるみキッチン【簡単レシピ】,easy,白身魚、卵、うどん、ショウガ、にんにく、チーズ,rich,4,YouTube Data API収集,"whitefish,egg,udon,ginger,garlic,cheese",魚介;卵;麺;根菜;チーズ・バター・マヨ系,warm,3,2,false,true,https://i.ytimg.com/vi/aVuigqIVTfQ/maxresdefault.jpg,6.92,6.95,がっつり
レンチンで楽ちんレシピ！豚キムチーズうどん,youtube,eCSxiq5xhjI,https://www.youtube.com/watch?v=eCSxiq5xhjI,eCSxiq5xhjI,https://www.youtube.com/watch?v=eCSxiq5xhjI,ハマごはん【お手軽レシピ】,easy,豚肉、白身魚、卵、うどん、ネギ、チーズ,rich,4,YouTube Data API収集,"pork,whitefish,egg,udon,green_onion,cheese",肉類;魚介;卵;麺;葉物野菜;チーズ・バター・マヨ系,warm,3,2,true,true,https://i.ytimg.com/vi/eCSxiq5xhjI/maxresdefault.jpg,6.97,7.08,がっつり
電子レンジだけ【冷凍うどんアレンジ】キムチとツナで超絶品🔥業務スーパーレシピ！,youtube,RfdTsbT63CY,https://www.youtube.com/watch?v=RfdTsbT63CY,RfdTsbT63CY,https://www.youtube.com/watch?v=RfdTsbT63CY,ぎょうすーまま,easy,ツナ、うどん,semi-light,2,YouTube Data API収集,"canned_tuna,udon",魚介;麺,cold,3,2,false,true,https://i.ytimg.com/vi/RfdTsbT63CY/maxresdefault.jpg,5.3,4.88,ややあっさり
野菜たっぷり！うまみ豚白菜うどん #簡単レシピ,youtube,itHXGeJk170,https://www.youtube.com/watch?v=itHXGeJk170,itHXGeJk170,https://www.youtube.com/watch?v=itHXGeJk170,maki | 今日の時短レシピ,easy,うどん、napa_cabbage,light,2,YouTube Data API収集,"udon,napa_cabbage",麺;葉物野菜,warm,3,2,false,true,https://i.ytimg.com/vi/itHXGeJk170/maxresdefault.jpg,4.25,4.25,あっさり
夫が大絶賛した豆乳坦々うどん #簡単レシピ #料理 #夫婦ごはん,youtube,WwoP1NGb-W0,https://www.youtube.com/watch?v=WwoP1NGb-W0,WwoP1NGb-W0,https://www.youtube.com/watch?v=WwoP1NGb-W0,さな〻旦那胃袋つかみメシ🍳,easy,うどん,semi-rich,2,YouTube Data API収集,udon,麺,warm,3,2,false,true,https://i.ytimg.com/vi/WwoP1NGb-W0/maxresdefault.jpg,6.0,5.3,ややがっつり
混ぜるだけで絶品レシピ！冷やしビビンうどん,youtube,qp3IhCUm8TY,https://www.youtube.com/watch?v=qp3IhCUm8TY,qp3IhCUm8TY,https://www.youtube.com/watch?v=qp3IhCUm8TY,ハマごはん【お手軽レシピ】,easy,ツナ、卵、うどん、ネギ、にんにく,light,2,YouTube Data API収集,"canned_tuna,egg,udon,green_onion,garlic",魚介;卵;麺;葉物野菜;根菜,cold,3,2,true,true,https://i.ytimg.com/vi/qp3IhCUm8TY/maxresdefault.jpg,4.46,4.38,あっさり
レンジで1発！生クリーム不要のクリームうどん🥹 #shots #おうちごはん,youtube,USJFBFqSLoc,https://www.youtube.com/watch?v=USJFBFqSLoc,USJFBFqSLoc,https://www.youtube.com/watch?v=USJFBFqSLoc,まみ(mami) ラクうまごはん,easy,白身魚、うどん、にんにく、バター、マヨネーズ、牛乳,rich,4,YouTube Data API収集,"whitefish,udon,garlic,butter,mayonnaise,milk",魚介;麺;根菜;チーズ・バター・マヨ系,warm,3,2,false,true,https://i.ytimg.com/vi/USJFBFqSLoc/maxresdefault.jpg,7.02,7.11,がっつり
やる気1%でごまつゆつけうどん,youtube,Bu9lDkEfINA,https://www.youtube.com/watch?v=Bu9lDkEfINA,Bu9lDkEfINA,https://www.youtube.com/watch?v=Bu9lDkEfINA,ハマごはん【お手軽レシピ】,easy,卵、うどん、ネギ、にんにく,light,2,YouTube Data API収集,"egg,udon,green_onion,garlic",卵;麺;葉物野菜;根菜,warm,3,2,true,true,https://i.ytimg.com/vi/Bu9lDkEfINA/maxresdefault.jpg,4.42,4.35,あっさり
【やる気1％で作れる！鶏がら醤油うどん】,youtube,QjvdUGEBXm8,https://www.youtube.com/watch?v=QjvdUGEBXm8,QjvdUGEBXm8,https://www.youtube.com/watch?v=QjvdUGEBXm8,まるみキッチン【簡単レシピ】,easy,うどん、ネギ、にんにく,light,2,YouTube Data API収集,"udon,green_onion,garlic",麺;葉物野菜;根菜,warm,3,2,true,true,https://i.ytimg.com/vi/QjvdUGEBXm8/hqdefault.jpg,4.13,4.08,あっさり
これは絶対覚えた方がいい。家でこんなにウマい出汁とお揚げが作れます【至高のきつねうどん】 #料理 #バズレシピ #簡単レシピ,youtube,LJuqp4e38Eg,https://www.youtube.com/watch?v=LJuqp4e38Eg,LJuqp4e38Eg,https://www.youtube.com/watch?v=LJuqp4e38Eg,料理研究家リュウジのバズレシピ,easy,白身魚、油揚げ、うどん,semi-rich,5,YouTube Data API収集,"whitefish,aburaage,udon",魚介;豆腐・大豆系;麺,warm,3,2,false,true,https://i.ytimg.com/vi/LJuqp4e38Eg/maxresdefault.jpg,4.83,6.7,ややがっつり
簡単すぎる。肉カレーうどん🥢,youtube,PvVSP4tJigk,https://www.youtube.com/watch?v=PvVSP4tJigk,PvVSP4tJigk,https://www.youtube.com/watch?v=PvVSP4tJigk,腹へったch,easy,豚肉、白身魚、うどん、ネギ、カレールゥ,semi-rich,2,YouTube Data API収集,"pork,whitefish,udon,green_onion,curry_roux",肉類;魚介;麺;葉物野菜;チーズ・バター・マヨ系,warm,3,2,true,true,https://i.ytimg.com/vi/PvVSP4tJigk/maxresdefault.jpg,7.06,5.94,ややがっつり
限界olのためのうどんレシピ😪ごまドレッシング万能すぎる👊 #ブラック企業 #ol日常 #退勤後 #cooking #自炊 #vlog #簡単レシピ,youtube,06UVZUsa90w,https://www.youtube.com/watch?v=06UVZUsa90w,06UVZUsa90w,https://www.youtube.com/watch?v=06UVZUsa90w,ななOL簡単ご飯,easy,うどん,semi-light,2,YouTube Data API収集,udon,麺,warm,3,2,false,true,https://i.ytimg.com/vi/06UVZUsa90w/maxresdefault.jpg,6.0,5.2,ややあっさり
やる気1%で作れる鶏ガラ醤油釜玉うどん,youtube,HAUWk1Paxmk,https://www.youtube.com/watch?v=HAUWk1Paxmk,HAUWk1Paxmk,https://www.youtube.com/watch?v=HAUWk1Paxmk,ハマごはん【お手軽レシピ】,easy,卵、うどん、ネギ、にんにく,light,2,YouTube Data API収集,"egg,udon,green_onion,garlic",卵;麺;葉物野菜;根菜,warm,3,2,true,true,https://i.ytimg.com/vi/HAUWk1Paxmk/maxresdefault.jpg,4.42,4.35,あっさり
肉うどんの作り方！ガッツリいける！おうちで簡単お店の味☆旨みたっぷり甘辛肉うどんです♪お肉も柔らかで食べ応え抜群！-How to make Meat Noodles-【料理研究家ゆかり】,youtube,bUshNQMBpis,https://www.youtube.com/watch?v=bUshNQMBpis,bUshNQMBpis,https://www.youtube.com/watch?v=bUshNQMBpis,料理研究家ゆかりのおうちで簡単レシピ / Yukari's Kitchen,easy,牛肉、白身魚、卵、うどん、ネギ、にんにく,semi-light,2,YouTube Data API収集,"beef,whitefish,egg,udon,green_onion,garlic",肉類;魚介;卵;麺;葉物野菜;根菜,warm,3,2,true,true,https://i.ytimg.com/vi/bUshNQMBpis/maxresdefault.jpg,5.55,4.93,ややあっさり
夏野菜たっぷり！簡単サラダうどん,youtube,v3T8egJ6iCk,https://www.youtube.com/watch?v=v3T8egJ6iCk,v3T8egJ6iCk,https://www.youtube.com/watch?v=v3T8egJ6iCk,chii【ちはる姉さん】らくチン美味いごはんとおやつ🥣,easy,うどん,semi-rich,2,YouTube Data API収集,udon,麺,cold,1,1,false,false,https://i.ytimg.com/vi/v3T8egJ6iCk/maxresdefault.jpg,6.0,5.3,ややがっつり
簡単で減塩！給食うどんレシピ大公開,youtube,9tgAv1xex5I,https://www.youtube.com/watch?v=9tgAv1xex5I,9tgAv1xex5I,https://www.youtube.com/watch?v=9tgAv1xex5I,あおいの給食室🔪,easy,豚肉、油揚げ、うどん、ほうれん草、ネギ、玉ねぎ、にんじん,semi-light,2,YouTube Data API収集,"pork,aburaage,udon,spinach,green_onion,onion,carrot",肉類;豆腐・大豆系;麺;葉物野菜;根菜,warm,4,3,true,true,https://i.ytimg.com/vi/9tgAv1xex5I/maxresdefault.jpg,5.34,4.9,ややあっさり
鬼リピ決定の逸材レシピ！ビビンラー油うどん,youtube,vUHOij1TOe4,https://www.youtube.com/watch?v=vUHOij1TOe4,vUHOij1TOe4,https://www.youtube.com/watch?v=vUHOij1TOe4,ハマごはん【お手軽レシピ】,easy,白身魚、卵、うどん、ネギ,light,2,YouTube Data API収集,"whitefish,egg,udon,green_onion",魚介;卵;麺;葉物野菜,warm,3,2,true,true,https://i.ytimg.com/vi/vUHOij1TOe4/maxresdefault.jpg,4.6,4.46,あっさり
箸が止まらない！ラー油でピリ辛油うどん！,youtube,bhZhOenIdi4,https://www.youtube.com/watch?v=bhZhOenIdi4,bhZhOenIdi4,https://www.youtube.com/watch?v=bhZhOenIdi4,ハマごはん【お手軽レシピ】,easy,卵、うどん、ネギ、ショウガ、にんにく,light,2,YouTube Data API収集,"egg,udon,green_onion,ginger,garlic",卵;麺;葉物野菜;根菜,warm,3,2,true,true,https://i.ytimg.com/vi/bhZhOenIdi4/maxresdefault.jpg,4.42,4.35,あっさり
【やる気1％でたれポン酢まぜうどん】,youtube,Y2VBSaq9nTo,https://www.youtube.com/watch?v=Y2VBSaq9nTo,Y2VBSaq9nTo,https://www.youtube.com/watch?v=Y2VBSaq9nTo,まるみキッチン【簡単レシピ】,easy,白身魚、卵、うどん、にんにく,light,2,YouTube Data API収集,"whitefish,egg,udon,garlic",魚介;卵;麺;根菜,warm,3,2,false,true,https://i.ytimg.com/vi/Y2VBSaq9nTo/maxresdefault.jpg,4.95,4.57,あっさり
作業5分で！明太釜玉うどん🥢 #簡単レシピ #胃袋泥棒レシピ,youtube,jrVkkUA6Hlk,https://www.youtube.com/watch?v=jrVkkUA6Hlk,jrVkkUA6Hlk,https://www.youtube.com/watch?v=jrVkkUA6Hlk,maki | 今日の時短レシピ,easy,うどん,semi-rich,2,YouTube Data API収集,udon,麺,warm,3,2,false,true,https://i.ytimg.com/vi/jrVkkUA6Hlk/maxresdefault.jpg,6.0,5.3,ややがっつり
仕事終わりでもレンジで簡単に美味しく出来る！カルボうどん🐣 #カルボナーラうどん #冷凍うどん #うどん #簡単レシピ #レンジで簡単,youtube,-RdCjDJhaAk,https://www.youtube.com/watch?v=-RdCjDJhaAk,-RdCjDJhaAk,https://www.youtube.com/watch?v=-RdCjDJhaAk,コタキッチンKotaKitchen,easy,うどん、パスタ,semi-rich,2,YouTube Data API収集,"udon,pasta",麺,cold,3,2,false,true,https://i.ytimg.com/vi/-RdCjDJhaAk/maxresdefault.jpg,6.0,5.3,ややがっつり
たまらない美味さ！ネギ豚つけうどん,youtube,OH0kO3wRF1U,https://www.youtube.com/watch?v=OH0kO3wRF1U,OH0kO3wRF1U,https://www.youtube.com/watch?v=OH0kO3wRF1U,ハマごはん【お手軽レシピ】,easy,豚肉、白身魚、うどん、ネギ,semi-light,2,YouTube Data API収集,"pork,whitefish,udon,green_onion",肉類;魚介;麺;葉物野菜,warm,3,2,true,true,https://i.ytimg.com/vi/OH0kO3wRF1U/maxresdefault.jpg,5.72,5.13,ややあっさり
たったこれだけ。いつもの具材でうどんはここまで旨くなる『かきたまうどん』,youtube,6yNNV9lduiA,https://www.youtube.com/watch?v=6yNNV9lduiA,6yNNV9lduiA,https://www.youtube.com/watch?v=6yNNV9lduiA,食事処さくらの料理教室,easy,たこ、油揚げ、卵、うどん、パスタ、キャベツ、ネギ、ショウガ、にんにく,light,2,YouTube Data API収集,"octopus,aburaage,egg,udon,pasta,cabbage,green_onion,ginger,garlic",魚介;豆腐・大豆系;卵;麺;葉物野菜;根菜,warm,4,3,true,true,https://i.ytimg.com/vi/6yNNV9lduiA/maxresdefault.jpg,4.37,4.32,あっさり
【プロ直伝】 人気うどん屋さんから教わった【手打ちうどん】の作り方を公開します,youtube,FapN3xuNc6c,https://www.youtube.com/watch?v=FapN3xuNc6c,FapN3xuNc6c,https://www.youtube.com/watch?v=FapN3xuNc6c,料理人設楽の料理道場,easy,白身魚、うどん、コーン缶、小麦粉,semi-light,2,YouTube Data API収集,"whitefish,udon,corn,flour",魚介;麺;根菜;米,warm,3,2,false,true,https://i.ytimg.com/vi/FapN3xuNc6c/maxresdefault.jpg,5.12,4.77,ややあっさり
一瞬で完成！バター釜玉油うどん,youtube,LIiIU9Pj9qI,https://www.youtube.com/watch?v=LIiIU9Pj9qI,LIiIU9Pj9qI,https://www.youtube.com/watch?v=LIiIU9Pj9qI,ハマごはん【お手軽レシピ】,easy,白身魚、卵、うどん、ネギ、にんにく、バター,rich,4,YouTube Data API収集,"whitefish,egg,udon,green_onion,garlic,butter",魚介;卵;麺;葉物野菜;根菜;チーズ・バター・マヨ系,warm,3,2,true,true,https://i.ytimg.com/vi/LIiIU9Pj9qI/maxresdefault.jpg,6.38,6.73,がっつり
超簡単‼️めんつゆごま油うどんの作り方◥█̆̈◤࿉∥ #うどん #レシピ #時短 #簡単レシピ,youtube,3NJDt9zwPH0,https://www.youtube.com/watch?v=3NJDt9zwPH0,3NJDt9zwPH0,https://www.youtube.com/watch?v=3NJDt9zwPH0,ゆりうどん【うどんアイドル®︎】,easy,うどん,semi-rich,2,YouTube Data API収集,udon,麺,warm,3,2,false,true,https://i.ytimg.com/vi/3NJDt9zwPH0/maxresdefault.jpg,6.0,5.3,ややがっつり
【丸亀にあったらみんな注文するよ？】豚バラ茄子つけうどん #料理 #マッチョ #元カレ #cooking #簡単レシピ #クッキング,youtube,Z-EHKV0zbwE,https://www.youtube.com/watch?v=Z-EHKV0zbwE,Z-EHKV0zbwE,https://www.youtube.com/watch?v=Z-EHKV0zbwE,マッチョ元カレごはんがうますぎる,normal,白身魚,light,2,YouTube Data API収集,whitefish,魚介,warm,3,2,false,true,https://i.ytimg.com/vi/Z-EHKV0zbwE/maxresdefault.jpg,4.0,4.1,あっさり
簡単かきたまうどんの作り方 #shorts #簡単レシピ #おうちごはん #うどん #料理 #cooking #japanesefood,youtube,uaHg1Xo153E,https://www.youtube.com/watch?v=uaHg1Xo153E,uaHg1Xo153E,https://www.youtube.com/watch?v=uaHg1Xo153E,めしまる【誰でも作れる簡単レシピ】,easy,うどん,semi-light,2,YouTube Data API収集,udon,麺,warm,3,2,false,true,https://i.ytimg.com/vi/uaHg1Xo153E/maxresdefault.jpg,6.0,5.2,ややあっさり
寒い日に栄養満点ごはん！鶏ねぎ塩うどん #簡単レシピ #胃袋泥棒レシピ,youtube,fzTt7nc6mAo,https://www.youtube.com/watch?v=fzTt7nc6mAo,fzTt7nc6mAo,https://www.youtube.com/watch?v=fzTt7nc6mAo,maki | 今日の時短レシピ,easy,うどん、ネギ,light,2,YouTube Data API収集,"udon,green_onion",麺;葉物野菜,warm,3,2,true,true,https://i.ytimg.com/vi/fzTt7nc6mAo/maxresdefault.jpg,4.25,4.25,あっさり
🍲5分で作れる！絶品豚塩うどん🐷 #簡単レシピ #うどん,youtube,GlT0LJKNFwU,https://www.youtube.com/watch?v=GlT0LJKNFwU,GlT0LJKNFwU,https://www.youtube.com/watch?v=GlT0LJKNFwU,腹へったch,easy,豚肉、鶏肉、うどん、ネギ,semi-rich,2,YouTube Data API収集,"pork,chicken,udon,green_onion",肉類;鶏肉;麺;葉物野菜,warm,3,2,true,true,https://i.ytimg.com/vi/GlT0LJKNFwU/maxresdefault.jpg,6.07,5.34,ややがっつり
レンジのみで作れて男子受け抜群。1人ご飯にもちょうどよいからうどんあったらこれやって！#簡単レシピ #時短節約 #節約レシピ #うどんレシピ #とんこつラーメン #youtubeshorts,youtube,2VsP5kqjYj0,https://www.youtube.com/watch?v=2VsP5kqjYj0,2VsP5kqjYj0,https://www.youtube.com/watch?v=2VsP5kqjYj0,yuchi,easy,白身魚、うどん、ラーメン,semi-light,2,YouTube Data API収集,"whitefish,udon,ramen",魚介;麺,warm,3,2,false,true,https://i.ytimg.com/vi/2VsP5kqjYj0/maxresdefault.jpg,5.3,4.88,ややあっさり
焼きうどんを極上にするひと手間のコツ,youtube,5CLo8-Flpbw,https://www.youtube.com/watch?v=5CLo8-Flpbw,5CLo8-Flpbw,https://www.youtube.com/watch?v=5CLo8-Flpbw,食事処さくらの料理教室,easy,うどん,semi-rich,3,YouTube Data API収集,udon,麺,warm,3,2,false,true,https://i.ytimg.com/vi/5CLo8-Flpbw/maxresdefault.jpg,6.0,5.9,ややがっつり
冷凍うどんがあったら、、 #shots,youtube,Uveq-lQJZdo,https://www.youtube.com/watch?v=Uveq-lQJZdo,Uveq-lQJZdo,https://www.youtube.com/watch?v=Uveq-lQJZdo,まみ(mami) ラクうまごはん,easy,豚肉、白身魚、うどん、にんにく、牛乳,semi-rich,2,YouTube Data API収集,"pork,whitefish,udon,garlic,milk",肉類;魚介;麺;根菜;チーズ・バター・マヨ系,cold,3,2,true,true,https://i.ytimg.com/vi/Uveq-lQJZdo/maxresdefault.jpg,7.34,6.1,ややがっつり
【肉うどん】困った時に！一瞬で作れて絶品な肉うどんの黄金比！,youtube,VN7w10udjWw,https://www.youtube.com/watch?v=VN7w10udjWw,VN7w10udjWw,https://www.youtube.com/watch?v=VN7w10udjWw,オリーブオイルをひとまわし / オリひと,easy,うどん,semi-rich,2,YouTube Data API収集,udon,麺,warm,3,2,false,true,https://i.ytimg.com/vi/VN7w10udjWw/maxresdefault.jpg,6.0,5.3,ややがっつり
【プロの簡単レシピ】最高に美味しいうどん出汁！冷凍うどんでも美味しくなる作り方,youtube,q8shUBBb1fA,https://www.youtube.com/watch?v=q8shUBBb1fA,q8shUBBb1fA,https://www.youtube.com/watch?v=q8shUBBb1fA,板長チャンネル - Japan's Head chef,easy,うどん,semi-rich,2,YouTube Data API収集,udon,麺,cold,3,2,false,true,https://i.ytimg.com/vi/q8shUBBb1fA/maxresdefault.jpg,6.0,5.3,ややがっつり
絶品カレーうどん#簡単レシピ#レシピ#おうちごはん#カレーうどん#うどんレシピ#料理,youtube,si9JP-tisXg,https://www.youtube.com/watch?v=si9JP-tisXg,si9JP-tisXg,https://www.youtube.com/watch?v=si9JP-tisXg,まゆみの愛情キッチン,easy,牛肉、油揚げ、うどん、ネギ、玉ねぎ,semi-light,2,YouTube Data API収集,"beef,aburaage,udon,green_onion,onion",肉類;豆腐・大豆系;麺;葉物野菜;根菜,warm,3,2,true,true,https://i.ytimg.com/vi/si9JP-tisXg/maxresdefault.jpg,5.34,4.9,ややあっさり
【冷凍うどん】電子レンジだけで作れるズボラかけうどん #簡単レシピ,youtube,PqEFi1mj0zk,https://www.youtube.com/watch?v=PqEFi1mj0zk,PqEFi1mj0zk,https://www.youtube.com/watch?v=PqEFi1mj0zk,トールの遊び場,easy,うどん,semi-rich,2,YouTube Data API収集,udon,麺,cold,3,2,false,true,https://i.ytimg.com/vi/PqEFi1mj0zk/maxresdefault.jpg,6.0,5.3,ややがっつり
簡単すぎる…絶品鶏塩うどん🥢,youtube,UDwZtqNXZQo,https://www.youtube.com/watch?v=UDwZtqNXZQo,UDwZtqNXZQo,https://www.youtube.com/watch?v=UDwZtqNXZQo,腹へったch,easy,鶏肉、白身魚、うどん、ネギ,light,2,YouTube Data API収集,"chicken,whitefish,udon,green_onion",鶏肉;魚介;麺;葉物野菜,warm,3,2,true,true,https://i.ytimg.com/vi/UDwZtqNXZQo/maxresdefault.jpg,4.77,4.56,あっさり
冷凍うどんはこうやって食らえ。,youtube,96fpE3tabmI,https://www.youtube.com/watch?v=96fpE3tabmI,96fpE3tabmI,https://www.youtube.com/watch?v=96fpE3tabmI,まるみキッチン【簡単レシピ】,easy,白身魚、卵、うどん、バター,rich,4,YouTube Data API収集,"whitefish,egg,udon,butter",魚介;卵;麺;チーズ・バター・マヨ系,cold,3,2,false,true,https://i.ytimg.com/vi/96fpE3tabmI/maxresdefault.jpg,7.38,7.23,がっつり
手打ちうどんの作り方 後編【讃岐うどん】,youtube,pjkFBErF5l8,https://www.youtube.com/watch?v=pjkFBErF5l8,pjkFBErF5l8,https://www.youtube.com/watch?v=pjkFBErF5l8,JA香川県公式チャンネル,easy,鶏肉、白身魚、油揚げ、うどん、ネギ,light,2,YouTube Data API収集,"chicken,whitefish,aburaage,udon,green_onion",鶏肉;魚介;豆腐・大豆系;麺;葉物野菜,warm,3,2,true,true,https://i.ytimg.com/vi/pjkFBErF5l8/maxresdefault.jpg,4.6,4.46,あっさり
爆速！濃厚！！【ピリ辛胡麻うどん】 #簡単レシピ,youtube,R1RM-BPqMtk,https://www.youtube.com/watch?v=R1RM-BPqMtk,R1RM-BPqMtk,https://www.youtube.com/watch?v=R1RM-BPqMtk,maki | 今日の時短レシピ,easy,うどん,semi-rich,2,YouTube Data API収集,udon,麺,warm,3,2,false,true,https://i.ytimg.com/vi/R1RM-BPqMtk/maxresdefault.jpg,6.0,5.3,ややがっつり
疲れた日でも作れる。爆速ツナ塩うどん🥢 #簡単レシピ #ズボラ飯,youtube,fcRmQGL5Qe4,https://www.youtube.com/watch?v=fcRmQGL5Qe4,fcRmQGL5Qe4,https://www.youtube.com/watch?v=fcRmQGL5Qe4,腹へったch,easy,ツナ、うどん、ネギ、にんにく,light,2,YouTube Data API収集,"canned_tuna,udon,green_onion,garlic",魚介;麺;葉物野菜;根菜,warm,3,2,true,true,https://i.ytimg.com/vi/fcRmQGL5Qe4/maxresdefault.jpg,4.25,4.25,あっさり
とろける卵かけチーズうどん🧀#簡単レシピ #うどん #時短レシピ #お手軽レシピ #レンジで簡単 #チーズ #冷凍うどん,youtube,i7l-4LPMd-4,https://www.youtube.com/watch?v=i7l-4LPMd-4,i7l-4LPMd-4,https://www.youtube.com/watch?v=i7l-4LPMd-4,コタキッチンKotaKitchen,easy,卵、うどん、チーズ,rich,4,YouTube Data API収集,"egg,udon,cheese",卵;麺;チーズ・バター・マヨ系,cold,3,2,false,true,https://i.ytimg.com/vi/i7l-4LPMd-4/maxresdefault.jpg,7.9,7.64,がっつり
本日の‼️てぬきお昼ごはん🤭バター釜玉うどん,youtube,o-KvgCX2OA0,https://www.youtube.com/watch?v=o-KvgCX2OA0,o-KvgCX2OA0,https://www.youtube.com/watch?v=o-KvgCX2OA0,あつメシ×あさとファミリー,easy,白身魚、卵、うどん、ネギ、バター,rich,4,YouTube Data API収集,"whitefish,egg,udon,green_onion,butter",魚介;卵;麺;葉物野菜;チーズ・バター・マヨ系,warm,3,2,true,true,https://i.ytimg.com/vi/o-KvgCX2OA0/maxresdefault.jpg,6.64,6.88,がっつり
フライパンや鍋で1発でできるズボラ飯！ネギ塩豚バラうどん,youtube,icUa8QvAXqI,https://www.youtube.com/watch?v=icUa8QvAXqI,icUa8QvAXqI,https://www.youtube.com/watch?v=icUa8QvAXqI,ハマごはん【お手軽レシピ】,easy,豚肉、白身魚、うどん、ネギ,rich,5,YouTube Data API収集,"pork,whitefish,udon,green_onion",肉類;魚介;麺;葉物野菜,warm,3,2,true,true,https://i.ytimg.com/vi/icUa8QvAXqI/maxresdefault.jpg,5.72,6.93,がっつり
やる気1%でピリ辛まぜうどん,youtube,pEcyz3X5-Wg,https://www.youtube.com/watch?v=pEcyz3X5-Wg,pEcyz3X5-Wg,https://www.youtube.com/watch?v=pEcyz3X5-Wg,まるみキッチン【簡単レシピ】,easy,白身魚、卵、うどん、にんにく,light,2,YouTube Data API収集,"whitefish,egg,udon,garlic",魚介;卵;麺;根菜,warm,3,2,false,true,https://i.ytimg.com/vi/pEcyz3X5-Wg/maxresdefault.jpg,4.95,4.57,あっさり
柚子胡椒香るトマト冷やしうどん：レシピは概要欄に,youtube,ZuNExW22x_E,https://www.youtube.com/watch?v=ZuNExW22x_E,ZuNExW22x_E,https://www.youtube.com/watch?v=ZuNExW22x_E,自炊する山田,easy,うどん、トマト,light,2,YouTube Data API収集,"udon,tomato",麺;葉物野菜,cold,3,2,true,true,https://i.ytimg.com/vi/ZuNExW22x_E/maxresdefault.jpg,4.25,4.25,あっさり
レンジで一発！明太マヨうどん,youtube,jpmqsMLfP0s,https://www.youtube.com/watch?v=jpmqsMLfP0s,jpmqsMLfP0s,https://www.youtube.com/watch?v=jpmqsMLfP0s,まるみキッチン【簡単レシピ】,easy,白身魚、卵、うどん、マヨネーズ,rich,4,YouTube Data API収集,"whitefish,egg,udon,mayonnaise",魚介;卵;麺;チーズ・バター・マヨ系,warm,3,2,false,true,https://i.ytimg.com/vi/jpmqsMLfP0s/maxresdefault.jpg,7.38,7.23,がっつり
簡単で本格味！プロの卵とじあんかけうどんの作り方【絶品】,youtube,yxrctg9fe4g,https://www.youtube.com/watch?v=yxrctg9fe4g,yxrctg9fe4g,https://www.youtube.com/watch?v=yxrctg9fe4g,【和食道】政ch,easy,卵、うどん、昆布、ショウガ,light,2,YouTube Data API収集,"egg,udon,kombu,ginger",卵;麺;葉物野菜;根菜,warm,3,2,false,true,https://i.ytimg.com/vi/yxrctg9fe4g/maxresdefault.jpg,4.42,4.35,あっさり
うどん茹でるな！！驚愕の方法で作るヤバい冷やしうどん #リュウジ #料理 #shorts,youtube,BXOqmSIBxEI,https://www.youtube.com/watch?v=BXOqmSIBxEI,BXOqmSIBxEI,https://www.youtube.com/watch?v=BXOqmSIBxEI,料理研究家リュウジのバズレシピ,easy,白身魚、うどん,light,1,YouTube Data API収集,"whitefish,udon",魚介;麺,cold,3,2,false,true,https://i.ytimg.com/vi/BXOqmSIBxEI/maxresdefault.jpg,5.3,4.58,あっさり
プロが教える最高に美味しい肉うどんの作り方【簡単レシピ】,youtube,ClRMR1aSloE,https://www.youtube.com/watch?v=ClRMR1aSloE,ClRMR1aSloE,https://www.youtube.com/watch?v=ClRMR1aSloE,フリーランス料理人の簡単レシピ,easy,豚肉、うどん、ネギ、玉ねぎ、ショウガ,semi-light,2,YouTube Data API収集,"pork,udon,green_onion,onion,ginger",肉類;麺;葉物野菜;根菜,warm,3,2,true,true,https://i.ytimg.com/vi/ClRMR1aSloE/maxresdefault.jpg,5.55,4.93,ややあっさり
小麦粉と水で作る 手打ちうどん,youtube,_uGyrwkUx6Y,https://www.youtube.com/watch?v=_uGyrwkUx6Y,_uGyrwkUx6Y,https://www.youtube.com/watch?v=_uGyrwkUx6Y,よつばの事情,easy,うどん、小麦粉,semi-rich,2,YouTube Data API収集,"udon,flour",麺;米,warm,3,2,false,true,https://i.ytimg.com/vi/_uGyrwkUx6Y/maxresdefault.jpg,6.0,5.3,ややがっつり
これ公開するかマジ悩んだ。あまりにも罪深いウマさの【必殺ズボラうどん】の作り方#shorts #リュウジ #うどん,youtube,DQuUk2rAdOE,https://www.youtube.com/watch?v=DQuUk2rAdOE,DQuUk2rAdOE,https://www.youtube.com/watch?v=DQuUk2rAdOE,料理研究家リュウジのバズレシピ,easy,白身魚、うどん,semi-light,2,YouTube Data API収集,"whitefish,udon",魚介;麺,warm,3,2,false,true,https://i.ytimg.com/vi/DQuUk2rAdOE/maxresdefault.jpg,5.3,5.18,ややあっさり
いや、これは流石に絶賛されろ。お蕎麦屋さんより旨い自信あります。【至高の鍋焼きうどん】#shorts #リュウジ #料理,youtube,yeCNDrByoXM,https://www.youtube.com/watch?v=yeCNDrByoXM,yeCNDrByoXM,https://www.youtube.com/watch?v=yeCNDrByoXM,料理研究家リュウジのバズレシピ,easy,白身魚、うどん、そば,semi-rich,3,YouTube Data API収集,"whitefish,udon,soba",魚介;麺,warm,3,2,false,true,https://i.ytimg.com/vi/yeCNDrByoXM/maxresdefault.jpg,5.3,5.78,ややがっつり
いや、これは流石に絶賛されろ。お蕎麦屋さんより旨い自信あります。【至高の鍋焼きうどん】,youtube,PHA_9YugW0k,https://www.youtube.com/watch?v=PHA_9YugW0k,PHA_9YugW0k,https://www.youtube.com/watch?v=PHA_9YugW0k,料理研究家リュウジのバズレシピ,easy,鶏肉、白身魚、油揚げ、卵、うどん、そば、ネギ、しいたけ,semi-rich,3,YouTube Data API収集,"chicken,whitefish,aburaage,egg,udon,soba,green_onion,shiitake",鶏肉;魚介;豆腐・大豆系;卵;麺;葉物野菜;きのこ,warm,4,3,true,true,https://i.ytimg.com/vi/PHA_9YugW0k/maxresdefault.jpg,4.5,5.3,ややがっつり
【手間1分】朝からいける簡単とんこつ風うどんが旨すぎた！#簡単レシピ #冷凍うどん #時短,youtube,rG5wM6QoC2k,https://www.youtube.com/watch?v=rG5wM6QoC2k,rG5wM6QoC2k,https://www.youtube.com/watch?v=rG5wM6QoC2k,深夜食堂,easy,うどん,semi-rich,2,YouTube Data API収集,udon,麺,cold,3,2,false,true,https://i.ytimg.com/vi/rG5wM6QoC2k/maxresdefault.jpg,6.0,5.3,ややがっつり
さっぱりと食べられる！肉おろしぶっかけうどん！ #簡単レシピ #うどん,youtube,T3rJX2IrzVA,https://www.youtube.com/watch?v=T3rJX2IrzVA,T3rJX2IrzVA,https://www.youtube.com/watch?v=T3rJX2IrzVA,腹へったch,easy,豚肉、白身魚、うどん、ネギ、大根,semi-light,2,YouTube Data API収集,"pork,whitefish,udon,green_onion,daikon",肉類;魚介;麺;葉物野菜;根菜,warm,3,2,true,true,https://i.ytimg.com/vi/T3rJX2IrzVA/maxresdefault.jpg,5.48,4.99,ややあっさり
やる気1%でヤンニョムうどん,youtube,3wwWI6gaGmk,https://www.youtube.com/watch?v=3wwWI6gaGmk,3wwWI6gaGmk,https://www.youtube.com/watch?v=3wwWI6gaGmk,まるみキッチン【簡単レシピ】,easy,卵、うどん,semi-light,2,YouTube Data API収集,"egg,udon",卵;麺,warm,3,2,false,true,https://i.ytimg.com/vi/3wwWI6gaGmk/maxresdefault.jpg,5.65,4.99,ややあっさり
間違いなく絶品！一品鶏だしねぎ塩つけうどん,youtube,9r7Rs8hFDlA,https://www.youtube.com/watch?v=9r7Rs8hFDlA,9r7Rs8hFDlA,https://www.youtube.com/watch?v=9r7Rs8hFDlA,ハマごはん【お手軽レシピ】,easy,鶏肉、白身魚、うどん、ネギ、ショウガ、にんにく,light,2,YouTube Data API収集,"chicken,whitefish,udon,green_onion,ginger,garlic",鶏肉;魚介;麺;葉物野菜;根菜,warm,3,2,true,true,https://i.ytimg.com/vi/9r7Rs8hFDlA/maxresdefault.jpg,4.6,4.46,あっさり
レンジで1発！明太バタークリームうどん,youtube,rw5DM-aYkPs,https://www.youtube.com/watch?v=rw5DM-aYkPs,rw5DM-aYkPs,https://www.youtube.com/watch?v=rw5DM-aYkPs,まるみキッチン【簡単レシピ】,easy,白身魚、うどん、ネギ、バター、マヨネーズ、牛乳,rich,4,YouTube Data API収集,"whitefish,udon,green_onion,butter,mayonnaise,milk",魚介;麺;葉物野菜;チーズ・バター・マヨ系,warm,3,2,true,true,https://i.ytimg.com/vi/rw5DM-aYkPs/maxresdefault.jpg,6.67,6.8,がっつり
かすうどんを作ろう #shorts,youtube,Y04Yuhpkeuw,https://www.youtube.com/watch?v=Y04Yuhpkeuw,Y04Yuhpkeuw,https://www.youtube.com/watch?v=Y04Yuhpkeuw,けんた食堂,easy,うどん,semi-rich,2,YouTube Data API収集,udon,麺,warm,3,2,false,true,https://i.ytimg.com/vi/Y04Yuhpkeuw/maxresdefault.jpg,6.0,5.3,ややがっつり
鶏煮込みうどん〜鶏肉と白菜の旨味スープが身体に沁みわたる,youtube,r84BdAE39TM,https://www.youtube.com/watch?v=r84BdAE39TM,r84BdAE39TM,https://www.youtube.com/watch?v=r84BdAE39TM,Grand Chef MATSUO 松尾幸造,easy,鶏肉、白身魚、うどん、napa_cabbage、ネギ,light,1,YouTube Data API収集,"chicken,whitefish,udon,napa_cabbage,green_onion",鶏肉;魚介;麺;葉物野菜,warm,1,2,true,true,https://i.ytimg.com/vi/r84BdAE39TM/maxresdefault.jpg,4.77,3.96,あっさり
簡単すぎる。絶品肉つけうどん🥢 #簡単レシピ #ズボラ飯,youtube,a9J1ap9E0ec,https://www.youtube.com/watch?v=a9J1ap9E0ec,a9J1ap9E0ec,https://www.youtube.com/watch?v=a9J1ap9E0ec,腹へったch,easy,豚肉、うどん、ネギ,semi-light,2,YouTube Data API収集,"pork,udon,green_onion",肉類;麺;葉物野菜,warm,3,2,true,true,https://i.ytimg.com/vi/a9J1ap9E0ec/maxresdefault.jpg,5.9,5.24,ややあっさり
レンジで簡単！トマトチーズうどん🍅🍃 #簡単レシピ #胃袋泥棒レシピ,youtube,p5kxP6c4WCw,https://www.youtube.com/watch?v=p5kxP6c4WCw,p5kxP6c4WCw,https://www.youtube.com/watch?v=p5kxP6c4WCw,maki | 今日の時短レシピ,easy,うどん、トマト、チーズ,rich,4,YouTube Data API収集,"udon,tomato,cheese",麺;葉物野菜;チーズ・バター・マヨ系,warm,3,2,true,true,https://i.ytimg.com/vi/p5kxP6c4WCw/maxresdefault.jpg,6.97,7.08,がっつり
寒い冬に最適！！忙しい日に助かる！簡単ふわとろ卵とじうどんの作り方 #料理 #うどん #shorts,youtube,Hh5C-M4OYTk,https://www.youtube.com/watch?v=Hh5C-M4OYTk,Hh5C-M4OYTk,https://www.youtube.com/watch?v=Hh5C-M4OYTk,Koh Kentetsu Kitchen【料理研究家コウケンテツ公式チャンネル】,easy,卵、うどん、ネギ,light,2,YouTube Data API収集,"egg,udon,green_onion",卵;麺;葉物野菜,warm,3,2,true,true,https://i.ytimg.com/vi/Hh5C-M4OYTk/maxresdefault.jpg,4.6,4.46,あっさり
やる気1%でツナマヨカルボうどん,youtube,nIT_XFPGQy0,https://www.youtube.com/watch?v=nIT_XFPGQy0,nIT_XFPGQy0,https://www.youtube.com/watch?v=nIT_XFPGQy0,まるみキッチン【簡単レシピ】,easy,白身魚、ツナ、卵、うどん、パスタ、チーズ、マヨネーズ、牛乳,rich,4,YouTube Data API収集,"whitefish,canned_tuna,egg,udon,pasta,cheese,mayonnaise,milk",魚介;卵;麺;チーズ・バター・マヨ系,warm,4,3,false,true,https://i.ytimg.com/vi/nIT_XFPGQy0/maxresdefault.jpg,7.38,7.23,がっつり
【スタミナキムチまぜうどん】,youtube,EldKc5FATYI,https://www.youtube.com/watch?v=EldKc5FATYI,EldKc5FATYI,https://www.youtube.com/watch?v=EldKc5FATYI,まるみキッチン【簡単レシピ】,easy,白身魚、卵、うどん,semi-light,2,YouTube Data API収集,"whitefish,egg,udon",魚介;卵;麺,warm,3,2,false,true,https://i.ytimg.com/vi/EldKc5FATYI/maxresdefault.jpg,5.3,4.78,ややあっさり
レンジで簡単！梅しらすうどん🌸 #簡単レシピ #胃袋泥棒レシピ,youtube,cxCRoGvsDOY,https://www.youtube.com/watch?v=cxCRoGvsDOY,cxCRoGvsDOY,https://www.youtube.com/watch?v=cxCRoGvsDOY,maki | 今日の時短レシピ,easy,うどん,semi-rich,2,YouTube Data API収集,udon,麺,warm,3,2,false,true,https://i.ytimg.com/vi/cxCRoGvsDOY/maxresdefault.jpg,6.0,5.3,ややがっつり
真夏のざるうどん #shorts,youtube,4vaspWLzzEs,https://www.youtube.com/watch?v=4vaspWLzzEs,4vaspWLzzEs,https://www.youtube.com/watch?v=4vaspWLzzEs,けんた食堂,easy,豚肉、うどん,semi-rich,2,YouTube Data API収集,"pork,udon",肉類;麺,cold,3,2,true,true,https://i.ytimg.com/vi/4vaspWLzzEs/maxresdefault.jpg,7.3,6.08,ややがっつり
体温まる。とろとろ焦がしネギうどん🥢 #簡単レシピ #うどん,youtube,9zBDIEI4JCI,https://www.youtube.com/watch?v=9zBDIEI4JCI,9zBDIEI4JCI,https://www.youtube.com/watch?v=9zBDIEI4JCI,腹へったch,easy,うどん、ネギ,light,2,YouTube Data API収集,"udon,green_onion",麺;葉物野菜,warm,3,2,true,true,https://i.ytimg.com/vi/9zBDIEI4JCI/maxresdefault.jpg,4.25,4.25,あっさり
冷凍うどんで作る！笠原流【豆乳担々うどん】,youtube,UBUYRq9Bx7s,https://www.youtube.com/watch?v=UBUYRq9Bx7s,UBUYRq9Bx7s,https://www.youtube.com/watch?v=UBUYRq9Bx7s,【賛否両論】笠原将弘の料理のほそ道,easy,うどん、中華麺,semi-rich,2,YouTube Data API収集,"udon,noodles",麺,cold,3,2,false,true,https://i.ytimg.com/vi/UBUYRq9Bx7s/maxresdefault.jpg,6.0,5.3,ややがっつり
【電子レンジで簡単！】カレーうどんのレシピ、作り方#shorts #簡単レシピ #初心者 #料理 #おうちごはん #電子レンジ#うどん#カレー,youtube,2evUN3WV9TA,https://www.youtube.com/watch?v=2evUN3WV9TA,2evUN3WV9TA,https://www.youtube.com/watch?v=2evUN3WV9TA,主婦レシピ【主婦による家庭料理レシピ】,easy,白身魚、うどん、ネギ、カレールゥ,semi-rich,2,YouTube Data API収集,"whitefish,udon,green_onion,curry_roux",魚介;麺;葉物野菜;チーズ・バター・マヨ系,warm,3,2,true,true,https://i.ytimg.com/vi/2evUN3WV9TA/maxresdefault.jpg,6.67,5.7,ややがっつり
カレーうどんの美味しい作り方#shorts,youtube,QQfu_guh2ao,https://www.youtube.com/watch?v=QQfu_guh2ao,QQfu_guh2ao,https://www.youtube.com/watch?v=QQfu_guh2ao,Ryou【和久井亮平】,easy,うどん,semi-rich,2,YouTube Data API収集,udon,麺,warm,3,2,false,true,https://i.ytimg.com/vi/QQfu_guh2ao/maxresdefault.jpg,6.0,5.3,ややがっつり
暑い日にぴったり！豚バラ冷しゃぶうどん,youtube,zrZ4XnQqm-Q,https://www.youtube.com/watch?v=zrZ4XnQqm-Q,zrZ4XnQqm-Q,https://www.youtube.com/watch?v=zrZ4XnQqm-Q,ハマごはん【お手軽レシピ】,easy,豚肉、うどん、ネギ、ショウガ,semi-light,2,YouTube Data API収集,"pork,udon,green_onion,ginger",肉類;麺;葉物野菜;根菜,cold,3,2,true,true,https://i.ytimg.com/vi/zrZ4XnQqm-Q/maxresdefault.jpg,5.55,5.03,ややあっさり
1食180円汁なし坦々うどん弁当#shorts#簡単レシピ#節約レシピ,youtube,vmM5UbStNYs,https://www.youtube.com/watch?v=vmM5UbStNYs,vmM5UbStNYs,https://www.youtube.com/watch?v=vmM5UbStNYs,ゆみ⌇年150万貯める独身女の冷凍ｽﾄｯｸ,easy,挽肉、白身魚、うどん、ネギ、ショウガ、にんにく、牛乳,semi-rich,2,YouTube Data API収集,"minced_meat,whitefish,udon,green_onion,ginger,garlic,milk",肉類;魚介;麺;葉物野菜;根菜;チーズ・バター・マヨ系,warm,4,3,true,true,https://i.ytimg.com/vi/vmM5UbStNYs/maxresdefault.jpg,6.73,5.74,ややがっつり
豚コマと冷凍うどんで作れる肉うどんで家族が笑顔に！！,youtube,IbDojrGgm48,https://www.youtube.com/watch?v=IbDojrGgm48,IbDojrGgm48,https://www.youtube.com/watch?v=IbDojrGgm48,なべのだいどころ。,normal,豚肉、白身魚、うどん、ネギ,semi-light,2,YouTube Data API収集,"pork,whitefish,udon,green_onion",肉類;魚介;麺;葉物野菜,cold,3,2,true,true,https://i.ytimg.com/vi/IbDojrGgm48/maxresdefault.jpg,5.72,5.13,ややあっさり
絶品！讃岐うどんスープの作り方。いりこ出汁がたまらん！簡単で美味しいレシピ公開。#簡単レシピ #讃岐うどんスープ#shorts,youtube,ovf28kJJR6s,https://www.youtube.com/watch?v=ovf28kJJR6s,ovf28kJJR6s,https://www.youtube.com/watch?v=ovf28kJJR6s,はっち 料理サークルちゃお主宰,easy,うどん、ネギ、じゃが芋、昆布,light,1,YouTube Data API収集,"udon,green_onion,potato,kombu",麺;葉物野菜;根菜,warm,1,2,true,true,https://i.ytimg.com/vi/ovf28kJJR6s/maxresdefault.jpg,4.13,3.58,あっさり
レンジで爆速！焼肉のタレとチーズで最強ビビンバうどん,youtube,d08zZonL43k,https://www.youtube.com/watch?v=d08zZonL43k,d08zZonL43k,https://www.youtube.com/watch?v=d08zZonL43k,ハマごはん【お手軽レシピ】,easy,卵、うどん、ショウガ、にんにく、チーズ,rich,4,YouTube Data API収集,"egg,udon,ginger,garlic,cheese",卵;麺;根菜;チーズ・バター・マヨ系,warm,3,2,false,true,https://i.ytimg.com/vi/d08zZonL43k/maxresdefault.jpg,7.2,7.22,がっつり
【簡単節約】仕事終わりでも作れる冷凍うどんのレシピ📍レシピはコメント欄へ#簡単レシピ #japanesefood,youtube,k7dIrpBbubI,https://www.youtube.com/watch?v=k7dIrpBbubI,k7dIrpBbubI,https://www.youtube.com/watch?v=k7dIrpBbubI,まみ(mami) ラクうまごはん,easy,うどん,semi-rich,2,YouTube Data API収集,udon,麺,cold,3,2,false,true,https://i.ytimg.com/vi/k7dIrpBbubI/maxresdefault.jpg,6.0,5.3,ややがっつり
豚肉で簡単コク旨！ボリューム満点！ねぎ肉うどんの作り方,youtube,FVxKm_zb8J0,https://www.youtube.com/watch?v=FVxKm_zb8J0,FVxKm_zb8J0,https://www.youtube.com/watch?v=FVxKm_zb8J0,Koh Kentetsu Kitchen【料理研究家コウケンテツ公式チャンネル】,easy,豚肉、うどん、ネギ、レタス、ショウガ,semi-light,2,YouTube Data API収集,"pork,udon,green_onion,lettuce,ginger",肉類;麺;葉物野菜;根菜,warm,3,2,true,true,https://i.ytimg.com/vi/FVxKm_zb8J0/maxresdefault.jpg,5.55,5.03,ややあっさり
【超簡単】美味しいうどんだしの作り方！ #shorts #簡単レシピ #うどん,youtube,03D0rn_kR-U,https://www.youtube.com/watch?v=03D0rn_kR-U,03D0rn_kR-U,https://www.youtube.com/watch?v=03D0rn_kR-U,ビートル萬屋ちゃんねる,easy,うどん,semi-rich,2,YouTube Data API収集,udon,麺,warm,3,2,false,true,https://i.ytimg.com/vi/03D0rn_kR-U/maxresdefault.jpg,6.0,5.3,ややがっつり
【コスパ◎】5分で完成、麻辣湯うどんレシピ。 #簡単レシピ #麻辣湯 #おうちごはん #節約レシピ #時短レシピ #料理動画,youtube,PY8CJt4aZtg,https://www.youtube.com/watch?v=PY8CJt4aZtg,PY8CJt4aZtg,https://www.youtube.com/watch?v=PY8CJt4aZtg,深夜食堂,easy,うどん,semi-rich,2,YouTube Data API収集,udon,麺,warm,3,2,false,true,https://i.ytimg.com/vi/PY8CJt4aZtg/maxresdefault.jpg,6.0,5.3,ややがっつり
爆速油うどん#うどん#油そば#料理#簡単レシピ#shorts,youtube,0KrNwlOc9SE,https://www.youtube.com/watch?v=0KrNwlOc9SE,0KrNwlOc9SE,https://www.youtube.com/watch?v=0KrNwlOc9SE,秒ウマ飯l 毎日ごはんをラクに美味しく,easy,白身魚、卵、うどん、そば,semi-light,2,YouTube Data API収集,"whitefish,egg,udon,soba",魚介;卵;麺,warm,3,2,false,true,https://i.ytimg.com/vi/0KrNwlOc9SE/maxresdefault.jpg,5.3,4.88,ややあっさり
【15分で作れる】冷凍うどんで作る本格担々麺！#時短レシピ #簡単レシピ,youtube,00eP62JhcHo,https://www.youtube.com/watch?v=00eP62JhcHo,00eP62JhcHo,https://www.youtube.com/watch?v=00eP62JhcHo,深夜食堂,easy,挽肉、うどん、中華麺、ネギ、もやし、にんにく、牛乳,semi-rich,2,YouTube Data API収集,"minced_meat,udon,noodles,green_onion,bean_sprouts,garlic,milk",肉類;麺;葉物野菜;根菜;チーズ・バター・マヨ系,cold,4,3,true,true,https://i.ytimg.com/vi/00eP62JhcHo/maxresdefault.jpg,6.92,5.85,ややがっつり
【たった100円】金無きゃこれくってろうどん#PR #JOYL,youtube,gHqqKlakmSk,https://www.youtube.com/watch?v=gHqqKlakmSk,gHqqKlakmSk,https://www.youtube.com/watch?v=gHqqKlakmSk,料理研究家リュウジのバズレシピ,easy,挽肉、白身魚、卵、うどん、パスタ、もやし、にんにく、マヨネーズ,rich,4,YouTube Data API収集,"minced_meat,whitefish,egg,udon,pasta,bean_sprouts,garlic,mayonnaise",肉類;魚介;卵;麺;葉物野菜;根菜;チーズ・バター・マヨ系,warm,4,3,false,true,https://i.ytimg.com/vi/gHqqKlakmSk/maxresdefault.jpg,6.7,7.22,がっつり
【リピ確】5分で作れる油そば！悪魔的に旨い…#簡単レシピ #冷凍うどん #油そば,youtube,H8HgegPJbEE,https://www.youtube.com/watch?v=H8HgegPJbEE,H8HgegPJbEE,https://www.youtube.com/watch?v=H8HgegPJbEE,深夜食堂,easy,うどん、そば,semi-rich,2,YouTube Data API収集,"udon,soba",麺,cold,3,2,false,true,https://i.ytimg.com/vi/H8HgegPJbEE/maxresdefault.jpg,6.0,5.3,ややがっつり
たった5分。卵さえあればできる限界玉子うどん,youtube,01TC24goHbU,https://www.youtube.com/watch?v=01TC24goHbU,01TC24goHbU,https://www.youtube.com/watch?v=01TC24goHbU,だれウマ【料理研究家】,easy,卵、うどん,semi-rich,2,YouTube Data API収集,"egg,udon",卵;麺,warm,3,2,false,true,https://i.ytimg.com/vi/01TC24goHbU/maxresdefault.jpg,5.65,5.39,ややがっつり
簡単すぎてリピしちゃう！ずぼらカレーうどん🥢 #簡単レシピ #ズボラ飯,youtube,05H39ZpZu80,https://www.youtube.com/watch?v=05H39ZpZu80,05H39ZpZu80,https://www.youtube.com/watch?v=05H39ZpZu80,腹へったch,easy,白身魚、油揚げ、うどん、ネギ、カレールゥ,semi-rich,2,YouTube Data API収集,"whitefish,aburaage,udon,green_onion,curry_roux",魚介;豆腐・大豆系;麺;葉物野菜;チーズ・バター・マヨ系,warm,3,2,true,true,https://i.ytimg.com/vi/05H39ZpZu80/maxresdefault.jpg,6.36,5.52,ややがっつり
簡単絶品レシピ！たらこバターうどん,youtube,fO3LxlCsccs,https://www.youtube.com/watch?v=fO3LxlCsccs,fO3LxlCsccs,https://www.youtube.com/watch?v=fO3LxlCsccs,ハマごはん【お手軽レシピ】,easy,白身魚、うどん、バター,rich,4,YouTube Data API収集,"whitefish,udon,butter",魚介;麺;チーズ・バター・マヨ系,warm,3,2,false,true,https://i.ytimg.com/vi/fO3LxlCsccs/maxresdefault.jpg,7.67,7.5,がっつり
\9割の人が知らない/痩せるうどんの食べ方#簡単レシピ #ダイエットレシピ #痩せる料理,youtube,3YBnezHuJIA,https://www.youtube.com/watch?v=3YBnezHuJIA,3YBnezHuJIA,https://www.youtube.com/watch?v=3YBnezHuJIA,chiaki_beautydiet,easy,豚肉、白身魚、うどん、ネギ,semi-light,2,YouTube Data API収集,"pork,whitefish,udon,green_onion",肉類;魚介;麺;葉物野菜,warm,3,2,true,true,https://i.ytimg.com/vi/3YBnezHuJIA/maxresdefault.jpg,5.72,5.13,ややあっさり
鶏うどん #晩御飯 #うどん #鶏肉 #麺 #レシピ #meal #chicken,youtube,S_f7_1a0G_c,https://www.youtube.com/watch?v=S_f7_1a0G_c,S_f7_1a0G_c,https://www.youtube.com/watch?v=S_f7_1a0G_c,社畜ごはん,easy,鶏肉、うどん,semi-rich,2,YouTube Data API収集,"chicken,udon",鶏肉;麺,warm,3,2,true,true,https://i.ytimg.com/vi/S_f7_1a0G_c/maxresdefault.jpg,6.0,5.3,ややがっつり
豚肉と玉ねぎのうどん#簡単レシピ#レシピ#うどん#簡単料理#料理,youtube,9u-cnryG3VU,https://www.youtube.com/watch?v=9u-cnryG3VU,9u-cnryG3VU,https://www.youtube.com/watch?v=9u-cnryG3VU,まゆみの愛情キッチン,easy,豚肉、白身魚、うどん、ネギ、玉ねぎ、ショウガ,semi-light,2,YouTube Data API収集,"pork,whitefish,udon,green_onion,onion,ginger",肉類;魚介;麺;葉物野菜;根菜,warm,3,2,true,true,https://i.ytimg.com/vi/9u-cnryG3VU/maxresdefault.jpg,5.48,4.99,ややあっさり
カレー南蛮うどん・讃【ASMR】 #shorts,youtube,R-Waj5VJe_U,https://www.youtube.com/watch?v=R-Waj5VJe_U,R-Waj5VJe_U,https://www.youtube.com/watch?v=R-Waj5VJe_U,けんた食堂,easy,うどん,semi-rich,2,YouTube Data API収集,udon,麺,warm,3,2,false,true,https://i.ytimg.com/vi/R-Waj5VJe_U/maxresdefault.jpg,6.0,5.3,ややがっつり
絶品カレーうどんの作り方！手軽な材料でうどん屋さんの味！箸が止まらなくなる旨さです！上手に作るコツをご紹介！-How to make Curry Udon-【料理研究家ゆかり】,youtube,GkZglARh6ps,https://www.youtube.com/watch?v=GkZglARh6ps,GkZglARh6ps,https://www.youtube.com/watch?v=GkZglARh6ps,料理研究家ゆかりのおうちで簡単レシピ / Yukari's Kitchen,easy,豚肉、白身魚、油揚げ、卵、うどん、ネギ、玉ねぎ、ごぼう、ショウガ、にんにく、カレールゥ,semi-rich,2,YouTube Data API収集,"pork,whitefish,aburaage,egg,udon,green_onion,onion,burdock,ginger,garlic,curry_roux",肉類;魚介;豆腐・大豆系;卵;麺;葉物野菜;根菜;チーズ・バター・マヨ系,warm,4,3,true,true,https://i.ytimg.com/vi/GkZglARh6ps/maxresdefault.jpg,6.5,5.5,ややがっつり
からだ温まる。とろたまカレーうどん🥢 #簡単レシピ #ズボラ飯,youtube,plInORe7uDE,https://www.youtube.com/watch?v=plInORe7uDE,plInORe7uDE,https://www.youtube.com/watch?v=plInORe7uDE,腹へったch,easy,卵、うどん、ネギ、カレールゥ,semi-rich,2,YouTube Data API収集,"egg,udon,green_onion,curry_roux",卵;麺;葉物野菜;チーズ・バター・マヨ系,warm,3,2,true,true,https://i.ytimg.com/vi/plInORe7uDE/maxresdefault.jpg,6.85,5.81,ややがっつり
カレーうどん,youtube,5cnl6w7f2BU,https://www.youtube.com/watch?v=5cnl6w7f2BU,5cnl6w7f2BU,https://www.youtube.com/watch?v=5cnl6w7f2BU,あおいの給食室🔪,easy,豚肉、白身魚、油揚げ、うどん、小松菜、ネギ、玉ねぎ、にんじん、カレールゥ,semi-rich,2,YouTube Data API収集,"pork,whitefish,aburaage,udon,komatsuna,green_onion,onion,carrot,curry_roux",肉類;魚介;豆腐・大豆系;麺;葉物野菜;根菜;チーズ・バター・マヨ系,warm,4,3,true,true,https://i.ytimg.com/vi/5cnl6w7f2BU/maxresdefault.jpg,6.5,5.6,ややがっつり
丸亀製麺が激怒した冷やしうどん【バトルキッチン.340（2024.3.30)】毛もじゃお兄さん『 Wの悲劇～Woman 』を歌うの巻,youtube,BLCR07Zl_-U,https://www.youtube.com/watch?v=BLCR07Zl_-U,BLCR07Zl_-U,https://www.youtube.com/watch?v=BLCR07Zl_-U,魔理沙のズボラ飯,easy,卵、うどん、ネギ,light,2,YouTube Data API収集,"egg,udon,green_onion",卵;麺;葉物野菜,cold,3,2,true,true,https://i.ytimg.com/vi/BLCR07Zl_-U/maxresdefault.jpg,4.6,4.46,あっさり
プチットうどんの便利さをみんなに伝えたい🥺✨#プチットうどん#お弁当作り#お弁当#food#lunch#料理,youtube,qP-xaa-CUSI,https://www.youtube.com/watch?v=qP-xaa-CUSI,qP-xaa-CUSI,https://www.youtube.com/watch?v=qP-xaa-CUSI,お弁当の日。,easy,うどん,semi-rich,2,YouTube Data API収集,udon,麺,warm,3,2,false,true,https://i.ytimg.com/vi/qP-xaa-CUSI/maxresdefault.jpg,6.0,5.3,ややがっつり
美味しい組み合わせ！鶏の照り焼き温玉うどん ｜ How To Make Chicken's Teriyaki Hot spring egg Udon,youtube,yGyj-Z8HGb4,https://www.youtube.com/watch?v=yGyj-Z8HGb4,yGyj-Z8HGb4,https://www.youtube.com/watch?v=yGyj-Z8HGb4,デリッシュキッチン,easy,鶏肉、卵、うどん、ネギ,semi-light,3,YouTube Data API収集,"chicken,egg,udon,green_onion",鶏肉;卵;麺;葉物野菜,warm,3,2,true,true,https://i.ytimg.com/vi/yGyj-Z8HGb4/maxresdefault.jpg,4.95,5.17,ややあっさり
忙しいあなたに朗報！超簡単「手抜き皿うどん」レシピ🍜 今日は忙しい日におすすめの、手抜きで簡単に作れる皿うどんのレシピをご紹介します。最低限の材料と手間で、おいしい皿うどんが楽しめますよ。,youtube,1oH7TT5nkIw,https://www.youtube.com/watch?v=1oH7TT5nkIw,1oH7TT5nkIw,https://www.youtube.com/watch?v=1oH7TT5nkIw,男の手料理,easy,豚肉、卵、うどん、キャベツ、もやし、にんじん,semi-light,2,YouTube Data API収集,"pork,egg,udon,cabbage,bean_sprouts,carrot",肉類;卵;麺;葉物野菜;根菜,warm,3,2,true,true,https://i.ytimg.com/vi/1oH7TT5nkIw/maxresdefault.jpg,5.62,5.07,ややあっさり
レンジだけで簡単！冷やし坦々うどん,youtube,9UITKfdWgxs,https://www.youtube.com/watch?v=9UITKfdWgxs,9UITKfdWgxs,https://www.youtube.com/watch?v=9UITKfdWgxs,村上農園ユーチューバー部,easy,挽肉、白身魚、うどん、ショウガ、にんにく,semi-rich,2,YouTube Data API収集,"minced_meat,whitefish,udon,ginger,garlic",肉類;魚介;麺;根菜,cold,3,2,false,true,https://i.ytimg.com/vi/9UITKfdWgxs/maxresdefault.jpg,6.07,5.34,ややがっつり
爆速バター醤油うどん#うどん#バター#醤油#料理#shorts,youtube,XJSL7TU0fjU,https://www.youtube.com/watch?v=XJSL7TU0fjU,XJSL7TU0fjU,https://www.youtube.com/watch?v=XJSL7TU0fjU,秒ウマ飯l 毎日ごはんをラクに美味しく,easy,うどん、バター,rich,4,YouTube Data API収集,"udon,butter",麺;チーズ・バター・マヨ系,warm,3,2,false,true,https://i.ytimg.com/vi/XJSL7TU0fjU/maxresdefault.jpg,8.6,8.06,がっつり
[町中華]元ラーメン屋が作る坦々うどん#ラーメン#shorts,youtube,GIMYieI6bTQ,https://www.youtube.com/watch?v=GIMYieI6bTQ,GIMYieI6bTQ,https://www.youtube.com/watch?v=GIMYieI6bTQ,えびすごはん 料理研究家 えびすまさき,easy,えび、うどん、ラーメン、ネギ、牛乳、小麦粉,semi-rich,2,YouTube Data API収集,"shrimp,udon,ramen,green_onion,milk,flour",魚介;麺;葉物野菜;チーズ・バター・マヨ系;米,warm,3,2,true,true,https://i.ytimg.com/vi/GIMYieI6bTQ/sddefault.jpg,6.78,5.77,ややがっつり
断言しますがこれが世界で一番旨いうどんの食べ方です。#shorts #リュウジ #山形 #納豆 #うどん #ひっぱりうどん #レシピ #料理,youtube,CcExSBD2JWY,https://www.youtube.com/watch?v=CcExSBD2JWY,CcExSBD2JWY,https://www.youtube.com/watch?v=CcExSBD2JWY,料理研究家リュウジのバズレシピ,normal,サバ、白身魚、卵、うどん、パスタ、ネギ、玉ねぎ、マヨネーズ,rich,4,YouTube Data API収集,"mackerel,whitefish,egg,udon,pasta,green_onion,onion,mayonnaise",魚介;卵;麺;葉物野菜;根菜;チーズ・バター・マヨ系,warm,4,3,true,true,https://i.ytimg.com/vi/CcExSBD2JWY/maxresdefault.jpg,6.38,7.03,がっつり
【プロ直伝】 お家で簡単！本格【手打ちうどん】の作り方 初心者でも失敗しないうどんの打ち方 安い粉でも美味しいうどんが作れます！,youtube,-p5M9HlVaaw,https://www.youtube.com/watch?v=-p5M9HlVaaw,-p5M9HlVaaw,https://www.youtube.com/watch?v=-p5M9HlVaaw,料理人設楽の料理道場,easy,うどん、大根、小麦粉,semi-light,2,YouTube Data API収集,"udon,daikon,flour",麺;根菜;米,warm,3,2,false,true,https://i.ytimg.com/vi/-p5M9HlVaaw/sddefault.jpg,5.3,4.88,ややあっさり
懐かしの昭和の味！笠原流【焼きうどん】の作り方,youtube,bCeYSaFAXOA,https://www.youtube.com/watch?v=bCeYSaFAXOA,bCeYSaFAXOA,https://www.youtube.com/watch?v=bCeYSaFAXOA,【賛否両論】笠原将弘の料理のほそ道,easy,豚肉、白身魚、うどん、ビーフン・フォー、キャベツ、ネギ、ピーマン、にんじん、しいたけ、ショウガ,semi-rich,3,YouTube Data API収集,"pork,whitefish,udon,rice_noodles,cabbage,green_onion,bell_pepper,carrot,shiitake,ginger",肉類;魚介;麺;葉物野菜;根菜;きのこ,warm,4,3,true,true,https://i.ytimg.com/vi/bCeYSaFAXOA/maxresdefault.jpg,5.2,5.42,ややがっつり
【白菜と卵だけで驚くほど旨い！】とろたま白菜うどんの作り方 #shorts 【kattyanneru】,youtube,WFpo53hHnAw,https://www.youtube.com/watch?v=WFpo53hHnAw,WFpo53hHnAw,https://www.youtube.com/watch?v=WFpo53hHnAw,kattyanneru/かっちゃんねる,normal,卵、うどん、napa_cabbage、ネギ、ショウガ,light,2,YouTube Data API収集,"egg,udon,napa_cabbage,green_onion,ginger",卵;麺;葉物野菜;根菜,warm,3,2,true,true,https://i.ytimg.com/vi/WFpo53hHnAw/maxresdefault.jpg,4.42,4.35,あっさり
簡単に作れる！明太釜玉うどん ｜ How To Make Mentaiko egg udon,youtube,MQqR4lnQiuw,https://www.youtube.com/watch?v=MQqR4lnQiuw,MQqR4lnQiuw,https://www.youtube.com/watch?v=MQqR4lnQiuw,デリッシュキッチン,easy,鶏肉、卵、うどん、パスタ、ネギ、マヨネーズ,rich,4,YouTube Data API収集,"chicken,egg,udon,pasta,green_onion,mayonnaise",鶏肉;卵;麺;葉物野菜;チーズ・バター・マヨ系,warm,3,2,true,true,https://i.ytimg.com/vi/MQqR4lnQiuw/maxresdefault.jpg,6.92,6.95,がっつり
お財布にやさしい！超絶品豚こま肉うどん,youtube,cb0JuJm_jw4,https://www.youtube.com/watch?v=cb0JuJm_jw4,cb0JuJm_jw4,https://www.youtube.com/watch?v=cb0JuJm_jw4,ハマごはん【お手軽レシピ】,easy,豚肉、白身魚、うどん、ネギ、ショウガ、にんにく,semi-light,2,YouTube Data API収集,"pork,whitefish,udon,green_onion,ginger,garlic",肉類;魚介;麺;葉物野菜;根菜,warm,3,2,true,true,https://i.ytimg.com/vi/cb0JuJm_jw4/maxresdefault.jpg,5.48,4.99,ややあっさり
〜丸亀超えた明太クリームうどん〜#簡単レシピ #料理 #おうちご飯 #自炊 #shorts,youtube,09SVwnTsD74,https://www.youtube.com/watch?v=09SVwnTsD74,09SVwnTsD74,https://www.youtube.com/watch?v=09SVwnTsD74,りょう_ 家族が喜ぶラクうまレシピ,easy,白身魚、うどん、チーズ、バター、牛乳,rich,4,YouTube Data API収集,"whitefish,udon,cheese,butter,milk",魚介;麺;チーズ・バター・マヨ系,warm,3,2,false,true,https://i.ytimg.com/vi/09SVwnTsD74/maxresdefault.jpg,7.67,7.5,がっつり
うま塩豚白菜うどん🥬❤️‍🔥 #簡単レシピ #時短レシピ,youtube,SBGWWUeMOJk,https://www.youtube.com/watch?v=SBGWWUeMOJk,SBGWWUeMOJk,https://www.youtube.com/watch?v=SBGWWUeMOJk,maki | 今日の時短レシピ,easy,うどん、napa_cabbage,light,2,YouTube Data API収集,"udon,napa_cabbage",麺;葉物野菜,warm,3,2,false,true,https://i.ytimg.com/vi/SBGWWUeMOJk/maxresdefault.jpg,4.25,4.25,あっさり
リピート確定の逸材レシピ！めんたいチーズ釜玉うどん,youtube,dTznypMhNcM,https://www.youtube.com/watch?v=dTznypMhNcM,dTznypMhNcM,https://www.youtube.com/watch?v=dTznypMhNcM,ハマごはん【お手軽レシピ】,easy,白身魚、卵、うどん、ネギ、チーズ,rich,4,YouTube Data API収集,"whitefish,egg,udon,green_onion,cheese",魚介;卵;麺;葉物野菜;チーズ・バター・マヨ系,warm,3,2,true,true,https://i.ytimg.com/vi/dTznypMhNcM/maxresdefault.jpg,6.64,6.88,がっつり
スープジャーで冷たいうどん弁当#同棲ご飯 #簡単レシピ #毎日弁当 #同棲弁当,youtube,zBdJncNEKGg,https://www.youtube.com/watch?v=zBdJncNEKGg,zBdJncNEKGg,https://www.youtube.com/watch?v=zBdJncNEKGg,ぴちゃん🍚2人暮らしのvlog,easy,うどん,semi-light,1,YouTube Data API収集,udon,麺,cold,1,2,false,true,https://i.ytimg.com/vi/zBdJncNEKGg/maxresdefault.jpg,6.0,4.7,ややあっさり
おいしいうどんの作り方【こむぎ粉くらぶ｜日清製粉グループ】,youtube,qJYpaRnwTfk,https://www.youtube.com/watch?v=qJYpaRnwTfk,qJYpaRnwTfk,https://www.youtube.com/watch?v=qJYpaRnwTfk,日清製粉グループ,easy,うどん,semi-rich,2,YouTube Data API収集,udon,麺,warm,3,2,false,true,https://i.ytimg.com/vi/qJYpaRnwTfk/maxresdefault.jpg,6.0,5.3,ややがっつり
【永久保存版】3分あればうどん屋さん並みに美味しいうどんつゆが作れます『爆速かけうどん』の作り方,youtube,Bc3ZAs9Zp3k,https://www.youtube.com/watch?v=Bc3ZAs9Zp3k,Bc3ZAs9Zp3k,https://www.youtube.com/watch?v=Bc3ZAs9Zp3k,だれウマ【料理研究家】,easy,うどん、昆布,light,2,YouTube Data API収集,"udon,kombu",麺;葉物野菜,warm,3,2,false,true,https://i.ytimg.com/vi/Bc3ZAs9Zp3k/maxresdefault.jpg,4.25,4.55,あっさり
レンチン４分で絶品わかめうどん🍲🥢レシピはコメント欄に✍️,youtube,raxms1fjEg0,https://www.youtube.com/watch?v=raxms1fjEg0,raxms1fjEg0,https://www.youtube.com/watch?v=raxms1fjEg0,しほ⌇ グルテンフリーの簡単おやつ𓎩,easy,うどん、わかめ,light,2,YouTube Data API収集,"udon,wakame",麺;葉物野菜,warm,3,2,false,true,https://i.ytimg.com/vi/raxms1fjEg0/maxresdefault.jpg,4.25,4.15,あっさり
簡単なのに本格的！冷凍うどんで作る【豆乳担々うどん】,youtube,ZFpXwg_SKAQ,https://www.youtube.com/watch?v=ZFpXwg_SKAQ,ZFpXwg_SKAQ,https://www.youtube.com/watch?v=ZFpXwg_SKAQ,【賛否両論】笠原将弘の料理のほそ道,easy,挽肉、白身魚、うどん、中華麺、ビーフン・フォー、にら、ネギ、にんにく,semi-light,2,YouTube Data API収集,"minced_meat,whitefish,udon,noodles,rice_noodles,nira,green_onion,garlic",肉類;魚介;麺;葉物野菜;根菜,cold,4,3,true,true,https://i.ytimg.com/vi/ZFpXwg_SKAQ/maxresdefault.jpg,5.48,4.99,ややあっさり
節約オタクが教える貧乏うどんTOP3,youtube,3pGYa9q3I6E,https://www.youtube.com/watch?v=3pGYa9q3I6E,3pGYa9q3I6E,https://www.youtube.com/watch?v=3pGYa9q3I6E,OTAKE【節約オタク】,easy,うどん,semi-rich,2,YouTube Data API収集,udon,麺,warm,3,2,false,true,https://i.ytimg.com/vi/3pGYa9q3I6E/maxresdefault.jpg,6.0,5.3,ややがっつり
ちゃんぽんうどん #幼児食 #簡単レシピ #まいにちごはん #野菜嫌い #料理 #偏食 #おうちごはん,youtube,rjEy5iCx8XM,https://www.youtube.com/watch?v=rjEy5iCx8XM,rjEy5iCx8XM,https://www.youtube.com/watch?v=rjEy5iCx8XM,ヒロ⌇大人もリピする子どもごはん🍳,easy,豚肉、白身魚、うどん、キャベツ、ネギ、もやし、玉ねぎ、にんじん、牛乳,semi-rich,2,YouTube Data API収集,"pork,whitefish,udon,cabbage,green_onion,bean_sprouts,onion,carrot,milk",肉類;魚介;麺;葉物野菜;根菜;チーズ・バター・マヨ系,warm,4,3,true,true,https://i.ytimg.com/vi/rjEy5iCx8XM/maxresdefault.jpg,6.73,5.74,ややがっつり
【レシピ】明太クリームうどんの作り方 #簡単レシピ #cooking #料理 #おうちごはん #ランチ #晩御飯,youtube,Jr_9dU9Ybbg,https://www.youtube.com/watch?v=Jr_9dU9Ybbg,Jr_9dU9Ybbg,https://www.youtube.com/watch?v=Jr_9dU9Ybbg,YUNA COOK,easy,うどん,semi-rich,2,YouTube Data API収集,udon,麺,warm,3,2,false,true,https://i.ytimg.com/vi/Jr_9dU9Ybbg/maxresdefault.jpg,6.0,5.3,ややがっつり
【30分で手打ちうどん】むしゃくしゃしてやった。今は反省してるしとにかくおいしかった('∇')【おうちごはんvlog】#shorts,youtube,ZA9A4C-ng0k,https://www.youtube.com/watch?v=ZA9A4C-ng0k,ZA9A4C-ng0k,https://www.youtube.com/watch?v=ZA9A4C-ng0k,四郎のごはん,normal,うどん,semi-rich,2,YouTube Data API収集,udon,麺,warm,3,2,false,true,https://i.ytimg.com/vi/ZA9A4C-ng0k/hqdefault.jpg,6.0,5.3,ややがっつり
ばり美味い冷凍うどんレシピ,youtube,ChPautrjRxM,https://www.youtube.com/watch?v=ChPautrjRxM,ChPautrjRxM,https://www.youtube.com/watch?v=ChPautrjRxM,ハシダ,easy,うどん,semi-rich,2,YouTube Data API収集,udon,麺,cold,3,2,false,true,https://i.ytimg.com/vi/ChPautrjRxM/maxresdefault.jpg,6.0,5.3,ややがっつり
つるとん○ん越えました。生クリームを使わない超濃厚明太クリームうどんの作り方#shorts,youtube,ryZluQ2V2nw,https://www.youtube.com/watch?v=ryZluQ2V2nw,ryZluQ2V2nw,https://www.youtube.com/watch?v=ryZluQ2V2nw,料理研究家リュウジのバズレシピ,easy,白身魚、うどん,semi-light,2,YouTube Data API収集,"whitefish,udon",魚介;麺,warm,3,2,false,true,https://i.ytimg.com/vi/ryZluQ2V2nw/maxresdefault.jpg,5.3,5.18,ややあっさり
【簡単昼食】釜玉バター醤油うどんの作り方 #shorts,youtube,OIdMOLqRoAs,https://www.youtube.com/watch?v=OIdMOLqRoAs,OIdMOLqRoAs,https://www.youtube.com/watch?v=OIdMOLqRoAs,デリッシュキッチン,easy,卵、うどん、ネギ、バター,rich,4,YouTube Data API収集,"egg,udon,green_onion,butter",卵;麺;葉物野菜;チーズ・バター・マヨ系,warm,3,2,true,true,https://i.ytimg.com/vi/OIdMOLqRoAs/hqdefault.jpg,6.85,6.91,がっつり
寒い日はコレなんです。麻婆うどん🥢 #ズボラ飯 #簡単レシピ,youtube,LiIJsQjqV9Y,https://www.youtube.com/watch?v=LiIJsQjqV9Y,LiIJsQjqV9Y,https://www.youtube.com/watch?v=LiIJsQjqV9Y,腹へったch,easy,うどん、ネギ,light,2,YouTube Data API収集,"udon,green_onion",麺;葉物野菜,warm,3,2,true,true,https://i.ytimg.com/vi/LiIJsQjqV9Y/maxresdefault.jpg,4.25,4.25,あっさり
貧乏人の贅沢な『うどん』【バトルキッチン494（2025.2.28)】,youtube,SL3z3WjMwlI,https://www.youtube.com/watch?v=SL3z3WjMwlI,SL3z3WjMwlI,https://www.youtube.com/watch?v=SL3z3WjMwlI,魔理沙のズボラ飯,easy,うどん、ネギ、ショウガ、マヨネーズ,rich,4,YouTube Data API収集,"udon,green_onion,ginger,mayonnaise",麺;葉物野菜;根菜;チーズ・バター・マヨ系,warm,3,2,true,true,https://i.ytimg.com/vi/SL3z3WjMwlI/sddefault.jpg,6.5,6.8,がっつり
超絶品！鶏ガラ醤油うどん,youtube,WUW8xgSb6vs,https://www.youtube.com/watch?v=WUW8xgSb6vs,WUW8xgSb6vs,https://www.youtube.com/watch?v=WUW8xgSb6vs,ハマごはん【お手軽レシピ】,easy,鶏肉、白身魚、うどん、ネギ,light,2,YouTube Data API収集,"chicken,whitefish,udon,green_onion",鶏肉;魚介;麺;葉物野菜,warm,3,2,true,true,https://i.ytimg.com/vi/WUW8xgSb6vs/maxresdefault.jpg,4.77,4.56,あっさり
これ食べたことない人は損してる #味噌煮込みうどん #簡単レシピ #うどんレシピ,youtube,PEaYvoPMDjI,https://www.youtube.com/watch?v=PEaYvoPMDjI,PEaYvoPMDjI,https://www.youtube.com/watch?v=PEaYvoPMDjI,ちぇる ダイエット食堂,easy,たこ、うどん,light,1,YouTube Data API収集,"octopus,udon",魚介;麺,warm,3,2,false,true,https://i.ytimg.com/vi/PEaYvoPMDjI/maxresdefault.jpg,5.3,4.08,あっさり
3分でうどん屋さんの『かけうどん』が作れます,youtube,yTjDiaF8iOs,https://www.youtube.com/watch?v=yTjDiaF8iOs,yTjDiaF8iOs,https://www.youtube.com/watch?v=yTjDiaF8iOs,だれウマ【料理研究家】,easy,うどん、昆布,light,2,YouTube Data API収集,"udon,kombu",麺;葉物野菜,warm,3,2,false,true,https://i.ytimg.com/vi/yTjDiaF8iOs/maxresdefault.jpg,4.25,4.55,あっさり
出汁パックでつくる！お手軽素うどんのレシピ｜やすまるだし｜簡単｜#shorts,youtube,Ci3Rt_An_NI,https://www.youtube.com/watch?v=Ci3Rt_An_NI,Ci3Rt_An_NI,https://www.youtube.com/watch?v=Ci3Rt_An_NI,男子ごはん - Kyoto chill life -,easy,うどん,semi-rich,2,YouTube Data API収集,udon,麺,warm,3,2,false,true,https://i.ytimg.com/vi/Ci3Rt_An_NI/maxresdefault.jpg,6.0,5.3,ややがっつり
やみつきになるモチモチ食感！フライドうどん ｜ How To Make Fried Japanese Wheat Noodle,youtube,P4AAXcpLPoY,https://www.youtube.com/watch?v=P4AAXcpLPoY,P4AAXcpLPoY,https://www.youtube.com/watch?v=P4AAXcpLPoY,デリッシュキッチン,easy,鶏肉、ベーコン、白身魚、うどん、ネギ、じゃが芋、玉ねぎ、大根、チーズ、バター、マヨネーズ、小麦粉,rich,5,YouTube Data API収集,"chicken,bacon,whitefish,udon,green_onion,potato,onion,daikon,cheese,butter,mayonnaise,flour",鶏肉;肉類;魚介;麺;葉物野菜;根菜;チーズ・バター・マヨ系;米,warm,4,3,true,true,https://i.ytimg.com/vi/P4AAXcpLPoY/maxresdefault.jpg,6.85,7.51,がっつり
焼きうどんの作り方！パパッと簡単！冷凍うどんがモッチモチになる方法をご紹介！手軽な調味料だけで、激旨な焼きうどんに仕上がりに。-How to make Fried Udon-【料理研究家ゆかり】,youtube,lZL7VJq2Ta4,https://www.youtube.com/watch?v=lZL7VJq2Ta4,lZL7VJq2Ta4,https://www.youtube.com/watch?v=lZL7VJq2Ta4,料理研究家ゆかりのおうちで簡単レシピ / Yukari's Kitchen,easy,豚肉、白身魚、卵、うどん、キャベツ、ネギ、ピーマン、玉ねぎ、にんじん、バター,rich,4,YouTube Data API収集,"pork,whitefish,egg,udon,cabbage,green_onion,bell_pepper,onion,carrot,butter",肉類;魚介;卵;麺;葉物野菜;根菜;チーズ・バター・マヨ系,cold,4,3,true,true,https://i.ytimg.com/vi/lZL7VJq2Ta4/maxresdefault.jpg,6.7,6.82,がっつり
夫婦で大好きな『豚肉ネギのつけうどん』 #簡単レシピ #料理,youtube,LfjNOlWnKs8,https://www.youtube.com/watch?v=LfjNOlWnKs8,LfjNOlWnKs8,https://www.youtube.com/watch?v=LfjNOlWnKs8,さな〻旦那胃袋つかみメシ🍳,easy,豚肉、うどん、ネギ,semi-light,2,YouTube Data API収集,"pork,udon,green_onion",肉類;麺;葉物野菜,warm,3,2,true,true,https://i.ytimg.com/vi/LfjNOlWnKs8/maxresdefault.jpg,5.9,5.24,ややあっさり
【味噌煮込みうどん】濃い味がやみつき！自宅で簡単な名古屋名物の作り方！！,youtube,6NAIxSK6fqE,https://www.youtube.com/watch?v=6NAIxSK6fqE,6NAIxSK6fqE,https://www.youtube.com/watch?v=6NAIxSK6fqE,オリーブオイルをひとまわし / オリひと,easy,うどん,semi-light,1,YouTube Data API収集,udon,麺,warm,3,2,false,true,https://i.ytimg.com/vi/6NAIxSK6fqE/maxresdefault.jpg,6.0,4.7,ややあっさり
上司の説教を忘れるくらい美味しすぎたズボラごま味噌うどん✨#料理 #vlog #ブラック企業 #cooking #ol日常 #ビタフィット #バイタス,youtube,CII6c1hRcIk,https://www.youtube.com/watch?v=CII6c1hRcIk,CII6c1hRcIk,https://www.youtube.com/watch?v=CII6c1hRcIk,ななOL簡単ご飯,easy,うどん,semi-light,2,YouTube Data API収集,udon,麺,warm,3,2,false,true,https://i.ytimg.com/vi/CII6c1hRcIk/maxresdefault.jpg,6.0,5.2,ややあっさり
肉味噌うどん🧑🏻‍🍳🤍#簡単レシピ #給食 #うどん #幼児食 #shorts,youtube,t4P9-oaDxuc,https://www.youtube.com/watch?v=t4P9-oaDxuc,t4P9-oaDxuc,https://www.youtube.com/watch?v=t4P9-oaDxuc,給食の先生ゆりまま,easy,挽肉、白身魚、卵、うどん、きゅうり、ネギ、トマト、玉ねぎ、ショウガ、にんにく,semi-light,2,YouTube Data API収集,"minced_meat,whitefish,egg,udon,cucumber,green_onion,tomato,onion,ginger,garlic",肉類;魚介;卵;麺;葉物野菜;根菜,warm,4,3,true,true,https://i.ytimg.com/vi/t4P9-oaDxuc/maxresdefault.jpg,5.55,5.03,ややあっさり
冷たいのにコクうま！究極の冷しゃぶうどんがマジで止まらん！,youtube,yyk948nJ-nM,https://www.youtube.com/watch?v=yyk948nJ-nM,yyk948nJ-nM,https://www.youtube.com/watch?v=yyk948nJ-nM,ハマごはん【お手軽レシピ】,easy,豚肉、白身魚、うどん、ネギ,semi-light,2,YouTube Data API収集,"pork,whitefish,udon,green_onion",肉類;魚介;麺;葉物野菜,cold,3,2,true,true,https://i.ytimg.com/vi/yyk948nJ-nM/maxresdefault.jpg,5.72,5.13,ややあっさり
うどんの美味しい作り方。,youtube,humfL17sX2k,https://www.youtube.com/watch?v=humfL17sX2k,humfL17sX2k,https://www.youtube.com/watch?v=humfL17sX2k,Ryou【和久井亮平】,easy,うどん,semi-rich,2,YouTube Data API収集,udon,麺,warm,3,2,false,true,https://i.ytimg.com/vi/humfL17sX2k/maxresdefault.jpg,6.0,5.3,ややがっつり
【濃厚たらこクリームうどん】の作り方 #おうちごはん #レシピ #料理 #cooking #cookingchannel,youtube,zCH97pA0KJo,https://www.youtube.com/watch?v=zCH97pA0KJo,zCH97pA0KJo,https://www.youtube.com/watch?v=zCH97pA0KJo,「まおごはん」,easy,白身魚、卵、うどん、にんにく、チーズ、バター、牛乳,rich,4,YouTube Data API収集,"whitefish,egg,udon,garlic,cheese,butter,milk",魚介;卵;麺;根菜;チーズ・バター・マヨ系,warm,4,3,false,true,https://i.ytimg.com/vi/zCH97pA0KJo/maxresdefault.jpg,6.92,7.05,がっつり
3人家族の爆食夜ごはん🍚今日も簡単✨冷凍うどんで「エビとトマトのクリームうどん🦐🍅」フライパンに材料入れるだけで完成！#るいちゃんねる #もぐもぐタイム #料理 #簡単レシピ #うどんレシピ,youtube,eLVn1Hu1kKk,https://www.youtube.com/watch?v=eLVn1Hu1kKk,eLVn1Hu1kKk,https://www.youtube.com/watch?v=eLVn1Hu1kKk,るいちゃんねる🍼,easy,えび、うどん、トマト,semi-rich,5,YouTube Data API収集,"shrimp,udon,tomato",魚介;麺;葉物野菜,cold,3,2,true,true,https://i.ytimg.com/vi/eLVn1Hu1kKk/maxresdefault.jpg,4.37,6.12,ややがっつり
【簡単うどん】生姜で温まる卵とじうどん＃うどんレシピ＃卵とじうどん＃生姜＃shorts,youtube,xIFjFVNOoqc,https://www.youtube.com/watch?v=xIFjFVNOoqc,xIFjFVNOoqc,https://www.youtube.com/watch?v=xIFjFVNOoqc,あきファミリー,easy,卵、うどん、ショウガ,semi-light,2,YouTube Data API収集,"egg,udon,ginger",卵;麺;根菜,warm,3,2,false,true,https://i.ytimg.com/vi/xIFjFVNOoqc/maxresdefault.jpg,5.07,4.74,ややあっさり
レンジで超絶品！豚バラ肉うどん,youtube,f8yJuF_4CB4,https://www.youtube.com/watch?v=f8yJuF_4CB4,f8yJuF_4CB4,https://www.youtube.com/watch?v=f8yJuF_4CB4,ハマごはん【お手軽レシピ】,easy,豚肉、白身魚、うどん、ネギ,semi-light,2,YouTube Data API収集,"pork,whitefish,udon,green_onion",肉類;魚介;麺;葉物野菜,warm,3,2,true,true,https://i.ytimg.com/vi/f8yJuF_4CB4/maxresdefault.jpg,5.72,5.13,ややあっさり
【たった40円】お金がガチで無い時でも5分で超幸せになれる『限界玉子うどん』の作り方,youtube,ZXjSDuxmMos,https://www.youtube.com/watch?v=ZXjSDuxmMos,ZXjSDuxmMos,https://www.youtube.com/watch?v=ZXjSDuxmMos,だれウマ【料理研究家】,easy,卵、うどん,semi-rich,2,YouTube Data API収集,"egg,udon",卵;麺,warm,3,2,false,true,https://i.ytimg.com/vi/ZXjSDuxmMos/maxresdefault.jpg,5.65,5.39,ややがっつり
ふわトロかき玉うどん(レシピはコメント欄🪄),youtube,DtGB2W5_UUs,https://www.youtube.com/watch?v=DtGB2W5_UUs,DtGB2W5_UUs,https://www.youtube.com/watch?v=DtGB2W5_UUs,ふみ⌇工場勤務旦那の胃袋掴む楽うまごはん,easy,うどん,semi-rich,2,YouTube Data API収集,udon,麺,warm,3,2,false,true,https://i.ytimg.com/vi/DtGB2W5_UUs/maxresdefault.jpg,6.0,5.3,ややがっつり
【二日酔いなったらこれ作れ！】卵とじうどん #マッチョ #料理 #元カレ #筋肉番付 #cooking #暮らしチャンネル #飯テロ #簡単レシピ,youtube,eyDN7IrBZxM,https://www.youtube.com/watch?v=eyDN7IrBZxM,eyDN7IrBZxM,https://www.youtube.com/watch?v=eyDN7IrBZxM,マッチョ元カレごはんがうますぎる,normal,白身魚、卵,light,2,YouTube Data API収集,"whitefish,egg",魚介;卵,warm,3,2,false,true,https://i.ytimg.com/vi/eyDN7IrBZxM/maxresdefault.jpg,4.65,4.49,あっさり
これ以外のうどんのことを忘れてしまうほどウマいです。肉うどんの価値観が変わる【至高の肉うどん】,youtube,mVLS1yfV_qI,https://www.youtube.com/watch?v=mVLS1yfV_qI,mVLS1yfV_qI,https://www.youtube.com/watch?v=mVLS1yfV_qI,料理研究家リュウジのバズレシピ,easy,牛肉、白身魚、うどん、ショウガ,semi-rich,2,YouTube Data API収集,"beef,whitefish,udon,ginger",肉類;魚介;麺;根菜,warm,3,2,true,true,https://i.ytimg.com/vi/mVLS1yfV_qI/sddefault.jpg,6.07,5.64,ややがっつり
冷凍うどんで簡単！豚バラ焼きうどんの作り方,youtube,6tOPiYgv7dI,https://www.youtube.com/watch?v=6tOPiYgv7dI,6tOPiYgv7dI,https://www.youtube.com/watch?v=6tOPiYgv7dI,レイ【3児ママのリアルすぎる日常】,easy,豚肉、白身魚、卵、うどん、レタス、にんにく,semi-rich,3,YouTube Data API収集,"pork,whitefish,egg,udon,lettuce,garlic",肉類;魚介;卵;麺;葉物野菜;根菜,cold,3,2,true,true,https://i.ytimg.com/vi/6tOPiYgv7dI/maxresdefault.jpg,5.55,5.63,ややがっつり
2歳児の爆食お昼ごはん！今日も爆速で娘の大好物作ってみたよ👧🏻💕#もぐもぐタイム #るいちゃんねる #簡単レシピ #簡単料理 #カルボナーラ #うどんレシピ,youtube,yLR-oItq550,https://www.youtube.com/watch?v=yLR-oItq550,yLR-oItq550,https://www.youtube.com/watch?v=yLR-oItq550,るいちゃんねる🍼,easy,うどん、パスタ,semi-rich,2,YouTube Data API収集,"udon,pasta",麺,warm,3,2,false,true,https://i.ytimg.com/vi/yLR-oItq550/maxresdefault.jpg,6.0,5.3,ややがっつり
年明けうどんに！牛すきうどん #簡単レシピ #胃袋泥棒レシピ,youtube,pEC8VZrDbgE,https://www.youtube.com/watch?v=pEC8VZrDbgE,pEC8VZrDbgE,https://www.youtube.com/watch?v=pEC8VZrDbgE,maki | 今日の時短レシピ,easy,うどん,semi-rich,2,YouTube Data API収集,udon,麺,warm,3,2,false,true,https://i.ytimg.com/vi/pEC8VZrDbgE/maxresdefault.jpg,6.0,5.3,ややがっつり
5分。冷凍うどんの1番ウマい食べ方,youtube,kvNrysvMYJY,https://www.youtube.com/watch?v=kvNrysvMYJY,kvNrysvMYJY,https://www.youtube.com/watch?v=kvNrysvMYJY,だれウマ【料理研究家】,easy,うどん,semi-rich,2,YouTube Data API収集,udon,麺,cold,3,2,false,true,https://i.ytimg.com/vi/kvNrysvMYJY/maxresdefault.jpg,6.0,5.6,ややがっつり
釜玉そうめんレシピ〜食で夏を早く感じすぎている気がする🔥真夏、生きられるのかな、、🫠 #ブラック企業 #料理 #cooking #vlog #自炊 #そうめんアレンジ,youtube,aIFvma3yBwI,https://www.youtube.com/watch?v=aIFvma3yBwI,aIFvma3yBwI,https://www.youtube.com/watch?v=aIFvma3yBwI,ななOL簡単ご飯,normal,そうめん,semi-light,2,YouTube Data API収集,somen,麺,warm,3,2,false,true,https://i.ytimg.com/vi/aIFvma3yBwI/maxresdefault.jpg,6.0,5.2,ややあっさり
【しょうゆが決め手！極上のサバ缶アレンジうどんのレシピ】｜#クラシル #shorts,youtube,ufiNBBzSvrI,https://www.youtube.com/watch?v=ufiNBBzSvrI,ufiNBBzSvrI,https://www.youtube.com/watch?v=ufiNBBzSvrI,Kurashiru [クラシル],easy,サバ、うどん、ほうれん草、ネギ、しいたけ,light,2,YouTube Data API収集,"mackerel,udon,spinach,green_onion,shiitake",魚介;麺;葉物野菜;きのこ,warm,3,2,true,true,https://i.ytimg.com/vi/ufiNBBzSvrI/maxresdefault.jpg,4.07,4.04,あっさり
料理人歴23年、今までこの作り方知らなかったのが悔しいです,youtube,nP3Bf4FS9CE,https://www.youtube.com/watch?v=nP3Bf4FS9CE,nP3Bf4FS9CE,https://www.youtube.com/watch?v=nP3Bf4FS9CE,飲食店独立学校 /こうせい校長,normal,卵、うどん、ネギ、にんにく,light,2,YouTube Data API収集,"egg,udon,green_onion,garlic",卵;麺;葉物野菜;根菜,warm,3,2,true,true,https://i.ytimg.com/vi/nP3Bf4FS9CE/maxresdefault.jpg,4.42,4.35,あっさり
これはすげぇえ！！火も包丁も使わない激旨焼きうどんの作り方 簡単レシピ ライフハック 裏ワザ,youtube,ATy5cPML-W8,https://www.youtube.com/watch?v=ATy5cPML-W8,ATy5cPML-W8,https://www.youtube.com/watch?v=ATy5cPML-W8,ちゃらりんこクック,easy,うどん,semi-rich,3,YouTube Data API収集,udon,麺,warm,3,2,false,true,https://i.ytimg.com/vi/ATy5cPML-W8/maxresdefault.jpg,6.0,5.9,ややがっつり
［レンチン旨辛ビビンうどん］#うどん#ビビンうどん#レンチンレシピ#簡単レシピ#料理#自炊#高校生#うどんレシピ#旨辛レシピ#韓国料理#韓国風,youtube,uGTJWZuvfdQ,https://www.youtube.com/watch?v=uGTJWZuvfdQ,uGTJWZuvfdQ,https://www.youtube.com/watch?v=uGTJWZuvfdQ,kurea,easy,うどん,semi-rich,2,YouTube Data API収集,udon,麺,warm,3,2,false,true,https://i.ytimg.com/vi/uGTJWZuvfdQ/maxresdefault.jpg,6.0,5.3,ややがっつり
【天才的に旨い♡鶏肉となすのオイスターいため】ご飯がすすむ！※詳細はコメント欄へ #簡単レシピ #おすすめ #なす,youtube,VFA_4Xt-aSo,https://www.youtube.com/watch?v=VFA_4Xt-aSo,VFA_4Xt-aSo,https://www.youtube.com/watch?v=VFA_4Xt-aSo,まいのごはん。,normal,鶏肉、なす,light,2,YouTube Data API収集,"chicken,eggplant",鶏肉;葉物野菜,warm,3,2,true,true,https://i.ytimg.com/vi/VFA_4Xt-aSo/maxresdefault.jpg,4.25,4.25,あっさり
【肉味噌】かけるだけで食欲倍増！弁当や晩飯に使える万能肉味噌！,youtube,DG3qKpJZLkU,https://www.youtube.com/watch?v=DG3qKpJZLkU,DG3qKpJZLkU,https://www.youtube.com/watch?v=DG3qKpJZLkU,オリーブオイルをひとまわし / オリひと,normal,豆腐,light,2,YouTube Data API収集,tofu,豆腐・大豆系,warm,3,2,false,true,https://i.ytimg.com/vi/DG3qKpJZLkU/maxresdefault.jpg,3.0,3.5,あっさり
スーパーのお肉を美味しく焼く方法【プロの技】豚肉ステーキ#shorts,youtube,ruMoMWOhL3k,https://www.youtube.com/watch?v=ruMoMWOhL3k,ruMoMWOhL3k,https://www.youtube.com/watch?v=ruMoMWOhL3k,ファビオ飯 /イタリア料理人の世界,normal,豚肉,semi-rich,2,YouTube Data API収集,pork,肉類,warm,3,2,true,true,https://i.ytimg.com/vi/ruMoMWOhL3k/maxresdefault.jpg,8.0,6.5,ややがっつり
豚肉とキャベツで作るご飯が進みすぎる最強おかず,youtube,K3iww9jFigc,https://www.youtube.com/watch?v=K3iww9jFigc,K3iww9jFigc,https://www.youtube.com/watch?v=K3iww9jFigc,だれウマ【料理研究家】,normal,豚肉、キャベツ、にんにく,semi-light,2,YouTube Data API収集,"pork,cabbage,garlic",肉類;葉物野菜;根菜,warm,3,2,true,true,https://i.ytimg.com/vi/K3iww9jFigc/maxresdefault.jpg,5.2,5.12,ややあっさり
切らないし混ぜないしもうこれでいい 【パックのままズボラ焼き】詳しいレシピは概要欄を見てね♪ #ひき肉 #ひき肉レシピ #ズボラ飯 #ハンバーグ #レシピ動画 #簡単レシピ #料理動画 #晩ごはん,youtube,6WX8U-avQjE,https://www.youtube.com/watch?v=6WX8U-avQjE,6WX8U-avQjE,https://www.youtube.com/watch?v=6WX8U-avQjE,デリッシュキッチン,easy,挽肉、白身魚、マヨネーズ,rich,4,YouTube Data API収集,"minced_meat,whitefish,mayonnaise",肉類;魚介;チーズ・バター・マヨ系,warm,3,2,false,true,https://i.ytimg.com/vi/6WX8U-avQjE/maxresdefault.jpg,8.13,7.68,がっつり
0:28の脂を取るシーンは見ごたえあるよね 【定番豚の角煮】詳しいレシピは概要欄を見てね♪#豚バラ#豚の角煮#角煮 #角煮レシピ #簡単レシピ#晩ごはん#レシピ動画 #料理動画 #デリッシュキッチン,youtube,Y-3aecirfig,https://www.youtube.com/watch?v=Y-3aecirfig,Y-3aecirfig,https://www.youtube.com/watch?v=Y-3aecirfig,デリッシュキッチン,normal,豚肉、白身魚、卵、ネギ、ショウガ,light,1,YouTube Data API収集,"pork,whitefish,egg,green_onion,ginger",肉類;魚介;卵;葉物野菜;根菜,warm,3,2,true,true,https://i.ytimg.com/vi/Y-3aecirfig/maxresdefault.jpg,5.34,4.2,あっさり
これやばい…タレが最高の太らない鶏胸焼鳥丼！#鶏胸肉 #簡単レシピ #料理 #short,youtube,8gSGVRIypVo,https://www.youtube.com/watch?v=8gSGVRIypVo,8gSGVRIypVo,https://www.youtube.com/watch?v=8gSGVRIypVo,鶏むねマッスル,easy,鶏肉、白身魚、卵、ご飯・米,semi-light,2,YouTube Data API収集,"chicken,whitefish,egg,rice",鶏肉;魚介;卵;米,warm,1,1,true,true,https://i.ytimg.com/vi/8gSGVRIypVo/maxresdefault.jpg,5.47,4.98,ややあっさり
ナスと大葉の肉巻き｜巻いて焼くだけで簡単！ジューシーなナスと大葉の香りが美味しい豚肉おかずレシピ！お弁当にもおすすめ【なすレシピ・大葉レシピ・豚肉レシピ・簡単レシピ・おかず】【料理研究家ゆかり】,youtube,h45ocpjpI74,https://www.youtube.com/watch?v=h45ocpjpI74,h45ocpjpI74,https://www.youtube.com/watch?v=h45ocpjpI74,料理研究家ゆかりのおうちで簡単レシピ / Yukari's Kitchen,easy,豚肉、白身魚、卵、なす、ショウガ、にんにく,semi-light,2,YouTube Data API収集,"pork,whitefish,egg,eggplant,ginger,garlic",肉類;魚介;卵;葉物野菜;根菜,warm,3,2,true,true,https://i.ytimg.com/vi/h45ocpjpI74/maxresdefault.jpg,5.34,4.8,ややあっさり
スーパーで買った激安豚肉を極上ステーキに！豚肉ステーキの焼き方,youtube,3WfynaWMdVc,https://www.youtube.com/watch?v=3WfynaWMdVc,3WfynaWMdVc,https://www.youtube.com/watch?v=3WfynaWMdVc,居酒屋店長のまかない飯チャンネル,normal,豚肉、ショウガ、にんにく,semi-rich,3,YouTube Data API収集,"pork,ginger,garlic",肉類;根菜,warm,3,2,true,true,https://i.ytimg.com/vi/3WfynaWMdVc/maxresdefault.jpg,6.25,6.05,ややがっつり
柔らかさっぱりヘルシー！鶏むね肉の南蛮漬けの作り方 #料理 #鶏むね #shorts,youtube,Wve9UOfzIm0,https://www.youtube.com/watch?v=Wve9UOfzIm0,Wve9UOfzIm0,https://www.youtube.com/watch?v=Wve9UOfzIm0,Koh Kentetsu Kitchen【料理研究家コウケンテツ公式チャンネル】,normal,鶏肉,semi-rich,2,YouTube Data API収集,chicken,鶏肉,cold,3,2,true,true,https://i.ytimg.com/vi/Wve9UOfzIm0/maxresdefault.jpg,6.0,5.3,ややがっつり
冷蔵庫で５日保存な常備菜【しっとり ゆで鶏】,youtube,vfHe4iSRJAA,https://www.youtube.com/watch?v=vfHe4iSRJAA,vfHe4iSRJAA,https://www.youtube.com/watch?v=vfHe4iSRJAA,【賛否両論】笠原将弘の料理のほそ道,normal,鶏肉,semi-rich,2,YouTube Data API収集,chicken,鶏肉,cold,3,2,true,true,https://i.ytimg.com/vi/vfHe4iSRJAA/maxresdefault.jpg,6.0,5.3,ややがっつり
鶏よりおいしい😳ヤンニョム豚こま🧀（レシピはコメント欄に✨）,youtube,Scn-ZqcscHY,https://www.youtube.com/watch?v=Scn-ZqcscHY,Scn-ZqcscHY,https://www.youtube.com/watch?v=Scn-ZqcscHY,ゆい▷愛する旦那さんに褒められごはん,normal,豚肉,semi-rich,2,YouTube Data API収集,pork,肉類,warm,3,2,true,true,https://i.ytimg.com/vi/Scn-ZqcscHY/maxresdefault.jpg,8.0,6.5,ややがっつり
簡単なのに絶品ローストポーク,youtube,YJo8d9FD3Uo,https://www.youtube.com/watch?v=YJo8d9FD3Uo,YJo8d9FD3Uo,https://www.youtube.com/watch?v=YJo8d9FD3Uo,なな⌇家族の心を満たす愛情レシピ,normal,豚肉、白身魚、ビーフン・フォー、にんにく,semi-rich,2,YouTube Data API収集,"pork,whitefish,rice_noodles,garlic",肉類;魚介;麺;根菜,warm,3,2,true,true,https://i.ytimg.com/vi/YJo8d9FD3Uo/maxresdefault.jpg,6.07,5.34,ややがっつり
ご飯が無限に進む！大分名物【にら豚】,youtube,-d1qtJA1pNU,https://www.youtube.com/watch?v=-d1qtJA1pNU,-d1qtJA1pNU,https://www.youtube.com/watch?v=-d1qtJA1pNU,【賛否両論】笠原将弘の料理のほそ道,normal,にら,light,2,YouTube Data API収集,nira,葉物野菜,warm,3,2,false,true,https://i.ytimg.com/vi/-d1qtJA1pNU/maxresdefault.jpg,1.0,2.3,あっさり
安い鶏むね肉を無限に食える方法を発見しました「エンドレス鶏むね肉」が旨すぎる#shorts #リュウジ #料理,youtube,qqtXuKdnTCA,https://www.youtube.com/watch?v=qqtXuKdnTCA,qqtXuKdnTCA,https://www.youtube.com/watch?v=qqtXuKdnTCA,料理研究家リュウジのバズレシピ,normal,鶏肉、白身魚、にんにく、バター,rich,4,YouTube Data API収集,"chicken,whitefish,garlic,butter",鶏肉;魚介;根菜;チーズ・バター・マヨ系,warm,3,2,true,true,https://i.ytimg.com/vi/qqtXuKdnTCA/maxresdefault.jpg,7.02,7.41,がっつり
確実に1番美味しい豚丼の作り方。正直お店超えてます。,youtube,_7rtEu2HGJE,https://www.youtube.com/watch?v=_7rtEu2HGJE,_7rtEu2HGJE,https://www.youtube.com/watch?v=_7rtEu2HGJE,だれウマ【料理研究家】,easy,ご飯・米,semi-rich,2,YouTube Data API収集,rice,米,warm,1,1,false,true,https://i.ytimg.com/vi/_7rtEu2HGJE/maxresdefault.jpg,6.0,5.6,ややがっつり
鶏むね肉買ったら…。 #簡単レシピ,youtube,EMP2tb7AAgs,https://www.youtube.com/watch?v=EMP2tb7AAgs,EMP2tb7AAgs,https://www.youtube.com/watch?v=EMP2tb7AAgs,さくらい ゆか【管理栄養士】,normal,鶏肉、白身魚,semi-light,2,YouTube Data API収集,"chicken,whitefish",鶏肉;魚介,warm,3,2,true,true,https://i.ytimg.com/vi/EMP2tb7AAgs/maxresdefault.jpg,5.3,4.88,ややあっさり
レンジで簡単！やみつき無限漬け 【麻薬鶏】丁寧に工程を見たい人はアプリで【旨だれ漬け鶏むね肉】と検索♪ #鶏肉 #鶏むね肉 #やみつき #麻薬たまご #レシピ動画 #料理動画 #shorts,youtube,M5TQTDXwKhg,https://www.youtube.com/watch?v=M5TQTDXwKhg,M5TQTDXwKhg,https://www.youtube.com/watch?v=M5TQTDXwKhg,デリッシュキッチン,easy,鶏肉、豆腐、卵、ビーフン・フォー、ネギ、レタス、にんにく,light,2,YouTube Data API収集,"chicken,tofu,egg,rice_noodles,green_onion,lettuce,garlic",鶏肉;豆腐・大豆系;卵;麺;葉物野菜;根菜,cold,4,3,true,true,https://i.ytimg.com/vi/M5TQTDXwKhg/maxresdefault.jpg,4.6,4.36,あっさり
ワンパンで作る カリッじゅわ〜やみつきチキン,youtube,ZXr7rYsL3nA,https://www.youtube.com/watch?v=ZXr7rYsL3nA,ZXr7rYsL3nA,https://www.youtube.com/watch?v=ZXr7rYsL3nA,なな⌇家族の心を満たす愛情レシピ,normal,鶏肉,semi-rich,2,YouTube Data API収集,chicken,鶏肉,warm,3,2,true,true,https://i.ytimg.com/vi/ZXr7rYsL3nA/maxresdefault.jpg,6.0,5.3,ややがっつり
材料1つ【鶏むね肉焼き】ただ焼くだけ！安い鶏むね肉が柔らかジューシーに！ボリュームも満点！！節約おかず・おつまみ,youtube,JYlEj6OLl5w,https://www.youtube.com/watch?v=JYlEj6OLl5w,JYlEj6OLl5w,https://www.youtube.com/watch?v=JYlEj6OLl5w,夫手取り17万円の節約ごはん,normal,鶏肉、にんにく,semi-light,3,YouTube Data API収集,"chicken,garlic",鶏肉;根菜,warm,3,2,true,true,https://i.ytimg.com/vi/JYlEj6OLl5w/maxresdefault.jpg,4.95,5.27,ややあっさり
ベーコンの焼き方#料理 #飯テロ #cooking,youtube,TU7nvJano-k,https://www.youtube.com/watch?v=TU7nvJano-k,TU7nvJano-k,https://www.youtube.com/watch?v=TU7nvJano-k,mamama,normal,ベーコン,rich,4,YouTube Data API収集,bacon,肉類,warm,3,2,false,true,https://i.ytimg.com/vi/TU7nvJano-k/maxresdefault.jpg,8.0,7.7,がっつり
安い！早い！うまい！豚こま南蛮✨（レシピはコメント欄に🫶）,youtube,mD-lKoLJxqw,https://www.youtube.com/watch?v=mD-lKoLJxqw,mD-lKoLJxqw,https://www.youtube.com/watch?v=mD-lKoLJxqw,ゆい▷愛する旦那さんに褒められごはん,normal,豚肉,semi-rich,2,YouTube Data API収集,pork,肉類,warm,3,2,true,true,https://i.ytimg.com/vi/mD-lKoLJxqw/maxresdefault.jpg,8.0,6.5,ややがっつり
肉汁に溺れるガチで1番美味しい鶏胸肉の食べ方,youtube,WhNtDLLD06c,https://www.youtube.com/watch?v=WhNtDLLD06c,WhNtDLLD06c,https://www.youtube.com/watch?v=WhNtDLLD06c,だれウマ【料理研究家】,normal,にんにく、バター,rich,4,YouTube Data API収集,"garlic,butter",根菜;チーズ・バター・マヨ系,warm,3,2,false,true,https://i.ytimg.com/vi/WhNtDLLD06c/maxresdefault.jpg,7.55,7.73,がっつり
㊗️80万再生 基本の照り焼き鶏肉の作り方,youtube,T7uG9tuRyQQ,https://www.youtube.com/watch?v=T7uG9tuRyQQ,T7uG9tuRyQQ,https://www.youtube.com/watch?v=T7uG9tuRyQQ,家政夫ミツキの10分作りおき,normal,鶏肉,semi-rich,3,YouTube Data API収集,chicken,鶏肉,warm,3,2,true,true,https://i.ytimg.com/vi/T7uG9tuRyQQ/maxresdefault.jpg,6.0,5.9,ややがっつり
もう買わない🎄クリスマスはサクサク激うまのこれ作って🍗#簡単レシピ #クリスマスレシピ #鶏むね肉 #ヘルシーレシピ #フライドチキン #cooking #shorts,youtube,aSkUxjfaG9g,https://www.youtube.com/watch?v=aSkUxjfaG9g,aSkUxjfaG9g,https://www.youtube.com/watch?v=aSkUxjfaG9g,yuchi,normal,鶏肉,rich,5,YouTube Data API収集,chicken,鶏肉,warm,3,2,true,true,https://i.ytimg.com/vi/aSkUxjfaG9g/maxresdefault.jpg,6.0,7.1,がっつり
鶏胸肉を毎日1枚以上食べる料理家が辿り着いた、もはやとろける最高の鶏胸チャーシュー,youtube,4s9NlCSthGo,https://www.youtube.com/watch?v=4s9NlCSthGo,4s9NlCSthGo,https://www.youtube.com/watch?v=4s9NlCSthGo,だれウマ【料理研究家】,normal,卵、ネギ、ショウガ、にんにく,light,2,YouTube Data API収集,"egg,green_onion,ginger,garlic",卵;葉物野菜;根菜,warm,3,2,true,true,https://i.ytimg.com/vi/4s9NlCSthGo/maxresdefault.jpg,3.6,4.16,あっさり
毎日鶏胸肉を1.5枚食べる料理家がガチで旨すぎる鶏胸肉レシピを紹介,youtube,XRSlFzVmBMg,https://www.youtube.com/watch?v=XRSlFzVmBMg,XRSlFzVmBMg,https://www.youtube.com/watch?v=XRSlFzVmBMg,だれウマ【料理研究家】,normal,卵,semi-light,2,YouTube Data API収集,egg,卵,warm,3,2,false,true,https://i.ytimg.com/vi/XRSlFzVmBMg/maxresdefault.jpg,5.0,5.0,ややあっさり
ひき肉とピーマン炒めるだけ【ピーマン肉味噌】 詳しいレシピは概要欄をチェック！ #料理 #レシピ動画 #レシピ #簡単レシピ #晩ごはん,youtube,SOr7jGxqLw4,https://www.youtube.com/watch?v=SOr7jGxqLw4,SOr7jGxqLw4,https://www.youtube.com/watch?v=SOr7jGxqLw4,デリッシュキッチン,normal,挽肉、ピーマン、ショウガ,semi-rich,3,YouTube Data API収集,"minced_meat,bell_pepper,ginger",肉類;葉物野菜;根菜,warm,3,2,false,true,https://i.ytimg.com/vi/SOr7jGxqLw4/maxresdefault.jpg,5.2,5.32,ややがっつり
しっとり鶏むね肉のチキン南蛮レシピ #鶏むね肉レシピ #チキン南蛮,youtube,GA2qMjpvKus,https://www.youtube.com/watch?v=GA2qMjpvKus,GA2qMjpvKus,https://www.youtube.com/watch?v=GA2qMjpvKus,ちぇる ダイエット食堂,normal,鶏肉,semi-light,2,YouTube Data API収集,chicken,鶏肉,warm,3,2,true,true,https://i.ytimg.com/vi/GA2qMjpvKus/maxresdefault.jpg,6.0,5.1,ややあっさり
洗い物少ない！【油要らず唐揚げ】詳しいレシピは概要欄を見てね♪#唐揚げ#鶏もも肉 #鶏肉 #鶏肉レシピ #からあげ #鶏肉#おかず #晩ご飯 #おうちごはん #レシピ動画 #簡単レシピ #ワンパン,youtube,RT7HuwgEYZA,https://www.youtube.com/watch?v=RT7HuwgEYZA,RT7HuwgEYZA,https://www.youtube.com/watch?v=RT7HuwgEYZA,デリッシュキッチン,normal,鶏肉、ショウガ,semi-rich,5,YouTube Data API収集,"chicken,ginger",鶏肉;根菜,warm,3,2,true,true,https://i.ytimg.com/vi/RT7HuwgEYZA/maxresdefault.jpg,4.95,6.37,ややがっつり
【肉野菜炒め】一生役立つ家庭料理の作り方#shorts #料理 #cooking,youtube,b60tx4lSSQ8,https://www.youtube.com/watch?v=b60tx4lSSQ8,b60tx4lSSQ8,https://www.youtube.com/watch?v=b60tx4lSSQ8,muuのおうちごはん,normal,豚肉、キャベツ、ネギ、もやし、玉ねぎ、にんじん、にんにく,semi-rich,3,YouTube Data API収集,"pork,cabbage,green_onion,bean_sprouts,onion,carrot,garlic",肉類;葉物野菜;根菜,warm,4,3,true,true,https://i.ytimg.com/vi/b60tx4lSSQ8/maxresdefault.jpg,5.2,5.42,ややがっつり
シェフが教える豚肉の火入れ術【総再生1000万回超え】#shorts,youtube,mwaHpHX7S-8,https://www.youtube.com/watch?v=mwaHpHX7S-8,mwaHpHX7S-8,https://www.youtube.com/watch?v=mwaHpHX7S-8,George ジョージ吉田,normal,豚肉,semi-rich,2,YouTube Data API収集,pork,肉類,warm,3,2,true,true,https://i.ytimg.com/vi/mwaHpHX7S-8/maxresdefault.jpg,8.0,6.5,ややがっつり
甘辛シャキシャキでお箸が止まらない🤤【千切りキャベツ肉巻き】 #肉巻き #豚バラ #カットキャベツ #キャベツ#簡単レシピ #レシピ動画,youtube,vb6GR9JgWbo,https://www.youtube.com/watch?v=vb6GR9JgWbo,vb6GR9JgWbo,https://www.youtube.com/watch?v=vb6GR9JgWbo,デリッシュキッチン,easy,豚肉、キャベツ、にんにく,semi-light,2,YouTube Data API収集,"pork,cabbage,garlic",肉類;葉物野菜;根菜,warm,3,2,true,true,https://i.ytimg.com/vi/vb6GR9JgWbo/maxresdefault.jpg,5.2,4.72,ややあっさり
作っても作っても足りない甘辛チキンスティック #鶏むね肉 #ワンパンレシピ,youtube,2wiy2uoCizE,https://www.youtube.com/watch?v=2wiy2uoCizE,2wiy2uoCizE,https://www.youtube.com/watch?v=2wiy2uoCizE,さくらい ゆか【管理栄養士】,normal,鶏肉、白身魚,semi-light,2,YouTube Data API収集,"chicken,whitefish",鶏肉;魚介,warm,3,2,true,true,https://i.ytimg.com/vi/2wiy2uoCizE/maxresdefault.jpg,5.3,4.88,ややあっさり
お弁当にも！【冷凍ストック】肉巻きピーマン#冷凍 #冷凍ストック #簡単レシピ #料理 #料理動画 #今日の晩ごはん #cooking #お弁当 #お弁当おかず #ピーマンレシピ #ピーマン,youtube,7aowgWBxXG8,https://www.youtube.com/watch?v=7aowgWBxXG8,7aowgWBxXG8,https://www.youtube.com/watch?v=7aowgWBxXG8,冷凍子ママ,easy,豚肉、白身魚、ピーマン、小麦粉,semi-light,2,YouTube Data API収集,"pork,whitefish,bell_pepper,flour",肉類;魚介;葉物野菜;米,cold,3,2,true,true,https://i.ytimg.com/vi/7aowgWBxXG8/maxresdefault.jpg,5.72,5.13,ややあっさり
【時短メイン】鶏肉とたまねぎの醤油マヨ炒め #つくおき #レシピ #時短 #簡単,youtube,X7rNBonm_Ls,https://www.youtube.com/watch?v=X7rNBonm_Ls,X7rNBonm_Ls,https://www.youtube.com/watch?v=X7rNBonm_Ls,つくおきチャンネル,normal,鶏肉、ネギ、マヨネーズ,rich,4,YouTube Data API収集,"chicken,green_onion,mayonnaise",鶏肉;葉物野菜;チーズ・バター・マヨ系,warm,3,2,true,true,https://i.ytimg.com/vi/X7rNBonm_Ls/maxresdefault.jpg,6.97,7.08,がっつり
5児ママ〜椎茸の肉詰め〜,youtube,FsJDlp9WnRY,https://www.youtube.com/watch?v=FsJDlp9WnRY,FsJDlp9WnRY,https://www.youtube.com/watch?v=FsJDlp9WnRY,マイ,normal,しいたけ,light,2,YouTube Data API収集,shiitake,きのこ,warm,3,2,false,true,https://i.ytimg.com/vi/FsJDlp9WnRY/maxresdefault.jpg,2.0,2.9,あっさり
胸肉と卵があるなら絶対作ってみて欲しい #料理 #レシピ #food,youtube,957-ikJYPmw,https://www.youtube.com/watch?v=957-ikJYPmw,957-ikJYPmw,https://www.youtube.com/watch?v=957-ikJYPmw,Kiyo Balance Kitchen,normal,卵,semi-light,2,YouTube Data API収集,egg,卵,warm,3,2,false,true,https://i.ytimg.com/vi/957-ikJYPmw/maxresdefault.jpg,5.0,4.7,ややあっさり
焼いてかけるだけの失敗なし柔らかジューシー生姜焼き,youtube,XJcohBkmnq8,https://www.youtube.com/watch?v=XJcohBkmnq8,XJcohBkmnq8,https://www.youtube.com/watch?v=XJcohBkmnq8,ハマごはん【お手軽レシピ】,normal,豚肉、白身魚、ショウガ,semi-rich,3,YouTube Data API収集,"pork,whitefish,ginger",肉類;魚介;根菜,warm,3,2,true,true,https://i.ytimg.com/vi/XJcohBkmnq8/maxresdefault.jpg,5.9,5.84,ややがっつり
たっぷりキャベツと豚の蒸し煮🤤,youtube,Kj--dlrSk_g,https://www.youtube.com/watch?v=Kj--dlrSk_g,Kj--dlrSk_g,https://www.youtube.com/watch?v=Kj--dlrSk_g,しらっちのウマ痩せレシピ🍳,normal,キャベツ,light,1,YouTube Data API収集,cabbage,葉物野菜,warm,3,2,true,true,https://i.ytimg.com/vi/Kj--dlrSk_g/maxresdefault.jpg,1.0,1.7,あっさり
【挽き肉余ったらコレ作ろ！】秘伝の肉味噌#料理 #簡単レシピ #cooking,youtube,pnq1FYpaLCo,https://www.youtube.com/watch?v=pnq1FYpaLCo,pnq1FYpaLCo,https://www.youtube.com/watch?v=pnq1FYpaLCo,たれマニア,normal,挽肉、白身魚,semi-rich,2,YouTube Data API収集,"minced_meat,whitefish",肉類;魚介,warm,3,2,false,true,https://i.ytimg.com/vi/pnq1FYpaLCo/maxresdefault.jpg,6.6,5.66,ややがっつり
悪魔的だけど太らない！トマトチーズエッグチキン #鶏胸肉 #簡単レシピ #料理 #cooking #shorts,youtube,LMODVws_0k8,https://www.youtube.com/watch?v=LMODVws_0k8,LMODVws_0k8,https://www.youtube.com/watch?v=LMODVws_0k8,鶏むねマッスル,easy,鶏肉、白身魚、卵、トマト、チーズ,rich,4,YouTube Data API収集,"chicken,whitefish,egg,tomato,cheese",鶏肉;魚介;卵;葉物野菜;チーズ・バター・マヨ系,warm,3,2,true,true,https://i.ytimg.com/vi/LMODVws_0k8/maxresdefault.jpg,6.64,6.88,がっつり
たった10分！卵と豚肉だけで無限にご飯が進む最強おかず,youtube,Su6T3wXnM_4,https://www.youtube.com/watch?v=Su6T3wXnM_4,Su6T3wXnM_4,https://www.youtube.com/watch?v=Su6T3wXnM_4,だれウマ【料理研究家】,easy,豚肉、卵、にんにく、マヨネーズ,rich,4,YouTube Data API収集,"pork,egg,garlic,mayonnaise",肉類;卵;根菜;チーズ・バター・マヨ系,warm,3,2,true,true,https://i.ytimg.com/vi/Su6T3wXnM_4/maxresdefault.jpg,7.55,7.73,がっつり
家にある調味料でできる！「トンテキ」詳しいレシピは概要欄をチェック！ #トンテキ #ステーキ,youtube,3v0g2C1J3L8,https://www.youtube.com/watch?v=3v0g2C1J3L8,3v0g2C1J3L8,https://www.youtube.com/watch?v=3v0g2C1J3L8,デリッシュキッチン,normal,豚肉、白身魚、キャベツ、ネギ、トマト、玉ねぎ、にんにく、小麦粉,semi-light,2,YouTube Data API収集,"pork,whitefish,cabbage,green_onion,tomato,onion,garlic,flour",肉類;魚介;葉物野菜;根菜;米,warm,4,3,true,true,https://i.ytimg.com/vi/3v0g2C1J3L8/maxresdefault.jpg,5.48,4.89,ややあっさり
超しっとり🤤簡単絶品ローストビーフの作り方✨ #クリスマスレシピ #ローストビーフ #ローストビーフレシピ #簡単レシピ,youtube,mrU9UqwCuLI,https://www.youtube.com/watch?v=mrU9UqwCuLI,mrU9UqwCuLI,https://www.youtube.com/watch?v=mrU9UqwCuLI,ちぇる ダイエット食堂,normal,牛肉,semi-rich,2,YouTube Data API収集,beef,肉類,warm,3,2,true,true,https://i.ytimg.com/vi/mrU9UqwCuLI/maxresdefault.jpg,8.0,6.3,ややがっつり
ご飯おかわり必須。「豚ばらピーマンの甘辛炒め」 #材料と作り方は概要欄 #豚肉 #豚肉レシピ #豚バラ #豚バラレシピ #ピーマン #ピーマンレシピ #料理 #フーディストノート #フーディスト,youtube,rJZmEngROhI,https://www.youtube.com/watch?v=rJZmEngROhI,rJZmEngROhI,https://www.youtube.com/watch?v=rJZmEngROhI,フーディストノート,normal,豚肉、白身魚、ピーマン、にんにく,semi-rich,3,YouTube Data API収集,"pork,whitefish,bell_pepper,garlic",肉類;魚介;葉物野菜;根菜,warm,3,2,true,true,https://i.ytimg.com/vi/rJZmEngROhI/maxresdefault.jpg,5.2,5.42,ややがっつり
【実は簡単】美味しいローストビーフの作り方,youtube,EPFAdpfAUuM,https://www.youtube.com/watch?v=EPFAdpfAUuM,EPFAdpfAUuM,https://www.youtube.com/watch?v=EPFAdpfAUuM,TOKUTOKU☆cooking,normal,牛肉,semi-rich,2,YouTube Data API収集,beef,肉類,warm,3,2,true,true,https://i.ytimg.com/vi/EPFAdpfAUuM/maxresdefault.jpg,8.0,6.5,ややがっつり
ほぼ放置！確実に世界 1ジューシーで肉汁溢れる鶏胸肉の焼き方,youtube,KZi4wuYsOdk,https://www.youtube.com/watch?v=KZi4wuYsOdk,KZi4wuYsOdk,https://www.youtube.com/watch?v=KZi4wuYsOdk,だれウマ【料理研究家】,normal,ネギ、玉ねぎ、にんにく,light,3,YouTube Data API収集,"green_onion,onion,garlic",葉物野菜;根菜,warm,3,2,true,true,https://i.ytimg.com/vi/KZi4wuYsOdk/maxresdefault.jpg,2.3,3.98,あっさり
悪魔の肉巻き厚揚げ,youtube,PLeD6WbTb4w,https://www.youtube.com/watch?v=PLeD6WbTb4w,PLeD6WbTb4w,https://www.youtube.com/watch?v=PLeD6WbTb4w,まるみキッチン【簡単レシピ】,normal,豚肉、白身魚、厚揚げ、にんにく,rich,5,YouTube Data API収集,"pork,whitefish,atsuage,garlic",肉類;魚介;豆腐・大豆系;根菜,warm,3,2,true,true,https://i.ytimg.com/vi/PLeD6WbTb4w/maxresdefault.jpg,5.55,6.73,がっつり
【家族が爆食べ】とろたま豚丼！簡単すぎてリピ確定 #簡単レシピ #cooking,youtube,jGqq1IOsing,https://www.youtube.com/watch?v=jGqq1IOsing,jGqq1IOsing,https://www.youtube.com/watch?v=jGqq1IOsing,ぽっけ夫婦⌇家族が喜ぶ10分ごはん,easy,豚肉、卵、ご飯・米、チーズ、マヨネーズ,rich,4,YouTube Data API収集,"pork,egg,rice,cheese,mayonnaise",肉類;卵;米;チーズ・バター・マヨ系,warm,1,1,true,true,https://i.ytimg.com/vi/jGqq1IOsing/maxresdefault.jpg,8.07,7.74,がっつり
え？簡単かもって思わせるので見てください。【ザクザク油淋鶏】,youtube,3GQbGc1m-zg,https://www.youtube.com/watch?v=3GQbGc1m-zg,3GQbGc1m-zg,https://www.youtube.com/watch?v=3GQbGc1m-zg,くまの限界食堂,normal,鶏肉、きゅうり、ネギ、もやし、トマト、ショウガ、にんにく,light,2,YouTube Data API収集,"chicken,cucumber,green_onion,bean_sprouts,tomato,ginger,garlic",鶏肉;葉物野菜;根菜,warm,4,3,true,true,https://i.ytimg.com/vi/3GQbGc1m-zg/hqdefault.jpg,4.13,4.18,あっさり
レシピはこちら🙌#ワンパン#おうちごはん#彼ごはん#レシピ#夕飯#楽うま#晩御飯#重ね煮#簡単レシピ#おかずレシピ#おつまみレシピ#簡単レシピ#豚肉レシピ #簡単ごはん #ダイエットレシピ,youtube,P5mGC79dWeI,https://www.youtube.com/watch?v=P5mGC79dWeI,P5mGC79dWeI,https://www.youtube.com/watch?v=P5mGC79dWeI,さち⌇時短・簡単・夫婦ごはん,normal,豚肉、白身魚、にら、ネギ、もやし、えのき茸、ショウガ、にんにく,light,1,YouTube Data API収集,"pork,whitefish,nira,green_onion,bean_sprouts,enoki,ginger,garlic",肉類;魚介;葉物野菜;きのこ;根菜,warm,4,3,true,true,https://i.ytimg.com/vi/P5mGC79dWeI/maxresdefault.jpg,4.92,3.95,あっさり
万能ダレで作る！みそマスポーク #簡単レシピ #今日の晩ごはん #ワーママご飯 #料理 #ワンパンレシピ #おうちごはん #こどもごはん #万能ソース #豚ロース #万能調味料,youtube,0VZzwIDmlv4,https://www.youtube.com/watch?v=0VZzwIDmlv4,0VZzwIDmlv4,https://www.youtube.com/watch?v=0VZzwIDmlv4,つき,easy,豚肉、鶏肉、白身魚、ビーフン・フォー、ブロッコリー、マヨネーズ,rich,4,YouTube Data API収集,"pork,chicken,whitefish,rice_noodles,broccoli,mayonnaise",肉類;鶏肉;魚介;麺;葉物野菜;チーズ・バター・マヨ系,warm,3,2,true,true,https://i.ytimg.com/vi/0VZzwIDmlv4/maxresdefault.jpg,7.08,7.15,がっつり
これは完全にチャーシューやん(笑),youtube,u7Z4pm4RArE,https://www.youtube.com/watch?v=u7Z4pm4RArE,u7Z4pm4RArE,https://www.youtube.com/watch?v=u7Z4pm4RArE,まるみキッチン【簡単レシピ】,normal,豚肉、白身魚、卵、ネギ、にんにく,semi-light,2,YouTube Data API収集,"pork,whitefish,egg,green_onion,garlic",肉類;魚介;卵;葉物野菜;根菜,warm,3,2,true,true,https://i.ytimg.com/vi/u7Z4pm4RArE/maxresdefault.jpg,5.34,4.8,ややあっさり
「まるでお店で食べるやつ！」鬼リピしまくりの【鶏むね肉の甘辛チキン】胃袋余裕で掴めます,youtube,Le-XUUF98nw,https://www.youtube.com/watch?v=Le-XUUF98nw,Le-XUUF98nw,https://www.youtube.com/watch?v=Le-XUUF98nw,低空飛行キッチン,normal,鶏肉、白身魚、にんにく,light,2,YouTube Data API収集,"chicken,whitefish,garlic",鶏肉;魚介;根菜,warm,3,2,true,true,https://i.ytimg.com/vi/Le-XUUF98nw/maxresdefault.jpg,4.83,4.6,あっさり
【豚肉と玉ねぎの簡単レシピ】ごはんが無限にススム！合わせだれで炒めるだけ,youtube,osMypdJM-Zg,https://www.youtube.com/watch?v=osMypdJM-Zg,osMypdJM-Zg,https://www.youtube.com/watch?v=osMypdJM-Zg,しばのごはん食堂,easy,豚肉、ネギ、レタス、玉ねぎ、ショウガ、にんにく,semi-rich,3,YouTube Data API収集,"pork,green_onion,lettuce,onion,ginger,garlic",肉類;葉物野菜;根菜,warm,3,2,true,true,https://i.ytimg.com/vi/osMypdJM-Zg/maxresdefault.jpg,5.2,5.42,ややがっつり
箸が止まらない美味さ！究極の焼肉豚バラ丼,youtube,-iNfdbx7VXk,https://www.youtube.com/watch?v=-iNfdbx7VXk,-iNfdbx7VXk,https://www.youtube.com/watch?v=-iNfdbx7VXk,ハマごはん【お手軽レシピ】,easy,豚肉、白身魚、ご飯・米、ネギ、にんにく,semi-light,2,YouTube Data API収集,"pork,whitefish,rice,green_onion,garlic",肉類;魚介;米;葉物野菜;根菜,warm,1,1,true,true,https://i.ytimg.com/vi/-iNfdbx7VXk/maxresdefault.jpg,5.48,4.99,ややあっさり
【カリカリ豚こまの甘酢ごま和え】#豚こま肉 #簡単レシピ #時短レシピ #節約レシピ #recipe,youtube,1fLwFRTjBQQ,https://www.youtube.com/watch?v=1fLwFRTjBQQ,1fLwFRTjBQQ,https://www.youtube.com/watch?v=1fLwFRTjBQQ,DOKIN,easy,豚肉,semi-rich,1,YouTube Data API収集,pork,肉類,warm,1,1,true,true,https://i.ytimg.com/vi/1fLwFRTjBQQ/maxresdefault.jpg,8.0,5.9,ややがっつり
ピーマンのチーズ肉巻き🫑#ピーマン #簡単レシピ #料理 #おうちごはん #自炊 #cooking #チーズ #ごはん #時短レシピ #おいしい,youtube,NWGQXifJx-o,https://www.youtube.com/watch?v=NWGQXifJx-o,NWGQXifJx-o,https://www.youtube.com/watch?v=NWGQXifJx-o,りな おうちでごちそう:ワンパンレシピ,normal,ピーマン、チーズ,rich,4,YouTube Data API収集,"bell_pepper,cheese",葉物野菜;チーズ・バター・マヨ系,warm,3,2,false,true,https://i.ytimg.com/vi/NWGQXifJx-o/maxresdefault.jpg,6.85,7.01,がっつり
夫の大好物！ガーリックステーキライス☺️🧄 #簡単レシピ #おうちごはん #自炊 #cooking,youtube,GSSfceTqtYo,https://www.youtube.com/watch?v=GSSfceTqtYo,GSSfceTqtYo,https://www.youtube.com/watch?v=GSSfceTqtYo,Hideka cooking,normal,ご飯・米、にんにく,light,2,YouTube Data API収集,"rice,garlic",米;根菜,warm,3,2,false,true,https://i.ytimg.com/vi/GSSfceTqtYo/maxresdefault.jpg,4.95,4.67,あっさり
豚バラ大根の作り方｜定番の人気おかず！味がしみしみ♪フライパンで簡単！#豚バラ大根 #おかき おかず #shorts,youtube,PQvX5xbQgSk,https://www.youtube.com/watch?v=PQvX5xbQgSk,PQvX5xbQgSk,https://www.youtube.com/watch?v=PQvX5xbQgSk,料理研究家ゆかりのおうちで簡単レシピ / Yukari's Kitchen,easy,豚肉、白身魚、大根、ショウガ,rich,5,YouTube Data API収集,"pork,whitefish,daikon,ginger",肉類;魚介;根菜,warm,3,2,true,true,https://i.ytimg.com/vi/PQvX5xbQgSk/maxresdefault.jpg,5.9,6.94,がっつり
こんなのうまいに決まってる【豚キムチーズ肉巻き】詳しいレシピはアプリで料理名を検索♪#キムチ #豚キムチ#肉巻き #料理動画 #レシピ動画 #簡単レシピ #豚肉レシピ #豚バラ,youtube,qoPSikyPWEc,https://www.youtube.com/watch?v=qoPSikyPWEc,qoPSikyPWEc,https://www.youtube.com/watch?v=qoPSikyPWEc,デリッシュキッチン,easy,豚肉、チーズ,rich,4,YouTube Data API収集,"pork,cheese",肉類;チーズ・バター・マヨ系,warm,3,2,true,true,https://i.ytimg.com/vi/qoPSikyPWEc/maxresdefault.jpg,9.3,8.38,がっつり
豚こまと玉ねぎ｜もはや週一では足りない。結局コレが一番,youtube,npRs3t06EhM,https://www.youtube.com/watch?v=npRs3t06EhM,npRs3t06EhM,https://www.youtube.com/watch?v=npRs3t06EhM,ポテヒロの楽メシ,normal,豚肉、ネギ、玉ねぎ、にんにく、バター,rich,4,YouTube Data API収集,"pork,green_onion,onion,garlic,butter",肉類;葉物野菜;根菜;チーズ・バター・マヨ系,warm,3,2,true,true,https://i.ytimg.com/vi/npRs3t06EhM/maxresdefault.jpg,6.85,7.01,がっつり
料理初心者さんでも作れる！漬けて焼くだけ柔らかガーリックチキン🧄 #shots #おうちごはん #food,youtube,8uCNndnDKg4,https://www.youtube.com/watch?v=8uCNndnDKg4,8uCNndnDKg4,https://www.youtube.com/watch?v=8uCNndnDKg4,まみ(mami) ラクうまごはん,easy,鶏肉、白身魚、にんにく、マヨネーズ,rich,4,YouTube Data API収集,"chicken,whitefish,garlic,mayonnaise",鶏肉;魚介;根菜;チーズ・バター・マヨ系,cold,3,2,true,true,https://i.ytimg.com/vi/8uCNndnDKg4/maxresdefault.jpg,7.02,7.11,がっつり
鶏むねと小松菜のチーズ焼き #ワンパンレシピ #鶏むね肉レシピ #小松菜レシピ,youtube,2GxjPBtCSGo,https://www.youtube.com/watch?v=2GxjPBtCSGo,2GxjPBtCSGo,https://www.youtube.com/watch?v=2GxjPBtCSGo,ふじたかなのワールドクッキング Kana's kitchen,normal,鶏肉、卵、小松菜、にら、ネギ、チーズ、マヨネーズ,rich,4,YouTube Data API収集,"chicken,egg,komatsuna,nira,green_onion,cheese,mayonnaise",鶏肉;卵;葉物野菜;チーズ・バター・マヨ系,warm,4,3,true,true,https://i.ytimg.com/vi/2GxjPBtCSGo/maxresdefault.jpg,6.85,7.01,がっつり
『仕事帰りでもパッと作れる』甘さと食感が絶妙の【肉豆腐】一生使える基本のレシピです。,youtube,vNRUBLpnDK8,https://www.youtube.com/watch?v=vNRUBLpnDK8,vNRUBLpnDK8,https://www.youtube.com/watch?v=vNRUBLpnDK8,食事処さくらの料理教室,easy,牛肉、豆腐、パスタ、キャベツ、napa_cabbage、ネギ、ショウガ、にんにく,semi-light,2,YouTube Data API収集,"beef,tofu,pasta,cabbage,napa_cabbage,green_onion,ginger,garlic",肉類;豆腐・大豆系;麺;葉物野菜;根菜,warm,4,3,true,true,https://i.ytimg.com/vi/vNRUBLpnDK8/maxresdefault.jpg,5.34,4.9,ややあっさり
【豚こまステーキ】肉屋がハマった。これ本当に豚こま？,youtube,V17idOSAsno,https://www.youtube.com/watch?v=V17idOSAsno,V17idOSAsno,https://www.youtube.com/watch?v=V17idOSAsno,ポテヒロの楽メシ,normal,豚肉、にんじん、にんにく、バター,rich,4,YouTube Data API収集,"pork,carrot,garlic,butter",肉類;根菜;チーズ・バター・マヨ系,warm,3,2,true,true,https://i.ytimg.com/vi/V17idOSAsno/maxresdefault.jpg,7.9,7.64,がっつり
【ボリューム満点！がっつり肉レシピ7選】簡単なのにまるでお店！メインおかずに食べて大満足♡,youtube,S8nhMhGUzKE,https://www.youtube.com/watch?v=S8nhMhGUzKE,S8nhMhGUzKE,https://www.youtube.com/watch?v=S8nhMhGUzKE,macaroni | マカロニ,normal,牛肉、豚肉、鶏肉、ネギ、玉ねぎ、にんにく、チーズ,rich,4,YouTube Data API収集,"beef,pork,chicken,green_onion,onion,garlic,cheese",肉類;鶏肉;葉物野菜;根菜;チーズ・バター・マヨ系,warm,4,3,true,true,https://i.ytimg.com/vi/S8nhMhGUzKE/maxresdefault.jpg,6.92,6.95,がっつり
ひき肉ステーキやってみた#肉 #時短レシピ #料理,youtube,xg3eLJOsJrw,https://www.youtube.com/watch?v=xg3eLJOsJrw,xg3eLJOsJrw,https://www.youtube.com/watch?v=xg3eLJOsJrw,まさ 4児双子パパの時短料理,normal,挽肉,semi-rich,2,YouTube Data API収集,minced_meat,肉類,warm,3,2,false,true,https://i.ytimg.com/vi/xg3eLJOsJrw/maxresdefault.jpg,8.0,6.5,ややがっつり
ワンパン10分で🍳絶品豚カルビマヨ,youtube,0xihd4nQ6Zw,https://www.youtube.com/watch?v=0xihd4nQ6Zw,0xihd4nQ6Zw,https://www.youtube.com/watch?v=0xihd4nQ6Zw,ゆっこ⌇調理師ママのラクうまごはん,easy,挽肉、白身魚、えのき茸、ショウガ、マヨネーズ,rich,4,YouTube Data API収集,"minced_meat,whitefish,enoki,ginger,mayonnaise",肉類;魚介;きのこ;根菜;チーズ・バター・マヨ系,warm,3,2,false,true,https://i.ytimg.com/vi/0xihd4nQ6Zw/maxresdefault.jpg,6.78,6.97,がっつり
元高級ホテル料理人が教える、最高峰しょうが焼きの作り方!!,youtube,NoR0aLxT3WI,https://www.youtube.com/watch?v=NoR0aLxT3WI,NoR0aLxT3WI,https://www.youtube.com/watch?v=NoR0aLxT3WI,ツナボーイ🐟,normal,サケ、白身魚、ツナ、パスタ、ショウガ、チーズ,rich,4,YouTube Data API収集,"salmon,whitefish,canned_tuna,pasta,ginger,cheese",魚介;麺;根菜;チーズ・バター・マヨ系,warm,3,2,false,true,https://i.ytimg.com/vi/NoR0aLxT3WI/maxresdefault.jpg,7.02,7.11,がっつり
煮込み10分だけなのに…味しみがレベチ🥹豚しゃぶ肉豆腐✨,youtube,H_R3Ny8xK2M,https://www.youtube.com/watch?v=H_R3Ny8xK2M,H_R3Ny8xK2M,https://www.youtube.com/watch?v=H_R3Ny8xK2M,MYON(みょん) 胃袋を惚れさせるレシピ,easy,豚肉、白身魚、豆腐、ネギ,light,1,YouTube Data API収集,"pork,whitefish,tofu,green_onion",肉類;魚介;豆腐・大豆系;葉物野菜,warm,3,2,true,true,https://i.ytimg.com/vi/H_R3Ny8xK2M/maxresdefault.jpg,5.2,4.22,あっさり
フライパンにそのままポン！そのまんま焼き♪,youtube,ivt1l1QeN-w,https://www.youtube.com/watch?v=ivt1l1QeN-w,ivt1l1QeN-w,https://www.youtube.com/watch?v=ivt1l1QeN-w,yAsu*やす【今日なに作ろう★簡単レシピ】,normal,豚肉、ネギ、トマト、にんにく,semi-rich,5,YouTube Data API収集,"pork,green_onion,tomato,garlic",肉類;葉物野菜;根菜,warm,3,2,true,true,https://i.ytimg.com/vi/ivt1l1QeN-w/maxresdefault.jpg,5.2,6.52,ややがっつり
30kg痩せた男が食べている鶏むね紫蘇ポンの作り方を紹介したいと思います！#shorts #short,youtube,yYnP1ekbo-s,https://www.youtube.com/watch?v=yYnP1ekbo-s,yYnP1ekbo-s,https://www.youtube.com/watch?v=yYnP1ekbo-s,しゅんまるのダイエット日記,normal,鶏肉,semi-light,2,YouTube Data API収集,chicken,鶏肉,warm,3,2,true,true,https://i.ytimg.com/vi/yYnP1ekbo-s/maxresdefault.jpg,6.0,5.1,ややあっさり
7分。豚肉とキャベツだけでご飯が無限に進む『ご飯泥棒炒め』,youtube,P98QxIzuwsY,https://www.youtube.com/watch?v=P98QxIzuwsY,P98QxIzuwsY,https://www.youtube.com/watch?v=P98QxIzuwsY,だれウマ【料理研究家】,easy,豚肉、キャベツ、にんにく,semi-rich,3,YouTube Data API収集,"pork,cabbage,garlic",肉類;葉物野菜;根菜,warm,3,2,true,true,https://i.ytimg.com/vi/P98QxIzuwsY/maxresdefault.jpg,5.2,5.72,ややがっつり
食材1つ【3分焼くだけ】“唐揚げよりご飯とビールがすすむ！”と何度も褒められた『ヤバい鶏むね』食費節約 ／ おかず ／ おつまみ ／ ダイエット ／ 高タンパク、低糖質 ／ 旨辛,youtube,GBLTKd8GhcE,https://www.youtube.com/watch?v=GBLTKd8GhcE,GBLTKd8GhcE,https://www.youtube.com/watch?v=GBLTKd8GhcE,こっタソの自由気ままに【Kottaso Recipe】,easy,鶏肉、白身魚、にんにく、マヨネーズ,rich,5,YouTube Data API収集,"chicken,whitefish,garlic,mayonnaise",鶏肉;魚介;根菜;チーズ・バター・マヨ系,warm,3,2,true,true,https://i.ytimg.com/vi/GBLTKd8GhcE/maxresdefault.jpg,7.02,7.71,がっつり
へとへとでも作れる ワンパンひとくちチーズカツ,youtube,hH5K-E1VgbQ,https://www.youtube.com/watch?v=hH5K-E1VgbQ,hH5K-E1VgbQ,https://www.youtube.com/watch?v=hH5K-E1VgbQ,なな⌇家族の心を満たす愛情レシピ,normal,チーズ,rich,5,YouTube Data API収集,cheese,チーズ・バター・マヨ系,warm,3,2,false,true,https://i.ytimg.com/vi/hH5K-E1VgbQ/maxresdefault.jpg,10.0,9.5,がっつり
【150万回再生人気レシピ】たった10分煮るだけでぷるぷる&驚きの味しみ！肉豆腐の作り方,youtube,iCd2o5FGwl0,https://www.youtube.com/watch?v=iCd2o5FGwl0,iCd2o5FGwl0,https://www.youtube.com/watch?v=iCd2o5FGwl0,Koh Kentetsu Kitchen【料理研究家コウケンテツ公式チャンネル】,easy,豚肉、豆腐、ネギ、レタス、ショウガ,light,1,YouTube Data API収集,"pork,tofu,green_onion,lettuce,ginger",肉類;豆腐・大豆系;葉物野菜;根菜,warm,3,2,true,true,https://i.ytimg.com/vi/iCd2o5FGwl0/maxresdefault.jpg,5.03,4.12,あっさり
【簡単レシピ】子供も食べられる！ヤンニョムチキン #shorts,youtube,j-4jh7nyMUI,https://www.youtube.com/watch?v=j-4jh7nyMUI,j-4jh7nyMUI,https://www.youtube.com/watch?v=j-4jh7nyMUI,【料理研究家 水野あき】3児のママの時短レシピ,normal,鶏肉、にんにく,light,2,YouTube Data API収集,"chicken,garlic",鶏肉;根菜,warm,3,2,true,true,https://i.ytimg.com/vi/j-4jh7nyMUI/maxresdefault.jpg,4.95,4.67,あっさり
