video_id,メニュー,動画URL,jev_status,jev_review_status,is_single_recipe,is_single_recipe_confidence,genre,genre_confidence,staple,staple_confidence,dish_shape,dish_shape_confidence,main_ingredient,main_ingredient_confidence,taste_tag,taste_tag_confidence,temperature_tag,temperature_tag_confidence,time_tag,time_tag_confidence,uses_knife_tag,uses_knife_tag_confidence,uses_heat_tag,uses_heat_tag_confidence,uses_frying_pan,uses_frying_pan_confidence,uses_microwave,uses_microwave_confidence,low_confidence_fields,input_tokens,jev_answers_json,error
atQZ_XkZghc,5分で出来る！レンジで簡単おやつ✨パスタスナック🍝 #パスタスナック #おやつ #パスタレシピ #簡単おやつ #簡単おつまみ #おつまみレシピ #おつまみ,https://www.youtube.com/watch?v=atQZ_XkZghc,ok,needs_review,true,0.91,洋食,1.00,麺,1.00,その他,0.43,その他,1.00,ややガッツリ,0.64,温かい,0.89,15分以内,1.00,true,0.51,true,0.99,false,0.94,true,0.99,dish_shape;taste_tag;uses_knife_tag,3116,"{""core"": {""dish_shape"": {""choice"": ""other"", ""confidence"": 0.43, ""probabilities"": {""bowl"": 0.0, ""bread"": 0.0, ""main"": 0.0, ""noodle"": 0.48, ""other"": 0.52, ""rice_other"": 0.0, ""stew"": 0.0}, ""type"": ""choice""}, ""genre"": {""choice"": ""yoshoku"", ""confidence"": 1.0, ""probabilities"": {""chuka"": 0.0, ""korean"": 0.0, ""other"": 0.0, ""washoku"": 0.0, ""yoshoku"": 1.0}, ""type"": ""choice""}, ""is_single_recipe"": {""noul"": 0.91, ""type"": ""noul""}, ""main_ingredient"": {""choice"": ""other"", ""confidence"": 1.0, ""probabilities"": {""egg"": 0.0, ""fish"": 0.0, ""meat"": 0.0, ""other"": 1.0, ""soy"": 0.0, ""vegetable"": 0.0}, ""type"": ""choice""}, ""staple"": {""choice"": ""noodle"", ""confidence"": 1.0, ""probabilities"": {""bread"": 0.0, ""noodle"": 1.0, ""other"": 0.0, ""rice"": 0.0}, ""type"": ""choice""}, ""taste_tag"": {""choice"": ""semi_rich"", ""confidence"": 0.64, ""probabilities"": {""light"": 0.09, ""rich"": 0.01, ""semi_light"": 0.17, ""semi_rich"": 0.73}, ""type"": ""choice""}}, ""workload"": {""temperature_tag"": {""choice"": ""warm"", ""confidence"": 0.89, ""probabilities"": {""cold"": 0.06, ""warm"": 0.94}, ""type"": ""choice""}, ""time_tag"": {""choice"": ""within_15"", ""confidence"": 1.0, ""probabilities"": {""min_15_30"": 0.0, ""over_30"": 0.0, ""within_15"": 1.0}, ""type"": ""choice""}, ""uses_frying_pan"": {""noul"": 0.06, ""type"": ""noul""}, ""uses_heat_tag"": {""noul"": 0.99, ""type"": ""noul""}, ""uses_knife_tag"": {""noul"": 0.51, ""type"": ""noul""}, ""uses_microwave"": {""noul"": 0.99, ""type"": ""noul""}}}",
9TMLOTevoh8,手軽で美味しい焼きうどん🤤✨ #簡単レシピ #簡単レシピ,https://www.youtube.com/watch?v=9TMLOTevoh8,ok,needs_review,true,0.82,和食,0.91,麺,1.00,麺料理,1.00,その他,1.00,ややガッツリ,0.89,温かい,1.00,15分以内,0.99,false,0.56,true,0.98,true,0.97,false,0.95,uses_knife_tag,2528,"{""core"": {""dish_shape"": {""choice"": ""noodle"", ""confidence"": 1.0, ""probabilities"": {""bowl"": 0.0, ""bread"": 0.0, ""main"": 0.0, ""noodle"": 1.0, ""other"": 0.0, ""rice_other"": 0.0, ""stew"": 0.0}, ""type"": ""choice""}, ""genre"": {""choice"": ""washoku"", ""confidence"": 0.91, ""probabilities"": {""chuka"": 0.06, ""korean"": 0.0, ""other"": 0.0, ""washoku"": 0.9400000000000001, ""yoshoku"": 0.0}, ""type"": ""choice""}, ""is_single_recipe"": {""noul"": 0.82, ""type"": ""noul""}, ""main_ingredient"": {""choice"": ""other"", ""confidence"": 1.0, ""probabilities"": {""egg"": 0.0, ""fish"": 0.0, ""meat"": 0.0, ""other"": 1.0, ""soy"": 0.0, ""vegetable"": 0.0}, ""type"": ""choice""}, ""staple"": {""choice"": ""noodle"", ""confidence"": 1.0, ""probabilities"": {""bread"": 0.0, ""noodle"": 1.0, ""other"": 0.0, ""rice"": 0.0}, ""type"": ""choice""}, ""taste_tag"": {""choice"": ""semi_rich"", ""confidence"": 0.89, ""probabilities"": {""light"": 0.0, ""rich"": 0.08, ""semi_light"": 0.01, ""semi_rich"": 0.91}, ""type"": ""choice""}}, ""workload"": {""temperature_tag"": {""choice"": ""warm"", ""confidence"": 1.0, ""probabilities"": {""cold"": 0.0, ""warm"": 1.0}, ""type"": ""choice""}, ""time_tag"": {""choice"": ""within_15"", ""confidence"": 0.99, ""probabilities"": {""min_15_30"": 0.0, ""over_30"": 0.0, ""within_15"": 1.0}, ""type"": ""choice""}, ""uses_frying_pan"": {""noul"": 0.97, ""type"": ""noul""}, ""uses_heat_tag"": {""noul"": 0.98, ""type"": ""noul""}, ""uses_knife_tag"": {""noul"": 0.44, ""type"": ""noul""}, ""uses_microwave"": {""noul"": 0.05, ""type"": ""noul""}}}",
Ov83dzaiA3w,【混ぜるだけで簡単◎】絶対作ってほしい！！やみつきパスタが美味しすぎる,https://www.youtube.com/watch?v=Ov83dzaiA3w,ok,needs_review,true,0.96,洋食,0.97,麺,1.00,麺料理,1.00,その他,0.92,ガッツリ,0.54,温かい,0.98,15分以内,1.00,false,0.64,true,0.98,false,0.87,false,0.97,taste_tag;uses_knife_tag,3556,"{""core"": {""dish_shape"": {""choice"": ""noodle"", ""confidence"": 1.0, ""probabilities"": {""bowl"": 0.0, ""bread"": 0.0, ""main"": 0.0, ""noodle"": 1.0, ""other"": 0.0, ""rice_other"": 0.0, ""stew"": 0.0}, ""type"": ""choice""}, ""genre"": {""choice"": ""yoshoku"", ""confidence"": 0.97, ""probabilities"": {""chuka"": 0.01, ""korean"": 0.0, ""other"": 0.0, ""washoku"": 0.01, ""yoshoku"": 0.98}, ""type"": ""choice""}, ""is_single_recipe"": {""noul"": 0.96, ""type"": ""noul""}, ""main_ingredient"": {""choice"": ""other"", ""confidence"": 0.92, ""probabilities"": {""egg"": 0.06, ""fish"": 0.0, ""meat"": 0.0, ""other"": 0.9400000000000001, ""soy"": 0.0, ""vegetable"": 0.0}, ""type"": ""choice""}, ""staple"": {""choice"": ""noodle"", ""confidence"": 1.0, ""probabilities"": {""bread"": 0.0, ""noodle"": 1.0, ""other"": 0.0, ""rice"": 0.0}, ""type"": ""choice""}, ""taste_tag"": {""choice"": ""rich"", ""confidence"": 0.54, ""probabilities"": {""light"": 0.0, ""rich"": 0.65, ""semi_light"": 0.0, ""semi_rich"": 0.35}, ""type"": ""choice""}}, ""workload"": {""temperature_tag"": {""choice"": ""warm"", ""confidence"": 0.98, ""probabilities"": {""cold"": 0.01, ""warm"": 0.99}, ""type"": ""choice""}, ""time_tag"": {""choice"": ""within_15"", ""confidence"": 1.0, ""probabilities"": {""min_15_30"": 0.0, ""over_30"": 0.0, ""within_15"": 1.0}, ""type"": ""choice""}, ""uses_frying_pan"": {""noul"": 0.13, ""type"": ""noul""}, ""uses_heat_tag"": {""noul"": 0.98, ""type"": ""noul""}, ""uses_knife_tag"": {""noul"": 0.36, ""type"": ""noul""}, ""uses_microwave"": {""noul"": 0.03, ""type"": ""noul""}}}",
5F3BQvzqeX4,茄子チーズ焼き🧀🍆#簡単レシピ #料理 #茄子 #チーズ #cooking #夏 #ごはん #レシピ #時短レシピ #夏休み,https://www.youtube.com/watch?v=5F3BQvzqeX4,ok,needs_review,true,0.81,洋食,0.46,その他,0.64,主菜,0.66,野菜中心,0.91,ガッツリ,0.80,温かい,1.00,15〜30分,0.99,true,0.64,true,0.96,true,0.92,false,0.93,genre;staple;dish_shape;uses_knife_tag,2638,"{""core"": {""dish_shape"": {""choice"": ""main"", ""confidence"": 0.66, ""probabilities"": {""bowl"": 0.01, ""bread"": 0.0, ""main"": 0.7, ""noodle"": 0.0, ""other"": 0.02, ""rice_other"": 0.26, ""stew"": 0.01}, ""type"": ""choice""}, ""genre"": {""choice"": ""yoshoku"", ""confidence"": 0.46, ""probabilities"": {""chuka"": 0.0, ""korean"": 0.0, ""other"": 0.26, ""washoku"": 0.17, ""yoshoku"": 0.57}, ""type"": ""choice""}, ""is_single_recipe"": {""noul"": 0.81, ""type"": ""noul""}, ""main_ingredient"": {""choice"": ""vegetable"", ""confidence"": 0.91, ""probabilities"": {""egg"": 0.0, ""fish"": 0.0, ""meat"": 0.0, ""other"": 0.08, ""soy"": 0.0, ""vegetable"": 0.92}, ""type"": ""choice""}, ""staple"": {""choice"": ""other"", ""confidence"": 0.64, ""probabilities"": {""bread"": 0.0, ""noodle"": 0.0, ""other"": 0.73, ""rice"": 0.27}, ""type"": ""choice""}, ""taste_tag"": {""choice"": ""rich"", ""confidence"": 0.8, ""probabilities"": {""light"": 0.0, ""rich"": 0.85, ""semi_light"": 0.01, ""semi_rich"": 0.14}, ""type"": ""choice""}}, ""workload"": {""temperature_tag"": {""choice"": ""warm"", ""confidence"": 1.0, ""probabilities"": {""cold"": 0.0, ""warm"": 1.0}, ""type"": ""choice""}, ""time_tag"": {""choice"": ""min_15_30"", ""confidence"": 0.99, ""probabilities"": {""min_15_30"": 1.0, ""over_30"": 0.0, ""within_15"": 0.0}, ""type"": ""choice""}, ""uses_frying_pan"": {""noul"": 0.92, ""type"": ""noul""}, ""uses_heat_tag"": {""noul"": 0.96, ""type"": ""noul""}, ""uses_knife_tag"": {""noul"": 0.64, ""type"": ""noul""}, ""uses_microwave"": {""noul"": 0.07, ""type"": ""noul""}}}",
R9w9cGAXcLA,自宅で簡単、コク旨ナポリタンです！#shorts #簡単レシピ #ナポリタン,https://www.youtube.com/watch?v=R9w9cGAXcLA,ok,needs_review,true,0.82,洋食,1.00,麺,1.00,麺料理,1.00,その他,0.97,ややガッツリ,0.82,温かい,1.00,15〜30分,0.98,false,0.60,true,0.96,true,0.76,false,0.94,uses_knife_tag,2546,"{""core"": {""dish_shape"": {""choice"": ""noodle"", ""confidence"": 1.0, ""probabilities"": {""bowl"": 0.0, ""bread"": 0.0, ""main"": 0.0, ""noodle"": 1.0, ""other"": 0.0, ""rice_other"": 0.0, ""stew"": 0.0}, ""type"": ""choice""}, ""genre"": {""choice"": ""yoshoku"", ""confidence"": 1.0, ""probabilities"": {""chuka"": 0.0, ""korean"": 0.0, ""other"": 0.0, ""washoku"": 0.0, ""yoshoku"": 1.0}, ""type"": ""choice""}, ""is_single_recipe"": {""noul"": 0.82, ""type"": ""noul""}, ""main_ingredient"": {""choice"": ""other"", ""confidence"": 0.97, ""probabilities"": {""egg"": 0.0, ""fish"": 0.0, ""meat"": 0.02, ""other"": 0.98, ""soy"": 0.0, ""vegetable"": 0.0}, ""type"": ""choice""}, ""staple"": {""choice"": ""noodle"", ""confidence"": 1.0, ""probabilities"": {""bread"": 0.0, ""noodle"": 1.0, ""other"": 0.0, ""rice"": 0.0}, ""type"": ""choice""}, ""taste_tag"": {""choice"": ""semi_rich"", ""confidence"": 0.82, ""probabilities"": {""light"": 0.0, ""rich"": 0.13, ""semi_light"": 0.0, ""semi_rich"": 0.87}, ""type"": ""choice""}}, ""workload"": {""temperature_tag"": {""choice"": ""warm"", ""confidence"": 1.0, ""probabilities"": {""cold"": 0.0, ""warm"": 1.0}, ""type"": ""choice""}, ""time_tag"": {""choice"": ""min_15_30"", ""confidence"": 0.98, ""probabilities"": {""min_15_30"": 0.99, ""over_30"": 0.0, ""within_15"": 0.01}, ""type"": ""choice""}, ""uses_frying_pan"": {""noul"": 0.76, ""type"": ""noul""}, ""uses_heat_tag"": {""noul"": 0.96, ""type"": ""noul""}, ""uses_knife_tag"": {""noul"": 0.4, ""type"": ""noul""}, ""uses_microwave"": {""noul"": 0.06, ""type"": ""noul""}}}",
Mk7_uXvcxao,【調理時間2分】最強丼の作り方！#料理 #料理動画 #自炊 #時短レシピ #簡単レシピ #ズボラ飯 #japan #cooking,https://www.youtube.com/watch?v=Mk7_uXvcxao,ok,needs_review,true,0.81,和食,0.99,ご飯,1.00,丼,1.00,その他,0.74,ややガッツリ,0.74,温かい,1.00,15分以内,1.00,false,0.62,true,0.92,false,0.76,false,0.92,main_ingredient;taste_tag;uses_knife_tag,2602,"{""core"": {""dish_shape"": {""choice"": ""bowl"", ""confidence"": 1.0, ""probabilities"": {""bowl"": 1.0, ""bread"": 0.0, ""main"": 0.0, ""noodle"": 0.0, ""other"": 0.0, ""rice_other"": 0.0, ""stew"": 0.0}, ""type"": ""choice""}, ""genre"": {""choice"": ""washoku"", ""confidence"": 0.99, ""probabilities"": {""chuka"": 0.0, ""korean"": 0.0, ""other"": 0.01, ""washoku"": 0.99, ""yoshoku"": 0.0}, ""type"": ""choice""}, ""is_single_recipe"": {""noul"": 0.81, ""type"": ""noul""}, ""main_ingredient"": {""choice"": ""other"", ""confidence"": 0.74, ""probabilities"": {""egg"": 0.11, ""fish"": 0.08, ""meat"": 0.03, ""other"": 0.78, ""soy"": 0.0, ""vegetable"": 0.0}, ""type"": ""choice""}, ""staple"": {""choice"": ""rice"", ""confidence"": 1.0, ""probabilities"": {""bread"": 0.0, ""noodle"": 0.0, ""other"": 0.0, ""rice"": 1.0}, ""type"": ""choice""}, ""taste_tag"": {""choice"": ""semi_rich"", ""confidence"": 0.74, ""probabilities"": {""light"": 0.01, ""rich"": 0.14, ""semi_light"": 0.04, ""semi_rich"": 0.81}, ""type"": ""choice""}}, ""workload"": {""temperature_tag"": {""choice"": ""warm"", ""confidence"": 1.0, ""probabilities"": {""cold"": 0.0, ""warm"": 1.0}, ""type"": ""choice""}, ""time_tag"": {""choice"": ""within_15"", ""confidence"": 1.0, ""probabilities"": {""min_15_30"": 0.0, ""over_30"": 0.0, ""within_15"": 1.0}, ""type"": ""choice""}, ""uses_frying_pan"": {""noul"": 0.24, ""type"": ""noul""}, ""uses_heat_tag"": {""noul"": 0.92, ""type"": ""noul""}, ""uses_knife_tag"": {""noul"": 0.38, ""type"": ""noul""}, ""uses_microwave"": {""noul"": 0.08, ""type"": ""noul""}}}",
v4UDCpbzIVY,材料3つ！レンジで簡単「のび〜るチョコ餅」#shorts #food #recipe #簡単料理 #簡単レシピ #料理 #レシピ,https://www.youtube.com/watch?v=v4UDCpbzIVY,ok,needs_review,true,0.96,和食,0.40,ご飯,0.47,その他,0.96,その他,1.00,ややガッツリ,0.54,温かい,1.00,15分以内,1.00,true,0.95,true,0.99,false,0.95,true,0.99,genre;staple;taste_tag,4326,"{""core"": {""dish_shape"": {""choice"": ""other"", ""confidence"": 0.96, ""probabilities"": {""bowl"": 0.0, ""bread"": 0.0, ""main"": 0.0, ""noodle"": 0.0, ""other"": 0.97, ""rice_other"": 0.03, ""stew"": 0.0}, ""type"": ""choice""}, ""genre"": {""choice"": ""washoku"", ""confidence"": 0.4, ""probabilities"": {""chuka"": 0.0, ""korean"": 0.0, ""other"": 0.47, ""washoku"": 0.52, ""yoshoku"": 0.01}, ""type"": ""choice""}, ""is_single_recipe"": {""noul"": 0.96, ""type"": ""noul""}, ""main_ingredient"": {""choice"": ""other"", ""confidence"": 1.0, ""probabilities"": {""egg"": 0.0, ""fish"": 0.0, ""meat"": 0.0, ""other"": 1.0, ""soy"": 0.0, ""vegetable"": 0.0}, ""type"": ""choice""}, ""staple"": {""choice"": ""rice"", ""confidence"": 0.47, ""probabilities"": {""bread"": 0.0, ""noodle"": 0.0, ""other"": 0.4, ""rice"": 0.6}, ""type"": ""choice""}, ""taste_tag"": {""choice"": ""semi_rich"", ""confidence"": 0.54, ""probabilities"": {""light"": 0.02, ""rich"": 0.24, ""semi_light"": 0.08, ""semi_rich"": 0.66}, ""type"": ""choice""}}, ""workload"": {""temperature_tag"": {""choice"": ""warm"", ""confidence"": 1.0, ""probabilities"": {""cold"": 0.0, ""warm"": 1.0}, ""type"": ""choice""}, ""time_tag"": {""choice"": ""within_15"", ""confidence"": 1.0, ""probabilities"": {""min_15_30"": 0.0, ""over_30"": 0.0, ""within_15"": 1.0}, ""type"": ""choice""}, ""uses_frying_pan"": {""noul"": 0.05, ""type"": ""noul""}, ""uses_heat_tag"": {""noul"": 0.99, ""type"": ""noul""}, ""uses_knife_tag"": {""noul"": 0.95, ""type"": ""noul""}, ""uses_microwave"": {""noul"": 0.99, ""type"": ""noul""}}}",
1RcvYjxy5hc,失敗なしの超絶に美味しいペペロンチーノ,https://www.youtube.com/watch?v=1RcvYjxy5hc,ok,ai_tagged,true,0.96,洋食,1.00,麺,1.00,麺料理,1.00,その他,0.85,ややガッツリ,0.98,温かい,1.00,15分以内,0.96,true,0.77,true,0.99,true,0.98,false,0.98,,3096,"{""core"": {""dish_shape"": {""choice"": ""noodle"", ""confidence"": 1.0, ""probabilities"": {""bowl"": 0.0, ""bread"": 0.0, ""main"": 0.0, ""noodle"": 1.0, ""other"": 0.0, ""rice_other"": 0.0, ""stew"": 0.0}, ""type"": ""choice""}, ""genre"": {""choice"": ""yoshoku"", ""confidence"": 1.0, ""probabilities"": {""chuka"": 0.0, ""korean"": 0.0, ""other"": 0.0, ""washoku"": 0.0, ""yoshoku"": 1.0}, ""type"": ""choice""}, ""is_single_recipe"": {""noul"": 0.96, ""type"": ""noul""}, ""main_ingredient"": {""choice"": ""other"", ""confidence"": 0.85, ""probabilities"": {""egg"": 0.0, ""fish"": 0.0, ""meat"": 0.12, ""other"": 0.88, ""soy"": 0.0, ""vegetable"": 0.0}, ""type"": ""choice""}, ""staple"": {""choice"": ""noodle"", ""confidence"": 1.0, ""probabilities"": {""bread"": 0.0, ""noodle"": 1.0, ""other"": 0.0, ""rice"": 0.0}, ""type"": ""choice""}, ""taste_tag"": {""choice"": ""semi_rich"", ""confidence"": 0.98, ""probabilities"": {""light"": 0.0, ""rich"": 0.01, ""semi_light"": 0.0, ""semi_rich"": 0.99}, ""type"": ""choice""}}, ""workload"": {""temperature_tag"": {""choice"": ""warm"", ""confidence"": 1.0, ""probabilities"": {""cold"": 0.0, ""warm"": 1.0}, ""type"": ""choice""}, ""time_tag"": {""choice"": ""within_15"", ""confidence"": 0.96, ""probabilities"": {""min_15_30"": 0.02, ""over_30"": 0.0, ""within_15"": 0.98}, ""type"": ""choice""}, ""uses_frying_pan"": {""noul"": 0.98, ""type"": ""noul""}, ""uses_heat_tag"": {""noul"": 0.99, ""type"": ""noul""}, ""uses_knife_tag"": {""noul"": 0.77, ""type"": ""noul""}, ""uses_microwave"": {""noul"": 0.02, ""type"": ""noul""}}}",
Q8RlfFCRf9Q,牛乳だけで簡単おやつ,https://www.youtube.com/watch?v=Q8RlfFCRf9Q,ok,needs_review,true,0.64,その他,0.89,その他,1.00,その他,1.00,その他,1.00,ややあっさり,0.26,温かい,0.98,15〜30分,0.99,false,0.85,true,0.91,false,0.84,false,0.93,is_single_recipe;taste_tag,2530,"{""core"": {""dish_shape"": {""choice"": ""other"", ""confidence"": 1.0, ""probabilities"": {""bowl"": 0.0, ""bread"": 0.0, ""main"": 0.0, ""noodle"": 0.0, ""other"": 1.0, ""rice_other"": 0.0, ""stew"": 0.0}, ""type"": ""choice""}, ""genre"": {""choice"": ""other"", ""confidence"": 0.89, ""probabilities"": {""chuka"": 0.0, ""korean"": 0.0, ""other"": 0.91, ""washoku"": 0.02, ""yoshoku"": 0.07}, ""type"": ""choice""}, ""is_single_recipe"": {""noul"": 0.64, ""type"": ""noul""}, ""main_ingredient"": {""choice"": ""other"", ""confidence"": 1.0, ""probabilities"": {""egg"": 0.0, ""fish"": 0.0, ""meat"": 0.0, ""other"": 1.0, ""soy"": 0.0, ""vegetable"": 0.0}, ""type"": ""choice""}, ""staple"": {""choice"": ""other"", ""confidence"": 1.0, ""probabilities"": {""bread"": 0.0, ""noodle"": 0.0, ""other"": 1.0, ""rice"": 0.0}, ""type"": ""choice""}, ""taste_tag"": {""choice"": ""semi_light"", ""confidence"": 0.26, ""probabilities"": {""light"": 0.39, ""rich"": 0.03, ""semi_light"": 0.44, ""semi_rich"": 0.14}, ""type"": ""choice""}}, ""workload"": {""temperature_tag"": {""choice"": ""warm"", ""confidence"": 0.98, ""probabilities"": {""cold"": 0.01, ""warm"": 0.99}, ""type"": ""choice""}, ""time_tag"": {""choice"": ""min_15_30"", ""confidence"": 0.99, ""probabilities"": {""min_15_30"": 0.99, ""over_30"": 0.0, ""within_15"": 0.01}, ""type"": ""choice""}, ""uses_frying_pan"": {""noul"": 0.16, ""type"": ""noul""}, ""uses_heat_tag"": {""noul"": 0.91, ""type"": ""noul""}, ""uses_knife_tag"": {""noul"": 0.15, ""type"": ""noul""}, ""uses_microwave"": {""noul"": 0.07, ""type"": ""noul""}}}",
_GKjidJH_NE,ワンパンクリームパスタ #簡単レシピ,https://www.youtube.com/watch?v=_GKjidJH_NE,ok,needs_review,true,0.83,洋食,1.00,麺,1.00,麺料理,1.00,その他,1.00,ガッツリ,0.42,温かい,1.00,15〜30分,0.99,false,0.64,true,0.98,true,0.97,false,0.94,taste_tag;uses_knife_tag,2532,"{""core"": {""dish_shape"": {""choice"": ""noodle"", ""confidence"": 1.0, ""probabilities"": {""bowl"": 0.0, ""bread"": 0.0, ""main"": 0.0, ""noodle"": 1.0, ""other"": 0.0, ""rice_other"": 0.0, ""stew"": 0.0}, ""type"": ""choice""}, ""genre"": {""choice"": ""yoshoku"", ""confidence"": 1.0, ""probabilities"": {""chuka"": 0.0, ""korean"": 0.0, ""other"": 0.0, ""washoku"": 0.0, ""yoshoku"": 1.0}, ""type"": ""choice""}, ""is_single_recipe"": {""noul"": 0.83, ""type"": ""noul""}, ""main_ingredient"": {""choice"": ""other"", ""confidence"": 1.0, ""probabilities"": {""egg"": 0.0, ""fish"": 0.0, ""meat"": 0.0, ""other"": 1.0, ""soy"": 0.0, ""vegetable"": 0.0}, ""type"": ""choice""}, ""staple"": {""choice"": ""noodle"", ""confidence"": 1.0, ""probabilities"": {""bread"": 0.0, ""noodle"": 1.0, ""other"": 0.0, ""rice"": 0.0}, ""type"": ""choice""}, ""taste_tag"": {""choice"": ""rich"", ""confidence"": 0.42, ""probabilities"": {""light"": 0.0, ""rich"": 0.57, ""semi_light"": 0.0, ""semi_rich"": 0.43}, ""type"": ""choice""}}, ""workload"": {""temperature_tag"": {""choice"": ""warm"", ""confidence"": 1.0, ""probabilities"": {""cold"": 0.0, ""warm"": 1.0}, ""type"": ""choice""}, ""time_tag"": {""choice"": ""min_15_30"", ""confidence"": 0.99, ""probabilities"": {""min_15_30"": 0.99, ""over_30"": 0.0, ""within_15"": 0.01}, ""type"": ""choice""}, ""uses_frying_pan"": {""noul"": 0.97, ""type"": ""noul""}, ""uses_heat_tag"": {""noul"": 0.98, ""type"": ""noul""}, ""uses_knife_tag"": {""noul"": 0.36, ""type"": ""noul""}, ""uses_microwave"": {""noul"": 0.06, ""type"": ""noul""}}}",
Ff8K9ihIXbU,やる気1％で即席ミラノっぽいドリア,https://www.youtube.com/watch?v=Ff8K9ihIXbU,ok,ai_tagged,true,0.95,洋食,1.00,ご飯,1.00,丼以外のご飯もの,0.99,その他,0.82,ガッツリ,0.88,温かい,1.00,15分以内,1.00,false,0.93,true,0.97,false,0.92,true,0.97,,3218,"{""core"": {""dish_shape"": {""choice"": ""rice_other"", ""confidence"": 0.99, ""probabilities"": {""bowl"": 0.01, ""bread"": 0.0, ""main"": 0.0, ""noodle"": 0.0, ""other"": 0.0, ""rice_other"": 0.99, ""stew"": 0.0}, ""type"": ""choice""}, ""genre"": {""choice"": ""yoshoku"", ""confidence"": 1.0, ""probabilities"": {""chuka"": 0.0, ""korean"": 0.0, ""other"": 0.0, ""washoku"": 0.0, ""yoshoku"": 1.0}, ""type"": ""choice""}, ""is_single_recipe"": {""noul"": 0.95, ""type"": ""noul""}, ""main_ingredient"": {""choice"": ""other"", ""confidence"": 0.82, ""probabilities"": {""egg"": 0.0, ""fish"": 0.0, ""meat"": 0.15, ""other"": 0.85, ""soy"": 0.0, ""vegetable"": 0.0}, ""type"": ""choice""}, ""staple"": {""choice"": ""rice"", ""confidence"": 1.0, ""probabilities"": {""bread"": 0.0, ""noodle"": 0.0, ""other"": 0.0, ""rice"": 1.0}, ""type"": ""choice""}, ""taste_tag"": {""choice"": ""rich"", ""confidence"": 0.88, ""probabilities"": {""light"": 0.0, ""rich"": 0.91, ""semi_light"": 0.0, ""semi_rich"": 0.09}, ""type"": ""choice""}}, ""workload"": {""temperature_tag"": {""choice"": ""warm"", ""confidence"": 1.0, ""probabilities"": {""cold"": 0.0, ""warm"": 1.0}, ""type"": ""choice""}, ""time_tag"": {""choice"": ""within_15"", ""confidence"": 1.0, ""probabilities"": {""min_15_30"": 0.0, ""over_30"": 0.0, ""within_15"": 1.0}, ""type"": ""choice""}, ""uses_frying_pan"": {""noul"": 0.08, ""type"": ""noul""}, ""uses_heat_tag"": {""noul"": 0.97, ""type"": ""noul""}, ""uses_knife_tag"": {""noul"": 0.07, ""type"": ""noul""}, ""uses_microwave"": {""noul"": 0.97, ""type"": ""noul""}}}",
ZPf-sMu8Jss,食パンでできる簡単ホットサンド #料理 #プチ知識 #ずんだもん #簡単レシピ,https://www.youtube.com/watch?v=ZPf-sMu8Jss,ok,needs_review,true,0.80,洋食,1.00,パン,1.00,パン料理,1.00,その他,0.99,ややガッツリ,0.39,温かい,1.00,15〜30分,0.92,false,0.68,true,0.94,false,0.79,false,0.93,taste_tag;uses_knife_tag,2570,"{""core"": {""dish_shape"": {""choice"": ""bread"", ""confidence"": 1.0, ""probabilities"": {""bowl"": 0.0, ""bread"": 1.0, ""main"": 0.0, ""noodle"": 0.0, ""other"": 0.0, ""rice_other"": 0.0, ""stew"": 0.0}, ""type"": ""choice""}, ""genre"": {""choice"": ""yoshoku"", ""confidence"": 1.0, ""probabilities"": {""chuka"": 0.0, ""korean"": 0.0, ""other"": 0.0, ""washoku"": 0.0, ""yoshoku"": 1.0}, ""type"": ""choice""}, ""is_single_recipe"": {""noul"": 0.8, ""type"": ""noul""}, ""main_ingredient"": {""choice"": ""other"", ""confidence"": 0.99, ""probabilities"": {""egg"": 0.01, ""fish"": 0.0, ""meat"": 0.0, ""other"": 0.99, ""soy"": 0.0, ""vegetable"": 0.0}, ""type"": ""choice""}, ""staple"": {""choice"": ""bread"", ""confidence"": 1.0, ""probabilities"": {""bread"": 1.0, ""noodle"": 0.0, ""other"": 0.0, ""rice"": 0.0}, ""type"": ""choice""}, ""taste_tag"": {""choice"": ""semi_rich"", ""confidence"": 0.39, ""probabilities"": {""light"": 0.06, ""rich"": 0.06, ""semi_light"": 0.35, ""semi_rich"": 0.53}, ""type"": ""choice""}}, ""workload"": {""temperature_tag"": {""choice"": ""warm"", ""confidence"": 1.0, ""probabilities"": {""cold"": 0.0, ""warm"": 1.0}, ""type"": ""choice""}, ""time_tag"": {""choice"": ""min_15_30"", ""confidence"": 0.92, ""probabilities"": {""min_15_30"": 0.94, ""over_30"": 0.0, ""within_15"": 0.06}, ""type"": ""choice""}, ""uses_frying_pan"": {""noul"": 0.21, ""type"": ""noul""}, ""uses_heat_tag"": {""noul"": 0.94, ""type"": ""noul""}, ""uses_knife_tag"": {""noul"": 0.32, ""type"": ""noul""}, ""uses_microwave"": {""noul"": 0.07, ""type"": ""noul""}}}",
t6TzMJVfaXw,ばり美味い時短うどんレシピ #簡単レシピ #うどん #冷凍うどん,https://www.youtube.com/watch?v=t6TzMJVfaXw,ok,needs_review,true,0.78,和食,1.00,麺,1.00,麺料理,1.00,その他,1.00,ややあっさり,0.43,温かい,0.98,15分以内,1.00,false,0.73,true,0.95,false,0.81,false,0.88,taste_tag;uses_knife_tag,2536,"{""core"": {""dish_shape"": {""choice"": ""noodle"", ""confidence"": 1.0, ""probabilities"": {""bowl"": 0.0, ""bread"": 0.0, ""main"": 0.0, ""noodle"": 1.0, ""other"": 0.0, ""rice_other"": 0.0, ""stew"": 0.0}, ""type"": ""choice""}, ""genre"": {""choice"": ""washoku"", ""confidence"": 1.0, ""probabilities"": {""chuka"": 0.0, ""korean"": 0.0, ""other"": 0.0, ""washoku"": 1.0, ""yoshoku"": 0.0}, ""type"": ""choice""}, ""is_single_recipe"": {""noul"": 0.78, ""type"": ""noul""}, ""main_ingredient"": {""choice"": ""other"", ""confidence"": 1.0, ""probabilities"": {""egg"": 0.0, ""fish"": 0.0, ""meat"": 0.0, ""other"": 1.0, ""soy"": 0.0, ""vegetable"": 0.0}, ""type"": ""choice""}, ""staple"": {""choice"": ""noodle"", ""confidence"": 1.0, ""probabilities"": {""bread"": 0.0, ""noodle"": 1.0, ""other"": 0.0, ""rice"": 0.0}, ""type"": ""choice""}, ""taste_tag"": {""choice"": ""semi_light"", ""confidence"": 0.43, ""probabilities"": {""light"": 0.35, ""rich"": 0.0, ""semi_light"": 0.57, ""semi_rich"": 0.08}, ""type"": ""choice""}}, ""workload"": {""temperature_tag"": {""choice"": ""warm"", ""confidence"": 0.98, ""probabilities"": {""cold"": 0.01, ""warm"": 0.99}, ""type"": ""choice""}, ""time_tag"": {""choice"": ""within_15"", ""confidence"": 1.0, ""probabilities"": {""min_15_30"": 0.0, ""over_30"": 0.0, ""within_15"": 1.0}, ""type"": ""choice""}, ""uses_frying_pan"": {""noul"": 0.19, ""type"": ""noul""}, ""uses_heat_tag"": {""noul"": 0.95, ""type"": ""noul""}, ""uses_knife_tag"": {""noul"": 0.27, ""type"": ""noul""}, ""uses_microwave"": {""noul"": 0.12, ""type"": ""noul""}}}",
PJx6CP8bVxo,食パンの好きな食べ方！ハンバーグ入ってないし全然バーガーではないんですが！（笑）食べたらなんだかハンバーガー気分になる不思議。🍔#簡単レシピ #料理 #ズボラ #食パン #おうちごはん,https://www.youtube.com/watch?v=PJx6CP8bVxo,ok,needs_review,true,0.92,洋食,1.00,パン,1.00,パン料理,0.99,その他,0.72,ガッツリ,0.83,温かい,1.00,15分以内,1.00,false,0.71,true,0.99,true,0.98,false,0.97,main_ingredient;uses_knife_tag,3354,"{""core"": {""dish_shape"": {""choice"": ""bread"", ""confidence"": 0.99, ""probabilities"": {""bowl"": 0.0, ""bread"": 1.0, ""main"": 0.0, ""noodle"": 0.0, ""other"": 0.0, ""rice_other"": 0.0, ""stew"": 0.0}, ""type"": ""choice""}, ""genre"": {""choice"": ""yoshoku"", ""confidence"": 1.0, ""probabilities"": {""chuka"": 0.0, ""korean"": 0.0, ""other"": 0.0, ""washoku"": 0.0, ""yoshoku"": 1.0}, ""type"": ""choice""}, ""is_single_recipe"": {""noul"": 0.92, ""type"": ""noul""}, ""main_ingredient"": {""choice"": ""other"", ""confidence"": 0.72, ""probabilities"": {""egg"": 0.22, ""fish"": 0.0, ""meat"": 0.01, ""other"": 0.77, ""soy"": 0.0, ""vegetable"": 0.0}, ""type"": ""choice""}, ""staple"": {""choice"": ""bread"", ""confidence"": 1.0, ""probabilities"": {""bread"": 1.0, ""noodle"": 0.0, ""other"": 0.0, ""rice"": 0.0}, ""type"": ""choice""}, ""taste_tag"": {""choice"": ""rich"", ""confidence"": 0.83, ""probabilities"": {""light"": 0.0, ""rich"": 0.88, ""semi_light"": 0.0, ""semi_rich"": 0.12}, ""type"": ""choice""}}, ""workload"": {""temperature_tag"": {""choice"": ""warm"", ""confidence"": 1.0, ""probabilities"": {""cold"": 0.0, ""warm"": 1.0}, ""type"": ""choice""}, ""time_tag"": {""choice"": ""within_15"", ""confidence"": 1.0, ""probabilities"": {""min_15_30"": 0.0, ""over_30"": 0.0, ""within_15"": 1.0}, ""type"": ""choice""}, ""uses_frying_pan"": {""noul"": 0.98, ""type"": ""noul""}, ""uses_heat_tag"": {""noul"": 0.99, ""type"": ""noul""}, ""uses_knife_tag"": {""noul"": 0.29, ""type"": ""noul""}, ""uses_microwave"": {""noul"": 0.03, ""type"": ""noul""}}}",
L93s1ZYw32w,作業5分！春雨サラダ🥗 #簡単レシピ #節約レシピ,https://www.youtube.com/watch?v=L93s1ZYw32w,ok,needs_review,true,0.83,和食,0.82,麺,0.99,麺料理,0.94,その他,0.61,あっさり,1.00,冷たい,1.00,15分以内,1.00,true,0.56,false,0.53,false,0.92,false,0.92,main_ingredient;uses_knife_tag;uses_heat_tag,2542,"{""core"": {""dish_shape"": {""choice"": ""noodle"", ""confidence"": 0.94, ""probabilities"": {""bowl"": 0.0, ""bread"": 0.0, ""main"": 0.04, ""noodle"": 0.95, ""other"": 0.01, ""rice_other"": 0.0, ""stew"": 0.0}, ""type"": ""choice""}, ""genre"": {""choice"": ""washoku"", ""confidence"": 0.82, ""probabilities"": {""chuka"": 0.03, ""korean"": 0.0, ""other"": 0.11, ""washoku"": 0.86, ""yoshoku"": 0.0}, ""type"": ""choice""}, ""is_single_recipe"": {""noul"": 0.83, ""type"": ""noul""}, ""main_ingredient"": {""choice"": ""other"", ""confidence"": 0.61, ""probabilities"": {""egg"": 0.0, ""fish"": 0.0, ""meat"": 0.0, ""other"": 0.68, ""soy"": 0.0, ""vegetable"": 0.32}, ""type"": ""choice""}, ""staple"": {""choice"": ""noodle"", ""confidence"": 0.99, ""probabilities"": {""bread"": 0.0, ""noodle"": 0.99, ""other"": 0.01, ""rice"": 0.0}, ""type"": ""choice""}, ""taste_tag"": {""choice"": ""light"", ""confidence"": 1.0, ""probabilities"": {""light"": 1.0, ""rich"": 0.0, ""semi_light"": 0.0, ""semi_rich"": 0.0}, ""type"": ""choice""}}, ""workload"": {""temperature_tag"": {""choice"": ""cold"", ""confidence"": 1.0, ""probabilities"": {""cold"": 1.0, ""warm"": 0.0}, ""type"": ""choice""}, ""time_tag"": {""choice"": ""within_15"", ""confidence"": 1.0, ""probabilities"": {""min_15_30"": 0.0, ""over_30"": 0.0, ""within_15"": 1.0}, ""type"": ""choice""}, ""uses_frying_pan"": {""noul"": 0.08, ""type"": ""noul""}, ""uses_heat_tag"": {""noul"": 0.47, ""type"": ""noul""}, ""uses_knife_tag"": {""noul"": 0.56, ""type"": ""noul""}, ""uses_microwave"": {""noul"": 0.08, ""type"": ""noul""}}}",
4PPXgdHyRXQ,はんぺんのチーズ焼き#簡単レシピ#簡単料理#レシピ#おうちごはん#はんぺんレシピ,https://www.youtube.com/watch?v=4PPXgdHyRXQ,ok,needs_review,true,0.93,和食,0.90,その他,1.00,主菜,0.97,魚,0.43,ガッツリ,0.86,温かい,1.00,15〜30分,0.51,false,0.82,true,0.99,true,0.99,false,0.97,main_ingredient;time_tag,2842,"{""core"": {""dish_shape"": {""choice"": ""main"", ""confidence"": 0.97, ""probabilities"": {""bowl"": 0.0, ""bread"": 0.0, ""main"": 0.98, ""noodle"": 0.0, ""other"": 0.02, ""rice_other"": 0.0, ""stew"": 0.0}, ""type"": ""choice""}, ""genre"": {""choice"": ""washoku"", ""confidence"": 0.9, ""probabilities"": {""chuka"": 0.0, ""korean"": 0.0, ""other"": 0.01, ""washoku"": 0.93, ""yoshoku"": 0.06}, ""type"": ""choice""}, ""is_single_recipe"": {""noul"": 0.93, ""type"": ""noul""}, ""main_ingredient"": {""choice"": ""fish"", ""confidence"": 0.43, ""probabilities"": {""egg"": 0.0, ""fish"": 0.53, ""meat"": 0.01, ""other"": 0.44, ""soy"": 0.02, ""vegetable"": 0.0}, ""type"": ""choice""}, ""staple"": {""choice"": ""other"", ""confidence"": 1.0, ""probabilities"": {""bread"": 0.0, ""noodle"": 0.0, ""other"": 1.0, ""rice"": 0.0}, ""type"": ""choice""}, ""taste_tag"": {""choice"": ""rich"", ""confidence"": 0.86, ""probabilities"": {""light"": 0.0, ""rich"": 0.9, ""semi_light"": 0.0, ""semi_rich"": 0.1}, ""type"": ""choice""}}, ""workload"": {""temperature_tag"": {""choice"": ""warm"", ""confidence"": 1.0, ""probabilities"": {""cold"": 0.0, ""warm"": 1.0}, ""type"": ""choice""}, ""time_tag"": {""choice"": ""min_15_30"", ""confidence"": 0.51, ""probabilities"": {""min_15_30"": 0.68, ""over_30"": 0.0, ""within_15"": 0.32}, ""type"": ""choice""}, ""uses_frying_pan"": {""noul"": 0.99, ""type"": ""noul""}, ""uses_heat_tag"": {""noul"": 0.99, ""type"": ""noul""}, ""uses_knife_tag"": {""noul"": 0.18, ""type"": ""noul""}, ""uses_microwave"": {""noul"": 0.03, ""type"": ""noul""}}}",
hJI7LAIsgrM,【うどんカルボ】何回リピしたかな…娘にもできちゃうから、一人暮らしの方にオススメ！ #つやこママ #簡単レシピ #おうちごはん #ランチ #カルボナーラ #冷凍うどん,https://www.youtube.com/watch?v=hJI7LAIsgrM,ok,needs_review,true,0.77,洋食,0.97,麺,1.00,麺料理,1.00,その他,0.95,ガッツリ,0.64,温かい,1.00,15分以内,0.98,false,0.63,true,0.95,true,0.62,false,0.88,taste_tag;uses_knife_tag;uses_frying_pan,2634,"{""core"": {""dish_shape"": {""choice"": ""noodle"", ""confidence"": 1.0, ""probabilities"": {""bowl"": 0.0, ""bread"": 0.0, ""main"": 0.0, ""noodle"": 1.0, ""other"": 0.0, ""rice_other"": 0.0, ""stew"": 0.0}, ""type"": ""choice""}, ""genre"": {""choice"": ""yoshoku"", ""confidence"": 0.97, ""probabilities"": {""chuka"": 0.0, ""korean"": 0.0, ""other"": 0.0, ""washoku"": 0.02, ""yoshoku"": 0.98}, ""type"": ""choice""}, ""is_single_recipe"": {""noul"": 0.77, ""type"": ""noul""}, ""main_ingredient"": {""choice"": ""other"", ""confidence"": 0.95, ""probabilities"": {""egg"": 0.02, ""fish"": 0.0, ""meat"": 0.02, ""other"": 0.96, ""soy"": 0.0, ""vegetable"": 0.0}, ""type"": ""choice""}, ""staple"": {""choice"": ""noodle"", ""confidence"": 1.0, ""probabilities"": {""bread"": 0.0, ""noodle"": 1.0, ""other"": 0.0, ""rice"": 0.0}, ""type"": ""choice""}, ""taste_tag"": {""choice"": ""rich"", ""confidence"": 0.64, ""probabilities"": {""light"": 0.0, ""rich"": 0.73, ""semi_light"": 0.0, ""semi_rich"": 0.27}, ""type"": ""choice""}}, ""workload"": {""temperature_tag"": {""choice"": ""warm"", ""confidence"": 1.0, ""probabilities"": {""cold"": 0.0, ""warm"": 1.0}, ""type"": ""choice""}, ""time_tag"": {""choice"": ""within_15"", ""confidence"": 0.98, ""probabilities"": {""min_15_30"": 0.01, ""over_30"": 0.0, ""within_15"": 0.99}, ""type"": ""choice""}, ""uses_frying_pan"": {""noul"": 0.62, ""type"": ""noul""}, ""uses_heat_tag"": {""noul"": 0.95, ""type"": ""noul""}, ""uses_knife_tag"": {""noul"": 0.37, ""type"": ""noul""}, ""uses_microwave"": {""noul"": 0.12, ""type"": ""noul""}}}",
LxR1_5-vyR0,【超濃厚】どん兵衛で明太クリームうどん💭#アレンジレシピ #簡単レシピ #簡単アレンジ #アレンジ #一人暮らし #ol #うどん #カップ麺,https://www.youtube.com/watch?v=LxR1_5-vyR0,ok,ai_tagged,true,0.80,和食,0.97,麺,1.00,麺料理,1.00,魚,0.75,ガッツリ,0.98,温かい,1.00,15分以内,1.00,false,0.78,true,0.97,false,0.88,true,0.89,,2644,"{""core"": {""dish_shape"": {""choice"": ""noodle"", ""confidence"": 1.0, ""probabilities"": {""bowl"": 0.0, ""bread"": 0.0, ""main"": 0.0, ""noodle"": 1.0, ""other"": 0.0, ""rice_other"": 0.0, ""stew"": 0.0}, ""type"": ""choice""}, ""genre"": {""choice"": ""washoku"", ""confidence"": 0.97, ""probabilities"": {""chuka"": 0.0, ""korean"": 0.0, ""other"": 0.0, ""washoku"": 0.98, ""yoshoku"": 0.02}, ""type"": ""choice""}, ""is_single_recipe"": {""noul"": 0.8, ""type"": ""noul""}, ""main_ingredient"": {""choice"": ""fish"", ""confidence"": 0.75, ""probabilities"": {""egg"": 0.0, ""fish"": 0.8, ""meat"": 0.0, ""other"": 0.2, ""soy"": 0.0, ""vegetable"": 0.0}, ""type"": ""choice""}, ""staple"": {""choice"": ""noodle"", ""confidence"": 1.0, ""probabilities"": {""bread"": 0.0, ""noodle"": 1.0, ""other"": 0.0, ""rice"": 0.0}, ""type"": ""choice""}, ""taste_tag"": {""choice"": ""rich"", ""confidence"": 0.98, ""probabilities"": {""light"": 0.0, ""rich"": 0.99, ""semi_light"": 0.0, ""semi_rich"": 0.01}, ""type"": ""choice""}}, ""workload"": {""temperature_tag"": {""choice"": ""warm"", ""confidence"": 1.0, ""probabilities"": {""cold"": 0.0, ""warm"": 1.0}, ""type"": ""choice""}, ""time_tag"": {""choice"": ""within_15"", ""confidence"": 1.0, ""probabilities"": {""min_15_30"": 0.0, ""over_30"": 0.0, ""within_15"": 1.0}, ""type"": ""choice""}, ""uses_frying_pan"": {""noul"": 0.12, ""type"": ""noul""}, ""uses_heat_tag"": {""noul"": 0.97, ""type"": ""noul""}, ""uses_knife_tag"": {""noul"": 0.22, ""type"": ""noul""}, ""uses_microwave"": {""noul"": 0.89, ""type"": ""noul""}}}",
lsC26V1EmSI,老いる寂しさ一人暮らしの虚しい現実とは？,https://www.youtube.com/watch?v=lsC26V1EmSI,ok,exclude_candidate,false,0.77,和食,0.97,その他,0.89,煮込み,0.93,野菜中心,0.87,ややガッツリ,0.83,温かい,1.00,15〜30分,0.93,true,0.74,true,0.95,false,0.60,false,0.95,uses_knife_tag;uses_frying_pan,3144,"{""core"": {""dish_shape"": {""choice"": ""stew"", ""confidence"": 0.93, ""probabilities"": {""bowl"": 0.0, ""bread"": 0.0, ""main"": 0.05, ""noodle"": 0.0, ""other"": 0.0, ""rice_other"": 0.0, ""stew"": 0.95}, ""type"": ""choice""}, ""genre"": {""choice"": ""washoku"", ""confidence"": 0.97, ""probabilities"": {""chuka"": 0.0, ""korean"": 0.0, ""other"": 0.02, ""washoku"": 0.98, ""yoshoku"": 0.0}, ""type"": ""choice""}, ""is_single_recipe"": {""noul"": 0.23, ""type"": ""noul""}, ""main_ingredient"": {""choice"": ""vegetable"", ""confidence"": 0.87, ""probabilities"": {""egg"": 0.0, ""fish"": 0.0, ""meat"": 0.09, ""other"": 0.02, ""soy"": 0.0, ""vegetable"": 0.89}, ""type"": ""choice""}, ""staple"": {""choice"": ""other"", ""confidence"": 0.89, ""probabilities"": {""bread"": 0.0, ""noodle"": 0.0, ""other"": 0.92, ""rice"": 0.08}, ""type"": ""choice""}, ""taste_tag"": {""choice"": ""semi_rich"", ""confidence"": 0.83, ""probabilities"": {""light"": 0.0, ""rich"": 0.0, ""semi_light"": 0.12, ""semi_rich"": 0.88}, ""type"": ""choice""}}, ""workload"": {""temperature_tag"": {""choice"": ""warm"", ""confidence"": 1.0, ""probabilities"": {""cold"": 0.0, ""warm"": 1.0}, ""type"": ""choice""}, ""time_tag"": {""choice"": ""min_15_30"", ""confidence"": 0.93, ""probabilities"": {""min_15_30"": 0.95, ""over_30"": 0.05, ""within_15"": 0.0}, ""type"": ""choice""}, ""uses_frying_pan"": {""noul"": 0.4, ""type"": ""noul""}, ""uses_heat_tag"": {""noul"": 0.95, ""type"": ""noul""}, ""uses_knife_tag"": {""noul"": 0.74, ""type"": ""noul""}, ""uses_microwave"": {""noul"": 0.05, ""type"": ""noul""}}}",
yQD28fALc0s,【 食費月一万円 】節約ごはんを楽しむ一人暮らし社会人のごはん記録 / 野菜保存法🥕 / おにぎり大量ストック🍙🧡,https://www.youtube.com/watch?v=yQD28fALc0s,ok,exclude_candidate,false,0.88,和食,1.00,ご飯,0.63,丼以外のご飯もの,0.33,肉,0.57,ややガッツリ,0.89,温かい,0.88,15〜30分,0.89,true,0.96,true,0.98,true,0.98,false,0.95,staple;dish_shape;main_ingredient,5212,"{""core"": {""dish_shape"": {""choice"": ""rice_other"", ""confidence"": 0.33, ""probabilities"": {""bowl"": 0.0, ""bread"": 0.0, ""main"": 0.35, ""noodle"": 0.0, ""other"": 0.0, ""rice_other"": 0.44, ""stew"": 0.21}, ""type"": ""choice""}, ""genre"": {""choice"": ""washoku"", ""confidence"": 1.0, ""probabilities"": {""chuka"": 0.0, ""korean"": 0.0, ""other"": 0.0, ""washoku"": 1.0, ""yoshoku"": 0.0}, ""type"": ""choice""}, ""is_single_recipe"": {""noul"": 0.12, ""type"": ""noul""}, ""main_ingredient"": {""choice"": ""meat"", ""confidence"": 0.57, ""probabilities"": {""egg"": 0.0, ""fish"": 0.0, ""meat"": 0.65, ""other"": 0.14, ""soy"": 0.21, ""vegetable"": 0.0}, ""type"": ""choice""}, ""staple"": {""choice"": ""rice"", ""confidence"": 0.63, ""probabilities"": {""bread"": 0.0, ""noodle"": 0.0, ""other"": 0.27, ""rice"": 0.73}, ""type"": ""choice""}, ""taste_tag"": {""choice"": ""semi_rich"", ""confidence"": 0.89, ""probabilities"": {""light"": 0.0, ""rich"": 0.08, ""semi_light"": 0.0, ""semi_rich"": 0.92}, ""type"": ""choice""}}, ""workload"": {""temperature_tag"": {""choice"": ""warm"", ""confidence"": 0.88, ""probabilities"": {""cold"": 0.06, ""warm"": 0.94}, ""type"": ""choice""}, ""time_tag"": {""choice"": ""min_15_30"", ""confidence"": 0.89, ""probabilities"": {""min_15_30"": 0.93, ""over_30"": 0.06, ""within_15"": 0.01}, ""type"": ""choice""}, ""uses_frying_pan"": {""noul"": 0.98, ""type"": ""noul""}, ""uses_heat_tag"": {""noul"": 0.98, ""type"": ""noul""}, ""uses_knife_tag"": {""noul"": 0.96, ""type"": ""noul""}, ""uses_microwave"": {""noul"": 0.05, ""type"": ""noul""}}}",
RJ4nNpdPxQo,節約チーズケーキ🍰#節約レシピ #自炊記録 #一人暮らし,https://www.youtube.com/watch?v=RJ4nNpdPxQo,ok,needs_review,true,0.69,洋食,0.55,その他,1.00,その他,1.00,その他,1.00,ガッツリ,0.97,冷たい,0.96,15〜30分,0.85,true,0.60,true,0.90,false,0.78,false,0.88,is_single_recipe;genre;uses_knife_tag,2570,"{""core"": {""dish_shape"": {""choice"": ""other"", ""confidence"": 1.0, ""probabilities"": {""bowl"": 0.0, ""bread"": 0.0, ""main"": 0.0, ""noodle"": 0.0, ""other"": 1.0, ""rice_other"": 0.0, ""stew"": 0.0}, ""type"": ""choice""}, ""genre"": {""choice"": ""yoshoku"", ""confidence"": 0.55, ""probabilities"": {""chuka"": 0.0, ""korean"": 0.0, ""other"": 0.36, ""washoku"": 0.0, ""yoshoku"": 0.64}, ""type"": ""choice""}, ""is_single_recipe"": {""noul"": 0.69, ""type"": ""noul""}, ""main_ingredient"": {""choice"": ""other"", ""confidence"": 1.0, ""probabilities"": {""egg"": 0.0, ""fish"": 0.0, ""meat"": 0.0, ""other"": 1.0, ""soy"": 0.0, ""vegetable"": 0.0}, ""type"": ""choice""}, ""staple"": {""choice"": ""other"", ""confidence"": 1.0, ""probabilities"": {""bread"": 0.0, ""noodle"": 0.0, ""other"": 1.0, ""rice"": 0.0}, ""type"": ""choice""}, ""taste_tag"": {""choice"": ""rich"", ""confidence"": 0.97, ""probabilities"": {""light"": 0.0, ""rich"": 0.98, ""semi_light"": 0.0, ""semi_rich"": 0.02}, ""type"": ""choice""}}, ""workload"": {""temperature_tag"": {""choice"": ""cold"", ""confidence"": 0.96, ""probabilities"": {""cold"": 0.98, ""warm"": 0.02}, ""type"": ""choice""}, ""time_tag"": {""choice"": ""min_15_30"", ""confidence"": 0.85, ""probabilities"": {""min_15_30"": 0.9, ""over_30"": 0.1, ""within_15"": 0.0}, ""type"": ""choice""}, ""uses_frying_pan"": {""noul"": 0.22, ""type"": ""noul""}, ""uses_heat_tag"": {""noul"": 0.9, ""type"": ""noul""}, ""uses_knife_tag"": {""noul"": 0.6, ""type"": ""noul""}, ""uses_microwave"": {""noul"": 0.12, ""type"": ""noul""}}}",
_3tevJRxzv8,＼やみつきコクマヨ／ソーセージパスタ🍝 #レンジレシピ #簡単レシピ #一人暮らしレシピ #パスタレシピ #レンチンレシピ #ズボラレシピ #高タンパク質メニュー,https://www.youtube.com/watch?v=_3tevJRxzv8,ok,needs_review,true,0.83,洋食,1.00,麺,1.00,麺料理,1.00,肉,0.42,ガッツリ,0.99,温かい,0.95,15〜30分,0.93,false,0.70,true,0.97,false,0.87,true,0.97,main_ingredient;uses_knife_tag,2662,"{""core"": {""dish_shape"": {""choice"": ""noodle"", ""confidence"": 1.0, ""probabilities"": {""bowl"": 0.0, ""bread"": 0.0, ""main"": 0.0, ""noodle"": 1.0, ""other"": 0.0, ""rice_other"": 0.0, ""stew"": 0.0}, ""type"": ""choice""}, ""genre"": {""choice"": ""yoshoku"", ""confidence"": 1.0, ""probabilities"": {""chuka"": 0.0, ""korean"": 0.0, ""other"": 0.0, ""washoku"": 0.0, ""yoshoku"": 1.0}, ""type"": ""choice""}, ""is_single_recipe"": {""noul"": 0.83, ""type"": ""noul""}, ""main_ingredient"": {""choice"": ""meat"", ""confidence"": 0.42, ""probabilities"": {""egg"": 0.0, ""fish"": 0.0, ""meat"": 0.52, ""other"": 0.48, ""soy"": 0.0, ""vegetable"": 0.0}, ""type"": ""choice""}, ""staple"": {""choice"": ""noodle"", ""confidence"": 1.0, ""probabilities"": {""bread"": 0.0, ""noodle"": 1.0, ""other"": 0.0, ""rice"": 0.0}, ""type"": ""choice""}, ""taste_tag"": {""choice"": ""rich"", ""confidence"": 0.99, ""probabilities"": {""light"": 0.0, ""rich"": 0.99, ""semi_light"": 0.0, ""semi_rich"": 0.01}, ""type"": ""choice""}}, ""workload"": {""temperature_tag"": {""choice"": ""warm"", ""confidence"": 0.95, ""probabilities"": {""cold"": 0.03, ""warm"": 0.97}, ""type"": ""choice""}, ""time_tag"": {""choice"": ""min_15_30"", ""confidence"": 0.93, ""probabilities"": {""min_15_30"": 0.96, ""over_30"": 0.0, ""within_15"": 0.04}, ""type"": ""choice""}, ""uses_frying_pan"": {""noul"": 0.13, ""type"": ""noul""}, ""uses_heat_tag"": {""noul"": 0.97, ""type"": ""noul""}, ""uses_knife_tag"": {""noul"": 0.3, ""type"": ""noul""}, ""uses_microwave"": {""noul"": 0.97, ""type"": ""noul""}}}",
pyuR674BEvg,親子丼レシピはこれだけでいい！究極の親子丼レシピ #簡単レシピ #親子丼,https://www.youtube.com/watch?v=pyuR674BEvg,ok,needs_review,true,0.82,和食,1.00,ご飯,1.00,丼,1.00,卵,0.41,ややガッツリ,0.84,温かい,1.00,15分以内,0.99,true,0.59,true,0.96,true,0.51,false,0.94,main_ingredient;uses_knife_tag;uses_frying_pan,2558,"{""core"": {""dish_shape"": {""choice"": ""bowl"", ""confidence"": 1.0, ""probabilities"": {""bowl"": 1.0, ""bread"": 0.0, ""main"": 0.0, ""noodle"": 0.0, ""other"": 0.0, ""rice_other"": 0.0, ""stew"": 0.0}, ""type"": ""choice""}, ""genre"": {""choice"": ""washoku"", ""confidence"": 1.0, ""probabilities"": {""chuka"": 0.0, ""korean"": 0.0, ""other"": 0.0, ""washoku"": 1.0, ""yoshoku"": 0.0}, ""type"": ""choice""}, ""is_single_recipe"": {""noul"": 0.82, ""type"": ""noul""}, ""main_ingredient"": {""choice"": ""egg"", ""confidence"": 0.41, ""probabilities"": {""egg"": 0.52, ""fish"": 0.0, ""meat"": 0.43, ""other"": 0.05, ""soy"": 0.0, ""vegetable"": 0.0}, ""type"": ""choice""}, ""staple"": {""choice"": ""rice"", ""confidence"": 1.0, ""probabilities"": {""bread"": 0.0, ""noodle"": 0.0, ""other"": 0.0, ""rice"": 1.0}, ""type"": ""choice""}, ""taste_tag"": {""choice"": ""semi_rich"", ""confidence"": 0.84, ""probabilities"": {""light"": 0.0, ""rich"": 0.0, ""semi_light"": 0.11, ""semi_rich"": 0.89}, ""type"": ""choice""}}, ""workload"": {""temperature_tag"": {""choice"": ""warm"", ""confidence"": 1.0, ""probabilities"": {""cold"": 0.0, ""warm"": 1.0}, ""type"": ""choice""}, ""time_tag"": {""choice"": ""within_15"", ""confidence"": 0.99, ""probabilities"": {""min_15_30"": 0.01, ""over_30"": 0.0, ""within_15"": 0.99}, ""type"": ""choice""}, ""uses_frying_pan"": {""noul"": 0.51, ""type"": ""noul""}, ""uses_heat_tag"": {""noul"": 0.96, ""type"": ""noul""}, ""uses_knife_tag"": {""noul"": 0.59, ""type"": ""noul""}, ""uses_microwave"": {""noul"": 0.06, ""type"": ""noul""}}}",
xZx1xLkI2dc,【ズボラ飯】帰宅後4分で作る一人暮らしのやっつけ簡単料理【うどん】,https://www.youtube.com/watch?v=xZx1xLkI2dc,ok,needs_review,true,0.70,和食,1.00,麺,1.00,麺料理,1.00,その他,1.00,あっさり,0.42,温かい,0.99,15分以内,1.00,false,0.85,true,0.96,false,0.81,false,0.93,is_single_recipe;taste_tag,2894,"{""core"": {""dish_shape"": {""choice"": ""noodle"", ""confidence"": 1.0, ""probabilities"": {""bowl"": 0.0, ""bread"": 0.0, ""main"": 0.0, ""noodle"": 1.0, ""other"": 0.0, ""rice_other"": 0.0, ""stew"": 0.0}, ""type"": ""choice""}, ""genre"": {""choice"": ""washoku"", ""confidence"": 1.0, ""probabilities"": {""chuka"": 0.0, ""korean"": 0.0, ""other"": 0.0, ""washoku"": 1.0, ""yoshoku"": 0.0}, ""type"": ""choice""}, ""is_single_recipe"": {""noul"": 0.7, ""type"": ""noul""}, ""main_ingredient"": {""choice"": ""other"", ""confidence"": 1.0, ""probabilities"": {""egg"": 0.0, ""fish"": 0.0, ""meat"": 0.0, ""other"": 1.0, ""soy"": 0.0, ""vegetable"": 0.0}, ""type"": ""choice""}, ""staple"": {""choice"": ""noodle"", ""confidence"": 1.0, ""probabilities"": {""bread"": 0.0, ""noodle"": 1.0, ""other"": 0.0, ""rice"": 0.0}, ""type"": ""choice""}, ""taste_tag"": {""choice"": ""light"", ""confidence"": 0.42, ""probabilities"": {""light"": 0.57, ""rich"": 0.0, ""semi_light"": 0.38, ""semi_rich"": 0.05}, ""type"": ""choice""}}, ""workload"": {""temperature_tag"": {""choice"": ""warm"", ""confidence"": 0.99, ""probabilities"": {""cold"": 0.0, ""warm"": 1.0}, ""type"": ""choice""}, ""time_tag"": {""choice"": ""within_15"", ""confidence"": 1.0, ""probabilities"": {""min_15_30"": 0.0, ""over_30"": 0.0, ""within_15"": 1.0}, ""type"": ""choice""}, ""uses_frying_pan"": {""noul"": 0.19, ""type"": ""noul""}, ""uses_heat_tag"": {""noul"": 0.96, ""type"": ""noul""}, ""uses_knife_tag"": {""noul"": 0.15, ""type"": ""noul""}, ""uses_microwave"": {""noul"": 0.07, ""type"": ""noul""}}}",
vneiN6uLUSQ,簡単カルボナーラうどん#自炊女子 #簡単料理レシピ #カルボナーラうどん #ダイエット中の食事 #ダイエット飯 #綺麗になる食事 #自炊生活 #自炊ダイエット #ヘルシーご飯,https://www.youtube.com/watch?v=vneiN6uLUSQ,ok,needs_review,true,0.78,洋食,0.87,麺,1.00,麺料理,1.00,その他,0.87,ガッツリ,0.42,温かい,1.00,15分以内,0.97,false,0.59,true,0.96,true,0.51,false,0.92,taste_tag;uses_knife_tag;uses_frying_pan,2664,"{""core"": {""dish_shape"": {""choice"": ""noodle"", ""confidence"": 1.0, ""probabilities"": {""bowl"": 0.0, ""bread"": 0.0, ""main"": 0.0, ""noodle"": 1.0, ""other"": 0.0, ""rice_other"": 0.0, ""stew"": 0.0}, ""type"": ""choice""}, ""genre"": {""choice"": ""yoshoku"", ""confidence"": 0.87, ""probabilities"": {""chuka"": 0.0, ""korean"": 0.0, ""other"": 0.01, ""washoku"": 0.09, ""yoshoku"": 0.9}, ""type"": ""choice""}, ""is_single_recipe"": {""noul"": 0.78, ""type"": ""noul""}, ""main_ingredient"": {""choice"": ""other"", ""confidence"": 0.87, ""probabilities"": {""egg"": 0.05, ""fish"": 0.0, ""meat"": 0.05, ""other"": 0.9, ""soy"": 0.0, ""vegetable"": 0.0}, ""type"": ""choice""}, ""staple"": {""choice"": ""noodle"", ""confidence"": 1.0, ""probabilities"": {""bread"": 0.0, ""noodle"": 1.0, ""other"": 0.0, ""rice"": 0.0}, ""type"": ""choice""}, ""taste_tag"": {""choice"": ""rich"", ""confidence"": 0.42, ""probabilities"": {""light"": 0.0, ""rich"": 0.57, ""semi_light"": 0.0, ""semi_rich"": 0.43}, ""type"": ""choice""}}, ""workload"": {""temperature_tag"": {""choice"": ""warm"", ""confidence"": 1.0, ""probabilities"": {""cold"": 0.0, ""warm"": 1.0}, ""type"": ""choice""}, ""time_tag"": {""choice"": ""within_15"", ""confidence"": 0.97, ""probabilities"": {""min_15_30"": 0.02, ""over_30"": 0.0, ""within_15"": 0.98}, ""type"": ""choice""}, ""uses_frying_pan"": {""noul"": 0.51, ""type"": ""noul""}, ""uses_heat_tag"": {""noul"": 0.96, ""type"": ""noul""}, ""uses_knife_tag"": {""noul"": 0.41, ""type"": ""noul""}, ""uses_microwave"": {""noul"": 0.08, ""type"": ""noul""}}}",
zhIS6j8ex3I,熱々あんかけ焼きそば🍜#節約レシピ #やきそば #あんかけ焼きそば #一人暮らしごはん #cooking #料理#男飯 #料理男子,https://www.youtube.com/watch?v=zhIS6j8ex3I,ok,needs_review,true,0.81,中華,1.00,麺,1.00,麺料理,1.00,その他,0.98,ガッツリ,0.35,温かい,1.00,15分以内,0.98,false,0.51,true,0.98,true,0.96,false,0.94,taste_tag;uses_knife_tag,2620,"{""core"": {""dish_shape"": {""choice"": ""noodle"", ""confidence"": 1.0, ""probabilities"": {""bowl"": 0.0, ""bread"": 0.0, ""main"": 0.0, ""noodle"": 1.0, ""other"": 0.0, ""rice_other"": 0.0, ""stew"": 0.0}, ""type"": ""choice""}, ""genre"": {""choice"": ""chuka"", ""confidence"": 1.0, ""probabilities"": {""chuka"": 1.0, ""korean"": 0.0, ""other"": 0.0, ""washoku"": 0.0, ""yoshoku"": 0.0}, ""type"": ""choice""}, ""is_single_recipe"": {""noul"": 0.81, ""type"": ""noul""}, ""main_ingredient"": {""choice"": ""other"", ""confidence"": 0.98, ""probabilities"": {""egg"": 0.0, ""fish"": 0.0, ""meat"": 0.01, ""other"": 0.99, ""soy"": 0.0, ""vegetable"": 0.0}, ""type"": ""choice""}, ""staple"": {""choice"": ""noodle"", ""confidence"": 1.0, ""probabilities"": {""bread"": 0.0, ""noodle"": 1.0, ""other"": 0.0, ""rice"": 0.0}, ""type"": ""choice""}, ""taste_tag"": {""choice"": ""rich"", ""confidence"": 0.35, ""probabilities"": {""light"": 0.0, ""rich"": 0.51, ""semi_light"": 0.0, ""semi_rich"": 0.49}, ""type"": ""choice""}}, ""workload"": {""temperature_tag"": {""choice"": ""warm"", ""confidence"": 1.0, ""probabilities"": {""cold"": 0.0, ""warm"": 1.0}, ""type"": ""choice""}, ""time_tag"": {""choice"": ""within_15"", ""confidence"": 0.98, ""probabilities"": {""min_15_30"": 0.01, ""over_30"": 0.0, ""within_15"": 0.99}, ""type"": ""choice""}, ""uses_frying_pan"": {""noul"": 0.96, ""type"": ""noul""}, ""uses_heat_tag"": {""noul"": 0.98, ""type"": ""noul""}, ""uses_knife_tag"": {""noul"": 0.49, ""type"": ""noul""}, ""uses_microwave"": {""noul"": 0.06, ""type"": ""noul""}}}",
N50zTOJwf9w,しらすぺぺたま🍝 #節約レシピ #cooking #時短節約 #japanesefood #一人暮らしごはん #パスタ #暮らしチャンネル #簡単レシピ #ぺぺたま#料理 #料理男子,https://www.youtube.com/watch?v=N50zTOJwf9w,ok,needs_review,true,0.78,洋食,0.98,麺,1.00,麺料理,1.00,魚,0.78,ややガッツリ,0.95,温かい,1.00,15〜30分,0.99,false,0.59,true,0.96,false,0.58,false,0.92,uses_knife_tag;uses_frying_pan,2654,"{""core"": {""dish_shape"": {""choice"": ""noodle"", ""confidence"": 1.0, ""probabilities"": {""bowl"": 0.0, ""bread"": 0.0, ""main"": 0.0, ""noodle"": 1.0, ""other"": 0.0, ""rice_other"": 0.0, ""stew"": 0.0}, ""type"": ""choice""}, ""genre"": {""choice"": ""yoshoku"", ""confidence"": 0.98, ""probabilities"": {""chuka"": 0.0, ""korean"": 0.0, ""other"": 0.0, ""washoku"": 0.01, ""yoshoku"": 0.99}, ""type"": ""choice""}, ""is_single_recipe"": {""noul"": 0.78, ""type"": ""noul""}, ""main_ingredient"": {""choice"": ""fish"", ""confidence"": 0.78, ""probabilities"": {""egg"": 0.09, ""fish"": 0.82, ""meat"": 0.0, ""other"": 0.09, ""soy"": 0.0, ""vegetable"": 0.0}, ""type"": ""choice""}, ""staple"": {""choice"": ""noodle"", ""confidence"": 1.0, ""probabilities"": {""bread"": 0.0, ""noodle"": 1.0, ""other"": 0.0, ""rice"": 0.0}, ""type"": ""choice""}, ""taste_tag"": {""choice"": ""semi_rich"", ""confidence"": 0.95, ""probabilities"": {""light"": 0.0, ""rich"": 0.0, ""semi_light"": 0.03, ""semi_rich"": 0.97}, ""type"": ""choice""}}, ""workload"": {""temperature_tag"": {""choice"": ""warm"", ""confidence"": 1.0, ""probabilities"": {""cold"": 0.0, ""warm"": 1.0}, ""type"": ""choice""}, ""time_tag"": {""choice"": ""min_15_30"", ""confidence"": 0.99, ""probabilities"": {""min_15_30"": 1.0, ""over_30"": 0.0, ""within_15"": 0.0}, ""type"": ""choice""}, ""uses_frying_pan"": {""noul"": 0.42, ""type"": ""noul""}, ""uses_heat_tag"": {""noul"": 0.96, ""type"": ""noul""}, ""uses_knife_tag"": {""noul"": 0.41, ""type"": ""noul""}, ""uses_microwave"": {""noul"": 0.08, ""type"": ""noul""}}}",
WyLZsPgZbpE,【節約】一人暮らしのラクする大量おにぎりストック🍙 柔らかむね肉の節約おかず🍗💕,https://www.youtube.com/watch?v=WyLZsPgZbpE,ok,needs_review,false,0.67,和食,1.00,ご飯,0.95,主菜,0.40,魚,0.91,ややガッツリ,0.57,温かい,0.74,15分以内,0.89,false,0.76,true,0.98,true,0.96,false,0.81,is_single_recipe;dish_shape;taste_tag;temperature_tag,4298,"{""core"": {""dish_shape"": {""choice"": ""main"", ""confidence"": 0.4, ""probabilities"": {""bowl"": 0.21, ""bread"": 0.0, ""main"": 0.48, ""noodle"": 0.0, ""other"": 0.01, ""rice_other"": 0.3, ""stew"": 0.0}, ""type"": ""choice""}, ""genre"": {""choice"": ""washoku"", ""confidence"": 1.0, ""probabilities"": {""chuka"": 0.0, ""korean"": 0.0, ""other"": 0.0, ""washoku"": 1.0, ""yoshoku"": 0.0}, ""type"": ""choice""}, ""is_single_recipe"": {""noul"": 0.33, ""type"": ""noul""}, ""main_ingredient"": {""choice"": ""fish"", ""confidence"": 0.91, ""probabilities"": {""egg"": 0.0, ""fish"": 0.93, ""meat"": 0.04, ""other"": 0.03, ""soy"": 0.0, ""vegetable"": 0.0}, ""type"": ""choice""}, ""staple"": {""choice"": ""rice"", ""confidence"": 0.95, ""probabilities"": {""bread"": 0.0, ""noodle"": 0.0, ""other"": 0.04, ""rice"": 0.96}, ""type"": ""choice""}, ""taste_tag"": {""choice"": ""semi_rich"", ""confidence"": 0.57, ""probabilities"": {""light"": 0.01, ""rich"": 0.01, ""semi_light"": 0.3, ""semi_rich"": 0.68}, ""type"": ""choice""}}, ""workload"": {""temperature_tag"": {""choice"": ""warm"", ""confidence"": 0.74, ""probabilities"": {""cold"": 0.13, ""warm"": 0.87}, ""type"": ""choice""}, ""time_tag"": {""choice"": ""within_15"", ""confidence"": 0.89, ""probabilities"": {""min_15_30"": 0.06, ""over_30"": 0.01, ""within_15"": 0.93}, ""type"": ""choice""}, ""uses_frying_pan"": {""noul"": 0.96, ""type"": ""noul""}, ""uses_heat_tag"": {""noul"": 0.98, ""type"": ""noul""}, ""uses_knife_tag"": {""noul"": 0.24, ""type"": ""noul""}, ""uses_microwave"": {""noul"": 0.19, ""type"": ""noul""}}}",
FYsyAoOvSa8,蒙古タンメン風つけ麺🍜 #節約レシピ #cooking #時短節約 #一人暮らしごはん #暮らしチャンネル #料理 #つけ麺 #簡単レシピ #辛いラーメン,https://www.youtube.com/watch?v=FYsyAoOvSa8,ok,needs_review,true,0.82,中華,0.99,麺,1.00,麺料理,1.00,その他,0.98,ガッツリ,0.35,温かい,0.89,15〜30分,0.99,false,0.52,true,0.96,false,0.81,false,0.92,taste_tag;uses_knife_tag,2634,"{""core"": {""dish_shape"": {""choice"": ""noodle"", ""confidence"": 1.0, ""probabilities"": {""bowl"": 0.0, ""bread"": 0.0, ""main"": 0.0, ""noodle"": 1.0, ""other"": 0.0, ""rice_other"": 0.0, ""stew"": 0.0}, ""type"": ""choice""}, ""genre"": {""choice"": ""chuka"", ""confidence"": 0.99, ""probabilities"": {""chuka"": 1.0, ""korean"": 0.0, ""other"": 0.0, ""washoku"": 0.0, ""yoshoku"": 0.0}, ""type"": ""choice""}, ""is_single_recipe"": {""noul"": 0.82, ""type"": ""noul""}, ""main_ingredient"": {""choice"": ""other"", ""confidence"": 0.98, ""probabilities"": {""egg"": 0.0, ""fish"": 0.0, ""meat"": 0.01, ""other"": 0.99, ""soy"": 0.0, ""vegetable"": 0.0}, ""type"": ""choice""}, ""staple"": {""choice"": ""noodle"", ""confidence"": 1.0, ""probabilities"": {""bread"": 0.0, ""noodle"": 1.0, ""other"": 0.0, ""rice"": 0.0}, ""type"": ""choice""}, ""taste_tag"": {""choice"": ""rich"", ""confidence"": 0.35, ""probabilities"": {""light"": 0.0, ""rich"": 0.51, ""semi_light"": 0.0, ""semi_rich"": 0.49}, ""type"": ""choice""}}, ""workload"": {""temperature_tag"": {""choice"": ""warm"", ""confidence"": 0.89, ""probabilities"": {""cold"": 0.06, ""warm"": 0.94}, ""type"": ""choice""}, ""time_tag"": {""choice"": ""min_15_30"", ""confidence"": 0.99, ""probabilities"": {""min_15_30"": 1.0, ""over_30"": 0.0, ""within_15"": 0.0}, ""type"": ""choice""}, ""uses_frying_pan"": {""noul"": 0.19, ""type"": ""noul""}, ""uses_heat_tag"": {""noul"": 0.96, ""type"": ""noul""}, ""uses_knife_tag"": {""noul"": 0.48, ""type"": ""noul""}, ""uses_microwave"": {""noul"": 0.08, ""type"": ""noul""}}}",
unUs-j3CXHU,【コレが正解そうめん弁当】#暮らし #料理 #裏技 #簡単 #時短 #ライフハック,https://www.youtube.com/watch?v=unUs-j3CXHU,ok,needs_review,true,0.68,和食,0.92,麺,1.00,麺料理,0.99,その他,1.00,あっさり,0.58,冷たい,0.85,15〜30分,0.99,false,0.73,true,0.91,false,0.80,false,0.93,is_single_recipe;taste_tag;uses_knife_tag,2574,"{""core"": {""dish_shape"": {""choice"": ""noodle"", ""confidence"": 0.99, ""probabilities"": {""bowl"": 0.01, ""bread"": 0.0, ""main"": 0.0, ""noodle"": 0.99, ""other"": 0.0, ""rice_other"": 0.0, ""stew"": 0.0}, ""type"": ""choice""}, ""genre"": {""choice"": ""washoku"", ""confidence"": 0.92, ""probabilities"": {""chuka"": 0.0, ""korean"": 0.0, ""other"": 0.06, ""washoku"": 0.94, ""yoshoku"": 0.0}, ""type"": ""choice""}, ""is_single_recipe"": {""noul"": 0.68, ""type"": ""noul""}, ""main_ingredient"": {""choice"": ""other"", ""confidence"": 1.0, ""probabilities"": {""egg"": 0.0, ""fish"": 0.0, ""meat"": 0.0, ""other"": 1.0, ""soy"": 0.0, ""vegetable"": 0.0}, ""type"": ""choice""}, ""staple"": {""choice"": ""noodle"", ""confidence"": 1.0, ""probabilities"": {""bread"": 0.0, ""noodle"": 1.0, ""other"": 0.0, ""rice"": 0.0}, ""type"": ""choice""}, ""taste_tag"": {""choice"": ""light"", ""confidence"": 0.58, ""probabilities"": {""light"": 0.68, ""rich"": 0.0, ""semi_light"": 0.28, ""semi_rich"": 0.04}, ""type"": ""choice""}}, ""workload"": {""temperature_tag"": {""choice"": ""cold"", ""confidence"": 0.85, ""probabilities"": {""cold"": 0.92, ""warm"": 0.08}, ""type"": ""choice""}, ""time_tag"": {""choice"": ""min_15_30"", ""confidence"": 0.99, ""probabilities"": {""min_15_30"": 0.99, ""over_30"": 0.0, ""within_15"": 0.01}, ""type"": ""choice""}, ""uses_frying_pan"": {""noul"": 0.2, ""type"": ""noul""}, ""uses_heat_tag"": {""noul"": 0.91, ""type"": ""noul""}, ""uses_knife_tag"": {""noul"": 0.27, ""type"": ""noul""}, ""uses_microwave"": {""noul"": 0.07, ""type"": ""noul""}}}",
V0lIkh5CCcc,アンチが震えるほど味の素が入った醤油ラーメンが震えるほど旨い#味の素 #ラーメン,https://www.youtube.com/watch?v=V0lIkh5CCcc,ok,needs_review,true,0.77,中華,0.97,麺,1.00,麺料理,1.00,その他,0.87,ややガッツリ,0.45,温かい,1.00,15〜30分,0.98,false,0.64,true,0.96,false,0.80,false,0.94,taste_tag;uses_knife_tag,3002,"{""core"": {""dish_shape"": {""choice"": ""noodle"", ""confidence"": 1.0, ""probabilities"": {""bowl"": 0.0, ""bread"": 0.0, ""main"": 0.0, ""noodle"": 1.0, ""other"": 0.0, ""rice_other"": 0.0, ""stew"": 0.0}, ""type"": ""choice""}, ""genre"": {""choice"": ""chuka"", ""confidence"": 0.97, ""probabilities"": {""chuka"": 0.98, ""korean"": 0.0, ""other"": 0.0, ""washoku"": 0.02, ""yoshoku"": 0.0}, ""type"": ""choice""}, ""is_single_recipe"": {""noul"": 0.77, ""type"": ""noul""}, ""main_ingredient"": {""choice"": ""other"", ""confidence"": 0.87, ""probabilities"": {""egg"": 0.0, ""fish"": 0.0, ""meat"": 0.0, ""other"": 0.89, ""soy"": 0.11, ""vegetable"": 0.0}, ""type"": ""choice""}, ""staple"": {""choice"": ""noodle"", ""confidence"": 1.0, ""probabilities"": {""bread"": 0.0, ""noodle"": 1.0, ""other"": 0.0, ""rice"": 0.0}, ""type"": ""choice""}, ""taste_tag"": {""choice"": ""semi_rich"", ""confidence"": 0.45, ""probabilities"": {""light"": 0.0, ""rich"": 0.4, ""semi_light"": 0.0, ""semi_rich"": 0.6}, ""type"": ""choice""}}, ""workload"": {""temperature_tag"": {""choice"": ""warm"", ""confidence"": 1.0, ""probabilities"": {""cold"": 0.0, ""warm"": 1.0}, ""type"": ""choice""}, ""time_tag"": {""choice"": ""min_15_30"", ""confidence"": 0.98, ""probabilities"": {""min_15_30"": 0.99, ""over_30"": 0.0, ""within_15"": 0.01}, ""type"": ""choice""}, ""uses_frying_pan"": {""noul"": 0.2, ""type"": ""noul""}, ""uses_heat_tag"": {""noul"": 0.96, ""type"": ""noul""}, ""uses_knife_tag"": {""noul"": 0.36, ""type"": ""noul""}, ""uses_microwave"": {""noul"": 0.06, ""type"": ""noul""}}}",
UK9uEu5Oddw,世界一簡単な煮干しラーメン#時短#ラーメン#簡単レシピ#時短レシピ#レシピ#時短料理,https://www.youtube.com/watch?v=UK9uEu5Oddw,ok,needs_review,true,0.85,中華,0.94,麺,1.00,麺料理,1.00,魚,0.85,ややガッツリ,0.40,温かい,1.00,15〜30分,0.92,false,0.68,true,0.97,false,0.83,false,0.94,taste_tag;uses_knife_tag,2990,"{""core"": {""dish_shape"": {""choice"": ""noodle"", ""confidence"": 1.0, ""probabilities"": {""bowl"": 0.0, ""bread"": 0.0, ""main"": 0.0, ""noodle"": 1.0, ""other"": 0.0, ""rice_other"": 0.0, ""stew"": 0.0}, ""type"": ""choice""}, ""genre"": {""choice"": ""chuka"", ""confidence"": 0.94, ""probabilities"": {""chuka"": 0.95, ""korean"": 0.0, ""other"": 0.0, ""washoku"": 0.05, ""yoshoku"": 0.0}, ""type"": ""choice""}, ""is_single_recipe"": {""noul"": 0.85, ""type"": ""noul""}, ""main_ingredient"": {""choice"": ""fish"", ""confidence"": 0.85, ""probabilities"": {""egg"": 0.0, ""fish"": 0.88, ""meat"": 0.0, ""other"": 0.12, ""soy"": 0.0, ""vegetable"": 0.0}, ""type"": ""choice""}, ""staple"": {""choice"": ""noodle"", ""confidence"": 1.0, ""probabilities"": {""bread"": 0.0, ""noodle"": 1.0, ""other"": 0.0, ""rice"": 0.0}, ""type"": ""choice""}, ""taste_tag"": {""choice"": ""semi_rich"", ""confidence"": 0.4, ""probabilities"": {""light"": 0.09, ""rich"": 0.01, ""semi_light"": 0.35, ""semi_rich"": 0.55}, ""type"": ""choice""}}, ""workload"": {""temperature_tag"": {""choice"": ""warm"", ""confidence"": 1.0, ""probabilities"": {""cold"": 0.0, ""warm"": 1.0}, ""type"": ""choice""}, ""time_tag"": {""choice"": ""min_15_30"", ""confidence"": 0.92, ""probabilities"": {""min_15_30"": 0.95, ""over_30"": 0.0, ""within_15"": 0.05}, ""type"": ""choice""}, ""uses_frying_pan"": {""noul"": 0.17, ""type"": ""noul""}, ""uses_heat_tag"": {""noul"": 0.97, ""type"": ""noul""}, ""uses_knife_tag"": {""noul"": 0.32, ""type"": ""noul""}, ""uses_microwave"": {""noul"": 0.06, ""type"": ""noul""}}}",
o7KdHTNEAa4,これなら食べれる！【あんかけ塩雑炊】 #簡単レシピ,https://www.youtube.com/watch?v=o7KdHTNEAa4,ok,needs_review,true,0.83,和食,0.91,ご飯,1.00,丼以外のご飯もの,0.99,その他,0.98,ややガッツリ,0.32,温かい,1.00,15〜30分,0.98,false,0.64,true,0.96,false,0.80,false,0.95,taste_tag;uses_knife_tag,2548,"{""core"": {""dish_shape"": {""choice"": ""rice_other"", ""confidence"": 0.99, ""probabilities"": {""bowl"": 0.01, ""bread"": 0.0, ""main"": 0.0, ""noodle"": 0.0, ""other"": 0.0, ""rice_other"": 0.99, ""stew"": 0.0}, ""type"": ""choice""}, ""genre"": {""choice"": ""washoku"", ""confidence"": 0.91, ""probabilities"": {""chuka"": 0.02, ""korean"": 0.0, ""other"": 0.05, ""washoku"": 0.93, ""yoshoku"": 0.0}, ""type"": ""choice""}, ""is_single_recipe"": {""noul"": 0.83, ""type"": ""noul""}, ""main_ingredient"": {""choice"": ""other"", ""confidence"": 0.98, ""probabilities"": {""egg"": 0.0, ""fish"": 0.01, ""meat"": 0.0, ""other"": 0.99, ""soy"": 0.0, ""vegetable"": 0.0}, ""type"": ""choice""}, ""staple"": {""choice"": ""rice"", ""confidence"": 1.0, ""probabilities"": {""bread"": 0.0, ""noodle"": 0.0, ""other"": 0.0, ""rice"": 1.0}, ""type"": ""choice""}, ""taste_tag"": {""choice"": ""semi_rich"", ""confidence"": 0.32, ""probabilities"": {""light"": 0.14, ""rich"": 0.01, ""semi_light"": 0.37, ""semi_rich"": 0.48}, ""type"": ""choice""}}, ""workload"": {""temperature_tag"": {""choice"": ""warm"", ""confidence"": 1.0, ""probabilities"": {""cold"": 0.0, ""warm"": 1.0}, ""type"": ""choice""}, ""time_tag"": {""choice"": ""min_15_30"", ""confidence"": 0.98, ""probabilities"": {""min_15_30"": 0.98, ""over_30"": 0.0, ""within_15"": 0.02}, ""type"": ""choice""}, ""uses_frying_pan"": {""noul"": 0.2, ""type"": ""noul""}, ""uses_heat_tag"": {""noul"": 0.96, ""type"": ""noul""}, ""uses_knife_tag"": {""noul"": 0.36, ""type"": ""noul""}, ""uses_microwave"": {""noul"": 0.05, ""type"": ""noul""}}}",
OKBgAGXN7D8,【レンチン✨😋】めんつゆパスタ紹介します✩.*˚ #時短レシピ#簡単レシピ#痩せメシ#時短レシピ#ダイエット#ダイエットレシピ#ダイエットメニュー#ヘルシーレシピ#レンチンレシ,https://www.youtube.com/watch?v=OKBgAGXN7D8,ok,needs_review,true,0.81,洋食,0.96,麺,1.00,麺料理,1.00,その他,0.98,ややガッツリ,0.80,温かい,1.00,15分以内,0.70,false,0.77,true,0.98,false,0.76,true,0.95,time_tag,2684,"{""core"": {""dish_shape"": {""choice"": ""noodle"", ""confidence"": 1.0, ""probabilities"": {""bowl"": 0.0, ""bread"": 0.0, ""main"": 0.0, ""noodle"": 1.0, ""other"": 0.0, ""rice_other"": 0.0, ""stew"": 0.0}, ""type"": ""choice""}, ""genre"": {""choice"": ""yoshoku"", ""confidence"": 0.96, ""probabilities"": {""chuka"": 0.0, ""korean"": 0.0, ""other"": 0.0, ""washoku"": 0.03, ""yoshoku"": 0.97}, ""type"": ""choice""}, ""is_single_recipe"": {""noul"": 0.81, ""type"": ""noul""}, ""main_ingredient"": {""choice"": ""other"", ""confidence"": 0.98, ""probabilities"": {""egg"": 0.0, ""fish"": 0.0, ""meat"": 0.0, ""other"": 0.99, ""soy"": 0.01, ""vegetable"": 0.0}, ""type"": ""choice""}, ""staple"": {""choice"": ""noodle"", ""confidence"": 1.0, ""probabilities"": {""bread"": 0.0, ""noodle"": 1.0, ""other"": 0.0, ""rice"": 0.0}, ""type"": ""choice""}, ""taste_tag"": {""choice"": ""semi_rich"", ""confidence"": 0.8, ""probabilities"": {""light"": 0.01, ""rich"": 0.0, ""semi_light"": 0.13, ""semi_rich"": 0.86}, ""type"": ""choice""}}, ""workload"": {""temperature_tag"": {""choice"": ""warm"", ""confidence"": 1.0, ""probabilities"": {""cold"": 0.0, ""warm"": 1.0}, ""type"": ""choice""}, ""time_tag"": {""choice"": ""within_15"", ""confidence"": 0.7, ""probabilities"": {""min_15_30"": 0.2, ""over_30"": 0.0, ""within_15"": 0.8}, ""type"": ""choice""}, ""uses_frying_pan"": {""noul"": 0.24, ""type"": ""noul""}, ""uses_heat_tag"": {""noul"": 0.98, ""type"": ""noul""}, ""uses_knife_tag"": {""noul"": 0.23, ""type"": ""noul""}, ""uses_microwave"": {""noul"": 0.95, ""type"": ""noul""}}}",
Yjr1sXYfkSw,時短でできる春雨スープレシピを大公開！,https://www.youtube.com/watch?v=Yjr1sXYfkSw,ok,needs_review,true,0.94,和食,0.79,麺,1.00,麺料理,0.69,その他,0.89,ややあっさり,0.30,温かい,1.00,15分以内,0.58,true,0.97,true,0.99,true,0.89,false,0.97,dish_shape;taste_tag;time_tag,4534,"{""core"": {""dish_shape"": {""choice"": ""noodle"", ""confidence"": 0.69, ""probabilities"": {""bowl"": 0.0, ""bread"": 0.0, ""main"": 0.0, ""noodle"": 0.75, ""other"": 0.0, ""rice_other"": 0.0, ""stew"": 0.25}, ""type"": ""choice""}, ""genre"": {""choice"": ""washoku"", ""confidence"": 0.79, ""probabilities"": {""chuka"": 0.13, ""korean"": 0.0, ""other"": 0.03, ""washoku"": 0.84, ""yoshoku"": 0.0}, ""type"": ""choice""}, ""is_single_recipe"": {""noul"": 0.94, ""type"": ""noul""}, ""main_ingredient"": {""choice"": ""other"", ""confidence"": 0.89, ""probabilities"": {""egg"": 0.0, ""fish"": 0.0, ""meat"": 0.02, ""other"": 0.92, ""soy"": 0.0, ""vegetable"": 0.06}, ""type"": ""choice""}, ""staple"": {""choice"": ""noodle"", ""confidence"": 1.0, ""probabilities"": {""bread"": 0.0, ""noodle"": 1.0, ""other"": 0.0, ""rice"": 0.0}, ""type"": ""choice""}, ""taste_tag"": {""choice"": ""semi_light"", ""confidence"": 0.3, ""probabilities"": {""light"": 0.12, ""rich"": 0.0, ""semi_light"": 0.47, ""semi_rich"": 0.41}, ""type"": ""choice""}}, ""workload"": {""temperature_tag"": {""choice"": ""warm"", ""confidence"": 1.0, ""probabilities"": {""cold"": 0.0, ""warm"": 1.0}, ""type"": ""choice""}, ""time_tag"": {""choice"": ""within_15"", ""confidence"": 0.58, ""probabilities"": {""min_15_30"": 0.28, ""over_30"": 0.0, ""within_15"": 0.72}, ""type"": ""choice""}, ""uses_frying_pan"": {""noul"": 0.89, ""type"": ""noul""}, ""uses_heat_tag"": {""noul"": 0.99, ""type"": ""noul""}, ""uses_knife_tag"": {""noul"": 0.97, ""type"": ""noul""}, ""uses_microwave"": {""noul"": 0.03, ""type"": ""noul""}}}",
5Hqmbr_Tyd8,秒うま！梅しそおにぎり #簡単レシピ #おにぎり #時短レシピ #無添加 #朝ごはん #朝食,https://www.youtube.com/watch?v=5Hqmbr_Tyd8,ok,needs_review,true,0.95,和食,1.00,ご飯,1.00,丼以外のご飯もの,1.00,その他,0.92,ややあっさり,0.55,温かい,0.83,15分以内,0.86,false,0.85,false,0.56,false,0.84,false,0.96,taste_tag;uses_heat_tag,3226,"{""core"": {""dish_shape"": {""choice"": ""rice_other"", ""confidence"": 1.0, ""probabilities"": {""bowl"": 0.0, ""bread"": 0.0, ""main"": 0.0, ""noodle"": 0.0, ""other"": 0.0, ""rice_other"": 1.0, ""stew"": 0.0}, ""type"": ""choice""}, ""genre"": {""choice"": ""washoku"", ""confidence"": 1.0, ""probabilities"": {""chuka"": 0.0, ""korean"": 0.0, ""other"": 0.0, ""washoku"": 1.0, ""yoshoku"": 0.0}, ""type"": ""choice""}, ""is_single_recipe"": {""noul"": 0.95, ""type"": ""noul""}, ""main_ingredient"": {""choice"": ""other"", ""confidence"": 0.92, ""probabilities"": {""egg"": 0.0, ""fish"": 0.01, ""meat"": 0.0, ""other"": 0.93, ""soy"": 0.0, ""vegetable"": 0.06}, ""type"": ""choice""}, ""staple"": {""choice"": ""rice"", ""confidence"": 1.0, ""probabilities"": {""bread"": 0.0, ""noodle"": 0.0, ""other"": 0.0, ""rice"": 1.0}, ""type"": ""choice""}, ""taste_tag"": {""choice"": ""semi_light"", ""confidence"": 0.55, ""probabilities"": {""light"": 0.07, ""rich"": 0.0, ""semi_light"": 0.67, ""semi_rich"": 0.26}, ""type"": ""choice""}}, ""workload"": {""temperature_tag"": {""choice"": ""warm"", ""confidence"": 0.83, ""probabilities"": {""cold"": 0.09, ""warm"": 0.91}, ""type"": ""choice""}, ""time_tag"": {""choice"": ""within_15"", ""confidence"": 0.86, ""probabilities"": {""min_15_30"": 0.09, ""over_30"": 0.0, ""within_15"": 0.91}, ""type"": ""choice""}, ""uses_frying_pan"": {""noul"": 0.16, ""type"": ""noul""}, ""uses_heat_tag"": {""noul"": 0.44, ""type"": ""noul""}, ""uses_knife_tag"": {""noul"": 0.15, ""type"": ""noul""}, ""uses_microwave"": {""noul"": 0.04, ""type"": ""noul""}}}",
aw8Z3a7mHCo,レンジで簡単！虚無塩ラーメン #時短#ラーメン#簡単レシピ#時短レシピ#レシピ#時短料理,https://www.youtube.com/watch?v=aw8Z3a7mHCo,ok,needs_review,true,0.79,中華,0.99,麺,1.00,麺料理,1.00,その他,0.99,ややガッツリ,0.51,温かい,1.00,15〜30分,0.86,false,0.79,true,0.98,false,0.91,true,0.96,taste_tag,2598,"{""core"": {""dish_shape"": {""choice"": ""noodle"", ""confidence"": 1.0, ""probabilities"": {""bowl"": 0.0, ""bread"": 0.0, ""main"": 0.0, ""noodle"": 1.0, ""other"": 0.0, ""rice_other"": 0.0, ""stew"": 0.0}, ""type"": ""choice""}, ""genre"": {""choice"": ""chuka"", ""confidence"": 0.99, ""probabilities"": {""chuka"": 1.0, ""korean"": 0.0, ""other"": 0.0, ""washoku"": 0.0, ""yoshoku"": 0.0}, ""type"": ""choice""}, ""is_single_recipe"": {""noul"": 0.79, ""type"": ""noul""}, ""main_ingredient"": {""choice"": ""other"", ""confidence"": 0.99, ""probabilities"": {""egg"": 0.0, ""fish"": 0.0, ""meat"": 0.0, ""other"": 1.0, ""soy"": 0.0, ""vegetable"": 0.0}, ""type"": ""choice""}, ""staple"": {""choice"": ""noodle"", ""confidence"": 1.0, ""probabilities"": {""bread"": 0.0, ""noodle"": 1.0, ""other"": 0.0, ""rice"": 0.0}, ""type"": ""choice""}, ""taste_tag"": {""choice"": ""semi_rich"", ""confidence"": 0.51, ""probabilities"": {""light"": 0.2, ""rich"": 0.03, ""semi_light"": 0.14, ""semi_rich"": 0.63}, ""type"": ""choice""}}, ""workload"": {""temperature_tag"": {""choice"": ""warm"", ""confidence"": 1.0, ""probabilities"": {""cold"": 0.0, ""warm"": 1.0}, ""type"": ""choice""}, ""time_tag"": {""choice"": ""min_15_30"", ""confidence"": 0.86, ""probabilities"": {""min_15_30"": 0.91, ""over_30"": 0.0, ""within_15"": 0.09}, ""type"": ""choice""}, ""uses_frying_pan"": {""noul"": 0.09, ""type"": ""noul""}, ""uses_heat_tag"": {""noul"": 0.98, ""type"": ""noul""}, ""uses_knife_tag"": {""noul"": 0.21, ""type"": ""noul""}, ""uses_microwave"": {""noul"": 0.96, ""type"": ""noul""}}}",
qDB2tM9rHRQ,超カンタン！激ウマ回鍋肉！#中華料理 #料理 #レシピ #ラーメン#時短 #簡単レシピ #時短レシピ,https://www.youtube.com/watch?v=qDB2tM9rHRQ,ok,needs_review,true,0.79,中華,0.99,その他,0.57,主菜,0.68,肉,0.90,ガッツリ,0.39,温かい,1.00,15〜30分,0.97,true,0.72,true,0.95,true,0.77,false,0.94,staple;dish_shape;taste_tag;uses_knife_tag,3022,"{""core"": {""dish_shape"": {""choice"": ""main"", ""confidence"": 0.68, ""probabilities"": {""bowl"": 0.01, ""bread"": 0.0, ""main"": 0.74, ""noodle"": 0.24, ""other"": 0.01, ""rice_other"": 0.0, ""stew"": 0.0}, ""type"": ""choice""}, ""genre"": {""choice"": ""chuka"", ""confidence"": 0.99, ""probabilities"": {""chuka"": 1.0, ""korean"": 0.0, ""other"": 0.0, ""washoku"": 0.0, ""yoshoku"": 0.0}, ""type"": ""choice""}, ""is_single_recipe"": {""noul"": 0.79, ""type"": ""noul""}, ""main_ingredient"": {""choice"": ""meat"", ""confidence"": 0.9, ""probabilities"": {""egg"": 0.0, ""fish"": 0.0, ""meat"": 0.92, ""other"": 0.08, ""soy"": 0.0, ""vegetable"": 0.0}, ""type"": ""choice""}, ""staple"": {""choice"": ""other"", ""confidence"": 0.57, ""probabilities"": {""bread"": 0.0, ""noodle"": 0.28, ""other"": 0.68, ""rice"": 0.04}, ""type"": ""choice""}, ""taste_tag"": {""choice"": ""rich"", ""confidence"": 0.39, ""probabilities"": {""light"": 0.0, ""rich"": 0.55, ""semi_light"": 0.0, ""semi_rich"": 0.45}, ""type"": ""choice""}}, ""workload"": {""temperature_tag"": {""choice"": ""warm"", ""confidence"": 1.0, ""probabilities"": {""cold"": 0.0, ""warm"": 1.0}, ""type"": ""choice""}, ""time_tag"": {""choice"": ""min_15_30"", ""confidence"": 0.97, ""probabilities"": {""min_15_30"": 0.99, ""over_30"": 0.0, ""within_15"": 0.01}, ""type"": ""choice""}, ""uses_frying_pan"": {""noul"": 0.77, ""type"": ""noul""}, ""uses_heat_tag"": {""noul"": 0.95, ""type"": ""noul""}, ""uses_knife_tag"": {""noul"": 0.72, ""type"": ""noul""}, ""uses_microwave"": {""noul"": 0.06, ""type"": ""noul""}}}",
DuAujlENoSY,『パン・オ・ショコラ』おうちで作る時短レシピ,https://www.youtube.com/watch?v=DuAujlENoSY,ok,needs_review,true,0.83,洋食,0.92,パン,1.00,パン料理,1.00,その他,1.00,ガッツリ,0.92,温かい,0.99,15〜30分,0.64,true,0.73,true,0.94,false,0.88,false,0.97,time_tag;uses_knife_tag,3414,"{""core"": {""dish_shape"": {""choice"": ""bread"", ""confidence"": 1.0, ""probabilities"": {""bowl"": 0.0, ""bread"": 1.0, ""main"": 0.0, ""noodle"": 0.0, ""other"": 0.0, ""rice_other"": 0.0, ""stew"": 0.0}, ""type"": ""choice""}, ""genre"": {""choice"": ""yoshoku"", ""confidence"": 0.92, ""probabilities"": {""chuka"": 0.0, ""korean"": 0.0, ""other"": 0.06, ""washoku"": 0.0, ""yoshoku"": 0.94}, ""type"": ""choice""}, ""is_single_recipe"": {""noul"": 0.83, ""type"": ""noul""}, ""main_ingredient"": {""choice"": ""other"", ""confidence"": 1.0, ""probabilities"": {""egg"": 0.0, ""fish"": 0.0, ""meat"": 0.0, ""other"": 1.0, ""soy"": 0.0, ""vegetable"": 0.0}, ""type"": ""choice""}, ""staple"": {""choice"": ""bread"", ""confidence"": 1.0, ""probabilities"": {""bread"": 1.0, ""noodle"": 0.0, ""other"": 0.0, ""rice"": 0.0}, ""type"": ""choice""}, ""taste_tag"": {""choice"": ""rich"", ""confidence"": 0.92, ""probabilities"": {""light"": 0.0, ""rich"": 0.94, ""semi_light"": 0.0, ""semi_rich"": 0.06}, ""type"": ""choice""}}, ""workload"": {""temperature_tag"": {""choice"": ""warm"", ""confidence"": 0.99, ""probabilities"": {""cold"": 0.0, ""warm"": 1.0}, ""type"": ""choice""}, ""time_tag"": {""choice"": ""min_15_30"", ""confidence"": 0.64, ""probabilities"": {""min_15_30"": 0.76, ""over_30"": 0.23, ""within_15"": 0.01}, ""type"": ""choice""}, ""uses_frying_pan"": {""noul"": 0.12, ""type"": ""noul""}, ""uses_heat_tag"": {""noul"": 0.94, ""type"": ""noul""}, ""uses_knife_tag"": {""noul"": 0.73, ""type"": ""noul""}, ""uses_microwave"": {""noul"": 0.03, ""type"": ""noul""}}}",
6FvhAL3rjIo,🍙おにぎりランチケースの使い方✨＃お弁当＃おにぎり＃時短レシピ,https://www.youtube.com/watch?v=6FvhAL3rjIo,ok,needs_review,true,0.67,和食,0.98,ご飯,1.00,丼以外のご飯もの,1.00,その他,1.00,あっさり,0.82,温かい,0.24,15〜30分,0.54,false,0.91,false,0.72,false,0.87,false,0.95,is_single_recipe;temperature_tag;time_tag;uses_heat_tag,2834,"{""core"": {""dish_shape"": {""choice"": ""rice_other"", ""confidence"": 1.0, ""probabilities"": {""bowl"": 0.0, ""bread"": 0.0, ""main"": 0.0, ""noodle"": 0.0, ""other"": 0.0, ""rice_other"": 1.0, ""stew"": 0.0}, ""type"": ""choice""}, ""genre"": {""choice"": ""washoku"", ""confidence"": 0.98, ""probabilities"": {""chuka"": 0.0, ""korean"": 0.0, ""other"": 0.01, ""washoku"": 0.99, ""yoshoku"": 0.0}, ""type"": ""choice""}, ""is_single_recipe"": {""noul"": 0.67, ""type"": ""noul""}, ""main_ingredient"": {""choice"": ""other"", ""confidence"": 1.0, ""probabilities"": {""egg"": 0.0, ""fish"": 0.0, ""meat"": 0.0, ""other"": 1.0, ""soy"": 0.0, ""vegetable"": 0.0}, ""type"": ""choice""}, ""staple"": {""choice"": ""rice"", ""confidence"": 1.0, ""probabilities"": {""bread"": 0.0, ""noodle"": 0.0, ""other"": 0.0, ""rice"": 1.0}, ""type"": ""choice""}, ""taste_tag"": {""choice"": ""light"", ""confidence"": 0.82, ""probabilities"": {""light"": 0.87, ""rich"": 0.0, ""semi_light"": 0.13, ""semi_rich"": 0.0}, ""type"": ""choice""}}, ""workload"": {""temperature_tag"": {""choice"": ""warm"", ""confidence"": 0.24, ""probabilities"": {""cold"": 0.38, ""warm"": 0.62}, ""type"": ""choice""}, ""time_tag"": {""choice"": ""min_15_30"", ""confidence"": 0.54, ""probabilities"": {""min_15_30"": 0.69, ""over_30"": 0.0, ""within_15"": 0.31}, ""type"": ""choice""}, ""uses_frying_pan"": {""noul"": 0.13, ""type"": ""noul""}, ""uses_heat_tag"": {""noul"": 0.28, ""type"": ""noul""}, ""uses_knife_tag"": {""noul"": 0.09, ""type"": ""noul""}, ""uses_microwave"": {""noul"": 0.05, ""type"": ""noul""}}}",
HDZm4ayyvRc,SNS総再生866万の油そば！#料理 #レシピ #ラーメン#時短 #簡単レシピ #時短レシピ,https://www.youtube.com/watch?v=HDZm4ayyvRc,ok,needs_review,true,0.83,中華,0.81,麺,1.00,麺料理,1.00,その他,0.97,ガッツリ,0.72,温かい,0.94,15分以内,0.98,false,0.56,true,0.96,false,0.70,false,0.93,taste_tag;uses_knife_tag;uses_frying_pan,3002,"{""core"": {""dish_shape"": {""choice"": ""noodle"", ""confidence"": 1.0, ""probabilities"": {""bowl"": 0.0, ""bread"": 0.0, ""main"": 0.0, ""noodle"": 1.0, ""other"": 0.0, ""rice_other"": 0.0, ""stew"": 0.0}, ""type"": ""choice""}, ""genre"": {""choice"": ""chuka"", ""confidence"": 0.81, ""probabilities"": {""chuka"": 0.85, ""korean"": 0.0, ""other"": 0.01, ""washoku"": 0.14, ""yoshoku"": 0.0}, ""type"": ""choice""}, ""is_single_recipe"": {""noul"": 0.83, ""type"": ""noul""}, ""main_ingredient"": {""choice"": ""other"", ""confidence"": 0.97, ""probabilities"": {""egg"": 0.0, ""fish"": 0.01, ""meat"": 0.01, ""other"": 0.97, ""soy"": 0.01, ""vegetable"": 0.0}, ""type"": ""choice""}, ""staple"": {""choice"": ""noodle"", ""confidence"": 1.0, ""probabilities"": {""bread"": 0.0, ""noodle"": 1.0, ""other"": 0.0, ""rice"": 0.0}, ""type"": ""choice""}, ""taste_tag"": {""choice"": ""rich"", ""confidence"": 0.72, ""probabilities"": {""light"": 0.0, ""rich"": 0.79, ""semi_light"": 0.0, ""semi_rich"": 0.21}, ""type"": ""choice""}}, ""workload"": {""temperature_tag"": {""choice"": ""warm"", ""confidence"": 0.94, ""probabilities"": {""cold"": 0.03, ""warm"": 0.97}, ""type"": ""choice""}, ""time_tag"": {""choice"": ""within_15"", ""confidence"": 0.98, ""probabilities"": {""min_15_30"": 0.01, ""over_30"": 0.0, ""within_15"": 0.99}, ""type"": ""choice""}, ""uses_frying_pan"": {""noul"": 0.3, ""type"": ""noul""}, ""uses_heat_tag"": {""noul"": 0.96, ""type"": ""noul""}, ""uses_knife_tag"": {""noul"": 0.44, ""type"": ""noul""}, ""uses_microwave"": {""noul"": 0.07, ""type"": ""noul""}}}",
avVuDCgdLAg,【ズッキーニのミートチーズ焼き】#簡単レシピ#ワンパンレシピ #時短レシピ#節約レシピ#レシピ,https://www.youtube.com/watch?v=avVuDCgdLAg,ok,needs_review,true,0.83,洋食,0.85,その他,1.00,主菜,0.99,野菜中心,0.87,ガッツリ,0.68,温かい,1.00,15〜30分,0.99,true,0.71,true,0.96,true,0.94,false,0.94,taste_tag;uses_knife_tag,2588,"{""core"": {""dish_shape"": {""choice"": ""main"", ""confidence"": 0.99, ""probabilities"": {""bowl"": 0.0, ""bread"": 0.0, ""main"": 1.0, ""noodle"": 0.0, ""other"": 0.0, ""rice_other"": 0.0, ""stew"": 0.0}, ""type"": ""choice""}, ""genre"": {""choice"": ""yoshoku"", ""confidence"": 0.85, ""probabilities"": {""chuka"": 0.0, ""korean"": 0.0, ""other"": 0.11, ""washoku"": 0.01, ""yoshoku"": 0.88}, ""type"": ""choice""}, ""is_single_recipe"": {""noul"": 0.83, ""type"": ""noul""}, ""main_ingredient"": {""choice"": ""vegetable"", ""confidence"": 0.87, ""probabilities"": {""egg"": 0.0, ""fish"": 0.0, ""meat"": 0.04, ""other"": 0.07, ""soy"": 0.0, ""vegetable"": 0.89}, ""type"": ""choice""}, ""staple"": {""choice"": ""other"", ""confidence"": 1.0, ""probabilities"": {""bread"": 0.0, ""noodle"": 0.0, ""other"": 1.0, ""rice"": 0.0}, ""type"": ""choice""}, ""taste_tag"": {""choice"": ""rich"", ""confidence"": 0.68, ""probabilities"": {""light"": 0.0, ""rich"": 0.76, ""semi_light"": 0.01, ""semi_rich"": 0.23}, ""type"": ""choice""}}, ""workload"": {""temperature_tag"": {""choice"": ""warm"", ""confidence"": 1.0, ""probabilities"": {""cold"": 0.0, ""warm"": 1.0}, ""type"": ""choice""}, ""time_tag"": {""choice"": ""min_15_30"", ""confidence"": 0.99, ""probabilities"": {""min_15_30"": 1.0, ""over_30"": 0.0, ""within_15"": 0.0}, ""type"": ""choice""}, ""uses_frying_pan"": {""noul"": 0.94, ""type"": ""noul""}, ""uses_heat_tag"": {""noul"": 0.96, ""type"": ""noul""}, ""uses_knife_tag"": {""noul"": 0.71, ""type"": ""noul""}, ""uses_microwave"": {""noul"": 0.06, ""type"": ""noul""}}}",
dGt4C8TJod8,レンジでカンタン！！絶品カルボナーラ！ #料理 #レシピ #ラーメン#時短 #簡単レシピ #時短レシピ,https://www.youtube.com/watch?v=dGt4C8TJod8,ok,needs_review,true,0.83,洋食,0.96,麺,0.99,麺料理,0.94,その他,0.66,ガッツリ,0.89,温かい,1.00,15〜30分,0.77,false,0.58,true,0.97,false,0.68,true,0.95,main_ingredient;uses_knife_tag;uses_frying_pan,3040,"{""core"": {""dish_shape"": {""choice"": ""noodle"", ""confidence"": 0.94, ""probabilities"": {""bowl"": 0.0, ""bread"": 0.0, ""main"": 0.04, ""noodle"": 0.95, ""other"": 0.01, ""rice_other"": 0.0, ""stew"": 0.0}, ""type"": ""choice""}, ""genre"": {""choice"": ""yoshoku"", ""confidence"": 0.96, ""probabilities"": {""chuka"": 0.03, ""korean"": 0.0, ""other"": 0.0, ""washoku"": 0.0, ""yoshoku"": 0.97}, ""type"": ""choice""}, ""is_single_recipe"": {""noul"": 0.83, ""type"": ""noul""}, ""main_ingredient"": {""choice"": ""other"", ""confidence"": 0.66, ""probabilities"": {""egg"": 0.1, ""fish"": 0.01, ""meat"": 0.17, ""other"": 0.72, ""soy"": 0.0, ""vegetable"": 0.0}, ""type"": ""choice""}, ""staple"": {""choice"": ""noodle"", ""confidence"": 0.99, ""probabilities"": {""bread"": 0.0, ""noodle"": 1.0, ""other"": 0.0, ""rice"": 0.0}, ""type"": ""choice""}, ""taste_tag"": {""choice"": ""rich"", ""confidence"": 0.89, ""probabilities"": {""light"": 0.0, ""rich"": 0.92, ""semi_light"": 0.0, ""semi_rich"": 0.08}, ""type"": ""choice""}}, ""workload"": {""temperature_tag"": {""choice"": ""warm"", ""confidence"": 1.0, ""probabilities"": {""cold"": 0.0, ""warm"": 1.0}, ""type"": ""choice""}, ""time_tag"": {""choice"": ""min_15_30"", ""confidence"": 0.77, ""probabilities"": {""min_15_30"": 0.85, ""over_30"": 0.0, ""within_15"": 0.15}, ""type"": ""choice""}, ""uses_frying_pan"": {""noul"": 0.32, ""type"": ""noul""}, ""uses_heat_tag"": {""noul"": 0.97, ""type"": ""noul""}, ""uses_knife_tag"": {""noul"": 0.42, ""type"": ""noul""}, ""uses_microwave"": {""noul"": 0.95, ""type"": ""noul""}}}",
kJF1cluEG_c,ワンオペ金曜日の超時短ごはん🍝ナポリうどんありですか？#るいちゃんねる #簡単レシピ #簡単料理 #時短レシピ #時短節約 #2歳,https://www.youtube.com/watch?v=kJF1cluEG_c,ok,needs_review,true,0.71,和食,0.43,麺,1.00,麺料理,1.00,その他,0.98,ややガッツリ,0.95,温かい,0.98,15分以内,0.98,false,0.65,true,0.95,false,0.59,false,0.90,is_single_recipe;genre;uses_knife_tag;uses_frying_pan,2604,"{""core"": {""dish_shape"": {""choice"": ""noodle"", ""confidence"": 1.0, ""probabilities"": {""bowl"": 0.0, ""bread"": 0.0, ""main"": 0.0, ""noodle"": 1.0, ""other"": 0.0, ""rice_other"": 0.0, ""stew"": 0.0}, ""type"": ""choice""}, ""genre"": {""choice"": ""washoku"", ""confidence"": 0.43, ""probabilities"": {""chuka"": 0.0, ""korean"": 0.0, ""other"": 0.02, ""washoku"": 0.56, ""yoshoku"": 0.42}, ""type"": ""choice""}, ""is_single_recipe"": {""noul"": 0.71, ""type"": ""noul""}, ""main_ingredient"": {""choice"": ""other"", ""confidence"": 0.98, ""probabilities"": {""egg"": 0.0, ""fish"": 0.0, ""meat"": 0.01, ""other"": 0.99, ""soy"": 0.0, ""vegetable"": 0.0}, ""type"": ""choice""}, ""staple"": {""choice"": ""noodle"", ""confidence"": 1.0, ""probabilities"": {""bread"": 0.0, ""noodle"": 1.0, ""other"": 0.0, ""rice"": 0.0}, ""type"": ""choice""}, ""taste_tag"": {""choice"": ""semi_rich"", ""confidence"": 0.95, ""probabilities"": {""light"": 0.0, ""rich"": 0.02, ""semi_light"": 0.02, ""semi_rich"": 0.96}, ""type"": ""choice""}}, ""workload"": {""temperature_tag"": {""choice"": ""warm"", ""confidence"": 0.98, ""probabilities"": {""cold"": 0.01, ""warm"": 0.99}, ""type"": ""choice""}, ""time_tag"": {""choice"": ""within_15"", ""confidence"": 0.98, ""probabilities"": {""min_15_30"": 0.01, ""over_30"": 0.0, ""within_15"": 0.99}, ""type"": ""choice""}, ""uses_frying_pan"": {""noul"": 0.41, ""type"": ""noul""}, ""uses_heat_tag"": {""noul"": 0.95, ""type"": ""noul""}, ""uses_knife_tag"": {""noul"": 0.35, ""type"": ""noul""}, ""uses_microwave"": {""noul"": 0.1, ""type"": ""noul""}}}",
u5kuoCI0qk4,レンジで簡単！味の素だしの醤油ラーメン#時短#ラーメン#簡単レシピ#時短レシピ#レシピ#時短料理,https://www.youtube.com/watch?v=u5kuoCI0qk4,ok,needs_review,true,0.84,中華,0.94,麺,1.00,麺料理,1.00,その他,0.96,ややガッツリ,0.88,温かい,1.00,15〜30分,0.95,false,0.73,true,0.98,false,0.87,true,0.96,uses_knife_tag,2606,"{""core"": {""dish_shape"": {""choice"": ""noodle"", ""confidence"": 1.0, ""probabilities"": {""bowl"": 0.0, ""bread"": 0.0, ""main"": 0.0, ""noodle"": 1.0, ""other"": 0.0, ""rice_other"": 0.0, ""stew"": 0.0}, ""type"": ""choice""}, ""genre"": {""choice"": ""chuka"", ""confidence"": 0.94, ""probabilities"": {""chuka"": 0.95, ""korean"": 0.0, ""other"": 0.0, ""washoku"": 0.05, ""yoshoku"": 0.0}, ""type"": ""choice""}, ""is_single_recipe"": {""noul"": 0.84, ""type"": ""noul""}, ""main_ingredient"": {""choice"": ""other"", ""confidence"": 0.96, ""probabilities"": {""egg"": 0.0, ""fish"": 0.0, ""meat"": 0.0, ""other"": 0.97, ""soy"": 0.03, ""vegetable"": 0.0}, ""type"": ""choice""}, ""staple"": {""choice"": ""noodle"", ""confidence"": 1.0, ""probabilities"": {""bread"": 0.0, ""noodle"": 1.0, ""other"": 0.0, ""rice"": 0.0}, ""type"": ""choice""}, ""taste_tag"": {""choice"": ""semi_rich"", ""confidence"": 0.88, ""probabilities"": {""light"": 0.01, ""rich"": 0.04, ""semi_light"": 0.05, ""semi_rich"": 0.9}, ""type"": ""choice""}}, ""workload"": {""temperature_tag"": {""choice"": ""warm"", ""confidence"": 1.0, ""probabilities"": {""cold"": 0.0, ""warm"": 1.0}, ""type"": ""choice""}, ""time_tag"": {""choice"": ""min_15_30"", ""confidence"": 0.95, ""probabilities"": {""min_15_30"": 0.97, ""over_30"": 0.0, ""within_15"": 0.03}, ""type"": ""choice""}, ""uses_frying_pan"": {""noul"": 0.13, ""type"": ""noul""}, ""uses_heat_tag"": {""noul"": 0.98, ""type"": ""noul""}, ""uses_knife_tag"": {""noul"": 0.27, ""type"": ""noul""}, ""uses_microwave"": {""noul"": 0.96, ""type"": ""noul""}}}",
ByAhnn2gPA4,溶かすだけで食べられる絶品冷凍パスタ弁当 #パスタ #暮らしチャンネル #冷凍ストック #cooking #料理 #時短レシピ #簡単レシピ #pasta #food #自炊 #おうちごはん #時短,https://www.youtube.com/watch?v=ByAhnn2gPA4,ok,ai_tagged,true,0.85,洋食,1.00,麺,1.00,麺料理,1.00,その他,1.00,ややガッツリ,0.99,温かい,1.00,15分以内,0.76,false,0.91,true,0.99,false,0.93,true,0.99,,4288,"{""core"": {""dish_shape"": {""choice"": ""noodle"", ""confidence"": 1.0, ""probabilities"": {""bowl"": 0.0, ""bread"": 0.0, ""main"": 0.0, ""noodle"": 1.0, ""other"": 0.0, ""rice_other"": 0.0, ""stew"": 0.0}, ""type"": ""choice""}, ""genre"": {""choice"": ""yoshoku"", ""confidence"": 1.0, ""probabilities"": {""chuka"": 0.0, ""korean"": 0.0, ""other"": 0.0, ""washoku"": 0.0, ""yoshoku"": 1.0}, ""type"": ""choice""}, ""is_single_recipe"": {""noul"": 0.85, ""type"": ""noul""}, ""main_ingredient"": {""choice"": ""other"", ""confidence"": 1.0, ""probabilities"": {""egg"": 0.0, ""fish"": 0.0, ""meat"": 0.0, ""other"": 1.0, ""soy"": 0.0, ""vegetable"": 0.0}, ""type"": ""choice""}, ""staple"": {""choice"": ""noodle"", ""confidence"": 1.0, ""probabilities"": {""bread"": 0.0, ""noodle"": 1.0, ""other"": 0.0, ""rice"": 0.0}, ""type"": ""choice""}, ""taste_tag"": {""choice"": ""semi_rich"", ""confidence"": 0.99, ""probabilities"": {""light"": 0.0, ""rich"": 0.0, ""semi_light"": 0.0, ""semi_rich"": 1.0}, ""type"": ""choice""}}, ""workload"": {""temperature_tag"": {""choice"": ""warm"", ""confidence"": 1.0, ""probabilities"": {""cold"": 0.0, ""warm"": 1.0}, ""type"": ""choice""}, ""time_tag"": {""choice"": ""within_15"", ""confidence"": 0.76, ""probabilities"": {""min_15_30"": 0.1, ""over_30"": 0.06, ""within_15"": 0.84}, ""type"": ""choice""}, ""uses_frying_pan"": {""noul"": 0.07, ""type"": ""noul""}, ""uses_heat_tag"": {""noul"": 0.99, ""type"": ""noul""}, ""uses_knife_tag"": {""noul"": 0.09, ""type"": ""noul""}, ""uses_microwave"": {""noul"": 0.99, ""type"": ""noul""}}}",
9ioFNszKXGc,【簡単レシピ】納豆パリパリ焼き #おつまみ #簡単レシピ #簡単 #簡単料理 #時短 #時短レシピ #時短料理 #節約 #節約レシピ #自炊 #料理 #料理動画 #チーズ #一人暮らし #ズボラ飯,https://www.youtube.com/watch?v=9ioFNszKXGc,ok,needs_review,true,0.79,和食,0.76,その他,1.00,主菜,0.48,豆腐・大豆,0.96,ガッツリ,0.95,温かい,0.99,15〜30分,0.95,false,0.72,true,0.96,true,0.94,false,0.94,dish_shape;uses_knife_tag,2676,"{""core"": {""dish_shape"": {""choice"": ""main"", ""confidence"": 0.48, ""probabilities"": {""bowl"": 0.0, ""bread"": 0.0, ""main"": 0.56, ""noodle"": 0.0, ""other"": 0.44, ""rice_other"": 0.0, ""stew"": 0.0}, ""type"": ""choice""}, ""genre"": {""choice"": ""washoku"", ""confidence"": 0.76, ""probabilities"": {""chuka"": 0.0, ""korean"": 0.0, ""other"": 0.17, ""washoku"": 0.81, ""yoshoku"": 0.02}, ""type"": ""choice""}, ""is_single_recipe"": {""noul"": 0.79, ""type"": ""noul""}, ""main_ingredient"": {""choice"": ""soy"", ""confidence"": 0.96, ""probabilities"": {""egg"": 0.0, ""fish"": 0.0, ""meat"": 0.0, ""other"": 0.03, ""soy"": 0.97, ""vegetable"": 0.0}, ""type"": ""choice""}, ""staple"": {""choice"": ""other"", ""confidence"": 1.0, ""probabilities"": {""bread"": 0.0, ""noodle"": 0.0, ""other"": 1.0, ""rice"": 0.0}, ""type"": ""choice""}, ""taste_tag"": {""choice"": ""rich"", ""confidence"": 0.95, ""probabilities"": {""light"": 0.0, ""rich"": 0.97, ""semi_light"": 0.0, ""semi_rich"": 0.03}, ""type"": ""choice""}}, ""workload"": {""temperature_tag"": {""choice"": ""warm"", ""confidence"": 0.99, ""probabilities"": {""cold"": 0.0, ""warm"": 1.0}, ""type"": ""choice""}, ""time_tag"": {""choice"": ""min_15_30"", ""confidence"": 0.95, ""probabilities"": {""min_15_30"": 0.97, ""over_30"": 0.0, ""within_15"": 0.03}, ""type"": ""choice""}, ""uses_frying_pan"": {""noul"": 0.94, ""type"": ""noul""}, ""uses_heat_tag"": {""noul"": 0.96, ""type"": ""noul""}, ""uses_knife_tag"": {""noul"": 0.28, ""type"": ""noul""}, ""uses_microwave"": {""noul"": 0.06, ""type"": ""noul""}}}",
7Nuv6esgxSM,絶品！塩ラーメン #時短#ラーメン#簡単レシピ#時短レシピ#レシピ#時短料理,https://www.youtube.com/watch?v=7Nuv6esgxSM,ok,needs_review,true,0.81,中華,0.98,麺,1.00,麺料理,1.00,その他,0.99,ややガッツリ,0.57,温かい,1.00,15〜30分,0.97,false,0.67,true,0.96,false,0.81,false,0.92,taste_tag;uses_knife_tag,2582,"{""core"": {""dish_shape"": {""choice"": ""noodle"", ""confidence"": 1.0, ""probabilities"": {""bowl"": 0.0, ""bread"": 0.0, ""main"": 0.0, ""noodle"": 1.0, ""other"": 0.0, ""rice_other"": 0.0, ""stew"": 0.0}, ""type"": ""choice""}, ""genre"": {""choice"": ""chuka"", ""confidence"": 0.98, ""probabilities"": {""chuka"": 0.98, ""korean"": 0.0, ""other"": 0.0, ""washoku"": 0.02, ""yoshoku"": 0.0}, ""type"": ""choice""}, ""is_single_recipe"": {""noul"": 0.81, ""type"": ""noul""}, ""main_ingredient"": {""choice"": ""other"", ""confidence"": 0.99, ""probabilities"": {""egg"": 0.0, ""fish"": 0.0, ""meat"": 0.0, ""other"": 1.0, ""soy"": 0.0, ""vegetable"": 0.0}, ""type"": ""choice""}, ""staple"": {""choice"": ""noodle"", ""confidence"": 1.0, ""probabilities"": {""bread"": 0.0, ""noodle"": 1.0, ""other"": 0.0, ""rice"": 0.0}, ""type"": ""choice""}, ""taste_tag"": {""choice"": ""semi_rich"", ""confidence"": 0.57, ""probabilities"": {""light"": 0.09, ""rich"": 0.02, ""semi_light"": 0.22, ""semi_rich"": 0.67}, ""type"": ""choice""}}, ""workload"": {""temperature_tag"": {""choice"": ""warm"", ""confidence"": 1.0, ""probabilities"": {""cold"": 0.0, ""warm"": 1.0}, ""type"": ""choice""}, ""time_tag"": {""choice"": ""min_15_30"", ""confidence"": 0.97, ""probabilities"": {""min_15_30"": 0.98, ""over_30"": 0.0, ""within_15"": 0.02}, ""type"": ""choice""}, ""uses_frying_pan"": {""noul"": 0.19, ""type"": ""noul""}, ""uses_heat_tag"": {""noul"": 0.96, ""type"": ""noul""}, ""uses_knife_tag"": {""noul"": 0.33, ""type"": ""noul""}, ""uses_microwave"": {""noul"": 0.08, ""type"": ""noul""}}}",
LjZRVYmB5Gc,絶品！90秒で作れる油そば #ラーメン,https://www.youtube.com/watch?v=LjZRVYmB5Gc,ok,needs_review,true,0.86,中華,0.94,麺,1.00,麺料理,1.00,その他,0.99,ガッツリ,0.72,温かい,0.94,15分以内,1.00,false,0.74,true,0.96,false,0.61,false,0.93,taste_tag;uses_knife_tag;uses_frying_pan,2976,"{""core"": {""dish_shape"": {""choice"": ""noodle"", ""confidence"": 1.0, ""probabilities"": {""bowl"": 0.0, ""bread"": 0.0, ""main"": 0.0, ""noodle"": 1.0, ""other"": 0.0, ""rice_other"": 0.0, ""stew"": 0.0}, ""type"": ""choice""}, ""genre"": {""choice"": ""chuka"", ""confidence"": 0.94, ""probabilities"": {""chuka"": 0.96, ""korean"": 0.0, ""other"": 0.0, ""washoku"": 0.04, ""yoshoku"": 0.0}, ""type"": ""choice""}, ""is_single_recipe"": {""noul"": 0.86, ""type"": ""noul""}, ""main_ingredient"": {""choice"": ""other"", ""confidence"": 0.99, ""probabilities"": {""egg"": 0.0, ""fish"": 0.0, ""meat"": 0.0, ""other"": 1.0, ""soy"": 0.0, ""vegetable"": 0.0}, ""type"": ""choice""}, ""staple"": {""choice"": ""noodle"", ""confidence"": 1.0, ""probabilities"": {""bread"": 0.0, ""noodle"": 1.0, ""other"": 0.0, ""rice"": 0.0}, ""type"": ""choice""}, ""taste_tag"": {""choice"": ""rich"", ""confidence"": 0.72, ""probabilities"": {""light"": 0.0, ""rich"": 0.79, ""semi_light"": 0.0, ""semi_rich"": 0.21}, ""type"": ""choice""}}, ""workload"": {""temperature_tag"": {""choice"": ""warm"", ""confidence"": 0.94, ""probabilities"": {""cold"": 0.03, ""warm"": 0.97}, ""type"": ""choice""}, ""time_tag"": {""choice"": ""within_15"", ""confidence"": 1.0, ""probabilities"": {""min_15_30"": 0.0, ""over_30"": 0.0, ""within_15"": 1.0}, ""type"": ""choice""}, ""uses_frying_pan"": {""noul"": 0.39, ""type"": ""noul""}, ""uses_heat_tag"": {""noul"": 0.96, ""type"": ""noul""}, ""uses_knife_tag"": {""noul"": 0.26, ""type"": ""noul""}, ""uses_microwave"": {""noul"": 0.07, ""type"": ""noul""}}}",
hkpA_NetwFo,たった125円！たった7分！究極の節約飯の『すき焼き丼』が悶絶級に旨いっ！,https://www.youtube.com/watch?v=hkpA_NetwFo,ok,ai_tagged,true,0.90,和食,1.00,ご飯,1.00,丼,1.00,肉,0.97,ややガッツリ,0.77,温かい,1.00,15分以内,1.00,true,0.78,true,0.98,true,0.97,false,0.97,,3838,"{""core"": {""dish_shape"": {""choice"": ""bowl"", ""confidence"": 1.0, ""probabilities"": {""bowl"": 1.0, ""bread"": 0.0, ""main"": 0.0, ""noodle"": 0.0, ""other"": 0.0, ""rice_other"": 0.0, ""stew"": 0.0}, ""type"": ""choice""}, ""genre"": {""choice"": ""washoku"", ""confidence"": 1.0, ""probabilities"": {""chuka"": 0.0, ""korean"": 0.0, ""other"": 0.0, ""washoku"": 1.0, ""yoshoku"": 0.0}, ""type"": ""choice""}, ""is_single_recipe"": {""noul"": 0.9, ""type"": ""noul""}, ""main_ingredient"": {""choice"": ""meat"", ""confidence"": 0.97, ""probabilities"": {""egg"": 0.0, ""fish"": 0.0, ""meat"": 0.98, ""other"": 0.02, ""soy"": 0.0, ""vegetable"": 0.0}, ""type"": ""choice""}, ""staple"": {""choice"": ""rice"", ""confidence"": 1.0, ""probabilities"": {""bread"": 0.0, ""noodle"": 0.0, ""other"": 0.0, ""rice"": 1.0}, ""type"": ""choice""}, ""taste_tag"": {""choice"": ""semi_rich"", ""confidence"": 0.77, ""probabilities"": {""light"": 0.0, ""rich"": 0.17, ""semi_light"": 0.0, ""semi_rich"": 0.83}, ""type"": ""choice""}}, ""workload"": {""temperature_tag"": {""choice"": ""warm"", ""confidence"": 1.0, ""probabilities"": {""cold"": 0.0, ""warm"": 1.0}, ""type"": ""choice""}, ""time_tag"": {""choice"": ""within_15"", ""confidence"": 1.0, ""probabilities"": {""min_15_30"": 0.0, ""over_30"": 0.0, ""within_15"": 1.0}, ""type"": ""choice""}, ""uses_frying_pan"": {""noul"": 0.97, ""type"": ""noul""}, ""uses_heat_tag"": {""noul"": 0.98, ""type"": ""noul""}, ""uses_knife_tag"": {""noul"": 0.78, ""type"": ""noul""}, ""uses_microwave"": {""noul"": 0.03, ""type"": ""noul""}}}",
VZ2K7_d2Jq8,なんじゃこりゃ。美味すぎやねん。 #パスタレシピ #節約レシピ,https://www.youtube.com/watch?v=VZ2K7_d2Jq8,ok,needs_review,true,0.71,洋食,0.99,麺,1.00,麺料理,1.00,その他,1.00,ややガッツリ,0.99,温かい,1.00,15〜30分,0.99,false,0.60,true,0.95,false,0.67,false,0.93,is_single_recipe;uses_knife_tag;uses_frying_pan,2556,"{""core"": {""dish_shape"": {""choice"": ""noodle"", ""confidence"": 1.0, ""probabilities"": {""bowl"": 0.0, ""bread"": 0.0, ""main"": 0.0, ""noodle"": 1.0, ""other"": 0.0, ""rice_other"": 0.0, ""stew"": 0.0}, ""type"": ""choice""}, ""genre"": {""choice"": ""yoshoku"", ""confidence"": 0.99, ""probabilities"": {""chuka"": 0.0, ""korean"": 0.0, ""other"": 0.0, ""washoku"": 0.0, ""yoshoku"": 1.0}, ""type"": ""choice""}, ""is_single_recipe"": {""noul"": 0.71, ""type"": ""noul""}, ""main_ingredient"": {""choice"": ""other"", ""confidence"": 1.0, ""probabilities"": {""egg"": 0.0, ""fish"": 0.0, ""meat"": 0.0, ""other"": 1.0, ""soy"": 0.0, ""vegetable"": 0.0}, ""type"": ""choice""}, ""staple"": {""choice"": ""noodle"", ""confidence"": 1.0, ""probabilities"": {""bread"": 0.0, ""noodle"": 1.0, ""other"": 0.0, ""rice"": 0.0}, ""type"": ""choice""}, ""taste_tag"": {""choice"": ""semi_rich"", ""confidence"": 0.99, ""probabilities"": {""light"": 0.0, ""rich"": 0.01, ""semi_light"": 0.0, ""semi_rich"": 0.99}, ""type"": ""choice""}}, ""workload"": {""temperature_tag"": {""choice"": ""warm"", ""confidence"": 1.0, ""probabilities"": {""cold"": 0.0, ""warm"": 1.0}, ""type"": ""choice""}, ""time_tag"": {""choice"": ""min_15_30"", ""confidence"": 0.99, ""probabilities"": {""min_15_30"": 1.0, ""over_30"": 0.0, ""within_15"": 0.0}, ""type"": ""choice""}, ""uses_frying_pan"": {""noul"": 0.33, ""type"": ""noul""}, ""uses_heat_tag"": {""noul"": 0.95, ""type"": ""noul""}, ""uses_knife_tag"": {""noul"": 0.4, ""type"": ""noul""}, ""uses_microwave"": {""noul"": 0.07, ""type"": ""noul""}}}",
5w2EJNu_7Pw,【DAY85】究極の節約丼🍚 #shorts #節約 #節約レシピ,https://www.youtube.com/watch?v=5w2EJNu_7Pw,ok,needs_review,true,0.67,和食,0.99,ご飯,1.00,丼,1.00,その他,0.98,ややあっさり,0.50,温かい,1.00,15分以内,1.00,false,0.59,true,0.92,false,0.83,false,0.92,is_single_recipe;taste_tag;uses_knife_tag,2562,"{""core"": {""dish_shape"": {""choice"": ""bowl"", ""confidence"": 1.0, ""probabilities"": {""bowl"": 1.0, ""bread"": 0.0, ""main"": 0.0, ""noodle"": 0.0, ""other"": 0.0, ""rice_other"": 0.0, ""stew"": 0.0}, ""type"": ""choice""}, ""genre"": {""choice"": ""washoku"", ""confidence"": 0.99, ""probabilities"": {""chuka"": 0.0, ""korean"": 0.0, ""other"": 0.01, ""washoku"": 0.99, ""yoshoku"": 0.0}, ""type"": ""choice""}, ""is_single_recipe"": {""noul"": 0.67, ""type"": ""noul""}, ""main_ingredient"": {""choice"": ""other"", ""confidence"": 0.98, ""probabilities"": {""egg"": 0.01, ""fish"": 0.0, ""meat"": 0.0, ""other"": 0.99, ""soy"": 0.0, ""vegetable"": 0.0}, ""type"": ""choice""}, ""staple"": {""choice"": ""rice"", ""confidence"": 1.0, ""probabilities"": {""bread"": 0.0, ""noodle"": 0.0, ""other"": 0.0, ""rice"": 1.0}, ""type"": ""choice""}, ""taste_tag"": {""choice"": ""semi_light"", ""confidence"": 0.5, ""probabilities"": {""light"": 0.16, ""rich"": 0.0, ""semi_light"": 0.63, ""semi_rich"": 0.21}, ""type"": ""choice""}}, ""workload"": {""temperature_tag"": {""choice"": ""warm"", ""confidence"": 1.0, ""probabilities"": {""cold"": 0.0, ""warm"": 1.0}, ""type"": ""choice""}, ""time_tag"": {""choice"": ""within_15"", ""confidence"": 1.0, ""probabilities"": {""min_15_30"": 0.0, ""over_30"": 0.0, ""within_15"": 1.0}, ""type"": ""choice""}, ""uses_frying_pan"": {""noul"": 0.17, ""type"": ""noul""}, ""uses_heat_tag"": {""noul"": 0.92, ""type"": ""noul""}, ""uses_knife_tag"": {""noul"": 0.41, ""type"": ""noul""}, ""uses_microwave"": {""noul"": 0.08, ""type"": ""noul""}}}",
zMTkRGQbp_s,【節約ごはん】年明け…食費を抑える！ 街で聞いたらレシピ続々…『気になる！』,https://www.youtube.com/watch?v=zMTkRGQbp_s,ok,exclude_candidate,false,0.87,和食,0.99,麺,0.99,麺料理,0.97,その他,1.00,ややあっさり,0.27,温かい,1.00,15〜30分,0.98,false,0.71,true,0.95,false,0.82,true,0.73,taste_tag;uses_knife_tag;uses_microwave,3508,"{""core"": {""dish_shape"": {""choice"": ""noodle"", ""confidence"": 0.97, ""probabilities"": {""bowl"": 0.0, ""bread"": 0.0, ""main"": 0.0, ""noodle"": 0.97, ""other"": 0.03, ""rice_other"": 0.0, ""stew"": 0.0}, ""type"": ""choice""}, ""genre"": {""choice"": ""washoku"", ""confidence"": 0.99, ""probabilities"": {""chuka"": 0.0, ""korean"": 0.0, ""other"": 0.0, ""washoku"": 1.0, ""yoshoku"": 0.0}, ""type"": ""choice""}, ""is_single_recipe"": {""noul"": 0.13, ""type"": ""noul""}, ""main_ingredient"": {""choice"": ""other"", ""confidence"": 1.0, ""probabilities"": {""egg"": 0.0, ""fish"": 0.0, ""meat"": 0.0, ""other"": 1.0, ""soy"": 0.0, ""vegetable"": 0.0}, ""type"": ""choice""}, ""staple"": {""choice"": ""noodle"", ""confidence"": 0.99, ""probabilities"": {""bread"": 0.0, ""noodle"": 0.99, ""other"": 0.01, ""rice"": 0.0}, ""type"": ""choice""}, ""taste_tag"": {""choice"": ""semi_light"", ""confidence"": 0.27, ""probabilities"": {""light"": 0.4, ""rich"": 0.0, ""semi_light"": 0.46, ""semi_rich"": 0.14}, ""type"": ""choice""}}, ""workload"": {""temperature_tag"": {""choice"": ""warm"", ""confidence"": 1.0, ""probabilities"": {""cold"": 0.0, ""warm"": 1.0}, ""type"": ""choice""}, ""time_tag"": {""choice"": ""min_15_30"", ""confidence"": 0.98, ""probabilities"": {""min_15_30"": 0.99, ""over_30"": 0.0, ""within_15"": 0.01}, ""type"": ""choice""}, ""uses_frying_pan"": {""noul"": 0.18, ""type"": ""noul""}, ""uses_heat_tag"": {""noul"": 0.95, ""type"": ""noul""}, ""uses_knife_tag"": {""noul"": 0.29, ""type"": ""noul""}, ""uses_microwave"": {""noul"": 0.73, ""type"": ""noul""}}}",
sT2jr0x5Gyo,【節約レシピ】夫大絶賛の簡単節約丼🍚🍳 #shorts #節約 #節約レシピ,https://www.youtube.com/watch?v=sT2jr0x5Gyo,ok,needs_review,true,0.75,和食,0.99,ご飯,1.00,丼,1.00,その他,0.45,ややガッツリ,0.59,温かい,1.00,15分以内,1.00,false,0.62,true,0.94,false,0.63,false,0.91,main_ingredient;taste_tag;uses_knife_tag;uses_frying_pan,2578,"{""core"": {""dish_shape"": {""choice"": ""bowl"", ""confidence"": 1.0, ""probabilities"": {""bowl"": 1.0, ""bread"": 0.0, ""main"": 0.0, ""noodle"": 0.0, ""other"": 0.0, ""rice_other"": 0.0, ""stew"": 0.0}, ""type"": ""choice""}, ""genre"": {""choice"": ""washoku"", ""confidence"": 0.99, ""probabilities"": {""chuka"": 0.0, ""korean"": 0.0, ""other"": 0.0, ""washoku"": 1.0, ""yoshoku"": 0.0}, ""type"": ""choice""}, ""is_single_recipe"": {""noul"": 0.75, ""type"": ""noul""}, ""main_ingredient"": {""choice"": ""other"", ""confidence"": 0.45, ""probabilities"": {""egg"": 0.45, ""fish"": 0.0, ""meat"": 0.0, ""other"": 0.55, ""soy"": 0.0, ""vegetable"": 0.0}, ""type"": ""choice""}, ""staple"": {""choice"": ""rice"", ""confidence"": 1.0, ""probabilities"": {""bread"": 0.0, ""noodle"": 0.0, ""other"": 0.0, ""rice"": 1.0}, ""type"": ""choice""}, ""taste_tag"": {""choice"": ""semi_rich"", ""confidence"": 0.59, ""probabilities"": {""light"": 0.01, ""rich"": 0.0, ""semi_light"": 0.29, ""semi_rich"": 0.7}, ""type"": ""choice""}}, ""workload"": {""temperature_tag"": {""choice"": ""warm"", ""confidence"": 1.0, ""probabilities"": {""cold"": 0.0, ""warm"": 1.0}, ""type"": ""choice""}, ""time_tag"": {""choice"": ""within_15"", ""confidence"": 1.0, ""probabilities"": {""min_15_30"": 0.0, ""over_30"": 0.0, ""within_15"": 1.0}, ""type"": ""choice""}, ""uses_frying_pan"": {""noul"": 0.37, ""type"": ""noul""}, ""uses_heat_tag"": {""noul"": 0.94, ""type"": ""noul""}, ""uses_knife_tag"": {""noul"": 0.38, ""type"": ""noul""}, ""uses_microwave"": {""noul"": 0.09, ""type"": ""noul""}}}",
_TlU0THKU0M,1人前150円で出来るそうめんの最強レシピ知ってる？そうめんそうめんレシピ節約レシピ料理,https://www.youtube.com/watch?v=_TlU0THKU0M,ok,needs_review,true,0.73,和食,0.95,麺,1.00,麺料理,1.00,その他,1.00,あっさり,0.71,冷たい,0.91,15〜30分,0.97,false,0.59,true,0.92,false,0.80,false,0.92,is_single_recipe;taste_tag;uses_knife_tag,2650,"{""core"": {""dish_shape"": {""choice"": ""noodle"", ""confidence"": 1.0, ""probabilities"": {""bowl"": 0.0, ""bread"": 0.0, ""main"": 0.0, ""noodle"": 1.0, ""other"": 0.0, ""rice_other"": 0.0, ""stew"": 0.0}, ""type"": ""choice""}, ""genre"": {""choice"": ""washoku"", ""confidence"": 0.95, ""probabilities"": {""chuka"": 0.0, ""korean"": 0.0, ""other"": 0.04, ""washoku"": 0.96, ""yoshoku"": 0.0}, ""type"": ""choice""}, ""is_single_recipe"": {""noul"": 0.73, ""type"": ""noul""}, ""main_ingredient"": {""choice"": ""other"", ""confidence"": 1.0, ""probabilities"": {""egg"": 0.0, ""fish"": 0.0, ""meat"": 0.0, ""other"": 1.0, ""soy"": 0.0, ""vegetable"": 0.0}, ""type"": ""choice""}, ""staple"": {""choice"": ""noodle"", ""confidence"": 1.0, ""probabilities"": {""bread"": 0.0, ""noodle"": 1.0, ""other"": 0.0, ""rice"": 0.0}, ""type"": ""choice""}, ""taste_tag"": {""choice"": ""light"", ""confidence"": 0.71, ""probabilities"": {""light"": 0.78, ""rich"": 0.0, ""semi_light"": 0.19, ""semi_rich"": 0.03}, ""type"": ""choice""}}, ""workload"": {""temperature_tag"": {""choice"": ""cold"", ""confidence"": 0.91, ""probabilities"": {""cold"": 0.95, ""warm"": 0.05}, ""type"": ""choice""}, ""time_tag"": {""choice"": ""min_15_30"", ""confidence"": 0.97, ""probabilities"": {""min_15_30"": 0.98, ""over_30"": 0.0, ""within_15"": 0.02}, ""type"": ""choice""}, ""uses_frying_pan"": {""noul"": 0.2, ""type"": ""noul""}, ""uses_heat_tag"": {""noul"": 0.92, ""type"": ""noul""}, ""uses_knife_tag"": {""noul"": 0.41, ""type"": ""noul""}, ""uses_microwave"": {""noul"": 0.08, ""type"": ""noul""}}}",
pMgfSA-R40w,材料3つ！混ぜて凍らせるだけ【ヨーグルトアイス】ヨーグルトの水切りなし！簡単に作れて美味しい♪,https://www.youtube.com/watch?v=pMgfSA-R40w,ok,needs_review,true,0.91,その他,0.87,その他,1.00,その他,1.00,その他,1.00,あっさり,0.26,冷たい,1.00,30分以上,0.57,false,0.93,false,0.87,false,0.91,false,0.78,taste_tag;time_tag,3632,"{""core"": {""dish_shape"": {""choice"": ""other"", ""confidence"": 1.0, ""probabilities"": {""bowl"": 0.0, ""bread"": 0.0, ""main"": 0.0, ""noodle"": 0.0, ""other"": 1.0, ""rice_other"": 0.0, ""stew"": 0.0}, ""type"": ""choice""}, ""genre"": {""choice"": ""other"", ""confidence"": 0.87, ""probabilities"": {""chuka"": 0.0, ""korean"": 0.0, ""other"": 0.9, ""washoku"": 0.0, ""yoshoku"": 0.1}, ""type"": ""choice""}, ""is_single_recipe"": {""noul"": 0.91, ""type"": ""noul""}, ""main_ingredient"": {""choice"": ""other"", ""confidence"": 1.0, ""probabilities"": {""egg"": 0.0, ""fish"": 0.0, ""meat"": 0.0, ""other"": 1.0, ""soy"": 0.0, ""vegetable"": 0.0}, ""type"": ""choice""}, ""staple"": {""choice"": ""other"", ""confidence"": 1.0, ""probabilities"": {""bread"": 0.0, ""noodle"": 0.0, ""other"": 1.0, ""rice"": 0.0}, ""type"": ""choice""}, ""taste_tag"": {""choice"": ""light"", ""confidence"": 0.26, ""probabilities"": {""light"": 0.45, ""rich"": 0.03, ""semi_light"": 0.32, ""semi_rich"": 0.2}, ""type"": ""choice""}}, ""workload"": {""temperature_tag"": {""choice"": ""cold"", ""confidence"": 1.0, ""probabilities"": {""cold"": 1.0, ""warm"": 0.0}, ""type"": ""choice""}, ""time_tag"": {""choice"": ""over_30"", ""confidence"": 0.57, ""probabilities"": {""min_15_30"": 0.25, ""over_30"": 0.71, ""within_15"": 0.04}, ""type"": ""choice""}, ""uses_frying_pan"": {""noul"": 0.09, ""type"": ""noul""}, ""uses_heat_tag"": {""noul"": 0.13, ""type"": ""noul""}, ""uses_knife_tag"": {""noul"": 0.07, ""type"": ""noul""}, ""uses_microwave"": {""noul"": 0.22, ""type"": ""noul""}}}",
-wwoxMWkuQ4,【時短♪節約♪】食べたら止まらない♪ちくわの大葉チーズ巻きwithブラックペッパー♪,https://www.youtube.com/watch?v=-wwoxMWkuQ4,ok,needs_review,true,0.94,和食,0.52,その他,1.00,主菜,0.63,その他,0.46,ややガッツリ,0.34,冷たい,0.95,15分以内,0.91,true,0.96,false,0.95,false,0.95,false,0.98,genre;dish_shape;main_ingredient;taste_tag,4540,"{""core"": {""dish_shape"": {""choice"": ""main"", ""confidence"": 0.63, ""probabilities"": {""bowl"": 0.0, ""bread"": 0.0, ""main"": 0.6900000000000001, ""noodle"": 0.0, ""other"": 0.31, ""rice_other"": 0.0, ""stew"": 0.0}, ""type"": ""choice""}, ""genre"": {""choice"": ""washoku"", ""confidence"": 0.52, ""probabilities"": {""chuka"": 0.0, ""korean"": 0.0, ""other"": 0.36, ""washoku"": 0.62, ""yoshoku"": 0.02}, ""type"": ""choice""}, ""is_single_recipe"": {""noul"": 0.94, ""type"": ""noul""}, ""main_ingredient"": {""choice"": ""other"", ""confidence"": 0.46, ""probabilities"": {""egg"": 0.0, ""fish"": 0.44, ""meat"": 0.0, ""other"": 0.55, ""soy"": 0.0, ""vegetable"": 0.01}, ""type"": ""choice""}, ""staple"": {""choice"": ""other"", ""confidence"": 1.0, ""probabilities"": {""bread"": 0.0, ""noodle"": 0.0, ""other"": 1.0, ""rice"": 0.0}, ""type"": ""choice""}, ""taste_tag"": {""choice"": ""semi_rich"", ""confidence"": 0.34, ""probabilities"": {""light"": 0.02, ""rich"": 0.26, ""semi_light"": 0.22, ""semi_rich"": 0.5}, ""type"": ""choice""}}, ""workload"": {""temperature_tag"": {""choice"": ""cold"", ""confidence"": 0.95, ""probabilities"": {""cold"": 0.98, ""warm"": 0.02}, ""type"": ""choice""}, ""time_tag"": {""choice"": ""within_15"", ""confidence"": 0.91, ""probabilities"": {""min_15_30"": 0.06, ""over_30"": 0.0, ""within_15"": 0.94}, ""type"": ""choice""}, ""uses_frying_pan"": {""noul"": 0.05, ""type"": ""noul""}, ""uses_heat_tag"": {""noul"": 0.05, ""type"": ""noul""}, ""uses_knife_tag"": {""noul"": 0.96, ""type"": ""noul""}, ""uses_microwave"": {""noul"": 0.02, ""type"": ""noul""}}}",
QTW5hqsu0oM,4ヶ月で15kg痩せた私が今でも食べてる痩せレシピ🩷 #ダイエット #簡単レシピ #ダイエットレシピ #パスタ #節約 #節約レシピ #簡単レシピ,https://www.youtube.com/watch?v=QTW5hqsu0oM,ok,needs_review,true,0.53,洋食,0.99,麺,1.00,麺料理,1.00,その他,1.00,ややガッツリ,0.96,温かい,0.99,15〜30分,0.99,false,0.57,true,0.94,false,0.69,false,0.91,is_single_recipe;uses_knife_tag;uses_frying_pan,2642,"{""core"": {""dish_shape"": {""choice"": ""noodle"", ""confidence"": 1.0, ""probabilities"": {""bowl"": 0.0, ""bread"": 0.0, ""main"": 0.0, ""noodle"": 1.0, ""other"": 0.0, ""rice_other"": 0.0, ""stew"": 0.0}, ""type"": ""choice""}, ""genre"": {""choice"": ""yoshoku"", ""confidence"": 0.99, ""probabilities"": {""chuka"": 0.0, ""korean"": 0.0, ""other"": 0.01, ""washoku"": 0.0, ""yoshoku"": 0.99}, ""type"": ""choice""}, ""is_single_recipe"": {""noul"": 0.53, ""type"": ""noul""}, ""main_ingredient"": {""choice"": ""other"", ""confidence"": 1.0, ""probabilities"": {""egg"": 0.0, ""fish"": 0.0, ""meat"": 0.0, ""other"": 1.0, ""soy"": 0.0, ""vegetable"": 0.0}, ""type"": ""choice""}, ""staple"": {""choice"": ""noodle"", ""confidence"": 1.0, ""probabilities"": {""bread"": 0.0, ""noodle"": 1.0, ""other"": 0.0, ""rice"": 0.0}, ""type"": ""choice""}, ""taste_tag"": {""choice"": ""semi_rich"", ""confidence"": 0.96, ""probabilities"": {""light"": 0.01, ""rich"": 0.0, ""semi_light"": 0.02, ""semi_rich"": 0.97}, ""type"": ""choice""}}, ""workload"": {""temperature_tag"": {""choice"": ""warm"", ""confidence"": 0.99, ""probabilities"": {""cold"": 0.0, ""warm"": 1.0}, ""type"": ""choice""}, ""time_tag"": {""choice"": ""min_15_30"", ""confidence"": 0.99, ""probabilities"": {""min_15_30"": 1.0, ""over_30"": 0.0, ""within_15"": 0.0}, ""type"": ""choice""}, ""uses_frying_pan"": {""noul"": 0.31, ""type"": ""noul""}, ""uses_heat_tag"": {""noul"": 0.94, ""type"": ""noul""}, ""uses_knife_tag"": {""noul"": 0.43, ""type"": ""noul""}, ""uses_microwave"": {""noul"": 0.09, ""type"": ""noul""}}}",
EZlBM3s_PVU,あまりにも完成度が高いので絶対試してほしい。15分で名店の味【完全再現 吉野家風豚丼】,https://www.youtube.com/watch?v=EZlBM3s_PVU,ok,needs_review,true,0.96,和食,1.00,ご飯,1.00,丼,1.00,肉,1.00,ややガッツリ,0.57,温かい,1.00,15分以内,0.99,true,0.71,true,0.99,true,0.96,false,0.96,taste_tag;uses_knife_tag,4360,"{""core"": {""dish_shape"": {""choice"": ""bowl"", ""confidence"": 1.0, ""probabilities"": {""bowl"": 1.0, ""bread"": 0.0, ""main"": 0.0, ""noodle"": 0.0, ""other"": 0.0, ""rice_other"": 0.0, ""stew"": 0.0}, ""type"": ""choice""}, ""genre"": {""choice"": ""washoku"", ""confidence"": 1.0, ""probabilities"": {""chuka"": 0.0, ""korean"": 0.0, ""other"": 0.0, ""washoku"": 1.0, ""yoshoku"": 0.0}, ""type"": ""choice""}, ""is_single_recipe"": {""noul"": 0.96, ""type"": ""noul""}, ""main_ingredient"": {""choice"": ""meat"", ""confidence"": 1.0, ""probabilities"": {""egg"": 0.0, ""fish"": 0.0, ""meat"": 1.0, ""other"": 0.0, ""soy"": 0.0, ""vegetable"": 0.0}, ""type"": ""choice""}, ""staple"": {""choice"": ""rice"", ""confidence"": 1.0, ""probabilities"": {""bread"": 0.0, ""noodle"": 0.0, ""other"": 0.0, ""rice"": 1.0}, ""type"": ""choice""}, ""taste_tag"": {""choice"": ""semi_rich"", ""confidence"": 0.57, ""probabilities"": {""light"": 0.0, ""rich"": 0.32, ""semi_light"": 0.0, ""semi_rich"": 0.68}, ""type"": ""choice""}}, ""workload"": {""temperature_tag"": {""choice"": ""warm"", ""confidence"": 1.0, ""probabilities"": {""cold"": 0.0, ""warm"": 1.0}, ""type"": ""choice""}, ""time_tag"": {""choice"": ""within_15"", ""confidence"": 0.99, ""probabilities"": {""min_15_30"": 0.01, ""over_30"": 0.0, ""within_15"": 0.99}, ""type"": ""choice""}, ""uses_frying_pan"": {""noul"": 0.96, ""type"": ""noul""}, ""uses_heat_tag"": {""noul"": 0.99, ""type"": ""noul""}, ""uses_knife_tag"": {""noul"": 0.71, ""type"": ""noul""}, ""uses_microwave"": {""noul"": 0.04, ""type"": ""noul""}}}",
JC_9CWW2HA8,これ、ガチで本家よりうめえかもしれません。一度食べたら忘れられない【至高のすたみな丼】,https://www.youtube.com/watch?v=JC_9CWW2HA8,ok,needs_review,true,0.95,和食,0.92,ご飯,1.00,丼,1.00,肉,1.00,ガッツリ,0.99,温かい,1.00,15分以内,0.97,true,0.73,true,0.99,true,0.98,false,0.97,uses_knife_tag,4390,"{""core"": {""dish_shape"": {""choice"": ""bowl"", ""confidence"": 1.0, ""probabilities"": {""bowl"": 1.0, ""bread"": 0.0, ""main"": 0.0, ""noodle"": 0.0, ""other"": 0.0, ""rice_other"": 0.0, ""stew"": 0.0}, ""type"": ""choice""}, ""genre"": {""choice"": ""washoku"", ""confidence"": 0.92, ""probabilities"": {""chuka"": 0.06, ""korean"": 0.0, ""other"": 0.0, ""washoku"": 0.9400000000000001, ""yoshoku"": 0.0}, ""type"": ""choice""}, ""is_single_recipe"": {""noul"": 0.95, ""type"": ""noul""}, ""main_ingredient"": {""choice"": ""meat"", ""confidence"": 1.0, ""probabilities"": {""egg"": 0.0, ""fish"": 0.0, ""meat"": 1.0, ""other"": 0.0, ""soy"": 0.0, ""vegetable"": 0.0}, ""type"": ""choice""}, ""staple"": {""choice"": ""rice"", ""confidence"": 1.0, ""probabilities"": {""bread"": 0.0, ""noodle"": 0.0, ""other"": 0.0, ""rice"": 1.0}, ""type"": ""choice""}, ""taste_tag"": {""choice"": ""rich"", ""confidence"": 0.99, ""probabilities"": {""light"": 0.0, ""rich"": 0.99, ""semi_light"": 0.0, ""semi_rich"": 0.01}, ""type"": ""choice""}}, ""workload"": {""temperature_tag"": {""choice"": ""warm"", ""confidence"": 1.0, ""probabilities"": {""cold"": 0.0, ""warm"": 1.0}, ""type"": ""choice""}, ""time_tag"": {""choice"": ""within_15"", ""confidence"": 0.97, ""probabilities"": {""min_15_30"": 0.02, ""over_30"": 0.0, ""within_15"": 0.98}, ""type"": ""choice""}, ""uses_frying_pan"": {""noul"": 0.98, ""type"": ""noul""}, ""uses_heat_tag"": {""noul"": 0.99, ""type"": ""noul""}, ""uses_knife_tag"": {""noul"": 0.73, ""type"": ""noul""}, ""uses_microwave"": {""noul"": 0.03, ""type"": ""noul""}}}",
bkN_GmU67B8,もう、焼くだけの豚丼にサヨナラ。料理研究家が導く豚丼の最適解、最高傑作豚丼,https://www.youtube.com/watch?v=bkN_GmU67B8,ok,needs_review,true,0.94,和食,0.78,ご飯,1.00,丼,1.00,肉,1.00,ややガッツリ,0.40,温かい,1.00,15分以内,0.96,true,0.80,true,0.99,true,0.98,false,0.97,taste_tag,5010,"{""core"": {""dish_shape"": {""choice"": ""bowl"", ""confidence"": 1.0, ""probabilities"": {""bowl"": 1.0, ""bread"": 0.0, ""main"": 0.0, ""noodle"": 0.0, ""other"": 0.0, ""rice_other"": 0.0, ""stew"": 0.0}, ""type"": ""choice""}, ""genre"": {""choice"": ""washoku"", ""confidence"": 0.78, ""probabilities"": {""chuka"": 0.17, ""korean"": 0.0, ""other"": 0.0, ""washoku"": 0.83, ""yoshoku"": 0.0}, ""type"": ""choice""}, ""is_single_recipe"": {""noul"": 0.94, ""type"": ""noul""}, ""main_ingredient"": {""choice"": ""meat"", ""confidence"": 1.0, ""probabilities"": {""egg"": 0.0, ""fish"": 0.0, ""meat"": 1.0, ""other"": 0.0, ""soy"": 0.0, ""vegetable"": 0.0}, ""type"": ""choice""}, ""staple"": {""choice"": ""rice"", ""confidence"": 1.0, ""probabilities"": {""bread"": 0.0, ""noodle"": 0.0, ""other"": 0.0, ""rice"": 1.0}, ""type"": ""choice""}, ""taste_tag"": {""choice"": ""semi_rich"", ""confidence"": 0.4, ""probabilities"": {""light"": 0.0, ""rich"": 0.45, ""semi_light"": 0.0, ""semi_rich"": 0.55}, ""type"": ""choice""}}, ""workload"": {""temperature_tag"": {""choice"": ""warm"", ""confidence"": 1.0, ""probabilities"": {""cold"": 0.0, ""warm"": 1.0}, ""type"": ""choice""}, ""time_tag"": {""choice"": ""within_15"", ""confidence"": 0.96, ""probabilities"": {""min_15_30"": 0.02, ""over_30"": 0.0, ""within_15"": 0.98}, ""type"": ""choice""}, ""uses_frying_pan"": {""noul"": 0.98, ""type"": ""noul""}, ""uses_heat_tag"": {""noul"": 0.99, ""type"": ""noul""}, ""uses_knife_tag"": {""noul"": 0.8, ""type"": ""noul""}, ""uses_microwave"": {""noul"": 0.03, ""type"": ""noul""}}}",
RIAw_mlbhDY,【これだけは教えたくない！】最強の味噌だれニンニクホルモン丼の作り方,https://www.youtube.com/watch?v=RIAw_mlbhDY,ok,needs_review,true,0.88,和食,1.00,ご飯,1.00,丼,1.00,肉,0.90,ガッツリ,0.95,温かい,1.00,15分以内,0.94,true,0.71,true,0.97,true,0.95,false,0.95,uses_knife_tag,4416,"{""core"": {""dish_shape"": {""choice"": ""bowl"", ""confidence"": 1.0, ""probabilities"": {""bowl"": 1.0, ""bread"": 0.0, ""main"": 0.0, ""noodle"": 0.0, ""other"": 0.0, ""rice_other"": 0.0, ""stew"": 0.0}, ""type"": ""choice""}, ""genre"": {""choice"": ""washoku"", ""confidence"": 1.0, ""probabilities"": {""chuka"": 0.0, ""korean"": 0.0, ""other"": 0.0, ""washoku"": 1.0, ""yoshoku"": 0.0}, ""type"": ""choice""}, ""is_single_recipe"": {""noul"": 0.88, ""type"": ""noul""}, ""main_ingredient"": {""choice"": ""meat"", ""confidence"": 0.9, ""probabilities"": {""egg"": 0.0, ""fish"": 0.0, ""meat"": 0.92, ""other"": 0.08, ""soy"": 0.0, ""vegetable"": 0.0}, ""type"": ""choice""}, ""staple"": {""choice"": ""rice"", ""confidence"": 1.0, ""probabilities"": {""bread"": 0.0, ""noodle"": 0.0, ""other"": 0.0, ""rice"": 1.0}, ""type"": ""choice""}, ""taste_tag"": {""choice"": ""rich"", ""confidence"": 0.95, ""probabilities"": {""light"": 0.0, ""rich"": 0.96, ""semi_light"": 0.0, ""semi_rich"": 0.04}, ""type"": ""choice""}}, ""workload"": {""temperature_tag"": {""choice"": ""warm"", ""confidence"": 1.0, ""probabilities"": {""cold"": 0.0, ""warm"": 1.0}, ""type"": ""choice""}, ""time_tag"": {""choice"": ""within_15"", ""confidence"": 0.94, ""probabilities"": {""min_15_30"": 0.03, ""over_30"": 0.01, ""within_15"": 0.96}, ""type"": ""choice""}, ""uses_frying_pan"": {""noul"": 0.95, ""type"": ""noul""}, ""uses_heat_tag"": {""noul"": 0.97, ""type"": ""noul""}, ""uses_knife_tag"": {""noul"": 0.71, ""type"": ""noul""}, ""uses_microwave"": {""noul"": 0.05, ""type"": ""noul""}}}",
V7EPiux9xRg,親子丼（めんつゆで本格）の簡単な作り方【美味しいホットクックレシピ】阪下千恵,https://www.youtube.com/watch?v=V7EPiux9xRg,ok,needs_review,true,0.90,和食,1.00,ご飯,1.00,丼,1.00,卵,0.48,ややガッツリ,0.84,温かい,1.00,15分以内,0.71,true,0.80,true,0.96,false,0.59,false,0.93,main_ingredient;time_tag;uses_frying_pan,3600,"{""core"": {""dish_shape"": {""choice"": ""bowl"", ""confidence"": 1.0, ""probabilities"": {""bowl"": 1.0, ""bread"": 0.0, ""main"": 0.0, ""noodle"": 0.0, ""other"": 0.0, ""rice_other"": 0.0, ""stew"": 0.0}, ""type"": ""choice""}, ""genre"": {""choice"": ""washoku"", ""confidence"": 1.0, ""probabilities"": {""chuka"": 0.0, ""korean"": 0.0, ""other"": 0.0, ""washoku"": 1.0, ""yoshoku"": 0.0}, ""type"": ""choice""}, ""is_single_recipe"": {""noul"": 0.9, ""type"": ""noul""}, ""main_ingredient"": {""choice"": ""egg"", ""confidence"": 0.48, ""probabilities"": {""egg"": 0.5700000000000001, ""fish"": 0.0, ""meat"": 0.42, ""other"": 0.01, ""soy"": 0.0, ""vegetable"": 0.0}, ""type"": ""choice""}, ""staple"": {""choice"": ""rice"", ""confidence"": 1.0, ""probabilities"": {""bread"": 0.0, ""noodle"": 0.0, ""other"": 0.0, ""rice"": 1.0}, ""type"": ""choice""}, ""taste_tag"": {""choice"": ""semi_rich"", ""confidence"": 0.84, ""probabilities"": {""light"": 0.0, ""rich"": 0.0, ""semi_light"": 0.12, ""semi_rich"": 0.88}, ""type"": ""choice""}}, ""workload"": {""temperature_tag"": {""choice"": ""warm"", ""confidence"": 1.0, ""probabilities"": {""cold"": 0.0, ""warm"": 1.0}, ""type"": ""choice""}, ""time_tag"": {""choice"": ""within_15"", ""confidence"": 0.71, ""probabilities"": {""min_15_30"": 0.17, ""over_30"": 0.02, ""within_15"": 0.81}, ""type"": ""choice""}, ""uses_frying_pan"": {""noul"": 0.41, ""type"": ""noul""}, ""uses_heat_tag"": {""noul"": 0.96, ""type"": ""noul""}, ""uses_knife_tag"": {""noul"": 0.8, ""type"": ""noul""}, ""uses_microwave"": {""noul"": 0.07, ""type"": ""noul""}}}",
ROSategkG8Q,【たった三分で出来る】この丼でズボラ飯の概念が変わる。合法生ユッケ丼,https://www.youtube.com/watch?v=ROSategkG8Q,ok,needs_review,true,0.93,韓国,0.89,ご飯,1.00,丼,1.00,肉,0.99,ややガッツリ,0.50,温かい,0.06,15分以内,1.00,true,0.58,false,0.54,false,0.82,false,0.69,taste_tag;temperature_tag;uses_knife_tag;uses_heat_tag;uses_microwave,4350,"{""core"": {""dish_shape"": {""choice"": ""bowl"", ""confidence"": 1.0, ""probabilities"": {""bowl"": 1.0, ""bread"": 0.0, ""main"": 0.0, ""noodle"": 0.0, ""other"": 0.0, ""rice_other"": 0.0, ""stew"": 0.0}, ""type"": ""choice""}, ""genre"": {""choice"": ""korean"", ""confidence"": 0.89, ""probabilities"": {""chuka"": 0.0, ""korean"": 0.92, ""other"": 0.0, ""washoku"": 0.08, ""yoshoku"": 0.0}, ""type"": ""choice""}, ""is_single_recipe"": {""noul"": 0.93, ""type"": ""noul""}, ""main_ingredient"": {""choice"": ""meat"", ""confidence"": 0.99, ""probabilities"": {""egg"": 0.0, ""fish"": 0.0, ""meat"": 1.0, ""other"": 0.0, ""soy"": 0.0, ""vegetable"": 0.0}, ""type"": ""choice""}, ""staple"": {""choice"": ""rice"", ""confidence"": 1.0, ""probabilities"": {""bread"": 0.0, ""noodle"": 0.0, ""other"": 0.0, ""rice"": 1.0}, ""type"": ""choice""}, ""taste_tag"": {""choice"": ""semi_rich"", ""confidence"": 0.5, ""probabilities"": {""light"": 0.0, ""rich"": 0.37, ""semi_light"": 0.0, ""semi_rich"": 0.63}, ""type"": ""choice""}}, ""workload"": {""temperature_tag"": {""choice"": ""warm"", ""confidence"": 0.06, ""probabilities"": {""cold"": 0.47, ""warm"": 0.53}, ""type"": ""choice""}, ""time_tag"": {""choice"": ""within_15"", ""confidence"": 1.0, ""probabilities"": {""min_15_30"": 0.0, ""over_30"": 0.0, ""within_15"": 1.0}, ""type"": ""choice""}, ""uses_frying_pan"": {""noul"": 0.18, ""type"": ""noul""}, ""uses_heat_tag"": {""noul"": 0.46, ""type"": ""noul""}, ""uses_knife_tag"": {""noul"": 0.58, ""type"": ""noul""}, ""uses_microwave"": {""noul"": 0.31, ""type"": ""noul""}}}",
SmeG5uQ16cY,【ご飯系レシピNo.1】オートミール・キャメロン・ディアス丼,https://www.youtube.com/watch?v=SmeG5uQ16cY,ok,needs_review,true,0.92,和食,0.88,その他,0.73,丼,0.74,その他,0.92,ややガッツリ,0.42,温かい,1.00,15分以内,0.97,true,0.87,true,0.99,true,0.97,false,0.97,staple;dish_shape;taste_tag,4812,"{""core"": {""dish_shape"": {""choice"": ""bowl"", ""confidence"": 0.74, ""probabilities"": {""bowl"": 0.78, ""bread"": 0.0, ""main"": 0.03, ""noodle"": 0.0, ""other"": 0.01, ""rice_other"": 0.16, ""stew"": 0.02}, ""type"": ""choice""}, ""genre"": {""choice"": ""washoku"", ""confidence"": 0.88, ""probabilities"": {""chuka"": 0.0, ""korean"": 0.0, ""other"": 0.05, ""washoku"": 0.91, ""yoshoku"": 0.04}, ""type"": ""choice""}, ""is_single_recipe"": {""noul"": 0.92, ""type"": ""noul""}, ""main_ingredient"": {""choice"": ""other"", ""confidence"": 0.92, ""probabilities"": {""egg"": 0.06, ""fish"": 0.0, ""meat"": 0.01, ""other"": 0.93, ""soy"": 0.0, ""vegetable"": 0.0}, ""type"": ""choice""}, ""staple"": {""choice"": ""other"", ""confidence"": 0.73, ""probabilities"": {""bread"": 0.0, ""noodle"": 0.0, ""other"": 0.8, ""rice"": 0.2}, ""type"": ""choice""}, ""taste_tag"": {""choice"": ""semi_rich"", ""confidence"": 0.42, ""probabilities"": {""light"": 0.01, ""rich"": 0.0, ""semi_light"": 0.42, ""semi_rich"": 0.5700000000000001}, ""type"": ""choice""}}, ""workload"": {""temperature_tag"": {""choice"": ""warm"", ""confidence"": 1.0, ""probabilities"": {""cold"": 0.0, ""warm"": 1.0}, ""type"": ""choice""}, ""time_tag"": {""choice"": ""within_15"", ""confidence"": 0.97, ""probabilities"": {""min_15_30"": 0.02, ""over_30"": 0.0, ""within_15"": 0.98}, ""type"": ""choice""}, ""uses_frying_pan"": {""noul"": 0.97, ""type"": ""noul""}, ""uses_heat_tag"": {""noul"": 0.99, ""type"": ""noul""}, ""uses_knife_tag"": {""noul"": 0.87, ""type"": ""noul""}, ""uses_microwave"": {""noul"": 0.03, ""type"": ""noul""}}}",
8wTPkv7lXds,スーパーのトンカツで作るカツ丼の作り方 #イチカツ #レシピ #料理動画 #カツ丼,https://www.youtube.com/watch?v=8wTPkv7lXds,ok,needs_review,true,0.80,和食,0.96,ご飯,1.00,丼,1.00,肉,0.98,ガッツリ,0.82,温かい,1.00,15分以内,0.98,true,0.61,true,0.92,false,0.57,false,0.92,uses_knife_tag;uses_frying_pan,2562,"{""core"": {""dish_shape"": {""choice"": ""bowl"", ""confidence"": 1.0, ""probabilities"": {""bowl"": 1.0, ""bread"": 0.0, ""main"": 0.0, ""noodle"": 0.0, ""other"": 0.0, ""rice_other"": 0.0, ""stew"": 0.0}, ""type"": ""choice""}, ""genre"": {""choice"": ""washoku"", ""confidence"": 0.96, ""probabilities"": {""chuka"": 0.0, ""korean"": 0.0, ""other"": 0.0, ""washoku"": 0.97, ""yoshoku"": 0.03}, ""type"": ""choice""}, ""is_single_recipe"": {""noul"": 0.8, ""type"": ""noul""}, ""main_ingredient"": {""choice"": ""meat"", ""confidence"": 0.98, ""probabilities"": {""egg"": 0.0, ""fish"": 0.0, ""meat"": 0.98, ""other"": 0.02, ""soy"": 0.0, ""vegetable"": 0.0}, ""type"": ""choice""}, ""staple"": {""choice"": ""rice"", ""confidence"": 1.0, ""probabilities"": {""bread"": 0.0, ""noodle"": 0.0, ""other"": 0.0, ""rice"": 1.0}, ""type"": ""choice""}, ""taste_tag"": {""choice"": ""rich"", ""confidence"": 0.82, ""probabilities"": {""light"": 0.0, ""rich"": 0.86, ""semi_light"": 0.0, ""semi_rich"": 0.14}, ""type"": ""choice""}}, ""workload"": {""temperature_tag"": {""choice"": ""warm"", ""confidence"": 1.0, ""probabilities"": {""cold"": 0.0, ""warm"": 1.0}, ""type"": ""choice""}, ""time_tag"": {""choice"": ""within_15"", ""confidence"": 0.98, ""probabilities"": {""min_15_30"": 0.01, ""over_30"": 0.0, ""within_15"": 0.99}, ""type"": ""choice""}, ""uses_frying_pan"": {""noul"": 0.43, ""type"": ""noul""}, ""uses_heat_tag"": {""noul"": 0.92, ""type"": ""noul""}, ""uses_knife_tag"": {""noul"": 0.61, ""type"": ""noul""}, ""uses_microwave"": {""noul"": 0.08, ""type"": ""noul""}}}",
ge059ZJhfbQ,【スタミナ丼】甘辛で美味しいプロの料理人の作り方,https://www.youtube.com/watch?v=ge059ZJhfbQ,ok,needs_review,true,0.91,和食,0.82,ご飯,1.00,丼,1.00,肉,1.00,ガッツリ,0.74,温かい,1.00,15分以内,0.83,true,0.81,true,0.97,true,0.77,false,0.97,taste_tag,3508,"{""core"": {""dish_shape"": {""choice"": ""bowl"", ""confidence"": 1.0, ""probabilities"": {""bowl"": 1.0, ""bread"": 0.0, ""main"": 0.0, ""noodle"": 0.0, ""other"": 0.0, ""rice_other"": 0.0, ""stew"": 0.0}, ""type"": ""choice""}, ""genre"": {""choice"": ""washoku"", ""confidence"": 0.82, ""probabilities"": {""chuka"": 0.13, ""korean"": 0.01, ""other"": 0.0, ""washoku"": 0.86, ""yoshoku"": 0.0}, ""type"": ""choice""}, ""is_single_recipe"": {""noul"": 0.91, ""type"": ""noul""}, ""main_ingredient"": {""choice"": ""meat"", ""confidence"": 1.0, ""probabilities"": {""egg"": 0.0, ""fish"": 0.0, ""meat"": 1.0, ""other"": 0.0, ""soy"": 0.0, ""vegetable"": 0.0}, ""type"": ""choice""}, ""staple"": {""choice"": ""rice"", ""confidence"": 1.0, ""probabilities"": {""bread"": 0.0, ""noodle"": 0.0, ""other"": 0.0, ""rice"": 1.0}, ""type"": ""choice""}, ""taste_tag"": {""choice"": ""rich"", ""confidence"": 0.74, ""probabilities"": {""light"": 0.0, ""rich"": 0.81, ""semi_light"": 0.0, ""semi_rich"": 0.19}, ""type"": ""choice""}}, ""workload"": {""temperature_tag"": {""choice"": ""warm"", ""confidence"": 1.0, ""probabilities"": {""cold"": 0.0, ""warm"": 1.0}, ""type"": ""choice""}, ""time_tag"": {""choice"": ""within_15"", ""confidence"": 0.83, ""probabilities"": {""min_15_30"": 0.11, ""over_30"": 0.01, ""within_15"": 0.88}, ""type"": ""choice""}, ""uses_frying_pan"": {""noul"": 0.77, ""type"": ""noul""}, ""uses_heat_tag"": {""noul"": 0.97, ""type"": ""noul""}, ""uses_knife_tag"": {""noul"": 0.81, ""type"": ""noul""}, ""uses_microwave"": {""noul"": 0.03, ""type"": ""noul""}}}",
wTjzrGoW0qM,マジでフライパンで最高にウマくて香ばしい『ケバブ』丼が食えちゃいます！【魔法のケバブライス】,https://www.youtube.com/watch?v=wTjzrGoW0qM,ok,needs_review,true,0.93,その他,0.40,ご飯,1.00,丼,1.00,肉,1.00,ややガッツリ,0.41,温かい,0.99,15分以内,0.79,true,0.90,true,0.97,true,0.94,false,0.86,genre;taste_tag,4620,"{""core"": {""dish_shape"": {""choice"": ""bowl"", ""confidence"": 1.0, ""probabilities"": {""bowl"": 1.0, ""bread"": 0.0, ""main"": 0.0, ""noodle"": 0.0, ""other"": 0.0, ""rice_other"": 0.0, ""stew"": 0.0}, ""type"": ""choice""}, ""genre"": {""choice"": ""other"", ""confidence"": 0.4, ""probabilities"": {""chuka"": 0.0, ""korean"": 0.0, ""other"": 0.52, ""washoku"": 0.37, ""yoshoku"": 0.11}, ""type"": ""choice""}, ""is_single_recipe"": {""noul"": 0.93, ""type"": ""noul""}, ""main_ingredient"": {""choice"": ""meat"", ""confidence"": 1.0, ""probabilities"": {""egg"": 0.0, ""fish"": 0.0, ""meat"": 1.0, ""other"": 0.0, ""soy"": 0.0, ""vegetable"": 0.0}, ""type"": ""choice""}, ""staple"": {""choice"": ""rice"", ""confidence"": 1.0, ""probabilities"": {""bread"": 0.0, ""noodle"": 0.0, ""other"": 0.0, ""rice"": 1.0}, ""type"": ""choice""}, ""taste_tag"": {""choice"": ""semi_rich"", ""confidence"": 0.41, ""probabilities"": {""light"": 0.0, ""rich"": 0.44, ""semi_light"": 0.0, ""semi_rich"": 0.56}, ""type"": ""choice""}}, ""workload"": {""temperature_tag"": {""choice"": ""warm"", ""confidence"": 0.99, ""probabilities"": {""cold"": 0.0, ""warm"": 1.0}, ""type"": ""choice""}, ""time_tag"": {""choice"": ""within_15"", ""confidence"": 0.79, ""probabilities"": {""min_15_30"": 0.13, ""over_30"": 0.01, ""within_15"": 0.86}, ""type"": ""choice""}, ""uses_frying_pan"": {""noul"": 0.94, ""type"": ""noul""}, ""uses_heat_tag"": {""noul"": 0.97, ""type"": ""noul""}, ""uses_knife_tag"": {""noul"": 0.9, ""type"": ""noul""}, ""uses_microwave"": {""noul"": 0.14, ""type"": ""noul""}}}",
397XQX8bYJQ,【ホットクックで簡単！】絶対に失敗しない牛丼の作り方｜レシピ,https://www.youtube.com/watch?v=397XQX8bYJQ,ok,needs_review,true,0.88,和食,1.00,ご飯,1.00,丼,1.00,肉,0.99,ややガッツリ,0.94,温かい,1.00,15分以内,0.96,true,0.65,true,0.96,false,0.69,false,0.92,uses_knife_tag;uses_frying_pan,3238,"{""core"": {""dish_shape"": {""choice"": ""bowl"", ""confidence"": 1.0, ""probabilities"": {""bowl"": 1.0, ""bread"": 0.0, ""main"": 0.0, ""noodle"": 0.0, ""other"": 0.0, ""rice_other"": 0.0, ""stew"": 0.0}, ""type"": ""choice""}, ""genre"": {""choice"": ""washoku"", ""confidence"": 1.0, ""probabilities"": {""chuka"": 0.0, ""korean"": 0.0, ""other"": 0.0, ""washoku"": 1.0, ""yoshoku"": 0.0}, ""type"": ""choice""}, ""is_single_recipe"": {""noul"": 0.88, ""type"": ""noul""}, ""main_ingredient"": {""choice"": ""meat"", ""confidence"": 0.99, ""probabilities"": {""egg"": 0.0, ""fish"": 0.0, ""meat"": 0.99, ""other"": 0.01, ""soy"": 0.0, ""vegetable"": 0.0}, ""type"": ""choice""}, ""staple"": {""choice"": ""rice"", ""confidence"": 1.0, ""probabilities"": {""bread"": 0.0, ""noodle"": 0.0, ""other"": 0.0, ""rice"": 1.0}, ""type"": ""choice""}, ""taste_tag"": {""choice"": ""semi_rich"", ""confidence"": 0.94, ""probabilities"": {""light"": 0.0, ""rich"": 0.0, ""semi_light"": 0.04, ""semi_rich"": 0.96}, ""type"": ""choice""}}, ""workload"": {""temperature_tag"": {""choice"": ""warm"", ""confidence"": 1.0, ""probabilities"": {""cold"": 0.0, ""warm"": 1.0}, ""type"": ""choice""}, ""time_tag"": {""choice"": ""within_15"", ""confidence"": 0.96, ""probabilities"": {""min_15_30"": 0.03, ""over_30"": 0.0, ""within_15"": 0.97}, ""type"": ""choice""}, ""uses_frying_pan"": {""noul"": 0.31, ""type"": ""noul""}, ""uses_heat_tag"": {""noul"": 0.96, ""type"": ""noul""}, ""uses_knife_tag"": {""noul"": 0.65, ""type"": ""noul""}, ""uses_microwave"": {""noul"": 0.08, ""type"": ""noul""}}}",
WaQMvydBYzI,【ウインナー丼】焼肉屋が作る禁断のレシピがうますぎる #shorts,https://www.youtube.com/watch?v=WaQMvydBYzI,ok,needs_review,true,0.75,和食,0.98,ご飯,1.00,丼,1.00,肉,0.94,ガッツリ,0.34,温かい,1.00,15分以内,0.99,false,0.53,true,0.94,false,0.59,false,0.94,taste_tag;uses_knife_tag;uses_frying_pan,2874,"{""core"": {""dish_shape"": {""choice"": ""bowl"", ""confidence"": 1.0, ""probabilities"": {""bowl"": 1.0, ""bread"": 0.0, ""main"": 0.0, ""noodle"": 0.0, ""other"": 0.0, ""rice_other"": 0.0, ""stew"": 0.0}, ""type"": ""choice""}, ""genre"": {""choice"": ""washoku"", ""confidence"": 0.98, ""probabilities"": {""chuka"": 0.0, ""korean"": 0.0, ""other"": 0.0, ""washoku"": 0.99, ""yoshoku"": 0.01}, ""type"": ""choice""}, ""is_single_recipe"": {""noul"": 0.75, ""type"": ""noul""}, ""main_ingredient"": {""choice"": ""meat"", ""confidence"": 0.94, ""probabilities"": {""egg"": 0.0, ""fish"": 0.0, ""meat"": 0.95, ""other"": 0.05, ""soy"": 0.0, ""vegetable"": 0.0}, ""type"": ""choice""}, ""staple"": {""choice"": ""rice"", ""confidence"": 1.0, ""probabilities"": {""bread"": 0.0, ""noodle"": 0.0, ""other"": 0.0, ""rice"": 1.0}, ""type"": ""choice""}, ""taste_tag"": {""choice"": ""rich"", ""confidence"": 0.34, ""probabilities"": {""light"": 0.0, ""rich"": 0.51, ""semi_light"": 0.01, ""semi_rich"": 0.48}, ""type"": ""choice""}}, ""workload"": {""temperature_tag"": {""choice"": ""warm"", ""confidence"": 1.0, ""probabilities"": {""cold"": 0.0, ""warm"": 1.0}, ""type"": ""choice""}, ""time_tag"": {""choice"": ""within_15"", ""confidence"": 0.99, ""probabilities"": {""min_15_30"": 0.0, ""over_30"": 0.0, ""within_15"": 1.0}, ""type"": ""choice""}, ""uses_frying_pan"": {""noul"": 0.41, ""type"": ""noul""}, ""uses_heat_tag"": {""noul"": 0.94, ""type"": ""noul""}, ""uses_knife_tag"": {""noul"": 0.47, ""type"": ""noul""}, ""uses_microwave"": {""noul"": 0.06, ""type"": ""noul""}}}",
HSDRA6MrwmA,【完全再現】吉野家潰す気か牛丼,https://www.youtube.com/watch?v=HSDRA6MrwmA,ok,needs_review,true,0.92,和食,1.00,ご飯,1.00,丼,1.00,肉,1.00,ややガッツリ,0.76,温かい,1.00,15〜30分,0.85,true,0.73,true,0.99,true,0.64,false,0.87,uses_knife_tag;uses_frying_pan,5100,"{""core"": {""dish_shape"": {""choice"": ""bowl"", ""confidence"": 1.0, ""probabilities"": {""bowl"": 1.0, ""bread"": 0.0, ""main"": 0.0, ""noodle"": 0.0, ""other"": 0.0, ""rice_other"": 0.0, ""stew"": 0.0}, ""type"": ""choice""}, ""genre"": {""choice"": ""washoku"", ""confidence"": 1.0, ""probabilities"": {""chuka"": 0.0, ""korean"": 0.0, ""other"": 0.0, ""washoku"": 1.0, ""yoshoku"": 0.0}, ""type"": ""choice""}, ""is_single_recipe"": {""noul"": 0.92, ""type"": ""noul""}, ""main_ingredient"": {""choice"": ""meat"", ""confidence"": 1.0, ""probabilities"": {""egg"": 0.0, ""fish"": 0.0, ""meat"": 1.0, ""other"": 0.0, ""soy"": 0.0, ""vegetable"": 0.0}, ""type"": ""choice""}, ""staple"": {""choice"": ""rice"", ""confidence"": 1.0, ""probabilities"": {""bread"": 0.0, ""noodle"": 0.0, ""other"": 0.0, ""rice"": 1.0}, ""type"": ""choice""}, ""taste_tag"": {""choice"": ""semi_rich"", ""confidence"": 0.76, ""probabilities"": {""light"": 0.0, ""rich"": 0.18, ""semi_light"": 0.0, ""semi_rich"": 0.82}, ""type"": ""choice""}}, ""workload"": {""temperature_tag"": {""choice"": ""warm"", ""confidence"": 1.0, ""probabilities"": {""cold"": 0.0, ""warm"": 1.0}, ""type"": ""choice""}, ""time_tag"": {""choice"": ""min_15_30"", ""confidence"": 0.85, ""probabilities"": {""min_15_30"": 0.91, ""over_30"": 0.0, ""within_15"": 0.09}, ""type"": ""choice""}, ""uses_frying_pan"": {""noul"": 0.64, ""type"": ""noul""}, ""uses_heat_tag"": {""noul"": 0.99, ""type"": ""noul""}, ""uses_knife_tag"": {""noul"": 0.73, ""type"": ""noul""}, ""uses_microwave"": {""noul"": 0.13, ""type"": ""noul""}}}",
hetH4NUoDQc,【男飯】本当に美味しいマルチョウのシロコロホルモン丼の作り方,https://www.youtube.com/watch?v=hetH4NUoDQc,ok,needs_review,true,0.86,和食,0.97,ご飯,1.00,丼,1.00,肉,0.99,ガッツリ,0.74,温かい,1.00,15分以内,0.94,true,0.61,true,0.94,false,0.52,false,0.96,taste_tag;uses_knife_tag;uses_frying_pan,3238,"{""core"": {""dish_shape"": {""choice"": ""bowl"", ""confidence"": 1.0, ""probabilities"": {""bowl"": 1.0, ""bread"": 0.0, ""main"": 0.0, ""noodle"": 0.0, ""other"": 0.0, ""rice_other"": 0.0, ""stew"": 0.0}, ""type"": ""choice""}, ""genre"": {""choice"": ""washoku"", ""confidence"": 0.97, ""probabilities"": {""chuka"": 0.01, ""korean"": 0.0, ""other"": 0.01, ""washoku"": 0.98, ""yoshoku"": 0.0}, ""type"": ""choice""}, ""is_single_recipe"": {""noul"": 0.86, ""type"": ""noul""}, ""main_ingredient"": {""choice"": ""meat"", ""confidence"": 0.99, ""probabilities"": {""egg"": 0.0, ""fish"": 0.0, ""meat"": 1.0, ""other"": 0.0, ""soy"": 0.0, ""vegetable"": 0.0}, ""type"": ""choice""}, ""staple"": {""choice"": ""rice"", ""confidence"": 1.0, ""probabilities"": {""bread"": 0.0, ""noodle"": 0.0, ""other"": 0.0, ""rice"": 1.0}, ""type"": ""choice""}, ""taste_tag"": {""choice"": ""rich"", ""confidence"": 0.74, ""probabilities"": {""light"": 0.0, ""rich"": 0.81, ""semi_light"": 0.0, ""semi_rich"": 0.19}, ""type"": ""choice""}}, ""workload"": {""temperature_tag"": {""choice"": ""warm"", ""confidence"": 1.0, ""probabilities"": {""cold"": 0.0, ""warm"": 1.0}, ""type"": ""choice""}, ""time_tag"": {""choice"": ""within_15"", ""confidence"": 0.94, ""probabilities"": {""min_15_30"": 0.04, ""over_30"": 0.0, ""within_15"": 0.96}, ""type"": ""choice""}, ""uses_frying_pan"": {""noul"": 0.48, ""type"": ""noul""}, ""uses_heat_tag"": {""noul"": 0.94, ""type"": ""noul""}, ""uses_knife_tag"": {""noul"": 0.61, ""type"": ""noul""}, ""uses_microwave"": {""noul"": 0.04, ""type"": ""noul""}}}",
C_SNyKS4xl4,【悪魔のチーズメルトソーセージ丼】,https://www.youtube.com/watch?v=C_SNyKS4xl4,ok,ai_tagged,true,0.95,和食,0.97,ご飯,1.00,丼,1.00,肉,1.00,ガッツリ,1.00,温かい,1.00,15分以内,1.00,true,0.82,true,0.99,true,0.97,false,0.90,,3260,"{""core"": {""dish_shape"": {""choice"": ""bowl"", ""confidence"": 1.0, ""probabilities"": {""bowl"": 1.0, ""bread"": 0.0, ""main"": 0.0, ""noodle"": 0.0, ""other"": 0.0, ""rice_other"": 0.0, ""stew"": 0.0}, ""type"": ""choice""}, ""genre"": {""choice"": ""washoku"", ""confidence"": 0.97, ""probabilities"": {""chuka"": 0.0, ""korean"": 0.0, ""other"": 0.0, ""washoku"": 0.97, ""yoshoku"": 0.03}, ""type"": ""choice""}, ""is_single_recipe"": {""noul"": 0.95, ""type"": ""noul""}, ""main_ingredient"": {""choice"": ""meat"", ""confidence"": 1.0, ""probabilities"": {""egg"": 0.0, ""fish"": 0.0, ""meat"": 1.0, ""other"": 0.0, ""soy"": 0.0, ""vegetable"": 0.0}, ""type"": ""choice""}, ""staple"": {""choice"": ""rice"", ""confidence"": 1.0, ""probabilities"": {""bread"": 0.0, ""noodle"": 0.0, ""other"": 0.0, ""rice"": 1.0}, ""type"": ""choice""}, ""taste_tag"": {""choice"": ""rich"", ""confidence"": 1.0, ""probabilities"": {""light"": 0.0, ""rich"": 1.0, ""semi_light"": 0.0, ""semi_rich"": 0.0}, ""type"": ""choice""}}, ""workload"": {""temperature_tag"": {""choice"": ""warm"", ""confidence"": 1.0, ""probabilities"": {""cold"": 0.0, ""warm"": 1.0}, ""type"": ""choice""}, ""time_tag"": {""choice"": ""within_15"", ""confidence"": 1.0, ""probabilities"": {""min_15_30"": 0.0, ""over_30"": 0.0, ""within_15"": 1.0}, ""type"": ""choice""}, ""uses_frying_pan"": {""noul"": 0.97, ""type"": ""noul""}, ""uses_heat_tag"": {""noul"": 0.99, ""type"": ""noul""}, ""uses_knife_tag"": {""noul"": 0.82, ""type"": ""noul""}, ""uses_microwave"": {""noul"": 0.1, ""type"": ""noul""}}}",
auUXkW3N-KA,背徳のチーズソーセージタッカルビ丼,https://www.youtube.com/watch?v=auUXkW3N-KA,ok,ai_tagged,true,0.94,韓国,1.00,ご飯,1.00,丼,1.00,肉,0.99,ガッツリ,1.00,温かい,1.00,15分以内,1.00,true,0.78,true,0.99,true,0.97,false,0.84,,3270,"{""core"": {""dish_shape"": {""choice"": ""bowl"", ""confidence"": 1.0, ""probabilities"": {""bowl"": 1.0, ""bread"": 0.0, ""main"": 0.0, ""noodle"": 0.0, ""other"": 0.0, ""rice_other"": 0.0, ""stew"": 0.0}, ""type"": ""choice""}, ""genre"": {""choice"": ""korean"", ""confidence"": 1.0, ""probabilities"": {""chuka"": 0.0, ""korean"": 1.0, ""other"": 0.0, ""washoku"": 0.0, ""yoshoku"": 0.0}, ""type"": ""choice""}, ""is_single_recipe"": {""noul"": 0.94, ""type"": ""noul""}, ""main_ingredient"": {""choice"": ""meat"", ""confidence"": 0.99, ""probabilities"": {""egg"": 0.0, ""fish"": 0.0, ""meat"": 0.99, ""other"": 0.01, ""soy"": 0.0, ""vegetable"": 0.0}, ""type"": ""choice""}, ""staple"": {""choice"": ""rice"", ""confidence"": 1.0, ""probabilities"": {""bread"": 0.0, ""noodle"": 0.0, ""other"": 0.0, ""rice"": 1.0}, ""type"": ""choice""}, ""taste_tag"": {""choice"": ""rich"", ""confidence"": 1.0, ""probabilities"": {""light"": 0.0, ""rich"": 1.0, ""semi_light"": 0.0, ""semi_rich"": 0.0}, ""type"": ""choice""}}, ""workload"": {""temperature_tag"": {""choice"": ""warm"", ""confidence"": 1.0, ""probabilities"": {""cold"": 0.0, ""warm"": 1.0}, ""type"": ""choice""}, ""time_tag"": {""choice"": ""within_15"", ""confidence"": 1.0, ""probabilities"": {""min_15_30"": 0.0, ""over_30"": 0.0, ""within_15"": 1.0}, ""type"": ""choice""}, ""uses_frying_pan"": {""noul"": 0.97, ""type"": ""noul""}, ""uses_heat_tag"": {""noul"": 0.99, ""type"": ""noul""}, ""uses_knife_tag"": {""noul"": 0.78, ""type"": ""noul""}, ""uses_microwave"": {""noul"": 0.16, ""type"": ""noul""}}}",
rzZk1zZOluY,1番美味しい親子丼の作り方はこれ！🐥 #簡単レシピ #料理 #cooking,https://www.youtube.com/watch?v=rzZk1zZOluY,ok,needs_review,true,0.82,和食,1.00,ご飯,1.00,丼,1.00,卵,0.56,ややガッツリ,0.87,温かい,1.00,15分以内,0.98,true,0.65,true,0.96,false,0.52,false,0.94,main_ingredient;uses_knife_tag;uses_frying_pan,2534,"{""core"": {""dish_shape"": {""choice"": ""bowl"", ""confidence"": 1.0, ""probabilities"": {""bowl"": 1.0, ""bread"": 0.0, ""main"": 0.0, ""noodle"": 0.0, ""other"": 0.0, ""rice_other"": 0.0, ""stew"": 0.0}, ""type"": ""choice""}, ""genre"": {""choice"": ""washoku"", ""confidence"": 1.0, ""probabilities"": {""chuka"": 0.0, ""korean"": 0.0, ""other"": 0.0, ""washoku"": 1.0, ""yoshoku"": 0.0}, ""type"": ""choice""}, ""is_single_recipe"": {""noul"": 0.82, ""type"": ""noul""}, ""main_ingredient"": {""choice"": ""egg"", ""confidence"": 0.56, ""probabilities"": {""egg"": 0.63, ""fish"": 0.0, ""meat"": 0.34, ""other"": 0.03, ""soy"": 0.0, ""vegetable"": 0.0}, ""type"": ""choice""}, ""staple"": {""choice"": ""rice"", ""confidence"": 1.0, ""probabilities"": {""bread"": 0.0, ""noodle"": 0.0, ""other"": 0.0, ""rice"": 1.0}, ""type"": ""choice""}, ""taste_tag"": {""choice"": ""semi_rich"", ""confidence"": 0.87, ""probabilities"": {""light"": 0.0, ""rich"": 0.0, ""semi_light"": 0.1, ""semi_rich"": 0.9}, ""type"": ""choice""}}, ""workload"": {""temperature_tag"": {""choice"": ""warm"", ""confidence"": 1.0, ""probabilities"": {""cold"": 0.0, ""warm"": 1.0}, ""type"": ""choice""}, ""time_tag"": {""choice"": ""within_15"", ""confidence"": 0.98, ""probabilities"": {""min_15_30"": 0.01, ""over_30"": 0.0, ""within_15"": 0.99}, ""type"": ""choice""}, ""uses_frying_pan"": {""noul"": 0.48, ""type"": ""noul""}, ""uses_heat_tag"": {""noul"": 0.96, ""type"": ""noul""}, ""uses_knife_tag"": {""noul"": 0.65, ""type"": ""noul""}, ""uses_microwave"": {""noul"": 0.06, ""type"": ""noul""}}}",
VmX2T8jMrgw,プロのアドバイス満載！絶品中華丼レシピ｜クラシル #shorts,https://www.youtube.com/watch?v=VmX2T8jMrgw,ok,needs_review,true,0.75,中華,0.99,ご飯,1.00,丼,1.00,その他,0.94,ややガッツリ,0.91,温かい,1.00,15分以内,0.99,true,0.51,true,0.94,false,0.66,false,0.93,uses_knife_tag;uses_frying_pan,2592,"{""core"": {""dish_shape"": {""choice"": ""bowl"", ""confidence"": 1.0, ""probabilities"": {""bowl"": 1.0, ""bread"": 0.0, ""main"": 0.0, ""noodle"": 0.0, ""other"": 0.0, ""rice_other"": 0.0, ""stew"": 0.0}, ""type"": ""choice""}, ""genre"": {""choice"": ""chuka"", ""confidence"": 0.99, ""probabilities"": {""chuka"": 1.0, ""korean"": 0.0, ""other"": 0.0, ""washoku"": 0.0, ""yoshoku"": 0.0}, ""type"": ""choice""}, ""is_single_recipe"": {""noul"": 0.75, ""type"": ""noul""}, ""main_ingredient"": {""choice"": ""other"", ""confidence"": 0.94, ""probabilities"": {""egg"": 0.0, ""fish"": 0.0, ""meat"": 0.04, ""other"": 0.95, ""soy"": 0.0, ""vegetable"": 0.01}, ""type"": ""choice""}, ""staple"": {""choice"": ""rice"", ""confidence"": 1.0, ""probabilities"": {""bread"": 0.0, ""noodle"": 0.0, ""other"": 0.0, ""rice"": 1.0}, ""type"": ""choice""}, ""taste_tag"": {""choice"": ""semi_rich"", ""confidence"": 0.91, ""probabilities"": {""light"": 0.0, ""rich"": 0.06, ""semi_light"": 0.01, ""semi_rich"": 0.93}, ""type"": ""choice""}}, ""workload"": {""temperature_tag"": {""choice"": ""warm"", ""confidence"": 1.0, ""probabilities"": {""cold"": 0.0, ""warm"": 1.0}, ""type"": ""choice""}, ""time_tag"": {""choice"": ""within_15"", ""confidence"": 0.99, ""probabilities"": {""min_15_30"": 0.0, ""over_30"": 0.0, ""within_15"": 1.0}, ""type"": ""choice""}, ""uses_frying_pan"": {""noul"": 0.34, ""type"": ""noul""}, ""uses_heat_tag"": {""noul"": 0.94, ""type"": ""noul""}, ""uses_knife_tag"": {""noul"": 0.51, ""type"": ""noul""}, ""uses_microwave"": {""noul"": 0.07, ""type"": ""noul""}}}",
l4hevn3vEEU,Pork Bowl 甘辛豚丼の作り方 #pork #豚丼 #shorts,https://www.youtube.com/watch?v=l4hevn3vEEU,ok,ai_tagged,true,0.93,和食,1.00,ご飯,1.00,丼,1.00,肉,1.00,ややガッツリ,0.81,温かい,1.00,15分以内,0.92,true,0.75,true,0.99,true,0.98,false,0.97,,4226,"{""core"": {""dish_shape"": {""choice"": ""bowl"", ""confidence"": 1.0, ""probabilities"": {""bowl"": 1.0, ""bread"": 0.0, ""main"": 0.0, ""noodle"": 0.0, ""other"": 0.0, ""rice_other"": 0.0, ""stew"": 0.0}, ""type"": ""choice""}, ""genre"": {""choice"": ""washoku"", ""confidence"": 1.0, ""probabilities"": {""chuka"": 0.0, ""korean"": 0.0, ""other"": 0.0, ""washoku"": 1.0, ""yoshoku"": 0.0}, ""type"": ""choice""}, ""is_single_recipe"": {""noul"": 0.93, ""type"": ""noul""}, ""main_ingredient"": {""choice"": ""meat"", ""confidence"": 1.0, ""probabilities"": {""egg"": 0.0, ""fish"": 0.0, ""meat"": 1.0, ""other"": 0.0, ""soy"": 0.0, ""vegetable"": 0.0}, ""type"": ""choice""}, ""staple"": {""choice"": ""rice"", ""confidence"": 1.0, ""probabilities"": {""bread"": 0.0, ""noodle"": 0.0, ""other"": 0.0, ""rice"": 1.0}, ""type"": ""choice""}, ""taste_tag"": {""choice"": ""semi_rich"", ""confidence"": 0.81, ""probabilities"": {""light"": 0.0, ""rich"": 0.14, ""semi_light"": 0.0, ""semi_rich"": 0.86}, ""type"": ""choice""}}, ""workload"": {""temperature_tag"": {""choice"": ""warm"", ""confidence"": 1.0, ""probabilities"": {""cold"": 0.0, ""warm"": 1.0}, ""type"": ""choice""}, ""time_tag"": {""choice"": ""within_15"", ""confidence"": 0.92, ""probabilities"": {""min_15_30"": 0.05, ""over_30"": 0.0, ""within_15"": 0.95}, ""type"": ""choice""}, ""uses_frying_pan"": {""noul"": 0.98, ""type"": ""noul""}, ""uses_heat_tag"": {""noul"": 0.99, ""type"": ""noul""}, ""uses_knife_tag"": {""noul"": 0.75, ""type"": ""noul""}, ""uses_microwave"": {""noul"": 0.03, ""type"": ""noul""}}}",
2sqyZhgGIWY,フライパン一発で3色そぼろ丼🍚✨ #簡単レシピ #胃袋泥棒レシピ,https://www.youtube.com/watch?v=2sqyZhgGIWY,ok,needs_review,true,0.84,和食,1.00,ご飯,1.00,丼,1.00,肉,0.37,ややガッツリ,0.92,温かい,1.00,15分以内,0.99,false,0.60,true,0.98,true,0.97,false,0.95,main_ingredient;uses_knife_tag,2548,"{""core"": {""dish_shape"": {""choice"": ""bowl"", ""confidence"": 1.0, ""probabilities"": {""bowl"": 1.0, ""bread"": 0.0, ""main"": 0.0, ""noodle"": 0.0, ""other"": 0.0, ""rice_other"": 0.0, ""stew"": 0.0}, ""type"": ""choice""}, ""genre"": {""choice"": ""washoku"", ""confidence"": 1.0, ""probabilities"": {""chuka"": 0.0, ""korean"": 0.0, ""other"": 0.0, ""washoku"": 1.0, ""yoshoku"": 0.0}, ""type"": ""choice""}, ""is_single_recipe"": {""noul"": 0.84, ""type"": ""noul""}, ""main_ingredient"": {""choice"": ""meat"", ""confidence"": 0.37, ""probabilities"": {""egg"": 0.12, ""fish"": 0.15, ""meat"": 0.48, ""other"": 0.24, ""soy"": 0.01, ""vegetable"": 0.0}, ""type"": ""choice""}, ""staple"": {""choice"": ""rice"", ""confidence"": 1.0, ""probabilities"": {""bread"": 0.0, ""noodle"": 0.0, ""other"": 0.0, ""rice"": 1.0}, ""type"": ""choice""}, ""taste_tag"": {""choice"": ""semi_rich"", ""confidence"": 0.92, ""probabilities"": {""light"": 0.0, ""rich"": 0.01, ""semi_light"": 0.05, ""semi_rich"": 0.94}, ""type"": ""choice""}}, ""workload"": {""temperature_tag"": {""choice"": ""warm"", ""confidence"": 1.0, ""probabilities"": {""cold"": 0.0, ""warm"": 1.0}, ""type"": ""choice""}, ""time_tag"": {""choice"": ""within_15"", ""confidence"": 0.99, ""probabilities"": {""min_15_30"": 0.0, ""over_30"": 0.0, ""within_15"": 1.0}, ""type"": ""choice""}, ""uses_frying_pan"": {""noul"": 0.97, ""type"": ""noul""}, ""uses_heat_tag"": {""noul"": 0.98, ""type"": ""noul""}, ""uses_knife_tag"": {""noul"": 0.4, ""type"": ""noul""}, ""uses_microwave"": {""noul"": 0.05, ""type"": ""noul""}}}",
RSjX616xPkM,【胃袋を掴む】ふわとろ親子丼 #おうちごはん #簡単レシピ,https://www.youtube.com/watch?v=RSjX616xPkM,ok,needs_review,true,0.83,和食,1.00,ご飯,1.00,丼,1.00,卵,0.87,ややガッツリ,0.82,温かい,1.00,15分以内,0.98,true,0.57,true,0.97,false,0.62,false,0.94,uses_knife_tag;uses_frying_pan,2530,"{""core"": {""dish_shape"": {""choice"": ""bowl"", ""confidence"": 1.0, ""probabilities"": {""bowl"": 1.0, ""bread"": 0.0, ""main"": 0.0, ""noodle"": 0.0, ""other"": 0.0, ""rice_other"": 0.0, ""stew"": 0.0}, ""type"": ""choice""}, ""genre"": {""choice"": ""washoku"", ""confidence"": 1.0, ""probabilities"": {""chuka"": 0.0, ""korean"": 0.0, ""other"": 0.0, ""washoku"": 1.0, ""yoshoku"": 0.0}, ""type"": ""choice""}, ""is_single_recipe"": {""noul"": 0.83, ""type"": ""noul""}, ""main_ingredient"": {""choice"": ""egg"", ""confidence"": 0.87, ""probabilities"": {""egg"": 0.89, ""fish"": 0.0, ""meat"": 0.1, ""other"": 0.01, ""soy"": 0.0, ""vegetable"": 0.0}, ""type"": ""choice""}, ""staple"": {""choice"": ""rice"", ""confidence"": 1.0, ""probabilities"": {""bread"": 0.0, ""noodle"": 0.0, ""other"": 0.0, ""rice"": 1.0}, ""type"": ""choice""}, ""taste_tag"": {""choice"": ""semi_rich"", ""confidence"": 0.82, ""probabilities"": {""light"": 0.0, ""rich"": 0.0, ""semi_light"": 0.13, ""semi_rich"": 0.87}, ""type"": ""choice""}}, ""workload"": {""temperature_tag"": {""choice"": ""warm"", ""confidence"": 1.0, ""probabilities"": {""cold"": 0.0, ""warm"": 1.0}, ""type"": ""choice""}, ""time_tag"": {""choice"": ""within_15"", ""confidence"": 0.98, ""probabilities"": {""min_15_30"": 0.01, ""over_30"": 0.0, ""within_15"": 0.99}, ""type"": ""choice""}, ""uses_frying_pan"": {""noul"": 0.38, ""type"": ""noul""}, ""uses_heat_tag"": {""noul"": 0.97, ""type"": ""noul""}, ""uses_knife_tag"": {""noul"": 0.57, ""type"": ""noul""}, ""uses_microwave"": {""noul"": 0.06, ""type"": ""noul""}}}",
u3_dLqrWRuE,牛丼の作り方｜おうちで簡単にお店の味！ちょっと一手間で激ウマに仕上がる絶品牛丼レシピ！旨味たっぷりで最後の一口まで大満足！-How to make【料理研究家ゆかり】,https://www.youtube.com/watch?v=u3_dLqrWRuE,ok,ai_tagged,true,0.96,和食,1.00,ご飯,1.00,丼,1.00,肉,1.00,ややガッツリ,0.97,温かい,1.00,15分以内,0.94,true,0.98,true,0.99,true,0.99,false,0.97,,4364,"{""core"": {""dish_shape"": {""choice"": ""bowl"", ""confidence"": 1.0, ""probabilities"": {""bowl"": 1.0, ""bread"": 0.0, ""main"": 0.0, ""noodle"": 0.0, ""other"": 0.0, ""rice_other"": 0.0, ""stew"": 0.0}, ""type"": ""choice""}, ""genre"": {""choice"": ""washoku"", ""confidence"": 1.0, ""probabilities"": {""chuka"": 0.0, ""korean"": 0.0, ""other"": 0.0, ""washoku"": 1.0, ""yoshoku"": 0.0}, ""type"": ""choice""}, ""is_single_recipe"": {""noul"": 0.96, ""type"": ""noul""}, ""main_ingredient"": {""choice"": ""meat"", ""confidence"": 1.0, ""probabilities"": {""egg"": 0.0, ""fish"": 0.0, ""meat"": 1.0, ""other"": 0.0, ""soy"": 0.0, ""vegetable"": 0.0}, ""type"": ""choice""}, ""staple"": {""choice"": ""rice"", ""confidence"": 1.0, ""probabilities"": {""bread"": 0.0, ""noodle"": 0.0, ""other"": 0.0, ""rice"": 1.0}, ""type"": ""choice""}, ""taste_tag"": {""choice"": ""semi_rich"", ""confidence"": 0.97, ""probabilities"": {""light"": 0.0, ""rich"": 0.0, ""semi_light"": 0.02, ""semi_rich"": 0.98}, ""type"": ""choice""}}, ""workload"": {""temperature_tag"": {""choice"": ""warm"", ""confidence"": 1.0, ""probabilities"": {""cold"": 0.0, ""warm"": 1.0}, ""type"": ""choice""}, ""time_tag"": {""choice"": ""within_15"", ""confidence"": 0.94, ""probabilities"": {""min_15_30"": 0.04, ""over_30"": 0.0, ""within_15"": 0.96}, ""type"": ""choice""}, ""uses_frying_pan"": {""noul"": 0.99, ""type"": ""noul""}, ""uses_heat_tag"": {""noul"": 0.99, ""type"": ""noul""}, ""uses_knife_tag"": {""noul"": 0.98, ""type"": ""noul""}, ""uses_microwave"": {""noul"": 0.03, ""type"": ""noul""}}}",
4d-Z3-BOW0U,【㊗️500万回再生‼️】【牛丼ってここまで変わる？荏原シェフの技で普通の肉でもプロの味に】｜#クラシル #shorts,https://www.youtube.com/watch?v=4d-Z3-BOW0U,ok,needs_review,true,0.80,和食,1.00,ご飯,1.00,丼,1.00,肉,1.00,ややガッツリ,0.95,温かい,1.00,15分以内,0.96,true,0.76,true,0.96,true,0.67,false,0.95,uses_frying_pan,2994,"{""core"": {""dish_shape"": {""choice"": ""bowl"", ""confidence"": 1.0, ""probabilities"": {""bowl"": 1.0, ""bread"": 0.0, ""main"": 0.0, ""noodle"": 0.0, ""other"": 0.0, ""rice_other"": 0.0, ""stew"": 0.0}, ""type"": ""choice""}, ""genre"": {""choice"": ""washoku"", ""confidence"": 1.0, ""probabilities"": {""chuka"": 0.0, ""korean"": 0.0, ""other"": 0.0, ""washoku"": 1.0, ""yoshoku"": 0.0}, ""type"": ""choice""}, ""is_single_recipe"": {""noul"": 0.8, ""type"": ""noul""}, ""main_ingredient"": {""choice"": ""meat"", ""confidence"": 1.0, ""probabilities"": {""egg"": 0.0, ""fish"": 0.0, ""meat"": 1.0, ""other"": 0.0, ""soy"": 0.0, ""vegetable"": 0.0}, ""type"": ""choice""}, ""staple"": {""choice"": ""rice"", ""confidence"": 1.0, ""probabilities"": {""bread"": 0.0, ""noodle"": 0.0, ""other"": 0.0, ""rice"": 1.0}, ""type"": ""choice""}, ""taste_tag"": {""choice"": ""semi_rich"", ""confidence"": 0.95, ""probabilities"": {""light"": 0.0, ""rich"": 0.01, ""semi_light"": 0.02, ""semi_rich"": 0.97}, ""type"": ""choice""}}, ""workload"": {""temperature_tag"": {""choice"": ""warm"", ""confidence"": 1.0, ""probabilities"": {""cold"": 0.0, ""warm"": 1.0}, ""type"": ""choice""}, ""time_tag"": {""choice"": ""within_15"", ""confidence"": 0.96, ""probabilities"": {""min_15_30"": 0.02, ""over_30"": 0.0, ""within_15"": 0.98}, ""type"": ""choice""}, ""uses_frying_pan"": {""noul"": 0.67, ""type"": ""noul""}, ""uses_heat_tag"": {""noul"": 0.96, ""type"": ""noul""}, ""uses_knife_tag"": {""noul"": 0.76, ""type"": ""noul""}, ""uses_microwave"": {""noul"": 0.05, ""type"": ""noul""}}}",
f7e6EvyVY_M,子供が大好きな給食の豚キムチ丼を作ってみた！,https://www.youtube.com/watch?v=f7e6EvyVY_M,ok,ai_tagged,true,0.96,韓国,0.77,ご飯,1.00,丼,1.00,肉,0.96,ややガッツリ,0.99,温かい,1.00,15分以内,0.84,true,0.98,true,0.99,true,0.99,false,0.97,,4418,"{""core"": {""dish_shape"": {""choice"": ""bowl"", ""confidence"": 1.0, ""probabilities"": {""bowl"": 1.0, ""bread"": 0.0, ""main"": 0.0, ""noodle"": 0.0, ""other"": 0.0, ""rice_other"": 0.0, ""stew"": 0.0}, ""type"": ""choice""}, ""genre"": {""choice"": ""korean"", ""confidence"": 0.77, ""probabilities"": {""chuka"": 0.0, ""korean"": 0.82, ""other"": 0.0, ""washoku"": 0.18, ""yoshoku"": 0.0}, ""type"": ""choice""}, ""is_single_recipe"": {""noul"": 0.96, ""type"": ""noul""}, ""main_ingredient"": {""choice"": ""meat"", ""confidence"": 0.96, ""probabilities"": {""egg"": 0.0, ""fish"": 0.0, ""meat"": 0.96, ""other"": 0.01, ""soy"": 0.0, ""vegetable"": 0.03}, ""type"": ""choice""}, ""staple"": {""choice"": ""rice"", ""confidence"": 1.0, ""probabilities"": {""bread"": 0.0, ""noodle"": 0.0, ""other"": 0.0, ""rice"": 1.0}, ""type"": ""choice""}, ""taste_tag"": {""choice"": ""semi_rich"", ""confidence"": 0.99, ""probabilities"": {""light"": 0.0, ""rich"": 0.0, ""semi_light"": 0.01, ""semi_rich"": 0.99}, ""type"": ""choice""}}, ""workload"": {""temperature_tag"": {""choice"": ""warm"", ""confidence"": 1.0, ""probabilities"": {""cold"": 0.0, ""warm"": 1.0}, ""type"": ""choice""}, ""time_tag"": {""choice"": ""within_15"", ""confidence"": 0.84, ""probabilities"": {""min_15_30"": 0.1, ""over_30"": 0.0, ""within_15"": 0.9}, ""type"": ""choice""}, ""uses_frying_pan"": {""noul"": 0.99, ""type"": ""noul""}, ""uses_heat_tag"": {""noul"": 0.99, ""type"": ""noul""}, ""uses_knife_tag"": {""noul"": 0.98, ""type"": ""noul""}, ""uses_microwave"": {""noul"": 0.03, ""type"": ""noul""}}}",
PfOVD47JN4w,ちくわで最高に旨すぎる丼作れます,https://www.youtube.com/watch?v=PfOVD47JN4w,ok,needs_review,true,0.91,和食,1.00,ご飯,1.00,丼,1.00,魚,0.49,ややガッツリ,0.74,温かい,1.00,15分以内,0.99,true,0.94,true,0.97,true,0.65,false,0.96,main_ingredient;taste_tag;uses_frying_pan,3826,"{""core"": {""dish_shape"": {""choice"": ""bowl"", ""confidence"": 1.0, ""probabilities"": {""bowl"": 1.0, ""bread"": 0.0, ""main"": 0.0, ""noodle"": 0.0, ""other"": 0.0, ""rice_other"": 0.0, ""stew"": 0.0}, ""type"": ""choice""}, ""genre"": {""choice"": ""washoku"", ""confidence"": 1.0, ""probabilities"": {""chuka"": 0.0, ""korean"": 0.0, ""other"": 0.0, ""washoku"": 1.0, ""yoshoku"": 0.0}, ""type"": ""choice""}, ""is_single_recipe"": {""noul"": 0.91, ""type"": ""noul""}, ""main_ingredient"": {""choice"": ""fish"", ""confidence"": 0.49, ""probabilities"": {""egg"": 0.0, ""fish"": 0.58, ""meat"": 0.02, ""other"": 0.34, ""soy"": 0.06, ""vegetable"": 0.0}, ""type"": ""choice""}, ""staple"": {""choice"": ""rice"", ""confidence"": 1.0, ""probabilities"": {""bread"": 0.0, ""noodle"": 0.0, ""other"": 0.0, ""rice"": 1.0}, ""type"": ""choice""}, ""taste_tag"": {""choice"": ""semi_rich"", ""confidence"": 0.74, ""probabilities"": {""light"": 0.0, ""rich"": 0.17, ""semi_light"": 0.03, ""semi_rich"": 0.8}, ""type"": ""choice""}}, ""workload"": {""temperature_tag"": {""choice"": ""warm"", ""confidence"": 1.0, ""probabilities"": {""cold"": 0.0, ""warm"": 1.0}, ""type"": ""choice""}, ""time_tag"": {""choice"": ""within_15"", ""confidence"": 0.99, ""probabilities"": {""min_15_30"": 0.01, ""over_30"": 0.0, ""within_15"": 0.99}, ""type"": ""choice""}, ""uses_frying_pan"": {""noul"": 0.65, ""type"": ""noul""}, ""uses_heat_tag"": {""noul"": 0.97, ""type"": ""noul""}, ""uses_knife_tag"": {""noul"": 0.94, ""type"": ""noul""}, ""uses_microwave"": {""noul"": 0.04, ""type"": ""noul""}}}",
B0Uzvr92B44,【野永シェフの特製・他人丼レシピ】｜#クラシル #shorts,https://www.youtube.com/watch?v=B0Uzvr92B44,ok,needs_review,true,0.80,和食,1.00,ご飯,1.00,丼,1.00,その他,0.65,ややガッツリ,0.78,温かい,1.00,15分以内,0.98,true,0.73,true,0.94,false,0.61,false,0.94,main_ingredient;uses_knife_tag;uses_frying_pan,2904,"{""core"": {""dish_shape"": {""choice"": ""bowl"", ""confidence"": 1.0, ""probabilities"": {""bowl"": 1.0, ""bread"": 0.0, ""main"": 0.0, ""noodle"": 0.0, ""other"": 0.0, ""rice_other"": 0.0, ""stew"": 0.0}, ""type"": ""choice""}, ""genre"": {""choice"": ""washoku"", ""confidence"": 1.0, ""probabilities"": {""chuka"": 0.0, ""korean"": 0.0, ""other"": 0.0, ""washoku"": 1.0, ""yoshoku"": 0.0}, ""type"": ""choice""}, ""is_single_recipe"": {""noul"": 0.8, ""type"": ""noul""}, ""main_ingredient"": {""choice"": ""other"", ""confidence"": 0.65, ""probabilities"": {""egg"": 0.04, ""fish"": 0.05, ""meat"": 0.16, ""other"": 0.7, ""soy"": 0.0, ""vegetable"": 0.05}, ""type"": ""choice""}, ""staple"": {""choice"": ""rice"", ""confidence"": 1.0, ""probabilities"": {""bread"": 0.0, ""noodle"": 0.0, ""other"": 0.0, ""rice"": 1.0}, ""type"": ""choice""}, ""taste_tag"": {""choice"": ""semi_rich"", ""confidence"": 0.78, ""probabilities"": {""light"": 0.0, ""rich"": 0.0, ""semi_light"": 0.16, ""semi_rich"": 0.84}, ""type"": ""choice""}}, ""workload"": {""temperature_tag"": {""choice"": ""warm"", ""confidence"": 1.0, ""probabilities"": {""cold"": 0.0, ""warm"": 1.0}, ""type"": ""choice""}, ""time_tag"": {""choice"": ""within_15"", ""confidence"": 0.98, ""probabilities"": {""min_15_30"": 0.01, ""over_30"": 0.0, ""within_15"": 0.99}, ""type"": ""choice""}, ""uses_frying_pan"": {""noul"": 0.39, ""type"": ""noul""}, ""uses_heat_tag"": {""noul"": 0.94, ""type"": ""noul""}, ""uses_knife_tag"": {""noul"": 0.73, ""type"": ""noul""}, ""uses_microwave"": {""noul"": 0.06, ""type"": ""noul""}}}",
TgBD15J7zmk,某有名チェーン店の牛丼を再現してみた【笠野家の牛丼】,https://www.youtube.com/watch?v=TgBD15J7zmk,ok,ai_tagged,true,0.95,和食,1.00,ご飯,1.00,丼,1.00,肉,1.00,ややガッツリ,0.86,温かい,1.00,15〜30分,0.83,true,0.98,true,0.99,false,0.79,false,0.97,,3728,"{""core"": {""dish_shape"": {""choice"": ""bowl"", ""confidence"": 1.0, ""probabilities"": {""bowl"": 1.0, ""bread"": 0.0, ""main"": 0.0, ""noodle"": 0.0, ""other"": 0.0, ""rice_other"": 0.0, ""stew"": 0.0}, ""type"": ""choice""}, ""genre"": {""choice"": ""washoku"", ""confidence"": 1.0, ""probabilities"": {""chuka"": 0.0, ""korean"": 0.0, ""other"": 0.0, ""washoku"": 1.0, ""yoshoku"": 0.0}, ""type"": ""choice""}, ""is_single_recipe"": {""noul"": 0.95, ""type"": ""noul""}, ""main_ingredient"": {""choice"": ""meat"", ""confidence"": 1.0, ""probabilities"": {""egg"": 0.0, ""fish"": 0.0, ""meat"": 1.0, ""other"": 0.0, ""soy"": 0.0, ""vegetable"": 0.0}, ""type"": ""choice""}, ""staple"": {""choice"": ""rice"", ""confidence"": 1.0, ""probabilities"": {""bread"": 0.0, ""noodle"": 0.0, ""other"": 0.0, ""rice"": 1.0}, ""type"": ""choice""}, ""taste_tag"": {""choice"": ""semi_rich"", ""confidence"": 0.86, ""probabilities"": {""light"": 0.0, ""rich"": 0.0, ""semi_light"": 0.1, ""semi_rich"": 0.9}, ""type"": ""choice""}}, ""workload"": {""temperature_tag"": {""choice"": ""warm"", ""confidence"": 1.0, ""probabilities"": {""cold"": 0.0, ""warm"": 1.0}, ""type"": ""choice""}, ""time_tag"": {""choice"": ""min_15_30"", ""confidence"": 0.83, ""probabilities"": {""min_15_30"": 0.89, ""over_30"": 0.06, ""within_15"": 0.05}, ""type"": ""choice""}, ""uses_frying_pan"": {""noul"": 0.21, ""type"": ""noul""}, ""uses_heat_tag"": {""noul"": 0.99, ""type"": ""noul""}, ""uses_knife_tag"": {""noul"": 0.98, ""type"": ""noul""}, ""uses_microwave"": {""noul"": 0.03, ""type"": ""noul""}}}",
B9MiMjR-iR0,『技術は不要』ちょっとずつ余った野菜達こそ最高の食材です。家庭で作る中華丼の作り方,https://www.youtube.com/watch?v=B9MiMjR-iR0,ok,needs_review,true,0.93,中華,0.98,ご飯,1.00,丼,1.00,野菜中心,0.97,ややガッツリ,0.98,温かい,1.00,15分以内,0.64,true,0.94,true,0.99,true,0.90,false,0.98,time_tag,5008,"{""core"": {""dish_shape"": {""choice"": ""bowl"", ""confidence"": 1.0, ""probabilities"": {""bowl"": 1.0, ""bread"": 0.0, ""main"": 0.0, ""noodle"": 0.0, ""other"": 0.0, ""rice_other"": 0.0, ""stew"": 0.0}, ""type"": ""choice""}, ""genre"": {""choice"": ""chuka"", ""confidence"": 0.98, ""probabilities"": {""chuka"": 0.99, ""korean"": 0.0, ""other"": 0.0, ""washoku"": 0.01, ""yoshoku"": 0.0}, ""type"": ""choice""}, ""is_single_recipe"": {""noul"": 0.93, ""type"": ""noul""}, ""main_ingredient"": {""choice"": ""vegetable"", ""confidence"": 0.97, ""probabilities"": {""egg"": 0.0, ""fish"": 0.0, ""meat"": 0.02, ""other"": 0.0, ""soy"": 0.0, ""vegetable"": 0.98}, ""type"": ""choice""}, ""staple"": {""choice"": ""rice"", ""confidence"": 1.0, ""probabilities"": {""bread"": 0.0, ""noodle"": 0.0, ""other"": 0.0, ""rice"": 1.0}, ""type"": ""choice""}, ""taste_tag"": {""choice"": ""semi_rich"", ""confidence"": 0.98, ""probabilities"": {""light"": 0.0, ""rich"": 0.01, ""semi_light"": 0.0, ""semi_rich"": 0.99}, ""type"": ""choice""}}, ""workload"": {""temperature_tag"": {""choice"": ""warm"", ""confidence"": 1.0, ""probabilities"": {""cold"": 0.0, ""warm"": 1.0}, ""type"": ""choice""}, ""time_tag"": {""choice"": ""within_15"", ""confidence"": 0.64, ""probabilities"": {""min_15_30"": 0.23, ""over_30"": 0.01, ""within_15"": 0.76}, ""type"": ""choice""}, ""uses_frying_pan"": {""noul"": 0.9, ""type"": ""noul""}, ""uses_heat_tag"": {""noul"": 0.99, ""type"": ""noul""}, ""uses_knife_tag"": {""noul"": 0.94, ""type"": ""noul""}, ""uses_microwave"": {""noul"": 0.02, ""type"": ""noul""}}}",
fNTVaTGj3ag,【ルウ1個で1人前】どんぶり革命！カレー親子丼が旨すぎる！,https://www.youtube.com/watch?v=fNTVaTGj3ag,ok,needs_review,true,0.93,和食,0.51,ご飯,1.00,丼,1.00,肉,0.60,ややガッツリ,0.77,温かい,1.00,15分以内,0.90,true,0.94,true,0.97,true,0.52,true,0.55,genre;main_ingredient;uses_frying_pan;uses_microwave,4466,"{""core"": {""dish_shape"": {""choice"": ""bowl"", ""confidence"": 1.0, ""probabilities"": {""bowl"": 1.0, ""bread"": 0.0, ""main"": 0.0, ""noodle"": 0.0, ""other"": 0.0, ""rice_other"": 0.0, ""stew"": 0.0}, ""type"": ""choice""}, ""genre"": {""choice"": ""washoku"", ""confidence"": 0.51, ""probabilities"": {""chuka"": 0.0, ""korean"": 0.0, ""other"": 0.0, ""washoku"": 0.62, ""yoshoku"": 0.38}, ""type"": ""choice""}, ""is_single_recipe"": {""noul"": 0.93, ""type"": ""noul""}, ""main_ingredient"": {""choice"": ""meat"", ""confidence"": 0.6, ""probabilities"": {""egg"": 0.25, ""fish"": 0.0, ""meat"": 0.67, ""other"": 0.08, ""soy"": 0.0, ""vegetable"": 0.0}, ""type"": ""choice""}, ""staple"": {""choice"": ""rice"", ""confidence"": 1.0, ""probabilities"": {""bread"": 0.0, ""noodle"": 0.0, ""other"": 0.0, ""rice"": 1.0}, ""type"": ""choice""}, ""taste_tag"": {""choice"": ""semi_rich"", ""confidence"": 0.77, ""probabilities"": {""light"": 0.0, ""rich"": 0.17, ""semi_light"": 0.0, ""semi_rich"": 0.83}, ""type"": ""choice""}}, ""workload"": {""temperature_tag"": {""choice"": ""warm"", ""confidence"": 1.0, ""probabilities"": {""cold"": 0.0, ""warm"": 1.0}, ""type"": ""choice""}, ""time_tag"": {""choice"": ""within_15"", ""confidence"": 0.9, ""probabilities"": {""min_15_30"": 0.06, ""over_30"": 0.0, ""within_15"": 0.94}, ""type"": ""choice""}, ""uses_frying_pan"": {""noul"": 0.52, ""type"": ""noul""}, ""uses_heat_tag"": {""noul"": 0.97, ""type"": ""noul""}, ""uses_knife_tag"": {""noul"": 0.94, ""type"": ""noul""}, ""uses_microwave"": {""noul"": 0.55, ""type"": ""noul""}}}",
jipO-Sr-mgQ,【再現！】「すた丼」お店調理のポイントをご家庭で再現する作り方 #shorts,https://www.youtube.com/watch?v=jipO-Sr-mgQ,ok,needs_review,true,0.86,和食,0.97,ご飯,1.00,丼,1.00,肉,0.99,ガッツリ,0.62,温かい,1.00,15分以内,0.96,true,0.77,true,0.98,true,0.97,false,0.96,taste_tag,3566,"{""core"": {""dish_shape"": {""choice"": ""bowl"", ""confidence"": 1.0, ""probabilities"": {""bowl"": 1.0, ""bread"": 0.0, ""main"": 0.0, ""noodle"": 0.0, ""other"": 0.0, ""rice_other"": 0.0, ""stew"": 0.0}, ""type"": ""choice""}, ""genre"": {""choice"": ""washoku"", ""confidence"": 0.97, ""probabilities"": {""chuka"": 0.02, ""korean"": 0.0, ""other"": 0.0, ""washoku"": 0.98, ""yoshoku"": 0.0}, ""type"": ""choice""}, ""is_single_recipe"": {""noul"": 0.86, ""type"": ""noul""}, ""main_ingredient"": {""choice"": ""meat"", ""confidence"": 0.99, ""probabilities"": {""egg"": 0.01, ""fish"": 0.0, ""meat"": 0.99, ""other"": 0.0, ""soy"": 0.0, ""vegetable"": 0.0}, ""type"": ""choice""}, ""staple"": {""choice"": ""rice"", ""confidence"": 1.0, ""probabilities"": {""bread"": 0.0, ""noodle"": 0.0, ""other"": 0.0, ""rice"": 1.0}, ""type"": ""choice""}, ""taste_tag"": {""choice"": ""rich"", ""confidence"": 0.62, ""probabilities"": {""light"": 0.0, ""rich"": 0.72, ""semi_light"": 0.0, ""semi_rich"": 0.28}, ""type"": ""choice""}}, ""workload"": {""temperature_tag"": {""choice"": ""warm"", ""confidence"": 1.0, ""probabilities"": {""cold"": 0.0, ""warm"": 1.0}, ""type"": ""choice""}, ""time_tag"": {""choice"": ""within_15"", ""confidence"": 0.96, ""probabilities"": {""min_15_30"": 0.02, ""over_30"": 0.0, ""within_15"": 0.98}, ""type"": ""choice""}, ""uses_frying_pan"": {""noul"": 0.97, ""type"": ""noul""}, ""uses_heat_tag"": {""noul"": 0.98, ""type"": ""noul""}, ""uses_knife_tag"": {""noul"": 0.77, ""type"": ""noul""}, ""uses_microwave"": {""noul"": 0.04, ""type"": ""noul""}}}",
O4l3byCyEzY,家庭で本場の味を再現！笠原流【豚丼】の作り方,https://www.youtube.com/watch?v=O4l3byCyEzY,ok,needs_review,true,0.95,和食,1.00,ご飯,1.00,丼,1.00,肉,1.00,ややガッツリ,0.75,温かい,1.00,15分以内,0.36,true,0.98,true,0.99,true,0.98,false,0.93,time_tag,4340,"{""core"": {""dish_shape"": {""choice"": ""bowl"", ""confidence"": 1.0, ""probabilities"": {""bowl"": 1.0, ""bread"": 0.0, ""main"": 0.0, ""noodle"": 0.0, ""other"": 0.0, ""rice_other"": 0.0, ""stew"": 0.0}, ""type"": ""choice""}, ""genre"": {""choice"": ""washoku"", ""confidence"": 1.0, ""probabilities"": {""chuka"": 0.0, ""korean"": 0.0, ""other"": 0.0, ""washoku"": 1.0, ""yoshoku"": 0.0}, ""type"": ""choice""}, ""is_single_recipe"": {""noul"": 0.95, ""type"": ""noul""}, ""main_ingredient"": {""choice"": ""meat"", ""confidence"": 1.0, ""probabilities"": {""egg"": 0.0, ""fish"": 0.0, ""meat"": 1.0, ""other"": 0.0, ""soy"": 0.0, ""vegetable"": 0.0}, ""type"": ""choice""}, ""staple"": {""choice"": ""rice"", ""confidence"": 1.0, ""probabilities"": {""bread"": 0.0, ""noodle"": 0.0, ""other"": 0.0, ""rice"": 1.0}, ""type"": ""choice""}, ""taste_tag"": {""choice"": ""semi_rich"", ""confidence"": 0.75, ""probabilities"": {""light"": 0.0, ""rich"": 0.19, ""semi_light"": 0.0, ""semi_rich"": 0.81}, ""type"": ""choice""}}, ""workload"": {""temperature_tag"": {""choice"": ""warm"", ""confidence"": 1.0, ""probabilities"": {""cold"": 0.0, ""warm"": 1.0}, ""type"": ""choice""}, ""time_tag"": {""choice"": ""within_15"", ""confidence"": 0.36, ""probabilities"": {""min_15_30"": 0.42, ""over_30"": 0.01, ""within_15"": 0.57}, ""type"": ""choice""}, ""uses_frying_pan"": {""noul"": 0.98, ""type"": ""noul""}, ""uses_heat_tag"": {""noul"": 0.99, ""type"": ""noul""}, ""uses_knife_tag"": {""noul"": 0.98, ""type"": ""noul""}, ""uses_microwave"": {""noul"": 0.07, ""type"": ""noul""}}}",
fnZfyb5exyQ,【みんな大好き】板前が教える、親子丼の作り方！※分量はコメント欄に！#shorts,https://www.youtube.com/watch?v=fnZfyb5exyQ,ok,needs_review,true,0.90,和食,1.00,ご飯,1.00,丼,1.00,肉,0.49,ややガッツリ,0.87,温かい,1.00,15分以内,0.96,true,0.77,true,0.98,false,0.62,false,0.97,main_ingredient;uses_frying_pan,3130,"{""core"": {""dish_shape"": {""choice"": ""bowl"", ""confidence"": 1.0, ""probabilities"": {""bowl"": 1.0, ""bread"": 0.0, ""main"": 0.0, ""noodle"": 0.0, ""other"": 0.0, ""rice_other"": 0.0, ""stew"": 0.0}, ""type"": ""choice""}, ""genre"": {""choice"": ""washoku"", ""confidence"": 1.0, ""probabilities"": {""chuka"": 0.0, ""korean"": 0.0, ""other"": 0.0, ""washoku"": 1.0, ""yoshoku"": 0.0}, ""type"": ""choice""}, ""is_single_recipe"": {""noul"": 0.9, ""type"": ""noul""}, ""main_ingredient"": {""choice"": ""meat"", ""confidence"": 0.49, ""probabilities"": {""egg"": 0.41, ""fish"": 0.0, ""meat"": 0.58, ""other"": 0.01, ""soy"": 0.0, ""vegetable"": 0.0}, ""type"": ""choice""}, ""staple"": {""choice"": ""rice"", ""confidence"": 1.0, ""probabilities"": {""bread"": 0.0, ""noodle"": 0.0, ""other"": 0.0, ""rice"": 1.0}, ""type"": ""choice""}, ""taste_tag"": {""choice"": ""semi_rich"", ""confidence"": 0.87, ""probabilities"": {""light"": 0.0, ""rich"": 0.0, ""semi_light"": 0.1, ""semi_rich"": 0.9}, ""type"": ""choice""}}, ""workload"": {""temperature_tag"": {""choice"": ""warm"", ""confidence"": 1.0, ""probabilities"": {""cold"": 0.0, ""warm"": 1.0}, ""type"": ""choice""}, ""time_tag"": {""choice"": ""within_15"", ""confidence"": 0.96, ""probabilities"": {""min_15_30"": 0.03, ""over_30"": 0.0, ""within_15"": 0.97}, ""type"": ""choice""}, ""uses_frying_pan"": {""noul"": 0.38, ""type"": ""noul""}, ""uses_heat_tag"": {""noul"": 0.98, ""type"": ""noul""}, ""uses_knife_tag"": {""noul"": 0.77, ""type"": ""noul""}, ""uses_microwave"": {""noul"": 0.03, ""type"": ""noul""}}}",
hinEV2pGPVQ,作ってみて！海鮮丼 #shorts,https://www.youtube.com/watch?v=hinEV2pGPVQ,ok,needs_review,true,0.71,和食,1.00,ご飯,1.00,丼,1.00,魚,0.98,ややあっさり,0.34,温かい,0.30,15分以内,1.00,true,0.66,true,0.80,false,0.78,false,0.95,is_single_recipe;taste_tag;temperature_tag;uses_knife_tag,2616,"{""core"": {""dish_shape"": {""choice"": ""bowl"", ""confidence"": 1.0, ""probabilities"": {""bowl"": 1.0, ""bread"": 0.0, ""main"": 0.0, ""noodle"": 0.0, ""other"": 0.0, ""rice_other"": 0.0, ""stew"": 0.0}, ""type"": ""choice""}, ""genre"": {""choice"": ""washoku"", ""confidence"": 1.0, ""probabilities"": {""chuka"": 0.0, ""korean"": 0.0, ""other"": 0.0, ""washoku"": 1.0, ""yoshoku"": 0.0}, ""type"": ""choice""}, ""is_single_recipe"": {""noul"": 0.71, ""type"": ""noul""}, ""main_ingredient"": {""choice"": ""fish"", ""confidence"": 0.98, ""probabilities"": {""egg"": 0.0, ""fish"": 0.99, ""meat"": 0.0, ""other"": 0.01, ""soy"": 0.0, ""vegetable"": 0.0}, ""type"": ""choice""}, ""staple"": {""choice"": ""rice"", ""confidence"": 1.0, ""probabilities"": {""bread"": 0.0, ""noodle"": 0.0, ""other"": 0.0, ""rice"": 1.0}, ""type"": ""choice""}, ""taste_tag"": {""choice"": ""semi_light"", ""confidence"": 0.34, ""probabilities"": {""light"": 0.04, ""rich"": 0.02, ""semi_light"": 0.5, ""semi_rich"": 0.44}, ""type"": ""choice""}}, ""workload"": {""temperature_tag"": {""choice"": ""warm"", ""confidence"": 0.3, ""probabilities"": {""cold"": 0.35, ""warm"": 0.65}, ""type"": ""choice""}, ""time_tag"": {""choice"": ""within_15"", ""confidence"": 1.0, ""probabilities"": {""min_15_30"": 0.0, ""over_30"": 0.0, ""within_15"": 1.0}, ""type"": ""choice""}, ""uses_frying_pan"": {""noul"": 0.22, ""type"": ""noul""}, ""uses_heat_tag"": {""noul"": 0.8, ""type"": ""noul""}, ""uses_knife_tag"": {""noul"": 0.66, ""type"": ""noul""}, ""uses_microwave"": {""noul"": 0.05, ""type"": ""noul""}}}",
6cHxq7gXisI,【100万回再生人気レシピ】薄切り肉で簡単＆柔らか！直球勝負のレシピ！豚丼の作り方,https://www.youtube.com/watch?v=6cHxq7gXisI,ok,needs_review,true,0.95,和食,1.00,ご飯,1.00,丼,1.00,肉,1.00,ややガッツリ,0.74,温かい,1.00,15分以内,0.99,true,0.93,true,0.98,true,0.95,false,0.95,taste_tag,4182,"{""core"": {""dish_shape"": {""choice"": ""bowl"", ""confidence"": 1.0, ""probabilities"": {""bowl"": 1.0, ""bread"": 0.0, ""main"": 0.0, ""noodle"": 0.0, ""other"": 0.0, ""rice_other"": 0.0, ""stew"": 0.0}, ""type"": ""choice""}, ""genre"": {""choice"": ""washoku"", ""confidence"": 1.0, ""probabilities"": {""chuka"": 0.0, ""korean"": 0.0, ""other"": 0.0, ""washoku"": 1.0, ""yoshoku"": 0.0}, ""type"": ""choice""}, ""is_single_recipe"": {""noul"": 0.95, ""type"": ""noul""}, ""main_ingredient"": {""choice"": ""meat"", ""confidence"": 1.0, ""probabilities"": {""egg"": 0.0, ""fish"": 0.0, ""meat"": 1.0, ""other"": 0.0, ""soy"": 0.0, ""vegetable"": 0.0}, ""type"": ""choice""}, ""staple"": {""choice"": ""rice"", ""confidence"": 1.0, ""probabilities"": {""bread"": 0.0, ""noodle"": 0.0, ""other"": 0.0, ""rice"": 1.0}, ""type"": ""choice""}, ""taste_tag"": {""choice"": ""semi_rich"", ""confidence"": 0.74, ""probabilities"": {""light"": 0.0, ""rich"": 0.19, ""semi_light"": 0.0, ""semi_rich"": 0.81}, ""type"": ""choice""}}, ""workload"": {""temperature_tag"": {""choice"": ""warm"", ""confidence"": 1.0, ""probabilities"": {""cold"": 0.0, ""warm"": 1.0}, ""type"": ""choice""}, ""time_tag"": {""choice"": ""within_15"", ""confidence"": 0.99, ""probabilities"": {""min_15_30"": 0.01, ""over_30"": 0.0, ""within_15"": 0.99}, ""type"": ""choice""}, ""uses_frying_pan"": {""noul"": 0.95, ""type"": ""noul""}, ""uses_heat_tag"": {""noul"": 0.98, ""type"": ""noul""}, ""uses_knife_tag"": {""noul"": 0.93, ""type"": ""noul""}, ""uses_microwave"": {""noul"": 0.05, ""type"": ""noul""}}}",
UZeUikY2U8Q,最高においしい牛丼の作り方/ How to make the most delicious gyudon,https://www.youtube.com/watch?v=UZeUikY2U8Q,ok,ai_tagged,true,0.81,和食,0.99,ご飯,1.00,丼,1.00,肉,0.97,ややガッツリ,0.93,温かい,1.00,15分以内,0.82,true,0.77,true,0.95,true,0.77,false,0.91,,3326,"{""core"": {""dish_shape"": {""choice"": ""bowl"", ""confidence"": 1.0, ""probabilities"": {""bowl"": 1.0, ""bread"": 0.0, ""main"": 0.0, ""noodle"": 0.0, ""other"": 0.0, ""rice_other"": 0.0, ""stew"": 0.0}, ""type"": ""choice""}, ""genre"": {""choice"": ""washoku"", ""confidence"": 0.99, ""probabilities"": {""chuka"": 0.0, ""korean"": 0.0, ""other"": 0.0, ""washoku"": 1.0, ""yoshoku"": 0.0}, ""type"": ""choice""}, ""is_single_recipe"": {""noul"": 0.81, ""type"": ""noul""}, ""main_ingredient"": {""choice"": ""meat"", ""confidence"": 0.97, ""probabilities"": {""egg"": 0.0, ""fish"": 0.0, ""meat"": 0.98, ""other"": 0.02, ""soy"": 0.0, ""vegetable"": 0.0}, ""type"": ""choice""}, ""staple"": {""choice"": ""rice"", ""confidence"": 1.0, ""probabilities"": {""bread"": 0.0, ""noodle"": 0.0, ""other"": 0.0, ""rice"": 1.0}, ""type"": ""choice""}, ""taste_tag"": {""choice"": ""semi_rich"", ""confidence"": 0.93, ""probabilities"": {""light"": 0.0, ""rich"": 0.03, ""semi_light"": 0.02, ""semi_rich"": 0.95}, ""type"": ""choice""}}, ""workload"": {""temperature_tag"": {""choice"": ""warm"", ""confidence"": 1.0, ""probabilities"": {""cold"": 0.0, ""warm"": 1.0}, ""type"": ""choice""}, ""time_tag"": {""choice"": ""within_15"", ""confidence"": 0.82, ""probabilities"": {""min_15_30"": 0.11, ""over_30"": 0.01, ""within_15"": 0.88}, ""type"": ""choice""}, ""uses_frying_pan"": {""noul"": 0.77, ""type"": ""noul""}, ""uses_heat_tag"": {""noul"": 0.95, ""type"": ""noul""}, ""uses_knife_tag"": {""noul"": 0.77, ""type"": ""noul""}, ""uses_microwave"": {""noul"": 0.09, ""type"": ""noul""}}}",
edBSLjYj1Xk,10分で完成【ワンパンビビンバ丼】 #レシピ,https://www.youtube.com/watch?v=edBSLjYj1Xk,ok,needs_review,true,0.84,韓国,1.00,ご飯,1.00,丼,1.00,その他,0.60,ややガッツリ,0.95,温かい,1.00,15分以内,1.00,false,0.53,true,0.97,true,0.96,false,0.94,main_ingredient;uses_knife_tag,2532,"{""core"": {""dish_shape"": {""choice"": ""bowl"", ""confidence"": 1.0, ""probabilities"": {""bowl"": 1.0, ""bread"": 0.0, ""main"": 0.0, ""noodle"": 0.0, ""other"": 0.0, ""rice_other"": 0.0, ""stew"": 0.0}, ""type"": ""choice""}, ""genre"": {""choice"": ""korean"", ""confidence"": 1.0, ""probabilities"": {""chuka"": 0.0, ""korean"": 1.0, ""other"": 0.0, ""washoku"": 0.0, ""yoshoku"": 0.0}, ""type"": ""choice""}, ""is_single_recipe"": {""noul"": 0.84, ""type"": ""noul""}, ""main_ingredient"": {""choice"": ""other"", ""confidence"": 0.6, ""probabilities"": {""egg"": 0.01, ""fish"": 0.0, ""meat"": 0.06, ""other"": 0.67, ""soy"": 0.0, ""vegetable"": 0.26}, ""type"": ""choice""}, ""staple"": {""choice"": ""rice"", ""confidence"": 1.0, ""probabilities"": {""bread"": 0.0, ""noodle"": 0.0, ""other"": 0.0, ""rice"": 1.0}, ""type"": ""choice""}, ""taste_tag"": {""choice"": ""semi_rich"", ""confidence"": 0.95, ""probabilities"": {""light"": 0.0, ""rich"": 0.03, ""semi_light"": 0.01, ""semi_rich"": 0.96}, ""type"": ""choice""}}, ""workload"": {""temperature_tag"": {""choice"": ""warm"", ""confidence"": 1.0, ""probabilities"": {""cold"": 0.0, ""warm"": 1.0}, ""type"": ""choice""}, ""time_tag"": {""choice"": ""within_15"", ""confidence"": 1.0, ""probabilities"": {""min_15_30"": 0.0, ""over_30"": 0.0, ""within_15"": 1.0}, ""type"": ""choice""}, ""uses_frying_pan"": {""noul"": 0.96, ""type"": ""noul""}, ""uses_heat_tag"": {""noul"": 0.97, ""type"": ""noul""}, ""uses_knife_tag"": {""noul"": 0.47, ""type"": ""noul""}, ""uses_microwave"": {""noul"": 0.06, ""type"": ""noul""}}}",
3XI5FZcsa8A,一度で作るそぼろ丼,https://www.youtube.com/watch?v=3XI5FZcsa8A,ok,needs_review,true,0.83,和食,1.00,ご飯,1.00,丼,1.00,肉,0.70,ややガッツリ,0.79,温かい,1.00,15分以内,0.97,true,0.51,true,0.95,true,0.50,false,0.93,main_ingredient;uses_knife_tag;uses_frying_pan,2510,"{""core"": {""dish_shape"": {""choice"": ""bowl"", ""confidence"": 1.0, ""probabilities"": {""bowl"": 1.0, ""bread"": 0.0, ""main"": 0.0, ""noodle"": 0.0, ""other"": 0.0, ""rice_other"": 0.0, ""stew"": 0.0}, ""type"": ""choice""}, ""genre"": {""choice"": ""washoku"", ""confidence"": 1.0, ""probabilities"": {""chuka"": 0.0, ""korean"": 0.0, ""other"": 0.0, ""washoku"": 1.0, ""yoshoku"": 0.0}, ""type"": ""choice""}, ""is_single_recipe"": {""noul"": 0.83, ""type"": ""noul""}, ""main_ingredient"": {""choice"": ""meat"", ""confidence"": 0.7, ""probabilities"": {""egg"": 0.03, ""fish"": 0.07, ""meat"": 0.75, ""other"": 0.14, ""soy"": 0.01, ""vegetable"": 0.0}, ""type"": ""choice""}, ""staple"": {""choice"": ""rice"", ""confidence"": 1.0, ""probabilities"": {""bread"": 0.0, ""noodle"": 0.0, ""other"": 0.0, ""rice"": 1.0}, ""type"": ""choice""}, ""taste_tag"": {""choice"": ""semi_rich"", ""confidence"": 0.79, ""probabilities"": {""light"": 0.0, ""rich"": 0.0, ""semi_light"": 0.15, ""semi_rich"": 0.85}, ""type"": ""choice""}}, ""workload"": {""temperature_tag"": {""choice"": ""warm"", ""confidence"": 1.0, ""probabilities"": {""cold"": 0.0, ""warm"": 1.0}, ""type"": ""choice""}, ""time_tag"": {""choice"": ""within_15"", ""confidence"": 0.97, ""probabilities"": {""min_15_30"": 0.02, ""over_30"": 0.0, ""within_15"": 0.98}, ""type"": ""choice""}, ""uses_frying_pan"": {""noul"": 0.5, ""type"": ""noul""}, ""uses_heat_tag"": {""noul"": 0.95, ""type"": ""noul""}, ""uses_knife_tag"": {""noul"": 0.51, ""type"": ""noul""}, ""uses_microwave"": {""noul"": 0.07, ""type"": ""noul""}}}",
2LMT3DYSQaw,絶品照り焼き丼🧑🏻‍🍳🐓#簡単レシピ #照り焼き #給食 #shorts,https://www.youtube.com/watch?v=2LMT3DYSQaw,ok,ai_tagged,true,0.95,和食,1.00,ご飯,0.98,丼,1.00,肉,1.00,ややガッツリ,0.96,温かい,1.00,15分以内,1.00,true,0.84,true,0.99,true,0.99,false,0.97,,4540,"{""core"": {""dish_shape"": {""choice"": ""bowl"", ""confidence"": 1.0, ""probabilities"": {""bowl"": 1.0, ""bread"": 0.0, ""main"": 0.0, ""noodle"": 0.0, ""other"": 0.0, ""rice_other"": 0.0, ""stew"": 0.0}, ""type"": ""choice""}, ""genre"": {""choice"": ""washoku"", ""confidence"": 1.0, ""probabilities"": {""chuka"": 0.0, ""korean"": 0.0, ""other"": 0.0, ""washoku"": 1.0, ""yoshoku"": 0.0}, ""type"": ""choice""}, ""is_single_recipe"": {""noul"": 0.95, ""type"": ""noul""}, ""main_ingredient"": {""choice"": ""meat"", ""confidence"": 1.0, ""probabilities"": {""egg"": 0.0, ""fish"": 0.0, ""meat"": 1.0, ""other"": 0.0, ""soy"": 0.0, ""vegetable"": 0.0}, ""type"": ""choice""}, ""staple"": {""choice"": ""rice"", ""confidence"": 0.98, ""probabilities"": {""bread"": 0.0, ""noodle"": 0.0, ""other"": 0.01, ""rice"": 0.99}, ""type"": ""choice""}, ""taste_tag"": {""choice"": ""semi_rich"", ""confidence"": 0.96, ""probabilities"": {""light"": 0.0, ""rich"": 0.02, ""semi_light"": 0.01, ""semi_rich"": 0.97}, ""type"": ""choice""}}, ""workload"": {""temperature_tag"": {""choice"": ""warm"", ""confidence"": 1.0, ""probabilities"": {""cold"": 0.0, ""warm"": 1.0}, ""type"": ""choice""}, ""time_tag"": {""choice"": ""within_15"", ""confidence"": 1.0, ""probabilities"": {""min_15_30"": 0.0, ""over_30"": 0.0, ""within_15"": 1.0}, ""type"": ""choice""}, ""uses_frying_pan"": {""noul"": 0.99, ""type"": ""noul""}, ""uses_heat_tag"": {""noul"": 0.99, ""type"": ""noul""}, ""uses_knife_tag"": {""noul"": 0.84, ""type"": ""noul""}, ""uses_microwave"": {""noul"": 0.03, ""type"": ""noul""}}}",
ZpgbQn-C3cQ,にんにくも生姜も使わないからこそウマい!!スーパーの肉で至高を越えたシン・豚丼作ります#shorts #リュウジ #料理,https://www.youtube.com/watch?v=ZpgbQn-C3cQ,ok,needs_review,true,0.83,和食,1.00,ご飯,1.00,丼,1.00,肉,1.00,ややガッツリ,0.83,温かい,1.00,15分以内,0.99,true,0.53,true,0.95,false,0.69,true,0.75,uses_knife_tag;uses_frying_pan,4100,"{""core"": {""dish_shape"": {""choice"": ""bowl"", ""confidence"": 1.0, ""probabilities"": {""bowl"": 1.0, ""bread"": 0.0, ""main"": 0.0, ""noodle"": 0.0, ""other"": 0.0, ""rice_other"": 0.0, ""stew"": 0.0}, ""type"": ""choice""}, ""genre"": {""choice"": ""washoku"", ""confidence"": 1.0, ""probabilities"": {""chuka"": 0.0, ""korean"": 0.0, ""other"": 0.0, ""washoku"": 1.0, ""yoshoku"": 0.0}, ""type"": ""choice""}, ""is_single_recipe"": {""noul"": 0.83, ""type"": ""noul""}, ""main_ingredient"": {""choice"": ""meat"", ""confidence"": 1.0, ""probabilities"": {""egg"": 0.0, ""fish"": 0.0, ""meat"": 1.0, ""other"": 0.0, ""soy"": 0.0, ""vegetable"": 0.0}, ""type"": ""choice""}, ""staple"": {""choice"": ""rice"", ""confidence"": 1.0, ""probabilities"": {""bread"": 0.0, ""noodle"": 0.0, ""other"": 0.0, ""rice"": 1.0}, ""type"": ""choice""}, ""taste_tag"": {""choice"": ""semi_rich"", ""confidence"": 0.83, ""probabilities"": {""light"": 0.0, ""rich"": 0.09, ""semi_light"": 0.04, ""semi_rich"": 0.87}, ""type"": ""choice""}}, ""workload"": {""temperature_tag"": {""choice"": ""warm"", ""confidence"": 1.0, ""probabilities"": {""cold"": 0.0, ""warm"": 1.0}, ""type"": ""choice""}, ""time_tag"": {""choice"": ""within_15"", ""confidence"": 0.99, ""probabilities"": {""min_15_30"": 0.01, ""over_30"": 0.0, ""within_15"": 0.99}, ""type"": ""choice""}, ""uses_frying_pan"": {""noul"": 0.31, ""type"": ""noul""}, ""uses_heat_tag"": {""noul"": 0.95, ""type"": ""noul""}, ""uses_knife_tag"": {""noul"": 0.53, ""type"": ""noul""}, ""uses_microwave"": {""noul"": 0.75, ""type"": ""noul""}}}",
KsyQwRFUTQM,【カニカマで作るカニ玉丼】10分で完成するふわとろ絶品丼！節約にもおすすめ♪,https://www.youtube.com/watch?v=KsyQwRFUTQM,ok,ai_tagged,true,0.96,和食,1.00,ご飯,1.00,丼,1.00,卵,0.76,ややガッツリ,0.95,温かい,1.00,15分以内,1.00,true,0.96,true,0.99,true,0.99,false,0.97,,5152,"{""core"": {""dish_shape"": {""choice"": ""bowl"", ""confidence"": 1.0, ""probabilities"": {""bowl"": 1.0, ""bread"": 0.0, ""main"": 0.0, ""noodle"": 0.0, ""other"": 0.0, ""rice_other"": 0.0, ""stew"": 0.0}, ""type"": ""choice""}, ""genre"": {""choice"": ""washoku"", ""confidence"": 1.0, ""probabilities"": {""chuka"": 0.0, ""korean"": 0.0, ""other"": 0.0, ""washoku"": 1.0, ""yoshoku"": 0.0}, ""type"": ""choice""}, ""is_single_recipe"": {""noul"": 0.96, ""type"": ""noul""}, ""main_ingredient"": {""choice"": ""egg"", ""confidence"": 0.76, ""probabilities"": {""egg"": 0.8, ""fish"": 0.19, ""meat"": 0.0, ""other"": 0.01, ""soy"": 0.0, ""vegetable"": 0.0}, ""type"": ""choice""}, ""staple"": {""choice"": ""rice"", ""confidence"": 1.0, ""probabilities"": {""bread"": 0.0, ""noodle"": 0.0, ""other"": 0.0, ""rice"": 1.0}, ""type"": ""choice""}, ""taste_tag"": {""choice"": ""semi_rich"", ""confidence"": 0.95, ""probabilities"": {""light"": 0.0, ""rich"": 0.02, ""semi_light"": 0.01, ""semi_rich"": 0.97}, ""type"": ""choice""}}, ""workload"": {""temperature_tag"": {""choice"": ""warm"", ""confidence"": 1.0, ""probabilities"": {""cold"": 0.0, ""warm"": 1.0}, ""type"": ""choice""}, ""time_tag"": {""choice"": ""within_15"", ""confidence"": 1.0, ""probabilities"": {""min_15_30"": 0.0, ""over_30"": 0.0, ""within_15"": 1.0}, ""type"": ""choice""}, ""uses_frying_pan"": {""noul"": 0.99, ""type"": ""noul""}, ""uses_heat_tag"": {""noul"": 0.99, ""type"": ""noul""}, ""uses_knife_tag"": {""noul"": 0.96, ""type"": ""noul""}, ""uses_microwave"": {""noul"": 0.03, ""type"": ""noul""}}}",
k8cgRiN4j-4,美味しい豚丼３００円【万能のただならぬタレを是非】小間肉でも極旨です おに豚丼。,https://www.youtube.com/watch?v=k8cgRiN4j-4,ok,needs_review,true,0.91,和食,1.00,ご飯,1.00,丼,1.00,肉,1.00,ややガッツリ,0.88,温かい,1.00,15分以内,0.94,true,0.73,true,0.97,true,0.70,false,0.96,uses_knife_tag;uses_frying_pan,3980,"{""core"": {""dish_shape"": {""choice"": ""bowl"", ""confidence"": 1.0, ""probabilities"": {""bowl"": 1.0, ""bread"": 0.0, ""main"": 0.0, ""noodle"": 0.0, ""other"": 0.0, ""rice_other"": 0.0, ""stew"": 0.0}, ""type"": ""choice""}, ""genre"": {""choice"": ""washoku"", ""confidence"": 1.0, ""probabilities"": {""chuka"": 0.0, ""korean"": 0.0, ""other"": 0.0, ""washoku"": 1.0, ""yoshoku"": 0.0}, ""type"": ""choice""}, ""is_single_recipe"": {""noul"": 0.91, ""type"": ""noul""}, ""main_ingredient"": {""choice"": ""meat"", ""confidence"": 1.0, ""probabilities"": {""egg"": 0.0, ""fish"": 0.0, ""meat"": 1.0, ""other"": 0.0, ""soy"": 0.0, ""vegetable"": 0.0}, ""type"": ""choice""}, ""staple"": {""choice"": ""rice"", ""confidence"": 1.0, ""probabilities"": {""bread"": 0.0, ""noodle"": 0.0, ""other"": 0.0, ""rice"": 1.0}, ""type"": ""choice""}, ""taste_tag"": {""choice"": ""semi_rich"", ""confidence"": 0.88, ""probabilities"": {""light"": 0.0, ""rich"": 0.09, ""semi_light"": 0.0, ""semi_rich"": 0.91}, ""type"": ""choice""}}, ""workload"": {""temperature_tag"": {""choice"": ""warm"", ""confidence"": 1.0, ""probabilities"": {""cold"": 0.0, ""warm"": 1.0}, ""type"": ""choice""}, ""time_tag"": {""choice"": ""within_15"", ""confidence"": 0.94, ""probabilities"": {""min_15_30"": 0.04, ""over_30"": 0.0, ""within_15"": 0.96}, ""type"": ""choice""}, ""uses_frying_pan"": {""noul"": 0.7, ""type"": ""noul""}, ""uses_heat_tag"": {""noul"": 0.97, ""type"": ""noul""}, ""uses_knife_tag"": {""noul"": 0.73, ""type"": ""noul""}, ""uses_microwave"": {""noul"": 0.04, ""type"": ""noul""}}}",
iPshdzeTiRI,この金額で出来る一番うめえ料理これだと思う。死ぬほどバズったドケチレシピ【お金渋り丼】 #リュウジ #料理 #shorts,https://www.youtube.com/watch?v=iPshdzeTiRI,ok,needs_review,true,0.76,和食,0.98,ご飯,1.00,丼,1.00,その他,0.97,ややガッツリ,0.39,温かい,1.00,15分以内,1.00,false,0.68,true,0.95,false,0.87,true,0.83,taste_tag;uses_knife_tag,4944,"{""core"": {""dish_shape"": {""choice"": ""bowl"", ""confidence"": 1.0, ""probabilities"": {""bowl"": 1.0, ""bread"": 0.0, ""main"": 0.0, ""noodle"": 0.0, ""other"": 0.0, ""rice_other"": 0.0, ""stew"": 0.0}, ""type"": ""choice""}, ""genre"": {""choice"": ""washoku"", ""confidence"": 0.98, ""probabilities"": {""chuka"": 0.0, ""korean"": 0.0, ""other"": 0.01, ""washoku"": 0.99, ""yoshoku"": 0.0}, ""type"": ""choice""}, ""is_single_recipe"": {""noul"": 0.76, ""type"": ""noul""}, ""main_ingredient"": {""choice"": ""other"", ""confidence"": 0.97, ""probabilities"": {""egg"": 0.01, ""fish"": 0.01, ""meat"": 0.0, ""other"": 0.98, ""soy"": 0.0, ""vegetable"": 0.0}, ""type"": ""choice""}, ""staple"": {""choice"": ""rice"", ""confidence"": 1.0, ""probabilities"": {""bread"": 0.0, ""noodle"": 0.0, ""other"": 0.0, ""rice"": 1.0}, ""type"": ""choice""}, ""taste_tag"": {""choice"": ""semi_rich"", ""confidence"": 0.39, ""probabilities"": {""light"": 0.06, ""rich"": 0.04, ""semi_light"": 0.36, ""semi_rich"": 0.54}, ""type"": ""choice""}}, ""workload"": {""temperature_tag"": {""choice"": ""warm"", ""confidence"": 1.0, ""probabilities"": {""cold"": 0.0, ""warm"": 1.0}, ""type"": ""choice""}, ""time_tag"": {""choice"": ""within_15"", ""confidence"": 1.0, ""probabilities"": {""min_15_30"": 0.0, ""over_30"": 0.0, ""within_15"": 1.0}, ""type"": ""choice""}, ""uses_frying_pan"": {""noul"": 0.13, ""type"": ""noul""}, ""uses_heat_tag"": {""noul"": 0.95, ""type"": ""noul""}, ""uses_knife_tag"": {""noul"": 0.32, ""type"": ""noul""}, ""uses_microwave"": {""noul"": 0.83, ""type"": ""noul""}}}",
_rxQKv4RI0g,シャリアピンステーキ丼の美味しい作り方#shorts,https://www.youtube.com/watch?v=_rxQKv4RI0g,ok,needs_review,true,0.74,洋食,0.40,ご飯,1.00,丼,1.00,肉,0.85,ややガッツリ,0.58,温かい,1.00,15分以内,0.99,true,0.59,true,0.92,false,0.57,false,0.93,is_single_recipe;genre;taste_tag;uses_knife_tag;uses_frying_pan,2524,"{""core"": {""dish_shape"": {""choice"": ""bowl"", ""confidence"": 1.0, ""probabilities"": {""bowl"": 1.0, ""bread"": 0.0, ""main"": 0.0, ""noodle"": 0.0, ""other"": 0.0, ""rice_other"": 0.0, ""stew"": 0.0}, ""type"": ""choice""}, ""genre"": {""choice"": ""yoshoku"", ""confidence"": 0.4, ""probabilities"": {""chuka"": 0.0, ""korean"": 0.0, ""other"": 0.05, ""washoku"": 0.43, ""yoshoku"": 0.52}, ""type"": ""choice""}, ""is_single_recipe"": {""noul"": 0.74, ""type"": ""noul""}, ""main_ingredient"": {""choice"": ""meat"", ""confidence"": 0.85, ""probabilities"": {""egg"": 0.0, ""fish"": 0.04, ""meat"": 0.88, ""other"": 0.08, ""soy"": 0.0, ""vegetable"": 0.0}, ""type"": ""choice""}, ""staple"": {""choice"": ""rice"", ""confidence"": 1.0, ""probabilities"": {""bread"": 0.0, ""noodle"": 0.0, ""other"": 0.0, ""rice"": 1.0}, ""type"": ""choice""}, ""taste_tag"": {""choice"": ""semi_rich"", ""confidence"": 0.58, ""probabilities"": {""light"": 0.0, ""rich"": 0.3, ""semi_light"": 0.01, ""semi_rich"": 0.69}, ""type"": ""choice""}}, ""workload"": {""temperature_tag"": {""choice"": ""warm"", ""confidence"": 1.0, ""probabilities"": {""cold"": 0.0, ""warm"": 1.0}, ""type"": ""choice""}, ""time_tag"": {""choice"": ""within_15"", ""confidence"": 0.99, ""probabilities"": {""min_15_30"": 0.01, ""over_30"": 0.0, ""within_15"": 0.99}, ""type"": ""choice""}, ""uses_frying_pan"": {""noul"": 0.43, ""type"": ""noul""}, ""uses_heat_tag"": {""noul"": 0.92, ""type"": ""noul""}, ""uses_knife_tag"": {""noul"": 0.59, ""type"": ""noul""}, ""uses_microwave"": {""noul"": 0.07, ""type"": ""noul""}}}",
BkLNDAKkXIs,ビビンバ丼 #幼児食 #簡単レシピ #野菜嫌い #料理 #自炊,https://www.youtube.com/watch?v=BkLNDAKkXIs,ok,needs_review,true,0.94,韓国,1.00,ご飯,0.99,丼,0.99,野菜中心,0.51,ややガッツリ,0.98,温かい,1.00,15分以内,0.93,true,0.96,true,0.99,true,0.99,false,0.97,main_ingredient,3582,"{""core"": {""dish_shape"": {""choice"": ""bowl"", ""confidence"": 0.99, ""probabilities"": {""bowl"": 1.0, ""bread"": 0.0, ""main"": 0.0, ""noodle"": 0.0, ""other"": 0.0, ""rice_other"": 0.0, ""stew"": 0.0}, ""type"": ""choice""}, ""genre"": {""choice"": ""korean"", ""confidence"": 1.0, ""probabilities"": {""chuka"": 0.0, ""korean"": 1.0, ""other"": 0.0, ""washoku"": 0.0, ""yoshoku"": 0.0}, ""type"": ""choice""}, ""is_single_recipe"": {""noul"": 0.94, ""type"": ""noul""}, ""main_ingredient"": {""choice"": ""vegetable"", ""confidence"": 0.51, ""probabilities"": {""egg"": 0.0, ""fish"": 0.0, ""meat"": 0.37, ""other"": 0.04, ""soy"": 0.0, ""vegetable"": 0.59}, ""type"": ""choice""}, ""staple"": {""choice"": ""rice"", ""confidence"": 0.99, ""probabilities"": {""bread"": 0.0, ""noodle"": 0.0, ""other"": 0.01, ""rice"": 0.99}, ""type"": ""choice""}, ""taste_tag"": {""choice"": ""semi_rich"", ""confidence"": 0.98, ""probabilities"": {""light"": 0.0, ""rich"": 0.0, ""semi_light"": 0.01, ""semi_rich"": 0.99}, ""type"": ""choice""}}, ""workload"": {""temperature_tag"": {""choice"": ""warm"", ""confidence"": 1.0, ""probabilities"": {""cold"": 0.0, ""warm"": 1.0}, ""type"": ""choice""}, ""time_tag"": {""choice"": ""within_15"", ""confidence"": 0.93, ""probabilities"": {""min_15_30"": 0.05, ""over_30"": 0.0, ""within_15"": 0.95}, ""type"": ""choice""}, ""uses_frying_pan"": {""noul"": 0.99, ""type"": ""noul""}, ""uses_heat_tag"": {""noul"": 0.99, ""type"": ""noul""}, ""uses_knife_tag"": {""noul"": 0.96, ""type"": ""noul""}, ""uses_microwave"": {""noul"": 0.03, ""type"": ""noul""}}}",
yeTlYD8jmmE,めちゃ美味しいカツ丼のタレ作り方！一人前分量～！ #shorts #簡単レシピ #カツ丼タレ,https://www.youtube.com/watch?v=yeTlYD8jmmE,ok,needs_review,true,0.91,和食,0.99,ご飯,0.99,丼,0.97,その他,0.55,ややガッツリ,0.42,温かい,1.00,15分以内,0.99,false,0.88,true,0.97,false,0.65,false,0.97,main_ingredient;taste_tag;uses_frying_pan,2716,"{""core"": {""dish_shape"": {""choice"": ""bowl"", ""confidence"": 0.97, ""probabilities"": {""bowl"": 0.97, ""bread"": 0.0, ""main"": 0.01, ""noodle"": 0.0, ""other"": 0.02, ""rice_other"": 0.0, ""stew"": 0.0}, ""type"": ""choice""}, ""genre"": {""choice"": ""washoku"", ""confidence"": 0.99, ""probabilities"": {""chuka"": 0.0, ""korean"": 0.0, ""other"": 0.0, ""washoku"": 0.99, ""yoshoku"": 0.01}, ""type"": ""choice""}, ""is_single_recipe"": {""noul"": 0.91, ""type"": ""noul""}, ""main_ingredient"": {""choice"": ""other"", ""confidence"": 0.55, ""probabilities"": {""egg"": 0.0, ""fish"": 0.0, ""meat"": 0.35, ""other"": 0.62, ""soy"": 0.03, ""vegetable"": 0.0}, ""type"": ""choice""}, ""staple"": {""choice"": ""rice"", ""confidence"": 0.99, ""probabilities"": {""bread"": 0.0, ""noodle"": 0.0, ""other"": 0.0, ""rice"": 1.0}, ""type"": ""choice""}, ""taste_tag"": {""choice"": ""semi_rich"", ""confidence"": 0.42, ""probabilities"": {""light"": 0.0, ""rich"": 0.4, ""semi_light"": 0.03, ""semi_rich"": 0.56}, ""type"": ""choice""}}, ""workload"": {""temperature_tag"": {""choice"": ""warm"", ""confidence"": 1.0, ""probabilities"": {""cold"": 0.0, ""warm"": 1.0}, ""type"": ""choice""}, ""time_tag"": {""choice"": ""within_15"", ""confidence"": 0.99, ""probabilities"": {""min_15_30"": 0.0, ""over_30"": 0.0, ""within_15"": 1.0}, ""type"": ""choice""}, ""uses_frying_pan"": {""noul"": 0.35, ""type"": ""noul""}, ""uses_heat_tag"": {""noul"": 0.97, ""type"": ""noul""}, ""uses_knife_tag"": {""noul"": 0.12, ""type"": ""noul""}, ""uses_microwave"": {""noul"": 0.03, ""type"": ""noul""}}}",
8EEXmB8rK7k,海鮮丼は青魚が旨い #shorts #海鮮丼 #sashimi,https://www.youtube.com/watch?v=8EEXmB8rK7k,ok,needs_review,true,0.76,和食,1.00,ご飯,1.00,丼,1.00,魚,1.00,ややガッツリ,0.61,冷たい,0.23,15分以内,0.99,true,0.76,true,0.88,false,0.72,false,0.96,taste_tag;temperature_tag;uses_frying_pan,2866,"{""core"": {""dish_shape"": {""choice"": ""bowl"", ""confidence"": 1.0, ""probabilities"": {""bowl"": 1.0, ""bread"": 0.0, ""main"": 0.0, ""noodle"": 0.0, ""other"": 0.0, ""rice_other"": 0.0, ""stew"": 0.0}, ""type"": ""choice""}, ""genre"": {""choice"": ""washoku"", ""confidence"": 1.0, ""probabilities"": {""chuka"": 0.0, ""korean"": 0.0, ""other"": 0.0, ""washoku"": 1.0, ""yoshoku"": 0.0}, ""type"": ""choice""}, ""is_single_recipe"": {""noul"": 0.76, ""type"": ""noul""}, ""main_ingredient"": {""choice"": ""fish"", ""confidence"": 1.0, ""probabilities"": {""egg"": 0.0, ""fish"": 1.0, ""meat"": 0.0, ""other"": 0.0, ""soy"": 0.0, ""vegetable"": 0.0}, ""type"": ""choice""}, ""staple"": {""choice"": ""rice"", ""confidence"": 1.0, ""probabilities"": {""bread"": 0.0, ""noodle"": 0.0, ""other"": 0.0, ""rice"": 1.0}, ""type"": ""choice""}, ""taste_tag"": {""choice"": ""semi_rich"", ""confidence"": 0.61, ""probabilities"": {""light"": 0.02, ""rich"": 0.15, ""semi_light"": 0.13, ""semi_rich"": 0.7}, ""type"": ""choice""}}, ""workload"": {""temperature_tag"": {""choice"": ""cold"", ""confidence"": 0.23, ""probabilities"": {""cold"": 0.61, ""warm"": 0.39}, ""type"": ""choice""}, ""time_tag"": {""choice"": ""within_15"", ""confidence"": 0.99, ""probabilities"": {""min_15_30"": 0.01, ""over_30"": 0.0, ""within_15"": 0.99}, ""type"": ""choice""}, ""uses_frying_pan"": {""noul"": 0.28, ""type"": ""noul""}, ""uses_heat_tag"": {""noul"": 0.88, ""type"": ""noul""}, ""uses_knife_tag"": {""noul"": 0.76, ""type"": ""noul""}, ""uses_microwave"": {""noul"": 0.04, ""type"": ""noul""}}}",
SN3enmkudCI,和風ステーキ丼の作り方#shorts,https://www.youtube.com/watch?v=SN3enmkudCI,ok,needs_review,true,0.81,和食,0.98,ご飯,1.00,丼,1.00,肉,1.00,ややガッツリ,0.91,温かい,1.00,15分以内,0.97,true,0.71,true,0.95,true,0.62,false,0.95,uses_knife_tag;uses_frying_pan,2870,"{""core"": {""dish_shape"": {""choice"": ""bowl"", ""confidence"": 1.0, ""probabilities"": {""bowl"": 1.0, ""bread"": 0.0, ""main"": 0.0, ""noodle"": 0.0, ""other"": 0.0, ""rice_other"": 0.0, ""stew"": 0.0}, ""type"": ""choice""}, ""genre"": {""choice"": ""washoku"", ""confidence"": 0.98, ""probabilities"": {""chuka"": 0.0, ""korean"": 0.0, ""other"": 0.0, ""washoku"": 0.99, ""yoshoku"": 0.01}, ""type"": ""choice""}, ""is_single_recipe"": {""noul"": 0.81, ""type"": ""noul""}, ""main_ingredient"": {""choice"": ""meat"", ""confidence"": 1.0, ""probabilities"": {""egg"": 0.0, ""fish"": 0.0, ""meat"": 1.0, ""other"": 0.0, ""soy"": 0.0, ""vegetable"": 0.0}, ""type"": ""choice""}, ""staple"": {""choice"": ""rice"", ""confidence"": 1.0, ""probabilities"": {""bread"": 0.0, ""noodle"": 0.0, ""other"": 0.0, ""rice"": 1.0}, ""type"": ""choice""}, ""taste_tag"": {""choice"": ""semi_rich"", ""confidence"": 0.91, ""probabilities"": {""light"": 0.0, ""rich"": 0.06, ""semi_light"": 0.0, ""semi_rich"": 0.94}, ""type"": ""choice""}}, ""workload"": {""temperature_tag"": {""choice"": ""warm"", ""confidence"": 1.0, ""probabilities"": {""cold"": 0.0, ""warm"": 1.0}, ""type"": ""choice""}, ""time_tag"": {""choice"": ""within_15"", ""confidence"": 0.97, ""probabilities"": {""min_15_30"": 0.02, ""over_30"": 0.0, ""within_15"": 0.98}, ""type"": ""choice""}, ""uses_frying_pan"": {""noul"": 0.62, ""type"": ""noul""}, ""uses_heat_tag"": {""noul"": 0.95, ""type"": ""noul""}, ""uses_knife_tag"": {""noul"": 0.71, ""type"": ""noul""}, ""uses_microwave"": {""noul"": 0.05, ""type"": ""noul""}}}",
jctLEuydvao,『インスタ800万再生突破』ぷるぷるムネ肉ユッケ丼#簡単レシピ #むね肉 #レシピ,https://www.youtube.com/watch?v=jctLEuydvao,ok,needs_review,true,0.85,和食,0.95,ご飯,1.00,丼,1.00,肉,0.98,ややガッツリ,0.43,温かい,0.69,15分以内,0.99,true,0.69,true,0.97,false,0.83,false,0.96,taste_tag;temperature_tag;uses_knife_tag,2700,"{""core"": {""dish_shape"": {""choice"": ""bowl"", ""confidence"": 1.0, ""probabilities"": {""bowl"": 1.0, ""bread"": 0.0, ""main"": 0.0, ""noodle"": 0.0, ""other"": 0.0, ""rice_other"": 0.0, ""stew"": 0.0}, ""type"": ""choice""}, ""genre"": {""choice"": ""washoku"", ""confidence"": 0.95, ""probabilities"": {""chuka"": 0.0, ""korean"": 0.04, ""other"": 0.0, ""washoku"": 0.96, ""yoshoku"": 0.0}, ""type"": ""choice""}, ""is_single_recipe"": {""noul"": 0.85, ""type"": ""noul""}, ""main_ingredient"": {""choice"": ""meat"", ""confidence"": 0.98, ""probabilities"": {""egg"": 0.0, ""fish"": 0.01, ""meat"": 0.99, ""other"": 0.0, ""soy"": 0.0, ""vegetable"": 0.0}, ""type"": ""choice""}, ""staple"": {""choice"": ""rice"", ""confidence"": 1.0, ""probabilities"": {""bread"": 0.0, ""noodle"": 0.0, ""other"": 0.0, ""rice"": 1.0}, ""type"": ""choice""}, ""taste_tag"": {""choice"": ""semi_rich"", ""confidence"": 0.43, ""probabilities"": {""light"": 0.12, ""rich"": 0.01, ""semi_light"": 0.3, ""semi_rich"": 0.57}, ""type"": ""choice""}}, ""workload"": {""temperature_tag"": {""choice"": ""warm"", ""confidence"": 0.69, ""probabilities"": {""cold"": 0.15, ""warm"": 0.85}, ""type"": ""choice""}, ""time_tag"": {""choice"": ""within_15"", ""confidence"": 0.99, ""probabilities"": {""min_15_30"": 0.01, ""over_30"": 0.0, ""within_15"": 0.99}, ""type"": ""choice""}, ""uses_frying_pan"": {""noul"": 0.17, ""type"": ""noul""}, ""uses_heat_tag"": {""noul"": 0.97, ""type"": ""noul""}, ""uses_knife_tag"": {""noul"": 0.69, ""type"": ""noul""}, ""uses_microwave"": {""noul"": 0.04, ""type"": ""noul""}}}",
6BVMyQLBsN4,それカツにすんのかよ。肉無しでも笑えるほど美味しい【貧乏人のカツ丼】が安いのに旨すぎる#shorts #リュウジ #料理,https://www.youtube.com/watch?v=6BVMyQLBsN4,ok,needs_review,true,0.80,和食,0.95,ご飯,1.00,丼,1.00,その他,0.75,ややガッツリ,0.38,温かい,1.00,15分以内,0.99,false,0.52,true,0.95,false,0.65,true,0.73,taste_tag;uses_knife_tag;uses_frying_pan;uses_microwave,4088,"{""core"": {""dish_shape"": {""choice"": ""bowl"", ""confidence"": 1.0, ""probabilities"": {""bowl"": 1.0, ""bread"": 0.0, ""main"": 0.0, ""noodle"": 0.0, ""other"": 0.0, ""rice_other"": 0.0, ""stew"": 0.0}, ""type"": ""choice""}, ""genre"": {""choice"": ""washoku"", ""confidence"": 0.95, ""probabilities"": {""chuka"": 0.0, ""korean"": 0.0, ""other"": 0.0, ""washoku"": 0.97, ""yoshoku"": 0.03}, ""type"": ""choice""}, ""is_single_recipe"": {""noul"": 0.8, ""type"": ""noul""}, ""main_ingredient"": {""choice"": ""other"", ""confidence"": 0.75, ""probabilities"": {""egg"": 0.06, ""fish"": 0.0, ""meat"": 0.08, ""other"": 0.8, ""soy"": 0.04, ""vegetable"": 0.02}, ""type"": ""choice""}, ""staple"": {""choice"": ""rice"", ""confidence"": 1.0, ""probabilities"": {""bread"": 0.0, ""noodle"": 0.0, ""other"": 0.0, ""rice"": 1.0}, ""type"": ""choice""}, ""taste_tag"": {""choice"": ""semi_rich"", ""confidence"": 0.38, ""probabilities"": {""light"": 0.01, ""rich"": 0.37, ""semi_light"": 0.08, ""semi_rich"": 0.54}, ""type"": ""choice""}}, ""workload"": {""temperature_tag"": {""choice"": ""warm"", ""confidence"": 1.0, ""probabilities"": {""cold"": 0.0, ""warm"": 1.0}, ""type"": ""choice""}, ""time_tag"": {""choice"": ""within_15"", ""confidence"": 0.99, ""probabilities"": {""min_15_30"": 0.01, ""over_30"": 0.0, ""within_15"": 0.99}, ""type"": ""choice""}, ""uses_frying_pan"": {""noul"": 0.35, ""type"": ""noul""}, ""uses_heat_tag"": {""noul"": 0.95, ""type"": ""noul""}, ""uses_knife_tag"": {""noul"": 0.48, ""type"": ""noul""}, ""uses_microwave"": {""noul"": 0.73, ""type"": ""noul""}}}",
Aj5t5nUu61w,僕が10代から作ってる本当に美味しいペペロンチーノのレシピはこちらです。【悪魔のペペロンチーノ】 #リュウジ #バズレシピ #料理 #料理動画 #レシピ #レシピ動画 #パスタ,https://www.youtube.com/watch?v=Aj5t5nUu61w,ok,needs_review,true,0.83,洋食,1.00,麺,1.00,麺料理,1.00,その他,0.94,ややガッツリ,0.81,温かい,1.00,15〜30分,0.93,true,0.57,true,0.96,true,0.67,false,0.68,uses_knife_tag;uses_frying_pan;uses_microwave,4150,"{""core"": {""dish_shape"": {""choice"": ""noodle"", ""confidence"": 1.0, ""probabilities"": {""bowl"": 0.0, ""bread"": 0.0, ""main"": 0.0, ""noodle"": 1.0, ""other"": 0.0, ""rice_other"": 0.0, ""stew"": 0.0}, ""type"": ""choice""}, ""genre"": {""choice"": ""yoshoku"", ""confidence"": 1.0, ""probabilities"": {""chuka"": 0.0, ""korean"": 0.0, ""other"": 0.0, ""washoku"": 0.0, ""yoshoku"": 1.0}, ""type"": ""choice""}, ""is_single_recipe"": {""noul"": 0.83, ""type"": ""noul""}, ""main_ingredient"": {""choice"": ""other"", ""confidence"": 0.94, ""probabilities"": {""egg"": 0.0, ""fish"": 0.0, ""meat"": 0.0, ""other"": 0.95, ""soy"": 0.0, ""vegetable"": 0.05}, ""type"": ""choice""}, ""staple"": {""choice"": ""noodle"", ""confidence"": 1.0, ""probabilities"": {""bread"": 0.0, ""noodle"": 1.0, ""other"": 0.0, ""rice"": 0.0}, ""type"": ""choice""}, ""taste_tag"": {""choice"": ""semi_rich"", ""confidence"": 0.81, ""probabilities"": {""light"": 0.0, ""rich"": 0.14, ""semi_light"": 0.01, ""semi_rich"": 0.85}, ""type"": ""choice""}}, ""workload"": {""temperature_tag"": {""choice"": ""warm"", ""confidence"": 1.0, ""probabilities"": {""cold"": 0.0, ""warm"": 1.0}, ""type"": ""choice""}, ""time_tag"": {""choice"": ""min_15_30"", ""confidence"": 0.93, ""probabilities"": {""min_15_30"": 0.95, ""over_30"": 0.0, ""within_15"": 0.05}, ""type"": ""choice""}, ""uses_frying_pan"": {""noul"": 0.67, ""type"": ""noul""}, ""uses_heat_tag"": {""noul"": 0.96, ""type"": ""noul""}, ""uses_knife_tag"": {""noul"": 0.57, ""type"": ""noul""}, ""uses_microwave"": {""noul"": 0.32, ""type"": ""noul""}}}",
5nzS6Gc4O40,【15分で作れる】ほぼお店の味！最高に美味しいナポリタンが完成。#パスタ #簡単レシピ #時短レシピ #料理,https://www.youtube.com/watch?v=5nzS6Gc4O40,ok,needs_review,true,0.86,洋食,1.00,麺,1.00,麺料理,1.00,その他,0.96,ややガッツリ,0.91,温かい,1.00,15分以内,0.99,true,0.54,true,0.97,true,0.79,false,0.93,uses_knife_tag,2578,"{""core"": {""dish_shape"": {""choice"": ""noodle"", ""confidence"": 1.0, ""probabilities"": {""bowl"": 0.0, ""bread"": 0.0, ""main"": 0.0, ""noodle"": 1.0, ""other"": 0.0, ""rice_other"": 0.0, ""stew"": 0.0}, ""type"": ""choice""}, ""genre"": {""choice"": ""yoshoku"", ""confidence"": 1.0, ""probabilities"": {""chuka"": 0.0, ""korean"": 0.0, ""other"": 0.0, ""washoku"": 0.0, ""yoshoku"": 1.0}, ""type"": ""choice""}, ""is_single_recipe"": {""noul"": 0.86, ""type"": ""noul""}, ""main_ingredient"": {""choice"": ""other"", ""confidence"": 0.96, ""probabilities"": {""egg"": 0.0, ""fish"": 0.0, ""meat"": 0.03, ""other"": 0.97, ""soy"": 0.0, ""vegetable"": 0.0}, ""type"": ""choice""}, ""staple"": {""choice"": ""noodle"", ""confidence"": 1.0, ""probabilities"": {""bread"": 0.0, ""noodle"": 1.0, ""other"": 0.0, ""rice"": 0.0}, ""type"": ""choice""}, ""taste_tag"": {""choice"": ""semi_rich"", ""confidence"": 0.91, ""probabilities"": {""light"": 0.0, ""rich"": 0.07, ""semi_light"": 0.0, ""semi_rich"": 0.93}, ""type"": ""choice""}}, ""workload"": {""temperature_tag"": {""choice"": ""warm"", ""confidence"": 1.0, ""probabilities"": {""cold"": 0.0, ""warm"": 1.0}, ""type"": ""choice""}, ""time_tag"": {""choice"": ""within_15"", ""confidence"": 0.99, ""probabilities"": {""min_15_30"": 0.01, ""over_30"": 0.0, ""within_15"": 0.99}, ""type"": ""choice""}, ""uses_frying_pan"": {""noul"": 0.79, ""type"": ""noul""}, ""uses_heat_tag"": {""noul"": 0.97, ""type"": ""noul""}, ""uses_knife_tag"": {""noul"": 0.54, ""type"": ""noul""}, ""uses_microwave"": {""noul"": 0.07, ""type"": ""noul""}}}",
SVSlHAjImdY,大人気のパスタを再現してみました🍝 #レシピ #カプリチョーザ,https://www.youtube.com/watch?v=SVSlHAjImdY,ok,needs_review,true,0.79,洋食,1.00,麺,1.00,麺料理,1.00,その他,0.98,ややガッツリ,0.75,温かい,1.00,15〜30分,0.99,true,0.55,true,0.97,false,0.65,false,0.94,uses_knife_tag;uses_frying_pan,2552,"{""core"": {""dish_shape"": {""choice"": ""noodle"", ""confidence"": 1.0, ""probabilities"": {""bowl"": 0.0, ""bread"": 0.0, ""main"": 0.0, ""noodle"": 1.0, ""other"": 0.0, ""rice_other"": 0.0, ""stew"": 0.0}, ""type"": ""choice""}, ""genre"": {""choice"": ""yoshoku"", ""confidence"": 1.0, ""probabilities"": {""chuka"": 0.0, ""korean"": 0.0, ""other"": 0.0, ""washoku"": 0.0, ""yoshoku"": 1.0}, ""type"": ""choice""}, ""is_single_recipe"": {""noul"": 0.79, ""type"": ""noul""}, ""main_ingredient"": {""choice"": ""other"", ""confidence"": 0.98, ""probabilities"": {""egg"": 0.0, ""fish"": 0.0, ""meat"": 0.0, ""other"": 0.99, ""soy"": 0.0, ""vegetable"": 0.01}, ""type"": ""choice""}, ""staple"": {""choice"": ""noodle"", ""confidence"": 1.0, ""probabilities"": {""bread"": 0.0, ""noodle"": 1.0, ""other"": 0.0, ""rice"": 0.0}, ""type"": ""choice""}, ""taste_tag"": {""choice"": ""semi_rich"", ""confidence"": 0.75, ""probabilities"": {""light"": 0.0, ""rich"": 0.17, ""semi_light"": 0.01, ""semi_rich"": 0.81}, ""type"": ""choice""}}, ""workload"": {""temperature_tag"": {""choice"": ""warm"", ""confidence"": 1.0, ""probabilities"": {""cold"": 0.0, ""warm"": 1.0}, ""type"": ""choice""}, ""time_tag"": {""choice"": ""min_15_30"", ""confidence"": 0.99, ""probabilities"": {""min_15_30"": 1.0, ""over_30"": 0.0, ""within_15"": 0.0}, ""type"": ""choice""}, ""uses_frying_pan"": {""noul"": 0.35, ""type"": ""noul""}, ""uses_heat_tag"": {""noul"": 0.97, ""type"": ""noul""}, ""uses_knife_tag"": {""noul"": 0.55, ""type"": ""noul""}, ""uses_microwave"": {""noul"": 0.06, ""type"": ""noul""}}}",
yrAKZZsXc_w,生クリーム？小麦粉？ルー？全部いらねえのにお店の味、信じられない【虚無チーズパスタ】#shorts #リュウジ #料理,https://www.youtube.com/watch?v=yrAKZZsXc_w,ok,needs_review,true,0.81,洋食,1.00,麺,1.00,麺料理,1.00,その他,1.00,ガッツリ,0.65,温かい,1.00,15〜30分,0.95,false,0.69,true,0.96,false,0.71,true,0.78,taste_tag;uses_knife_tag;uses_frying_pan,4100,"{""core"": {""dish_shape"": {""choice"": ""noodle"", ""confidence"": 1.0, ""probabilities"": {""bowl"": 0.0, ""bread"": 0.0, ""main"": 0.0, ""noodle"": 1.0, ""other"": 0.0, ""rice_other"": 0.0, ""stew"": 0.0}, ""type"": ""choice""}, ""genre"": {""choice"": ""yoshoku"", ""confidence"": 1.0, ""probabilities"": {""chuka"": 0.0, ""korean"": 0.0, ""other"": 0.0, ""washoku"": 0.0, ""yoshoku"": 1.0}, ""type"": ""choice""}, ""is_single_recipe"": {""noul"": 0.81, ""type"": ""noul""}, ""main_ingredient"": {""choice"": ""other"", ""confidence"": 1.0, ""probabilities"": {""egg"": 0.0, ""fish"": 0.0, ""meat"": 0.0, ""other"": 1.0, ""soy"": 0.0, ""vegetable"": 0.0}, ""type"": ""choice""}, ""staple"": {""choice"": ""noodle"", ""confidence"": 1.0, ""probabilities"": {""bread"": 0.0, ""noodle"": 1.0, ""other"": 0.0, ""rice"": 0.0}, ""type"": ""choice""}, ""taste_tag"": {""choice"": ""rich"", ""confidence"": 0.65, ""probabilities"": {""light"": 0.0, ""rich"": 0.74, ""semi_light"": 0.01, ""semi_rich"": 0.25}, ""type"": ""choice""}}, ""workload"": {""temperature_tag"": {""choice"": ""warm"", ""confidence"": 1.0, ""probabilities"": {""cold"": 0.0, ""warm"": 1.0}, ""type"": ""choice""}, ""time_tag"": {""choice"": ""min_15_30"", ""confidence"": 0.95, ""probabilities"": {""min_15_30"": 0.97, ""over_30"": 0.0, ""within_15"": 0.03}, ""type"": ""choice""}, ""uses_frying_pan"": {""noul"": 0.29, ""type"": ""noul""}, ""uses_heat_tag"": {""noul"": 0.96, ""type"": ""noul""}, ""uses_knife_tag"": {""noul"": 0.31, ""type"": ""noul""}, ""uses_microwave"": {""noul"": 0.78, ""type"": ""noul""}}}",
bMTSe5DNBLU,5分で簡単！最強納豆パスタ〜🍝 #簡単レシピ #料理 #パスタ,https://www.youtube.com/watch?v=bMTSe5DNBLU,ok,needs_review,true,0.82,洋食,0.98,麺,1.00,麺料理,1.00,豆腐・大豆,0.89,ややガッツリ,0.94,温かい,0.99,15分以内,1.00,false,0.67,true,0.94,false,0.60,false,0.91,uses_knife_tag;uses_frying_pan,2528,"{""core"": {""dish_shape"": {""choice"": ""noodle"", ""confidence"": 1.0, ""probabilities"": {""bowl"": 0.0, ""bread"": 0.0, ""main"": 0.0, ""noodle"": 1.0, ""other"": 0.0, ""rice_other"": 0.0, ""stew"": 0.0}, ""type"": ""choice""}, ""genre"": {""choice"": ""yoshoku"", ""confidence"": 0.98, ""probabilities"": {""chuka"": 0.0, ""korean"": 0.0, ""other"": 0.0, ""washoku"": 0.01, ""yoshoku"": 0.99}, ""type"": ""choice""}, ""is_single_recipe"": {""noul"": 0.82, ""type"": ""noul""}, ""main_ingredient"": {""choice"": ""soy"", ""confidence"": 0.89, ""probabilities"": {""egg"": 0.0, ""fish"": 0.0, ""meat"": 0.0, ""other"": 0.09, ""soy"": 0.91, ""vegetable"": 0.0}, ""type"": ""choice""}, ""staple"": {""choice"": ""noodle"", ""confidence"": 1.0, ""probabilities"": {""bread"": 0.0, ""noodle"": 1.0, ""other"": 0.0, ""rice"": 0.0}, ""type"": ""choice""}, ""taste_tag"": {""choice"": ""semi_rich"", ""confidence"": 0.94, ""probabilities"": {""light"": 0.0, ""rich"": 0.03, ""semi_light"": 0.01, ""semi_rich"": 0.96}, ""type"": ""choice""}}, ""workload"": {""temperature_tag"": {""choice"": ""warm"", ""confidence"": 0.99, ""probabilities"": {""cold"": 0.01, ""warm"": 0.99}, ""type"": ""choice""}, ""time_tag"": {""choice"": ""within_15"", ""confidence"": 1.0, ""probabilities"": {""min_15_30"": 0.0, ""over_30"": 0.0, ""within_15"": 1.0}, ""type"": ""choice""}, ""uses_frying_pan"": {""noul"": 0.4, ""type"": ""noul""}, ""uses_heat_tag"": {""noul"": 0.94, ""type"": ""noul""}, ""uses_knife_tag"": {""noul"": 0.33, ""type"": ""noul""}, ""uses_microwave"": {""noul"": 0.09, ""type"": ""noul""}}}",
vtbNNttBGzY,【ワンパン15分】このキノコパスタ最上級に美味しい！#パスタ #簡単レシピ #料理 #時短レシピ #パスタ,https://www.youtube.com/watch?v=vtbNNttBGzY,ok,needs_review,true,0.84,洋食,1.00,麺,1.00,麺料理,1.00,野菜中心,0.83,ややガッツリ,0.94,温かい,1.00,15分以内,1.00,true,0.61,true,0.98,true,0.96,false,0.94,uses_knife_tag,2570,"{""core"": {""dish_shape"": {""choice"": ""noodle"", ""confidence"": 1.0, ""probabilities"": {""bowl"": 0.0, ""bread"": 0.0, ""main"": 0.0, ""noodle"": 1.0, ""other"": 0.0, ""rice_other"": 0.0, ""stew"": 0.0}, ""type"": ""choice""}, ""genre"": {""choice"": ""yoshoku"", ""confidence"": 1.0, ""probabilities"": {""chuka"": 0.0, ""korean"": 0.0, ""other"": 0.0, ""washoku"": 0.0, ""yoshoku"": 1.0}, ""type"": ""choice""}, ""is_single_recipe"": {""noul"": 0.84, ""type"": ""noul""}, ""main_ingredient"": {""choice"": ""vegetable"", ""confidence"": 0.83, ""probabilities"": {""egg"": 0.0, ""fish"": 0.0, ""meat"": 0.0, ""other"": 0.14, ""soy"": 0.0, ""vegetable"": 0.86}, ""type"": ""choice""}, ""staple"": {""choice"": ""noodle"", ""confidence"": 1.0, ""probabilities"": {""bread"": 0.0, ""noodle"": 1.0, ""other"": 0.0, ""rice"": 0.0}, ""type"": ""choice""}, ""taste_tag"": {""choice"": ""semi_rich"", ""confidence"": 0.94, ""probabilities"": {""light"": 0.0, ""rich"": 0.02, ""semi_light"": 0.02, ""semi_rich"": 0.96}, ""type"": ""choice""}}, ""workload"": {""temperature_tag"": {""choice"": ""warm"", ""confidence"": 1.0, ""probabilities"": {""cold"": 0.0, ""warm"": 1.0}, ""type"": ""choice""}, ""time_tag"": {""choice"": ""within_15"", ""confidence"": 1.0, ""probabilities"": {""min_15_30"": 0.0, ""over_30"": 0.0, ""within_15"": 1.0}, ""type"": ""choice""}, ""uses_frying_pan"": {""noul"": 0.96, ""type"": ""noul""}, ""uses_heat_tag"": {""noul"": 0.98, ""type"": ""noul""}, ""uses_knife_tag"": {""noul"": 0.61, ""type"": ""noul""}, ""uses_microwave"": {""noul"": 0.06, ""type"": ""noul""}}}",
hDbz3m0yWkw,総再生400万回越え！ガーリックバターの和風【きのこパスタ】,https://www.youtube.com/watch?v=hDbz3m0yWkw,ok,needs_review,true,0.93,洋食,0.98,麺,1.00,麺料理,1.00,野菜中心,0.93,ガッツリ,0.77,温かい,1.00,15〜30分,0.93,true,0.72,true,0.98,true,0.81,false,0.97,uses_knife_tag,2992,"{""core"": {""dish_shape"": {""choice"": ""noodle"", ""confidence"": 1.0, ""probabilities"": {""bowl"": 0.0, ""bread"": 0.0, ""main"": 0.0, ""noodle"": 1.0, ""other"": 0.0, ""rice_other"": 0.0, ""stew"": 0.0}, ""type"": ""choice""}, ""genre"": {""choice"": ""yoshoku"", ""confidence"": 0.98, ""probabilities"": {""chuka"": 0.0, ""korean"": 0.0, ""other"": 0.0, ""washoku"": 0.01, ""yoshoku"": 0.99}, ""type"": ""choice""}, ""is_single_recipe"": {""noul"": 0.93, ""type"": ""noul""}, ""main_ingredient"": {""choice"": ""vegetable"", ""confidence"": 0.93, ""probabilities"": {""egg"": 0.0, ""fish"": 0.0, ""meat"": 0.0, ""other"": 0.06, ""soy"": 0.0, ""vegetable"": 0.94}, ""type"": ""choice""}, ""staple"": {""choice"": ""noodle"", ""confidence"": 1.0, ""probabilities"": {""bread"": 0.0, ""noodle"": 1.0, ""other"": 0.0, ""rice"": 0.0}, ""type"": ""choice""}, ""taste_tag"": {""choice"": ""rich"", ""confidence"": 0.77, ""probabilities"": {""light"": 0.0, ""rich"": 0.83, ""semi_light"": 0.0, ""semi_rich"": 0.17}, ""type"": ""choice""}}, ""workload"": {""temperature_tag"": {""choice"": ""warm"", ""confidence"": 1.0, ""probabilities"": {""cold"": 0.0, ""warm"": 1.0}, ""type"": ""choice""}, ""time_tag"": {""choice"": ""min_15_30"", ""confidence"": 0.93, ""probabilities"": {""min_15_30"": 0.95, ""over_30"": 0.0, ""within_15"": 0.05}, ""type"": ""choice""}, ""uses_frying_pan"": {""noul"": 0.81, ""type"": ""noul""}, ""uses_heat_tag"": {""noul"": 0.98, ""type"": ""noul""}, ""uses_knife_tag"": {""noul"": 0.72, ""type"": ""noul""}, ""uses_microwave"": {""noul"": 0.03, ""type"": ""noul""}}}",
f3ziYO2Diqk,レンジで簡単！濃厚チーズパスタ,https://www.youtube.com/watch?v=f3ziYO2Diqk,ok,ai_tagged,true,0.96,洋食,1.00,麺,1.00,麺料理,1.00,その他,1.00,ガッツリ,0.99,温かい,1.00,15分以内,1.00,false,0.82,true,0.99,false,0.94,true,0.99,,3162,"{""core"": {""dish_shape"": {""choice"": ""noodle"", ""confidence"": 1.0, ""probabilities"": {""bowl"": 0.0, ""bread"": 0.0, ""main"": 0.0, ""noodle"": 1.0, ""other"": 0.0, ""rice_other"": 0.0, ""stew"": 0.0}, ""type"": ""choice""}, ""genre"": {""choice"": ""yoshoku"", ""confidence"": 1.0, ""probabilities"": {""chuka"": 0.0, ""korean"": 0.0, ""other"": 0.0, ""washoku"": 0.0, ""yoshoku"": 1.0}, ""type"": ""choice""}, ""is_single_recipe"": {""noul"": 0.96, ""type"": ""noul""}, ""main_ingredient"": {""choice"": ""other"", ""confidence"": 1.0, ""probabilities"": {""egg"": 0.0, ""fish"": 0.0, ""meat"": 0.0, ""other"": 1.0, ""soy"": 0.0, ""vegetable"": 0.0}, ""type"": ""choice""}, ""staple"": {""choice"": ""noodle"", ""confidence"": 1.0, ""probabilities"": {""bread"": 0.0, ""noodle"": 1.0, ""other"": 0.0, ""rice"": 0.0}, ""type"": ""choice""}, ""taste_tag"": {""choice"": ""rich"", ""confidence"": 0.99, ""probabilities"": {""light"": 0.0, ""rich"": 0.99, ""semi_light"": 0.0, ""semi_rich"": 0.01}, ""type"": ""choice""}}, ""workload"": {""temperature_tag"": {""choice"": ""warm"", ""confidence"": 1.0, ""probabilities"": {""cold"": 0.0, ""warm"": 1.0}, ""type"": ""choice""}, ""time_tag"": {""choice"": ""within_15"", ""confidence"": 1.0, ""probabilities"": {""min_15_30"": 0.0, ""over_30"": 0.0, ""within_15"": 1.0}, ""type"": ""choice""}, ""uses_frying_pan"": {""noul"": 0.06, ""type"": ""noul""}, ""uses_heat_tag"": {""noul"": 0.99, ""type"": ""noul""}, ""uses_knife_tag"": {""noul"": 0.18, ""type"": ""noul""}, ""uses_microwave"": {""noul"": 0.99, ""type"": ""noul""}}}",
tF7cFllj7FQ,イタリアで作るペペロンチーノがシンプルの極み！#ペペロンチーノ #パスタ #レシピ,https://www.youtube.com/watch?v=tF7cFllj7FQ,ok,needs_review,true,0.84,洋食,1.00,麺,1.00,麺料理,1.00,その他,0.89,ややガッツリ,0.98,温かい,1.00,15〜30分,0.96,true,0.59,true,0.98,true,0.75,false,0.96,uses_knife_tag,2938,"{""core"": {""dish_shape"": {""choice"": ""noodle"", ""confidence"": 1.0, ""probabilities"": {""bowl"": 0.0, ""bread"": 0.0, ""main"": 0.0, ""noodle"": 1.0, ""other"": 0.0, ""rice_other"": 0.0, ""stew"": 0.0}, ""type"": ""choice""}, ""genre"": {""choice"": ""yoshoku"", ""confidence"": 1.0, ""probabilities"": {""chuka"": 0.0, ""korean"": 0.0, ""other"": 0.0, ""washoku"": 0.0, ""yoshoku"": 1.0}, ""type"": ""choice""}, ""is_single_recipe"": {""noul"": 0.84, ""type"": ""noul""}, ""main_ingredient"": {""choice"": ""other"", ""confidence"": 0.89, ""probabilities"": {""egg"": 0.0, ""fish"": 0.0, ""meat"": 0.0, ""other"": 0.91, ""soy"": 0.0, ""vegetable"": 0.09}, ""type"": ""choice""}, ""staple"": {""choice"": ""noodle"", ""confidence"": 1.0, ""probabilities"": {""bread"": 0.0, ""noodle"": 1.0, ""other"": 0.0, ""rice"": 0.0}, ""type"": ""choice""}, ""taste_tag"": {""choice"": ""semi_rich"", ""confidence"": 0.98, ""probabilities"": {""light"": 0.0, ""rich"": 0.01, ""semi_light"": 0.01, ""semi_rich"": 0.98}, ""type"": ""choice""}}, ""workload"": {""temperature_tag"": {""choice"": ""warm"", ""confidence"": 1.0, ""probabilities"": {""cold"": 0.0, ""warm"": 1.0}, ""type"": ""choice""}, ""time_tag"": {""choice"": ""min_15_30"", ""confidence"": 0.96, ""probabilities"": {""min_15_30"": 0.97, ""over_30"": 0.0, ""within_15"": 0.03}, ""type"": ""choice""}, ""uses_frying_pan"": {""noul"": 0.75, ""type"": ""noul""}, ""uses_heat_tag"": {""noul"": 0.98, ""type"": ""noul""}, ""uses_knife_tag"": {""noul"": 0.59, ""type"": ""noul""}, ""uses_microwave"": {""noul"": 0.04, ""type"": ""noul""}}}",
UWfAZNLGt0g,【冷凍シーフードミックスで作る】絶品シーフードパスタの作り方！解凍要らず！,https://www.youtube.com/watch?v=UWfAZNLGt0g,ok,needs_review,true,0.92,洋食,1.00,麺,1.00,麺料理,1.00,魚,0.99,ややガッツリ,0.97,温かい,1.00,15〜30分,0.96,false,0.78,true,0.98,true,0.66,false,0.96,uses_frying_pan,3058,"{""core"": {""dish_shape"": {""choice"": ""noodle"", ""confidence"": 1.0, ""probabilities"": {""bowl"": 0.0, ""bread"": 0.0, ""main"": 0.0, ""noodle"": 1.0, ""other"": 0.0, ""rice_other"": 0.0, ""stew"": 0.0}, ""type"": ""choice""}, ""genre"": {""choice"": ""yoshoku"", ""confidence"": 1.0, ""probabilities"": {""chuka"": 0.0, ""korean"": 0.0, ""other"": 0.0, ""washoku"": 0.0, ""yoshoku"": 1.0}, ""type"": ""choice""}, ""is_single_recipe"": {""noul"": 0.92, ""type"": ""noul""}, ""main_ingredient"": {""choice"": ""fish"", ""confidence"": 0.99, ""probabilities"": {""egg"": 0.0, ""fish"": 0.99, ""meat"": 0.0, ""other"": 0.01, ""soy"": 0.0, ""vegetable"": 0.0}, ""type"": ""choice""}, ""staple"": {""choice"": ""noodle"", ""confidence"": 1.0, ""probabilities"": {""bread"": 0.0, ""noodle"": 1.0, ""other"": 0.0, ""rice"": 0.0}, ""type"": ""choice""}, ""taste_tag"": {""choice"": ""semi_rich"", ""confidence"": 0.97, ""probabilities"": {""light"": 0.0, ""rich"": 0.0, ""semi_light"": 0.02, ""semi_rich"": 0.98}, ""type"": ""choice""}}, ""workload"": {""temperature_tag"": {""choice"": ""warm"", ""confidence"": 1.0, ""probabilities"": {""cold"": 0.0, ""warm"": 1.0}, ""type"": ""choice""}, ""time_tag"": {""choice"": ""min_15_30"", ""confidence"": 0.96, ""probabilities"": {""min_15_30"": 0.97, ""over_30"": 0.0, ""within_15"": 0.03}, ""type"": ""choice""}, ""uses_frying_pan"": {""noul"": 0.66, ""type"": ""noul""}, ""uses_heat_tag"": {""noul"": 0.98, ""type"": ""noul""}, ""uses_knife_tag"": {""noul"": 0.22, ""type"": ""noul""}, ""uses_microwave"": {""noul"": 0.04, ""type"": ""noul""}}}",
U_9KrBg1lMs,和風きのこパスタの作り方｜フライパン1つで簡単！きのこの旨みたっぷりで風味豊かな和風パスタ！忙しい日にピッタリ！-How to make Mushroom Pasta-【料理研究家ゆかり】,https://www.youtube.com/watch?v=U_9KrBg1lMs,ok,needs_review,true,0.50,洋食,0.81,麺,1.00,麺料理,1.00,野菜中心,0.96,ややガッツリ,0.98,温かい,1.00,15〜30分,0.99,true,0.69,true,0.99,true,0.98,false,0.97,is_single_recipe;uses_knife_tag,4330,"{""core"": {""dish_shape"": {""choice"": ""noodle"", ""confidence"": 1.0, ""probabilities"": {""bowl"": 0.0, ""bread"": 0.0, ""main"": 0.0, ""noodle"": 1.0, ""other"": 0.0, ""rice_other"": 0.0, ""stew"": 0.0}, ""type"": ""choice""}, ""genre"": {""choice"": ""yoshoku"", ""confidence"": 0.81, ""probabilities"": {""chuka"": 0.0, ""korean"": 0.0, ""other"": 0.0, ""washoku"": 0.15, ""yoshoku"": 0.85}, ""type"": ""choice""}, ""is_single_recipe"": {""noul"": 0.5, ""type"": ""noul""}, ""main_ingredient"": {""choice"": ""vegetable"", ""confidence"": 0.96, ""probabilities"": {""egg"": 0.0, ""fish"": 0.0, ""meat"": 0.0, ""other"": 0.03, ""soy"": 0.0, ""vegetable"": 0.97}, ""type"": ""choice""}, ""staple"": {""choice"": ""noodle"", ""confidence"": 1.0, ""probabilities"": {""bread"": 0.0, ""noodle"": 1.0, ""other"": 0.0, ""rice"": 0.0}, ""type"": ""choice""}, ""taste_tag"": {""choice"": ""semi_rich"", ""confidence"": 0.98, ""probabilities"": {""light"": 0.0, ""rich"": 0.01, ""semi_light"": 0.0, ""semi_rich"": 0.99}, ""type"": ""choice""}}, ""workload"": {""temperature_tag"": {""choice"": ""warm"", ""confidence"": 1.0, ""probabilities"": {""cold"": 0.0, ""warm"": 1.0}, ""type"": ""choice""}, ""time_tag"": {""choice"": ""min_15_30"", ""confidence"": 0.99, ""probabilities"": {""min_15_30"": 0.99, ""over_30"": 0.0, ""within_15"": 0.01}, ""type"": ""choice""}, ""uses_frying_pan"": {""noul"": 0.98, ""type"": ""noul""}, ""uses_heat_tag"": {""noul"": 0.99, ""type"": ""noul""}, ""uses_knife_tag"": {""noul"": 0.69, ""type"": ""noul""}, ""uses_microwave"": {""noul"": 0.03, ""type"": ""noul""}}}",
CIp-SsRUsQ8,超簡単で激ウマなパスタレシピ３選🍝 #パスタ #レシピ #簡単レシピ #shorts,https://www.youtube.com/watch?v=CIp-SsRUsQ8,ok,exclude_candidate,false,0.79,洋食,1.00,麺,1.00,麺料理,1.00,その他,1.00,ややガッツリ,0.98,温かい,1.00,15〜30分,0.99,false,0.62,true,0.95,false,0.55,false,0.93,uses_knife_tag;uses_frying_pan,2564,"{""core"": {""dish_shape"": {""choice"": ""noodle"", ""confidence"": 1.0, ""probabilities"": {""bowl"": 0.0, ""bread"": 0.0, ""main"": 0.0, ""noodle"": 1.0, ""other"": 0.0, ""rice_other"": 0.0, ""stew"": 0.0}, ""type"": ""choice""}, ""genre"": {""choice"": ""yoshoku"", ""confidence"": 1.0, ""probabilities"": {""chuka"": 0.0, ""korean"": 0.0, ""other"": 0.0, ""washoku"": 0.0, ""yoshoku"": 1.0}, ""type"": ""choice""}, ""is_single_recipe"": {""noul"": 0.21, ""type"": ""noul""}, ""main_ingredient"": {""choice"": ""other"", ""confidence"": 1.0, ""probabilities"": {""egg"": 0.0, ""fish"": 0.0, ""meat"": 0.0, ""other"": 1.0, ""soy"": 0.0, ""vegetable"": 0.0}, ""type"": ""choice""}, ""staple"": {""choice"": ""noodle"", ""confidence"": 1.0, ""probabilities"": {""bread"": 0.0, ""noodle"": 1.0, ""other"": 0.0, ""rice"": 0.0}, ""type"": ""choice""}, ""taste_tag"": {""choice"": ""semi_rich"", ""confidence"": 0.98, ""probabilities"": {""light"": 0.0, ""rich"": 0.01, ""semi_light"": 0.01, ""semi_rich"": 0.98}, ""type"": ""choice""}}, ""workload"": {""temperature_tag"": {""choice"": ""warm"", ""confidence"": 1.0, ""probabilities"": {""cold"": 0.0, ""warm"": 1.0}, ""type"": ""choice""}, ""time_tag"": {""choice"": ""min_15_30"", ""confidence"": 0.99, ""probabilities"": {""min_15_30"": 1.0, ""over_30"": 0.0, ""within_15"": 0.0}, ""type"": ""choice""}, ""uses_frying_pan"": {""noul"": 0.45, ""type"": ""noul""}, ""uses_heat_tag"": {""noul"": 0.95, ""type"": ""noul""}, ""uses_knife_tag"": {""noul"": 0.38, ""type"": ""noul""}, ""uses_microwave"": {""noul"": 0.07, ""type"": ""noul""}}}",
pYCq8uNLAwM,本場イタリアの失敗なしの【カルボナーラ】コツは水！#カルボナーラ #パスタ #レシピ,https://www.youtube.com/watch?v=pYCq8uNLAwM,ok,needs_review,true,0.89,洋食,1.00,麺,1.00,麺料理,1.00,その他,0.56,ガッツリ,0.95,温かい,1.00,15〜30分,0.96,true,0.60,true,0.98,true,0.75,false,0.96,main_ingredient;uses_knife_tag,2920,"{""core"": {""dish_shape"": {""choice"": ""noodle"", ""confidence"": 1.0, ""probabilities"": {""bowl"": 0.0, ""bread"": 0.0, ""main"": 0.0, ""noodle"": 1.0, ""other"": 0.0, ""rice_other"": 0.0, ""stew"": 0.0}, ""type"": ""choice""}, ""genre"": {""choice"": ""yoshoku"", ""confidence"": 1.0, ""probabilities"": {""chuka"": 0.0, ""korean"": 0.0, ""other"": 0.0, ""washoku"": 0.0, ""yoshoku"": 1.0}, ""type"": ""choice""}, ""is_single_recipe"": {""noul"": 0.89, ""type"": ""noul""}, ""main_ingredient"": {""choice"": ""other"", ""confidence"": 0.56, ""probabilities"": {""egg"": 0.05, ""fish"": 0.0, ""meat"": 0.3, ""other"": 0.65, ""soy"": 0.0, ""vegetable"": 0.0}, ""type"": ""choice""}, ""staple"": {""choice"": ""noodle"", ""confidence"": 1.0, ""probabilities"": {""bread"": 0.0, ""noodle"": 1.0, ""other"": 0.0, ""rice"": 0.0}, ""type"": ""choice""}, ""taste_tag"": {""choice"": ""rich"", ""confidence"": 0.95, ""probabilities"": {""light"": 0.0, ""rich"": 0.96, ""semi_light"": 0.0, ""semi_rich"": 0.04}, ""type"": ""choice""}}, ""workload"": {""temperature_tag"": {""choice"": ""warm"", ""confidence"": 1.0, ""probabilities"": {""cold"": 0.0, ""warm"": 1.0}, ""type"": ""choice""}, ""time_tag"": {""choice"": ""min_15_30"", ""confidence"": 0.96, ""probabilities"": {""min_15_30"": 0.98, ""over_30"": 0.0, ""within_15"": 0.02}, ""type"": ""choice""}, ""uses_frying_pan"": {""noul"": 0.75, ""type"": ""noul""}, ""uses_heat_tag"": {""noul"": 0.98, ""type"": ""noul""}, ""uses_knife_tag"": {""noul"": 0.6, ""type"": ""noul""}, ""uses_microwave"": {""noul"": 0.04, ""type"": ""noul""}}}",
0gD0fzOOJtI,【激ウマパスタレシピ3選🍝】2025年上期に作ったパスタの中から特に美味しかったものを紹介します！ #パスタ #レシピ #簡単レシピ #shorts,https://www.youtube.com/watch?v=0gD0fzOOJtI,ok,exclude_candidate,false,0.87,洋食,1.00,麺,1.00,麺料理,1.00,その他,1.00,ややガッツリ,0.97,温かい,1.00,15〜30分,1.00,false,0.62,true,0.96,false,0.62,false,0.94,uses_knife_tag;uses_frying_pan,2630,"{""core"": {""dish_shape"": {""choice"": ""noodle"", ""confidence"": 1.0, ""probabilities"": {""bowl"": 0.0, ""bread"": 0.0, ""main"": 0.0, ""noodle"": 1.0, ""other"": 0.0, ""rice_other"": 0.0, ""stew"": 0.0}, ""type"": ""choice""}, ""genre"": {""choice"": ""yoshoku"", ""confidence"": 1.0, ""probabilities"": {""chuka"": 0.0, ""korean"": 0.0, ""other"": 0.0, ""washoku"": 0.0, ""yoshoku"": 1.0}, ""type"": ""choice""}, ""is_single_recipe"": {""noul"": 0.13, ""type"": ""noul""}, ""main_ingredient"": {""choice"": ""other"", ""confidence"": 1.0, ""probabilities"": {""egg"": 0.0, ""fish"": 0.0, ""meat"": 0.0, ""other"": 1.0, ""soy"": 0.0, ""vegetable"": 0.0}, ""type"": ""choice""}, ""staple"": {""choice"": ""noodle"", ""confidence"": 1.0, ""probabilities"": {""bread"": 0.0, ""noodle"": 1.0, ""other"": 0.0, ""rice"": 0.0}, ""type"": ""choice""}, ""taste_tag"": {""choice"": ""semi_rich"", ""confidence"": 0.97, ""probabilities"": {""light"": 0.0, ""rich"": 0.01, ""semi_light"": 0.01, ""semi_rich"": 0.98}, ""type"": ""choice""}}, ""workload"": {""temperature_tag"": {""choice"": ""warm"", ""confidence"": 1.0, ""probabilities"": {""cold"": 0.0, ""warm"": 1.0}, ""type"": ""choice""}, ""time_tag"": {""choice"": ""min_15_30"", ""confidence"": 1.0, ""probabilities"": {""min_15_30"": 1.0, ""over_30"": 0.0, ""within_15"": 0.0}, ""type"": ""choice""}, ""uses_frying_pan"": {""noul"": 0.38, ""type"": ""noul""}, ""uses_heat_tag"": {""noul"": 0.96, ""type"": ""noul""}, ""uses_knife_tag"": {""noul"": 0.38, ""type"": ""noul""}, ""uses_microwave"": {""noul"": 0.06, ""type"": ""noul""}}}",
FuWkGfcPgn4,フライパン１つで作れるありえないほど美味しいパスタの作り方,https://www.youtube.com/watch?v=FuWkGfcPgn4,ok,needs_review,true,0.85,洋食,1.00,麺,1.00,麺料理,1.00,その他,1.00,ややガッツリ,0.90,温かい,1.00,15〜30分,0.99,false,0.57,true,0.98,true,0.97,false,0.95,uses_knife_tag,2550,"{""core"": {""dish_shape"": {""choice"": ""noodle"", ""confidence"": 1.0, ""probabilities"": {""bowl"": 0.0, ""bread"": 0.0, ""main"": 0.0, ""noodle"": 1.0, ""other"": 0.0, ""rice_other"": 0.0, ""stew"": 0.0}, ""type"": ""choice""}, ""genre"": {""choice"": ""yoshoku"", ""confidence"": 1.0, ""probabilities"": {""chuka"": 0.0, ""korean"": 0.0, ""other"": 0.0, ""washoku"": 0.0, ""yoshoku"": 1.0}, ""type"": ""choice""}, ""is_single_recipe"": {""noul"": 0.85, ""type"": ""noul""}, ""main_ingredient"": {""choice"": ""other"", ""confidence"": 1.0, ""probabilities"": {""egg"": 0.0, ""fish"": 0.0, ""meat"": 0.0, ""other"": 1.0, ""soy"": 0.0, ""vegetable"": 0.0}, ""type"": ""choice""}, ""staple"": {""choice"": ""noodle"", ""confidence"": 1.0, ""probabilities"": {""bread"": 0.0, ""noodle"": 1.0, ""other"": 0.0, ""rice"": 0.0}, ""type"": ""choice""}, ""taste_tag"": {""choice"": ""semi_rich"", ""confidence"": 0.9, ""probabilities"": {""light"": 0.0, ""rich"": 0.07, ""semi_light"": 0.0, ""semi_rich"": 0.93}, ""type"": ""choice""}}, ""workload"": {""temperature_tag"": {""choice"": ""warm"", ""confidence"": 1.0, ""probabilities"": {""cold"": 0.0, ""warm"": 1.0}, ""type"": ""choice""}, ""time_tag"": {""choice"": ""min_15_30"", ""confidence"": 0.99, ""probabilities"": {""min_15_30"": 1.0, ""over_30"": 0.0, ""within_15"": 0.0}, ""type"": ""choice""}, ""uses_frying_pan"": {""noul"": 0.97, ""type"": ""noul""}, ""uses_heat_tag"": {""noul"": 0.98, ""type"": ""noul""}, ""uses_knife_tag"": {""noul"": 0.43, ""type"": ""noul""}, ""uses_microwave"": {""noul"": 0.05, ""type"": ""noul""}}}",
XMLtlccLUqc,革命｜味噌×ペペロンチーノ【みそロンチーノ】#shorts,https://www.youtube.com/watch?v=XMLtlccLUqc,ok,needs_review,true,0.90,洋食,1.00,麺,1.00,麺料理,1.00,その他,0.59,ややガッツリ,0.96,温かい,1.00,15〜30分,0.79,true,0.64,true,0.98,true,0.60,false,0.97,main_ingredient;uses_knife_tag;uses_frying_pan,2842,"{""core"": {""dish_shape"": {""choice"": ""noodle"", ""confidence"": 1.0, ""probabilities"": {""bowl"": 0.0, ""bread"": 0.0, ""main"": 0.0, ""noodle"": 1.0, ""other"": 0.0, ""rice_other"": 0.0, ""stew"": 0.0}, ""type"": ""choice""}, ""genre"": {""choice"": ""yoshoku"", ""confidence"": 1.0, ""probabilities"": {""chuka"": 0.0, ""korean"": 0.0, ""other"": 0.0, ""washoku"": 0.0, ""yoshoku"": 1.0}, ""type"": ""choice""}, ""is_single_recipe"": {""noul"": 0.9, ""type"": ""noul""}, ""main_ingredient"": {""choice"": ""other"", ""confidence"": 0.59, ""probabilities"": {""egg"": 0.0, ""fish"": 0.0, ""meat"": 0.0, ""other"": 0.66, ""soy"": 0.33, ""vegetable"": 0.01}, ""type"": ""choice""}, ""staple"": {""choice"": ""noodle"", ""confidence"": 1.0, ""probabilities"": {""bread"": 0.0, ""noodle"": 1.0, ""other"": 0.0, ""rice"": 0.0}, ""type"": ""choice""}, ""taste_tag"": {""choice"": ""semi_rich"", ""confidence"": 0.96, ""probabilities"": {""light"": 0.0, ""rich"": 0.02, ""semi_light"": 0.01, ""semi_rich"": 0.97}, ""type"": ""choice""}}, ""workload"": {""temperature_tag"": {""choice"": ""warm"", ""confidence"": 1.0, ""probabilities"": {""cold"": 0.0, ""warm"": 1.0}, ""type"": ""choice""}, ""time_tag"": {""choice"": ""min_15_30"", ""confidence"": 0.79, ""probabilities"": {""min_15_30"": 0.86, ""over_30"": 0.0, ""within_15"": 0.14}, ""type"": ""choice""}, ""uses_frying_pan"": {""noul"": 0.6, ""type"": ""noul""}, ""uses_heat_tag"": {""noul"": 0.98, ""type"": ""noul""}, ""uses_knife_tag"": {""noul"": 0.64, ""type"": ""noul""}, ""uses_microwave"": {""noul"": 0.03, ""type"": ""noul""}}}",
cgj2ppzs-TA,【簡単10分】貧乏パスタ｜一気に大盛作るコツ！#shorts,https://www.youtube.com/watch?v=cgj2ppzs-TA,ok,needs_review,true,0.95,洋食,1.00,麺,1.00,麺料理,1.00,卵,0.46,ガッツリ,0.42,温かい,1.00,15分以内,1.00,true,0.69,true,0.99,true,0.99,false,0.97,main_ingredient;taste_tag;uses_knife_tag,3778,"{""core"": {""dish_shape"": {""choice"": ""noodle"", ""confidence"": 1.0, ""probabilities"": {""bowl"": 0.0, ""bread"": 0.0, ""main"": 0.0, ""noodle"": 1.0, ""other"": 0.0, ""rice_other"": 0.0, ""stew"": 0.0}, ""type"": ""choice""}, ""genre"": {""choice"": ""yoshoku"", ""confidence"": 1.0, ""probabilities"": {""chuka"": 0.0, ""korean"": 0.0, ""other"": 0.0, ""washoku"": 0.0, ""yoshoku"": 1.0}, ""type"": ""choice""}, ""is_single_recipe"": {""noul"": 0.95, ""type"": ""noul""}, ""main_ingredient"": {""choice"": ""egg"", ""confidence"": 0.46, ""probabilities"": {""egg"": 0.55, ""fish"": 0.0, ""meat"": 0.0, ""other"": 0.45, ""soy"": 0.0, ""vegetable"": 0.0}, ""type"": ""choice""}, ""staple"": {""choice"": ""noodle"", ""confidence"": 1.0, ""probabilities"": {""bread"": 0.0, ""noodle"": 1.0, ""other"": 0.0, ""rice"": 0.0}, ""type"": ""choice""}, ""taste_tag"": {""choice"": ""rich"", ""confidence"": 0.42, ""probabilities"": {""light"": 0.0, ""rich"": 0.57, ""semi_light"": 0.0, ""semi_rich"": 0.43}, ""type"": ""choice""}}, ""workload"": {""temperature_tag"": {""choice"": ""warm"", ""confidence"": 1.0, ""probabilities"": {""cold"": 0.0, ""warm"": 1.0}, ""type"": ""choice""}, ""time_tag"": {""choice"": ""within_15"", ""confidence"": 1.0, ""probabilities"": {""min_15_30"": 0.0, ""over_30"": 0.0, ""within_15"": 1.0}, ""type"": ""choice""}, ""uses_frying_pan"": {""noul"": 0.99, ""type"": ""noul""}, ""uses_heat_tag"": {""noul"": 0.99, ""type"": ""noul""}, ""uses_knife_tag"": {""noul"": 0.69, ""type"": ""noul""}, ""uses_microwave"": {""noul"": 0.03, ""type"": ""noul""}}}",
32u3j47-XiA,【ペペロンチーノ】誰でも1発で乳化できる作り方,https://www.youtube.com/watch?v=32u3j47-XiA,ok,needs_review,true,0.90,洋食,1.00,麺,1.00,麺料理,1.00,その他,0.89,ややガッツリ,0.97,温かい,1.00,15〜30分,0.91,true,0.58,true,0.98,true,0.67,false,0.96,uses_knife_tag;uses_frying_pan,2794,"{""core"": {""dish_shape"": {""choice"": ""noodle"", ""confidence"": 1.0, ""probabilities"": {""bowl"": 0.0, ""bread"": 0.0, ""main"": 0.0, ""noodle"": 1.0, ""other"": 0.0, ""rice_other"": 0.0, ""stew"": 0.0}, ""type"": ""choice""}, ""genre"": {""choice"": ""yoshoku"", ""confidence"": 1.0, ""probabilities"": {""chuka"": 0.0, ""korean"": 0.0, ""other"": 0.0, ""washoku"": 0.0, ""yoshoku"": 1.0}, ""type"": ""choice""}, ""is_single_recipe"": {""noul"": 0.9, ""type"": ""noul""}, ""main_ingredient"": {""choice"": ""other"", ""confidence"": 0.89, ""probabilities"": {""egg"": 0.0, ""fish"": 0.0, ""meat"": 0.0, ""other"": 0.91, ""soy"": 0.0, ""vegetable"": 0.09}, ""type"": ""choice""}, ""staple"": {""choice"": ""noodle"", ""confidence"": 1.0, ""probabilities"": {""bread"": 0.0, ""noodle"": 1.0, ""other"": 0.0, ""rice"": 0.0}, ""type"": ""choice""}, ""taste_tag"": {""choice"": ""semi_rich"", ""confidence"": 0.97, ""probabilities"": {""light"": 0.0, ""rich"": 0.01, ""semi_light"": 0.02, ""semi_rich"": 0.97}, ""type"": ""choice""}}, ""workload"": {""temperature_tag"": {""choice"": ""warm"", ""confidence"": 1.0, ""probabilities"": {""cold"": 0.0, ""warm"": 1.0}, ""type"": ""choice""}, ""time_tag"": {""choice"": ""min_15_30"", ""confidence"": 0.91, ""probabilities"": {""min_15_30"": 0.94, ""over_30"": 0.0, ""within_15"": 0.06}, ""type"": ""choice""}, ""uses_frying_pan"": {""noul"": 0.67, ""type"": ""noul""}, ""uses_heat_tag"": {""noul"": 0.98, ""type"": ""noul""}, ""uses_knife_tag"": {""noul"": 0.58, ""type"": ""noul""}, ""uses_microwave"": {""noul"": 0.04, ""type"": ""noul""}}}",
gBwB_7avAmo,こんなに旨いのにまだ日本では全く知られてない無名にして最高の【不遇のパスタ】#shorts #リュウジ #レシピ,https://www.youtube.com/watch?v=gBwB_7avAmo,ok,needs_review,true,0.64,洋食,0.99,麺,1.00,麺料理,0.97,その他,1.00,ややガッツリ,0.87,温かい,1.00,15〜30分,0.99,false,0.66,true,0.96,true,0.91,true,0.65,is_single_recipe;uses_knife_tag;uses_microwave,4696,"{""core"": {""dish_shape"": {""choice"": ""noodle"", ""confidence"": 0.97, ""probabilities"": {""bowl"": 0.0, ""bread"": 0.0, ""main"": 0.0, ""noodle"": 0.97, ""other"": 0.03, ""rice_other"": 0.0, ""stew"": 0.0}, ""type"": ""choice""}, ""genre"": {""choice"": ""yoshoku"", ""confidence"": 0.99, ""probabilities"": {""chuka"": 0.0, ""korean"": 0.0, ""other"": 0.01, ""washoku"": 0.0, ""yoshoku"": 0.99}, ""type"": ""choice""}, ""is_single_recipe"": {""noul"": 0.64, ""type"": ""noul""}, ""main_ingredient"": {""choice"": ""other"", ""confidence"": 1.0, ""probabilities"": {""egg"": 0.0, ""fish"": 0.0, ""meat"": 0.0, ""other"": 1.0, ""soy"": 0.0, ""vegetable"": 0.0}, ""type"": ""choice""}, ""staple"": {""choice"": ""noodle"", ""confidence"": 1.0, ""probabilities"": {""bread"": 0.0, ""noodle"": 1.0, ""other"": 0.0, ""rice"": 0.0}, ""type"": ""choice""}, ""taste_tag"": {""choice"": ""semi_rich"", ""confidence"": 0.87, ""probabilities"": {""light"": 0.0, ""rich"": 0.09, ""semi_light"": 0.0, ""semi_rich"": 0.91}, ""type"": ""choice""}}, ""workload"": {""temperature_tag"": {""choice"": ""warm"", ""confidence"": 1.0, ""probabilities"": {""cold"": 0.0, ""warm"": 1.0}, ""type"": ""choice""}, ""time_tag"": {""choice"": ""min_15_30"", ""confidence"": 0.99, ""probabilities"": {""min_15_30"": 0.99, ""over_30"": 0.0, ""within_15"": 0.01}, ""type"": ""choice""}, ""uses_frying_pan"": {""noul"": 0.91, ""type"": ""noul""}, ""uses_heat_tag"": {""noul"": 0.96, ""type"": ""noul""}, ""uses_knife_tag"": {""noul"": 0.34, ""type"": ""noul""}, ""uses_microwave"": {""noul"": 0.65, ""type"": ""noul""}}}",
sij4jBxslfE,ワンパンで和風明太クリームパスタ,https://www.youtube.com/watch?v=sij4jBxslfE,ok,needs_review,true,0.96,洋食,0.87,麺,1.00,麺料理,1.00,魚,0.99,ガッツリ,0.63,温かい,1.00,15〜30分,0.85,false,0.80,true,0.99,true,0.99,false,0.97,taste_tag,3142,"{""core"": {""dish_shape"": {""choice"": ""noodle"", ""confidence"": 1.0, ""probabilities"": {""bowl"": 0.0, ""bread"": 0.0, ""main"": 0.0, ""noodle"": 1.0, ""other"": 0.0, ""rice_other"": 0.0, ""stew"": 0.0}, ""type"": ""choice""}, ""genre"": {""choice"": ""yoshoku"", ""confidence"": 0.87, ""probabilities"": {""chuka"": 0.0, ""korean"": 0.0, ""other"": 0.0, ""washoku"": 0.1, ""yoshoku"": 0.9}, ""type"": ""choice""}, ""is_single_recipe"": {""noul"": 0.96, ""type"": ""noul""}, ""main_ingredient"": {""choice"": ""fish"", ""confidence"": 0.99, ""probabilities"": {""egg"": 0.0, ""fish"": 0.99, ""meat"": 0.0, ""other"": 0.01, ""soy"": 0.0, ""vegetable"": 0.0}, ""type"": ""choice""}, ""staple"": {""choice"": ""noodle"", ""confidence"": 1.0, ""probabilities"": {""bread"": 0.0, ""noodle"": 1.0, ""other"": 0.0, ""rice"": 0.0}, ""type"": ""choice""}, ""taste_tag"": {""choice"": ""rich"", ""confidence"": 0.63, ""probabilities"": {""light"": 0.0, ""rich"": 0.72, ""semi_light"": 0.0, ""semi_rich"": 0.28}, ""type"": ""choice""}}, ""workload"": {""temperature_tag"": {""choice"": ""warm"", ""confidence"": 1.0, ""probabilities"": {""cold"": 0.0, ""warm"": 1.0}, ""type"": ""choice""}, ""time_tag"": {""choice"": ""min_15_30"", ""confidence"": 0.85, ""probabilities"": {""min_15_30"": 0.9, ""over_30"": 0.0, ""within_15"": 0.1}, ""type"": ""choice""}, ""uses_frying_pan"": {""noul"": 0.99, ""type"": ""noul""}, ""uses_heat_tag"": {""noul"": 0.99, ""type"": ""noul""}, ""uses_knife_tag"": {""noul"": 0.2, ""type"": ""noul""}, ""uses_microwave"": {""noul"": 0.03, ""type"": ""noul""}}}",
XL9rdp6u888,たぶん一番美味しい、しかも簡単、明太子パスタ｜クラシル｜#shorts,https://www.youtube.com/watch?v=XL9rdp6u888,ok,needs_review,true,0.84,洋食,1.00,麺,1.00,麺料理,1.00,魚,0.98,ややガッツリ,0.65,温かい,1.00,15〜30分,0.99,false,0.54,true,0.97,true,0.55,false,0.94,taste_tag;uses_knife_tag;uses_frying_pan,2640,"{""core"": {""dish_shape"": {""choice"": ""noodle"", ""confidence"": 1.0, ""probabilities"": {""bowl"": 0.0, ""bread"": 0.0, ""main"": 0.0, ""noodle"": 1.0, ""other"": 0.0, ""rice_other"": 0.0, ""stew"": 0.0}, ""type"": ""choice""}, ""genre"": {""choice"": ""yoshoku"", ""confidence"": 1.0, ""probabilities"": {""chuka"": 0.0, ""korean"": 0.0, ""other"": 0.0, ""washoku"": 0.0, ""yoshoku"": 1.0}, ""type"": ""choice""}, ""is_single_recipe"": {""noul"": 0.84, ""type"": ""noul""}, ""main_ingredient"": {""choice"": ""fish"", ""confidence"": 0.98, ""probabilities"": {""egg"": 0.0, ""fish"": 0.99, ""meat"": 0.0, ""other"": 0.01, ""soy"": 0.0, ""vegetable"": 0.0}, ""type"": ""choice""}, ""staple"": {""choice"": ""noodle"", ""confidence"": 1.0, ""probabilities"": {""bread"": 0.0, ""noodle"": 1.0, ""other"": 0.0, ""rice"": 0.0}, ""type"": ""choice""}, ""taste_tag"": {""choice"": ""semi_rich"", ""confidence"": 0.65, ""probabilities"": {""light"": 0.0, ""rich"": 0.26, ""semi_light"": 0.0, ""semi_rich"": 0.74}, ""type"": ""choice""}}, ""workload"": {""temperature_tag"": {""choice"": ""warm"", ""confidence"": 1.0, ""probabilities"": {""cold"": 0.0, ""warm"": 1.0}, ""type"": ""choice""}, ""time_tag"": {""choice"": ""min_15_30"", ""confidence"": 0.99, ""probabilities"": {""min_15_30"": 0.99, ""over_30"": 0.0, ""within_15"": 0.01}, ""type"": ""choice""}, ""uses_frying_pan"": {""noul"": 0.55, ""type"": ""noul""}, ""uses_heat_tag"": {""noul"": 0.97, ""type"": ""noul""}, ""uses_knife_tag"": {""noul"": 0.46, ""type"": ""noul""}, ""uses_microwave"": {""noul"": 0.06, ""type"": ""noul""}}}",
wq82wx3zRdo,思い出の喫茶店の味【たらこスパゲッティ】,https://www.youtube.com/watch?v=wq82wx3zRdo,ok,needs_review,true,0.79,洋食,1.00,麺,1.00,麺料理,1.00,魚,0.99,ややガッツリ,0.85,温かい,1.00,15〜30分,0.99,false,0.53,true,0.97,false,0.54,false,0.94,uses_knife_tag;uses_frying_pan,2768,"{""core"": {""dish_shape"": {""choice"": ""noodle"", ""confidence"": 1.0, ""probabilities"": {""bowl"": 0.0, ""bread"": 0.0, ""main"": 0.0, ""noodle"": 1.0, ""other"": 0.0, ""rice_other"": 0.0, ""stew"": 0.0}, ""type"": ""choice""}, ""genre"": {""choice"": ""yoshoku"", ""confidence"": 1.0, ""probabilities"": {""chuka"": 0.0, ""korean"": 0.0, ""other"": 0.0, ""washoku"": 0.0, ""yoshoku"": 1.0}, ""type"": ""choice""}, ""is_single_recipe"": {""noul"": 0.79, ""type"": ""noul""}, ""main_ingredient"": {""choice"": ""fish"", ""confidence"": 0.99, ""probabilities"": {""egg"": 0.0, ""fish"": 1.0, ""meat"": 0.0, ""other"": 0.0, ""soy"": 0.0, ""vegetable"": 0.0}, ""type"": ""choice""}, ""staple"": {""choice"": ""noodle"", ""confidence"": 1.0, ""probabilities"": {""bread"": 0.0, ""noodle"": 1.0, ""other"": 0.0, ""rice"": 0.0}, ""type"": ""choice""}, ""taste_tag"": {""choice"": ""semi_rich"", ""confidence"": 0.85, ""probabilities"": {""light"": 0.0, ""rich"": 0.11, ""semi_light"": 0.0, ""semi_rich"": 0.89}, ""type"": ""choice""}}, ""workload"": {""temperature_tag"": {""choice"": ""warm"", ""confidence"": 1.0, ""probabilities"": {""cold"": 0.0, ""warm"": 1.0}, ""type"": ""choice""}, ""time_tag"": {""choice"": ""min_15_30"", ""confidence"": 0.99, ""probabilities"": {""min_15_30"": 1.0, ""over_30"": 0.0, ""within_15"": 0.0}, ""type"": ""choice""}, ""uses_frying_pan"": {""noul"": 0.46, ""type"": ""noul""}, ""uses_heat_tag"": {""noul"": 0.97, ""type"": ""noul""}, ""uses_knife_tag"": {""noul"": 0.47, ""type"": ""noul""}, ""uses_microwave"": {""noul"": 0.06, ""type"": ""noul""}}}",
1RSHrQ-wx6s,【革命的な冷製パスタ】超簡単な冷やし坦々風パスタが美味すぎるので紹介します。 #パスタ #レシピ #簡単レシピ #shorts,https://www.youtube.com/watch?v=1RSHrQ-wx6s,ok,needs_review,true,0.84,洋食,0.67,麺,1.00,麺料理,1.00,その他,0.94,ややガッツリ,0.36,冷たい,0.99,15〜30分,0.99,false,0.63,true,0.90,false,0.67,false,0.94,genre;taste_tag;uses_knife_tag;uses_frying_pan,2606,"{""core"": {""dish_shape"": {""choice"": ""noodle"", ""confidence"": 1.0, ""probabilities"": {""bowl"": 0.0, ""bread"": 0.0, ""main"": 0.0, ""noodle"": 1.0, ""other"": 0.0, ""rice_other"": 0.0, ""stew"": 0.0}, ""type"": ""choice""}, ""genre"": {""choice"": ""yoshoku"", ""confidence"": 0.67, ""probabilities"": {""chuka"": 0.24, ""korean"": 0.0, ""other"": 0.01, ""washoku"": 0.01, ""yoshoku"": 0.74}, ""type"": ""choice""}, ""is_single_recipe"": {""noul"": 0.84, ""type"": ""noul""}, ""main_ingredient"": {""choice"": ""other"", ""confidence"": 0.94, ""probabilities"": {""egg"": 0.0, ""fish"": 0.0, ""meat"": 0.04, ""other"": 0.95, ""soy"": 0.01, ""vegetable"": 0.0}, ""type"": ""choice""}, ""staple"": {""choice"": ""noodle"", ""confidence"": 1.0, ""probabilities"": {""bread"": 0.0, ""noodle"": 1.0, ""other"": 0.0, ""rice"": 0.0}, ""type"": ""choice""}, ""taste_tag"": {""choice"": ""semi_rich"", ""confidence"": 0.36, ""probabilities"": {""light"": 0.0, ""rich"": 0.48, ""semi_light"": 0.0, ""semi_rich"": 0.52}, ""type"": ""choice""}}, ""workload"": {""temperature_tag"": {""choice"": ""cold"", ""confidence"": 0.99, ""probabilities"": {""cold"": 1.0, ""warm"": 0.0}, ""type"": ""choice""}, ""time_tag"": {""choice"": ""min_15_30"", ""confidence"": 0.99, ""probabilities"": {""min_15_30"": 1.0, ""over_30"": 0.0, ""within_15"": 0.0}, ""type"": ""choice""}, ""uses_frying_pan"": {""noul"": 0.33, ""type"": ""noul""}, ""uses_heat_tag"": {""noul"": 0.9, ""type"": ""noul""}, ""uses_knife_tag"": {""noul"": 0.37, ""type"": ""noul""}, ""uses_microwave"": {""noul"": 0.06, ""type"": ""noul""}}}",
sSGwmBNKIDY,マヨで食うパスタがうますぎた。,https://www.youtube.com/watch?v=sSGwmBNKIDY,ok,needs_review,true,0.94,洋食,0.99,麺,1.00,麺料理,1.00,その他,0.95,ガッツリ,0.92,温かい,1.00,15〜30分,0.73,true,0.70,true,0.99,true,0.98,false,0.97,time_tag;uses_knife_tag,2930,"{""core"": {""dish_shape"": {""choice"": ""noodle"", ""confidence"": 1.0, ""probabilities"": {""bowl"": 0.0, ""bread"": 0.0, ""main"": 0.0, ""noodle"": 1.0, ""other"": 0.0, ""rice_other"": 0.0, ""stew"": 0.0}, ""type"": ""choice""}, ""genre"": {""choice"": ""yoshoku"", ""confidence"": 0.99, ""probabilities"": {""chuka"": 0.0, ""korean"": 0.0, ""other"": 0.0, ""washoku"": 0.01, ""yoshoku"": 0.99}, ""type"": ""choice""}, ""is_single_recipe"": {""noul"": 0.94, ""type"": ""noul""}, ""main_ingredient"": {""choice"": ""other"", ""confidence"": 0.95, ""probabilities"": {""egg"": 0.02, ""fish"": 0.0, ""meat"": 0.0, ""other"": 0.96, ""soy"": 0.0, ""vegetable"": 0.02}, ""type"": ""choice""}, ""staple"": {""choice"": ""noodle"", ""confidence"": 1.0, ""probabilities"": {""bread"": 0.0, ""noodle"": 1.0, ""other"": 0.0, ""rice"": 0.0}, ""type"": ""choice""}, ""taste_tag"": {""choice"": ""rich"", ""confidence"": 0.92, ""probabilities"": {""light"": 0.0, ""rich"": 0.94, ""semi_light"": 0.0, ""semi_rich"": 0.06}, ""type"": ""choice""}}, ""workload"": {""temperature_tag"": {""choice"": ""warm"", ""confidence"": 1.0, ""probabilities"": {""cold"": 0.0, ""warm"": 1.0}, ""type"": ""choice""}, ""time_tag"": {""choice"": ""min_15_30"", ""confidence"": 0.73, ""probabilities"": {""min_15_30"": 0.82, ""over_30"": 0.0, ""within_15"": 0.18}, ""type"": ""choice""}, ""uses_frying_pan"": {""noul"": 0.98, ""type"": ""noul""}, ""uses_heat_tag"": {""noul"": 0.99, ""type"": ""noul""}, ""uses_knife_tag"": {""noul"": 0.7, ""type"": ""noul""}, ""uses_microwave"": {""noul"": 0.03, ""type"": ""noul""}}}",
mlYeH4KfaZg,『幸せのパスタ』がフライパン１つでできて世界1旨い件,https://www.youtube.com/watch?v=mlYeH4KfaZg,ok,needs_review,true,0.91,洋食,0.99,麺,1.00,麺料理,1.00,その他,0.84,ややガッツリ,0.97,温かい,1.00,15〜30分,0.96,true,0.64,true,0.99,true,0.98,false,0.96,uses_knife_tag,3790,"{""core"": {""dish_shape"": {""choice"": ""noodle"", ""confidence"": 1.0, ""probabilities"": {""bowl"": 0.0, ""bread"": 0.0, ""main"": 0.0, ""noodle"": 1.0, ""other"": 0.0, ""rice_other"": 0.0, ""stew"": 0.0}, ""type"": ""choice""}, ""genre"": {""choice"": ""yoshoku"", ""confidence"": 0.99, ""probabilities"": {""chuka"": 0.0, ""korean"": 0.0, ""other"": 0.0, ""washoku"": 0.0, ""yoshoku"": 1.0}, ""type"": ""choice""}, ""is_single_recipe"": {""noul"": 0.91, ""type"": ""noul""}, ""main_ingredient"": {""choice"": ""other"", ""confidence"": 0.84, ""probabilities"": {""egg"": 0.01, ""fish"": 0.12, ""meat"": 0.0, ""other"": 0.87, ""soy"": 0.0, ""vegetable"": 0.0}, ""type"": ""choice""}, ""staple"": {""choice"": ""noodle"", ""confidence"": 1.0, ""probabilities"": {""bread"": 0.0, ""noodle"": 1.0, ""other"": 0.0, ""rice"": 0.0}, ""type"": ""choice""}, ""taste_tag"": {""choice"": ""semi_rich"", ""confidence"": 0.97, ""probabilities"": {""light"": 0.0, ""rich"": 0.02, ""semi_light"": 0.0, ""semi_rich"": 0.98}, ""type"": ""choice""}}, ""workload"": {""temperature_tag"": {""choice"": ""warm"", ""confidence"": 1.0, ""probabilities"": {""cold"": 0.0, ""warm"": 1.0}, ""type"": ""choice""}, ""time_tag"": {""choice"": ""min_15_30"", ""confidence"": 0.96, ""probabilities"": {""min_15_30"": 0.98, ""over_30"": 0.0, ""within_15"": 0.02}, ""type"": ""choice""}, ""uses_frying_pan"": {""noul"": 0.98, ""type"": ""noul""}, ""uses_heat_tag"": {""noul"": 0.99, ""type"": ""noul""}, ""uses_knife_tag"": {""noul"": 0.64, ""type"": ""noul""}, ""uses_microwave"": {""noul"": 0.04, ""type"": ""noul""}}}",
5h7b6yxUaBs,レンジでできる人生最高に美味しい明太子パスタ,https://www.youtube.com/watch?v=5h7b6yxUaBs,ok,needs_review,true,0.93,洋食,1.00,麺,1.00,麺料理,1.00,魚,0.99,ガッツリ,0.74,温かい,1.00,15〜30分,0.88,true,0.54,true,0.98,false,0.80,true,0.97,taste_tag;uses_knife_tag,3876,"{""core"": {""dish_shape"": {""choice"": ""noodle"", ""confidence"": 1.0, ""probabilities"": {""bowl"": 0.0, ""bread"": 0.0, ""main"": 0.0, ""noodle"": 1.0, ""other"": 0.0, ""rice_other"": 0.0, ""stew"": 0.0}, ""type"": ""choice""}, ""genre"": {""choice"": ""yoshoku"", ""confidence"": 1.0, ""probabilities"": {""chuka"": 0.0, ""korean"": 0.0, ""other"": 0.0, ""washoku"": 0.0, ""yoshoku"": 1.0}, ""type"": ""choice""}, ""is_single_recipe"": {""noul"": 0.93, ""type"": ""noul""}, ""main_ingredient"": {""choice"": ""fish"", ""confidence"": 0.99, ""probabilities"": {""egg"": 0.0, ""fish"": 1.0, ""meat"": 0.0, ""other"": 0.0, ""soy"": 0.0, ""vegetable"": 0.0}, ""type"": ""choice""}, ""staple"": {""choice"": ""noodle"", ""confidence"": 1.0, ""probabilities"": {""bread"": 0.0, ""noodle"": 1.0, ""other"": 0.0, ""rice"": 0.0}, ""type"": ""choice""}, ""taste_tag"": {""choice"": ""rich"", ""confidence"": 0.74, ""probabilities"": {""light"": 0.0, ""rich"": 0.81, ""semi_light"": 0.0, ""semi_rich"": 0.19}, ""type"": ""choice""}}, ""workload"": {""temperature_tag"": {""choice"": ""warm"", ""confidence"": 1.0, ""probabilities"": {""cold"": 0.0, ""warm"": 1.0}, ""type"": ""choice""}, ""time_tag"": {""choice"": ""min_15_30"", ""confidence"": 0.88, ""probabilities"": {""min_15_30"": 0.92, ""over_30"": 0.0, ""within_15"": 0.08}, ""type"": ""choice""}, ""uses_frying_pan"": {""noul"": 0.2, ""type"": ""noul""}, ""uses_heat_tag"": {""noul"": 0.98, ""type"": ""noul""}, ""uses_knife_tag"": {""noul"": 0.54, ""type"": ""noul""}, ""uses_microwave"": {""noul"": 0.97, ""type"": ""noul""}}}",
chVVovfcUvY,【ワンパンパスタレシピ10選】別ゆでいらず！フライパン1つで完成♪｜macaroni（マカロニ）,https://www.youtube.com/watch?v=chVVovfcUvY,ok,exclude_candidate,false,0.95,洋食,0.97,麺,1.00,麺料理,0.99,その他,0.68,ややガッツリ,0.97,温かい,1.00,15〜30分,0.93,true,0.91,true,0.98,true,0.98,false,0.96,main_ingredient,5878,"{""core"": {""dish_shape"": {""choice"": ""noodle"", ""confidence"": 0.99, ""probabilities"": {""bowl"": 0.0, ""bread"": 0.0, ""main"": 0.0, ""noodle"": 0.99, ""other"": 0.01, ""rice_other"": 0.0, ""stew"": 0.0}, ""type"": ""choice""}, ""genre"": {""choice"": ""yoshoku"", ""confidence"": 0.97, ""probabilities"": {""chuka"": 0.0, ""korean"": 0.01, ""other"": 0.01, ""washoku"": 0.01, ""yoshoku"": 0.97}, ""type"": ""choice""}, ""is_single_recipe"": {""noul"": 0.05, ""type"": ""noul""}, ""main_ingredient"": {""choice"": ""other"", ""confidence"": 0.68, ""probabilities"": {""egg"": 0.0, ""fish"": 0.0, ""meat"": 0.26, ""other"": 0.74, ""soy"": 0.0, ""vegetable"": 0.0}, ""type"": ""choice""}, ""staple"": {""choice"": ""noodle"", ""confidence"": 1.0, ""probabilities"": {""bread"": 0.0, ""noodle"": 1.0, ""other"": 0.0, ""rice"": 0.0}, ""type"": ""choice""}, ""taste_tag"": {""choice"": ""semi_rich"", ""confidence"": 0.97, ""probabilities"": {""light"": 0.0, ""rich"": 0.02, ""semi_light"": 0.0, ""semi_rich"": 0.98}, ""type"": ""choice""}}, ""workload"": {""temperature_tag"": {""choice"": ""warm"", ""confidence"": 1.0, ""probabilities"": {""cold"": 0.0, ""warm"": 1.0}, ""type"": ""choice""}, ""time_tag"": {""choice"": ""min_15_30"", ""confidence"": 0.93, ""probabilities"": {""min_15_30"": 0.95, ""over_30"": 0.0, ""within_15"": 0.05}, ""type"": ""choice""}, ""uses_frying_pan"": {""noul"": 0.98, ""type"": ""noul""}, ""uses_heat_tag"": {""noul"": 0.98, ""type"": ""noul""}, ""uses_knife_tag"": {""noul"": 0.91, ""type"": ""noul""}, ""uses_microwave"": {""noul"": 0.04, ""type"": ""noul""}}}",
_iAn2wKW_Xw,【最高傑作】ついに人生で一番美味しいカルボナーラが完成したから絶対に見てほしい #リュウジ #料理 #shorts,https://www.youtube.com/watch?v=_iAn2wKW_Xw,ok,needs_review,true,0.79,洋食,1.00,麺,1.00,麺料理,1.00,その他,0.68,ガッツリ,0.95,温かい,1.00,15〜30分,0.95,true,0.53,true,0.96,true,0.64,false,0.55,main_ingredient;uses_knife_tag;uses_frying_pan;uses_microwave,4944,"{""core"": {""dish_shape"": {""choice"": ""noodle"", ""confidence"": 1.0, ""probabilities"": {""bowl"": 0.0, ""bread"": 0.0, ""main"": 0.0, ""noodle"": 1.0, ""other"": 0.0, ""rice_other"": 0.0, ""stew"": 0.0}, ""type"": ""choice""}, ""genre"": {""choice"": ""yoshoku"", ""confidence"": 1.0, ""probabilities"": {""chuka"": 0.0, ""korean"": 0.0, ""other"": 0.0, ""washoku"": 0.0, ""yoshoku"": 1.0}, ""type"": ""choice""}, ""is_single_recipe"": {""noul"": 0.79, ""type"": ""noul""}, ""main_ingredient"": {""choice"": ""other"", ""confidence"": 0.68, ""probabilities"": {""egg"": 0.11, ""fish"": 0.0, ""meat"": 0.14, ""other"": 0.75, ""soy"": 0.0, ""vegetable"": 0.0}, ""type"": ""choice""}, ""staple"": {""choice"": ""noodle"", ""confidence"": 1.0, ""probabilities"": {""bread"": 0.0, ""noodle"": 1.0, ""other"": 0.0, ""rice"": 0.0}, ""type"": ""choice""}, ""taste_tag"": {""choice"": ""rich"", ""confidence"": 0.95, ""probabilities"": {""light"": 0.0, ""rich"": 0.96, ""semi_light"": 0.0, ""semi_rich"": 0.04}, ""type"": ""choice""}}, ""workload"": {""temperature_tag"": {""choice"": ""warm"", ""confidence"": 1.0, ""probabilities"": {""cold"": 0.0, ""warm"": 1.0}, ""type"": ""choice""}, ""time_tag"": {""choice"": ""min_15_30"", ""confidence"": 0.95, ""probabilities"": {""min_15_30"": 0.97, ""over_30"": 0.0, ""within_15"": 0.03}, ""type"": ""choice""}, ""uses_frying_pan"": {""noul"": 0.64, ""type"": ""noul""}, ""uses_heat_tag"": {""noul"": 0.96, ""type"": ""noul""}, ""uses_knife_tag"": {""noul"": 0.53, ""type"": ""noul""}, ""uses_microwave"": {""noul"": 0.45, ""type"": ""noul""}}}",
NI0vz0uqVHs,レンジ1発で満腹！和風スープパスタ #簡単レシピ #胃袋泥棒レシピ,https://www.youtube.com/watch?v=NI0vz0uqVHs,ok,needs_review,true,0.83,洋食,0.71,麺,1.00,麺料理,1.00,その他,0.99,ややガッツリ,0.73,温かい,1.00,15〜30分,0.87,false,0.72,true,0.97,false,0.88,true,0.96,genre;taste_tag;uses_knife_tag,2554,"{""core"": {""dish_shape"": {""choice"": ""noodle"", ""confidence"": 1.0, ""probabilities"": {""bowl"": 0.0, ""bread"": 0.0, ""main"": 0.0, ""noodle"": 1.0, ""other"": 0.0, ""rice_other"": 0.0, ""stew"": 0.0}, ""type"": ""choice""}, ""genre"": {""choice"": ""yoshoku"", ""confidence"": 0.71, ""probabilities"": {""chuka"": 0.0, ""korean"": 0.0, ""other"": 0.01, ""washoku"": 0.22, ""yoshoku"": 0.77}, ""type"": ""choice""}, ""is_single_recipe"": {""noul"": 0.83, ""type"": ""noul""}, ""main_ingredient"": {""choice"": ""other"", ""confidence"": 0.99, ""probabilities"": {""egg"": 0.0, ""fish"": 0.0, ""meat"": 0.0, ""other"": 1.0, ""soy"": 0.0, ""vegetable"": 0.0}, ""type"": ""choice""}, ""staple"": {""choice"": ""noodle"", ""confidence"": 1.0, ""probabilities"": {""bread"": 0.0, ""noodle"": 1.0, ""other"": 0.0, ""rice"": 0.0}, ""type"": ""choice""}, ""taste_tag"": {""choice"": ""semi_rich"", ""confidence"": 0.73, ""probabilities"": {""light"": 0.08, ""rich"": 0.01, ""semi_light"": 0.11, ""semi_rich"": 0.8}, ""type"": ""choice""}}, ""workload"": {""temperature_tag"": {""choice"": ""warm"", ""confidence"": 1.0, ""probabilities"": {""cold"": 0.0, ""warm"": 1.0}, ""type"": ""choice""}, ""time_tag"": {""choice"": ""min_15_30"", ""confidence"": 0.87, ""probabilities"": {""min_15_30"": 0.91, ""over_30"": 0.0, ""within_15"": 0.09}, ""type"": ""choice""}, ""uses_frying_pan"": {""noul"": 0.12, ""type"": ""noul""}, ""uses_heat_tag"": {""noul"": 0.97, ""type"": ""noul""}, ""uses_knife_tag"": {""noul"": 0.28, ""type"": ""noul""}, ""uses_microwave"": {""noul"": 0.96, ""type"": ""noul""}}}",
6Pvu0r-gezg,お皿１つで完璧な味わい！レンジで楽チンペペロンチーノ,https://www.youtube.com/watch?v=6Pvu0r-gezg,ok,ai_tagged,true,0.96,洋食,1.00,麺,1.00,麺料理,1.00,その他,1.00,ややガッツリ,0.96,温かい,1.00,15分以内,0.95,false,0.81,true,0.99,false,0.94,true,0.99,,3208,"{""core"": {""dish_shape"": {""choice"": ""noodle"", ""confidence"": 1.0, ""probabilities"": {""bowl"": 0.0, ""bread"": 0.0, ""main"": 0.0, ""noodle"": 1.0, ""other"": 0.0, ""rice_other"": 0.0, ""stew"": 0.0}, ""type"": ""choice""}, ""genre"": {""choice"": ""yoshoku"", ""confidence"": 1.0, ""probabilities"": {""chuka"": 0.0, ""korean"": 0.0, ""other"": 0.0, ""washoku"": 0.0, ""yoshoku"": 1.0}, ""type"": ""choice""}, ""is_single_recipe"": {""noul"": 0.96, ""type"": ""noul""}, ""main_ingredient"": {""choice"": ""other"", ""confidence"": 1.0, ""probabilities"": {""egg"": 0.0, ""fish"": 0.0, ""meat"": 0.0, ""other"": 1.0, ""soy"": 0.0, ""vegetable"": 0.0}, ""type"": ""choice""}, ""staple"": {""choice"": ""noodle"", ""confidence"": 1.0, ""probabilities"": {""bread"": 0.0, ""noodle"": 1.0, ""other"": 0.0, ""rice"": 0.0}, ""type"": ""choice""}, ""taste_tag"": {""choice"": ""semi_rich"", ""confidence"": 0.96, ""probabilities"": {""light"": 0.0, ""rich"": 0.02, ""semi_light"": 0.01, ""semi_rich"": 0.97}, ""type"": ""choice""}}, ""workload"": {""temperature_tag"": {""choice"": ""warm"", ""confidence"": 1.0, ""probabilities"": {""cold"": 0.0, ""warm"": 1.0}, ""type"": ""choice""}, ""time_tag"": {""choice"": ""within_15"", ""confidence"": 0.95, ""probabilities"": {""min_15_30"": 0.03, ""over_30"": 0.0, ""within_15"": 0.97}, ""type"": ""choice""}, ""uses_frying_pan"": {""noul"": 0.06, ""type"": ""noul""}, ""uses_heat_tag"": {""noul"": 0.99, ""type"": ""noul""}, ""uses_knife_tag"": {""noul"": 0.19, ""type"": ""noul""}, ""uses_microwave"": {""noul"": 0.99, ""type"": ""noul""}}}",
-bZKIcKwgRg,あの有名店の絶望的にウマい究極のパスタを再現しました。【絶望のパスタ】#shorts #リュウジ #パスタ,https://www.youtube.com/watch?v=-bZKIcKwgRg,ok,needs_review,true,0.80,洋食,1.00,麺,1.00,麺料理,1.00,その他,0.99,ややガッツリ,0.45,温かい,1.00,15〜30分,0.98,false,0.54,true,0.96,false,0.61,true,0.59,taste_tag;uses_knife_tag;uses_frying_pan;uses_microwave,4078,"{""core"": {""dish_shape"": {""choice"": ""noodle"", ""confidence"": 1.0, ""probabilities"": {""bowl"": 0.0, ""bread"": 0.0, ""main"": 0.0, ""noodle"": 1.0, ""other"": 0.0, ""rice_other"": 0.0, ""stew"": 0.0}, ""type"": ""choice""}, ""genre"": {""choice"": ""yoshoku"", ""confidence"": 1.0, ""probabilities"": {""chuka"": 0.0, ""korean"": 0.0, ""other"": 0.0, ""washoku"": 0.0, ""yoshoku"": 1.0}, ""type"": ""choice""}, ""is_single_recipe"": {""noul"": 0.8, ""type"": ""noul""}, ""main_ingredient"": {""choice"": ""other"", ""confidence"": 0.99, ""probabilities"": {""egg"": 0.0, ""fish"": 0.0, ""meat"": 0.0, ""other"": 1.0, ""soy"": 0.0, ""vegetable"": 0.0}, ""type"": ""choice""}, ""staple"": {""choice"": ""noodle"", ""confidence"": 1.0, ""probabilities"": {""bread"": 0.0, ""noodle"": 1.0, ""other"": 0.0, ""rice"": 0.0}, ""type"": ""choice""}, ""taste_tag"": {""choice"": ""semi_rich"", ""confidence"": 0.45, ""probabilities"": {""light"": 0.0, ""rich"": 0.41, ""semi_light"": 0.0, ""semi_rich"": 0.59}, ""type"": ""choice""}}, ""workload"": {""temperature_tag"": {""choice"": ""warm"", ""confidence"": 1.0, ""probabilities"": {""cold"": 0.0, ""warm"": 1.0}, ""type"": ""choice""}, ""time_tag"": {""choice"": ""min_15_30"", ""confidence"": 0.98, ""probabilities"": {""min_15_30"": 0.99, ""over_30"": 0.0, ""within_15"": 0.01}, ""type"": ""choice""}, ""uses_frying_pan"": {""noul"": 0.39, ""type"": ""noul""}, ""uses_heat_tag"": {""noul"": 0.96, ""type"": ""noul""}, ""uses_knife_tag"": {""noul"": 0.46, ""type"": ""noul""}, ""uses_microwave"": {""noul"": 0.59, ""type"": ""noul""}}}",
A_ZBtawoCSI,超さっぱり『冷しゃぶ冷製パスタ』 #簡単レシピ,https://www.youtube.com/watch?v=A_ZBtawoCSI,ok,needs_review,true,0.95,洋食,0.78,麺,1.00,麺料理,1.00,肉,0.53,あっさり,0.29,冷たい,1.00,15〜30分,0.94,true,0.87,true,0.99,false,0.91,false,0.97,main_ingredient;taste_tag,3368,"{""core"": {""dish_shape"": {""choice"": ""noodle"", ""confidence"": 1.0, ""probabilities"": {""bowl"": 0.0, ""bread"": 0.0, ""main"": 0.0, ""noodle"": 1.0, ""other"": 0.0, ""rice_other"": 0.0, ""stew"": 0.0}, ""type"": ""choice""}, ""genre"": {""choice"": ""yoshoku"", ""confidence"": 0.78, ""probabilities"": {""chuka"": 0.0, ""korean"": 0.0, ""other"": 0.0, ""washoku"": 0.17, ""yoshoku"": 0.83}, ""type"": ""choice""}, ""is_single_recipe"": {""noul"": 0.95, ""type"": ""noul""}, ""main_ingredient"": {""choice"": ""meat"", ""confidence"": 0.53, ""probabilities"": {""egg"": 0.0, ""fish"": 0.0, ""meat"": 0.61, ""other"": 0.39, ""soy"": 0.0, ""vegetable"": 0.0}, ""type"": ""choice""}, ""staple"": {""choice"": ""noodle"", ""confidence"": 1.0, ""probabilities"": {""bread"": 0.0, ""noodle"": 1.0, ""other"": 0.0, ""rice"": 0.0}, ""type"": ""choice""}, ""taste_tag"": {""choice"": ""light"", ""confidence"": 0.29, ""probabilities"": {""light"": 0.47, ""rich"": 0.0, ""semi_light"": 0.32, ""semi_rich"": 0.21}, ""type"": ""choice""}}, ""workload"": {""temperature_tag"": {""choice"": ""cold"", ""confidence"": 1.0, ""probabilities"": {""cold"": 1.0, ""warm"": 0.0}, ""type"": ""choice""}, ""time_tag"": {""choice"": ""min_15_30"", ""confidence"": 0.94, ""probabilities"": {""min_15_30"": 0.96, ""over_30"": 0.0, ""within_15"": 0.04}, ""type"": ""choice""}, ""uses_frying_pan"": {""noul"": 0.09, ""type"": ""noul""}, ""uses_heat_tag"": {""noul"": 0.99, ""type"": ""noul""}, ""uses_knife_tag"": {""noul"": 0.87, ""type"": ""noul""}, ""uses_microwave"": {""noul"": 0.03, ""type"": ""noul""}}}",
eN9i4lQDUYI,ワンパンでソーセージペペロンチーノ,https://www.youtube.com/watch?v=eN9i4lQDUYI,ok,needs_review,true,0.96,洋食,1.00,麺,1.00,麺料理,1.00,肉,0.93,ややガッツリ,0.76,温かい,1.00,15〜30分,0.88,true,0.72,true,0.99,true,0.99,false,0.97,uses_knife_tag,3272,"{""core"": {""dish_shape"": {""choice"": ""noodle"", ""confidence"": 1.0, ""probabilities"": {""bowl"": 0.0, ""bread"": 0.0, ""main"": 0.0, ""noodle"": 1.0, ""other"": 0.0, ""rice_other"": 0.0, ""stew"": 0.0}, ""type"": ""choice""}, ""genre"": {""choice"": ""yoshoku"", ""confidence"": 1.0, ""probabilities"": {""chuka"": 0.0, ""korean"": 0.0, ""other"": 0.0, ""washoku"": 0.0, ""yoshoku"": 1.0}, ""type"": ""choice""}, ""is_single_recipe"": {""noul"": 0.96, ""type"": ""noul""}, ""main_ingredient"": {""choice"": ""meat"", ""confidence"": 0.93, ""probabilities"": {""egg"": 0.0, ""fish"": 0.0, ""meat"": 0.94, ""other"": 0.06, ""soy"": 0.0, ""vegetable"": 0.0}, ""type"": ""choice""}, ""staple"": {""choice"": ""noodle"", ""confidence"": 1.0, ""probabilities"": {""bread"": 0.0, ""noodle"": 1.0, ""other"": 0.0, ""rice"": 0.0}, ""type"": ""choice""}, ""taste_tag"": {""choice"": ""semi_rich"", ""confidence"": 0.76, ""probabilities"": {""light"": 0.0, ""rich"": 0.18, ""semi_light"": 0.0, ""semi_rich"": 0.82}, ""type"": ""choice""}}, ""workload"": {""temperature_tag"": {""choice"": ""warm"", ""confidence"": 1.0, ""probabilities"": {""cold"": 0.0, ""warm"": 1.0}, ""type"": ""choice""}, ""time_tag"": {""choice"": ""min_15_30"", ""confidence"": 0.88, ""probabilities"": {""min_15_30"": 0.92, ""over_30"": 0.0, ""within_15"": 0.08}, ""type"": ""choice""}, ""uses_frying_pan"": {""noul"": 0.99, ""type"": ""noul""}, ""uses_heat_tag"": {""noul"": 0.99, ""type"": ""noul""}, ""uses_knife_tag"": {""noul"": 0.72, ""type"": ""noul""}, ""uses_microwave"": {""noul"": 0.03, ""type"": ""noul""}}}",
8u87B__il7g,400万再生越え！パスタを美味しく冷凍する方法 #簡単レシピ #料理 #ライフハック #時短レシピ #レシピ #主婦の知恵 #パスタ #パスタレシピ #ぱすた #shorts いい#知ってて得する,https://www.youtube.com/watch?v=8u87B__il7g,ok,needs_review,true,0.58,洋食,1.00,麺,1.00,麺料理,1.00,その他,1.00,ややガッツリ,0.87,温かい,0.80,15分以内,0.99,false,0.92,true,0.98,false,0.88,false,0.97,is_single_recipe,4362,"{""core"": {""dish_shape"": {""choice"": ""noodle"", ""confidence"": 1.0, ""probabilities"": {""bowl"": 0.0, ""bread"": 0.0, ""main"": 0.0, ""noodle"": 1.0, ""other"": 0.0, ""rice_other"": 0.0, ""stew"": 0.0}, ""type"": ""choice""}, ""genre"": {""choice"": ""yoshoku"", ""confidence"": 1.0, ""probabilities"": {""chuka"": 0.0, ""korean"": 0.0, ""other"": 0.0, ""washoku"": 0.0, ""yoshoku"": 1.0}, ""type"": ""choice""}, ""is_single_recipe"": {""noul"": 0.58, ""type"": ""noul""}, ""main_ingredient"": {""choice"": ""other"", ""confidence"": 1.0, ""probabilities"": {""egg"": 0.0, ""fish"": 0.0, ""meat"": 0.0, ""other"": 1.0, ""soy"": 0.0, ""vegetable"": 0.0}, ""type"": ""choice""}, ""staple"": {""choice"": ""noodle"", ""confidence"": 1.0, ""probabilities"": {""bread"": 0.0, ""noodle"": 1.0, ""other"": 0.0, ""rice"": 0.0}, ""type"": ""choice""}, ""taste_tag"": {""choice"": ""semi_rich"", ""confidence"": 0.87, ""probabilities"": {""light"": 0.08, ""rich"": 0.0, ""semi_light"": 0.02, ""semi_rich"": 0.9}, ""type"": ""choice""}}, ""workload"": {""temperature_tag"": {""choice"": ""warm"", ""confidence"": 0.8, ""probabilities"": {""cold"": 0.1, ""warm"": 0.9}, ""type"": ""choice""}, ""time_tag"": {""choice"": ""within_15"", ""confidence"": 0.99, ""probabilities"": {""min_15_30"": 0.0, ""over_30"": 0.0, ""within_15"": 1.0}, ""type"": ""choice""}, ""uses_frying_pan"": {""noul"": 0.12, ""type"": ""noul""}, ""uses_heat_tag"": {""noul"": 0.98, ""type"": ""noul""}, ""uses_knife_tag"": {""noul"": 0.08, ""type"": ""noul""}, ""uses_microwave"": {""noul"": 0.03, ""type"": ""noul""}}}",
you66Sn4S78,【秘密を解き明かす】ボウルパスタの真骨頂なめらか明太子パスタ【アロマフレスカ・原田慎次】｜クラシル #シェフのレシピ帖,https://www.youtube.com/watch?v=you66Sn4S78,ok,needs_review,true,0.90,洋食,1.00,麺,1.00,麺料理,0.99,魚,0.99,ガッツリ,0.35,温かい,1.00,15〜30分,0.99,false,0.55,true,0.95,false,0.69,true,0.66,taste_tag;uses_knife_tag;uses_frying_pan;uses_microwave,4942,"{""core"": {""dish_shape"": {""choice"": ""noodle"", ""confidence"": 0.99, ""probabilities"": {""bowl"": 0.01, ""bread"": 0.0, ""main"": 0.0, ""noodle"": 0.99, ""other"": 0.0, ""rice_other"": 0.0, ""stew"": 0.0}, ""type"": ""choice""}, ""genre"": {""choice"": ""yoshoku"", ""confidence"": 1.0, ""probabilities"": {""chuka"": 0.0, ""korean"": 0.0, ""other"": 0.0, ""washoku"": 0.0, ""yoshoku"": 1.0}, ""type"": ""choice""}, ""is_single_recipe"": {""noul"": 0.9, ""type"": ""noul""}, ""main_ingredient"": {""choice"": ""fish"", ""confidence"": 0.99, ""probabilities"": {""egg"": 0.0, ""fish"": 0.99, ""meat"": 0.0, ""other"": 0.01, ""soy"": 0.0, ""vegetable"": 0.0}, ""type"": ""choice""}, ""staple"": {""choice"": ""noodle"", ""confidence"": 1.0, ""probabilities"": {""bread"": 0.0, ""noodle"": 1.0, ""other"": 0.0, ""rice"": 0.0}, ""type"": ""choice""}, ""taste_tag"": {""choice"": ""rich"", ""confidence"": 0.35, ""probabilities"": {""light"": 0.0, ""rich"": 0.51, ""semi_light"": 0.0, ""semi_rich"": 0.49}, ""type"": ""choice""}}, ""workload"": {""temperature_tag"": {""choice"": ""warm"", ""confidence"": 1.0, ""probabilities"": {""cold"": 0.0, ""warm"": 1.0}, ""type"": ""choice""}, ""time_tag"": {""choice"": ""min_15_30"", ""confidence"": 0.99, ""probabilities"": {""min_15_30"": 0.99, ""over_30"": 0.0, ""within_15"": 0.01}, ""type"": ""choice""}, ""uses_frying_pan"": {""noul"": 0.31, ""type"": ""noul""}, ""uses_heat_tag"": {""noul"": 0.95, ""type"": ""noul""}, ""uses_knife_tag"": {""noul"": 0.45, ""type"": ""noul""}, ""uses_microwave"": {""noul"": 0.66, ""type"": ""noul""}}}",
GgdS1NeuLqg,【店級のパスタが食べい人必見】激うまボロネーゼ #マッチョ #料理 #元カレ #筋肉番付 #暮らしチャンネル #パスタ #簡単 #cooking #飯テロ,https://www.youtube.com/watch?v=GgdS1NeuLqg,ok,needs_review,true,0.79,洋食,1.00,麺,1.00,麺料理,1.00,肉,0.74,ガッツリ,0.76,温かい,1.00,15〜30分,0.86,true,0.77,true,0.98,true,0.95,false,0.95,main_ingredient,4212,"{""core"": {""dish_shape"": {""choice"": ""noodle"", ""confidence"": 1.0, ""probabilities"": {""bowl"": 0.0, ""bread"": 0.0, ""main"": 0.0, ""noodle"": 1.0, ""other"": 0.0, ""rice_other"": 0.0, ""stew"": 0.0}, ""type"": ""choice""}, ""genre"": {""choice"": ""yoshoku"", ""confidence"": 1.0, ""probabilities"": {""chuka"": 0.0, ""korean"": 0.0, ""other"": 0.0, ""washoku"": 0.0, ""yoshoku"": 1.0}, ""type"": ""choice""}, ""is_single_recipe"": {""noul"": 0.79, ""type"": ""noul""}, ""main_ingredient"": {""choice"": ""meat"", ""confidence"": 0.74, ""probabilities"": {""egg"": 0.0, ""fish"": 0.0, ""meat"": 0.79, ""other"": 0.21, ""soy"": 0.0, ""vegetable"": 0.0}, ""type"": ""choice""}, ""staple"": {""choice"": ""noodle"", ""confidence"": 1.0, ""probabilities"": {""bread"": 0.0, ""noodle"": 1.0, ""other"": 0.0, ""rice"": 0.0}, ""type"": ""choice""}, ""taste_tag"": {""choice"": ""rich"", ""confidence"": 0.76, ""probabilities"": {""light"": 0.0, ""rich"": 0.82, ""semi_light"": 0.0, ""semi_rich"": 0.18}, ""type"": ""choice""}}, ""workload"": {""temperature_tag"": {""choice"": ""warm"", ""confidence"": 1.0, ""probabilities"": {""cold"": 0.0, ""warm"": 1.0}, ""type"": ""choice""}, ""time_tag"": {""choice"": ""min_15_30"", ""confidence"": 0.86, ""probabilities"": {""min_15_30"": 0.91, ""over_30"": 0.09, ""within_15"": 0.0}, ""type"": ""choice""}, ""uses_frying_pan"": {""noul"": 0.95, ""type"": ""noul""}, ""uses_heat_tag"": {""noul"": 0.98, ""type"": ""noul""}, ""uses_knife_tag"": {""noul"": 0.77, ""type"": ""noul""}, ""uses_microwave"": {""noul"": 0.05, ""type"": ""noul""}}}",
KEjv-2C732I,【茹でて混ぜるだけ】明太子パスタならこれ。 #パスタ,https://www.youtube.com/watch?v=KEjv-2C732I,ok,needs_review,true,0.92,洋食,1.00,麺,1.00,麺料理,1.00,魚,1.00,ガッツリ,0.68,温かい,1.00,15〜30分,0.79,false,0.73,true,0.98,false,0.74,false,0.96,taste_tag;uses_knife_tag;uses_frying_pan,2924,"{""core"": {""dish_shape"": {""choice"": ""noodle"", ""confidence"": 1.0, ""probabilities"": {""bowl"": 0.0, ""bread"": 0.0, ""main"": 0.0, ""noodle"": 1.0, ""other"": 0.0, ""rice_other"": 0.0, ""stew"": 0.0}, ""type"": ""choice""}, ""genre"": {""choice"": ""yoshoku"", ""confidence"": 1.0, ""probabilities"": {""chuka"": 0.0, ""korean"": 0.0, ""other"": 0.0, ""washoku"": 0.0, ""yoshoku"": 1.0}, ""type"": ""choice""}, ""is_single_recipe"": {""noul"": 0.92, ""type"": ""noul""}, ""main_ingredient"": {""choice"": ""fish"", ""confidence"": 1.0, ""probabilities"": {""egg"": 0.0, ""fish"": 1.0, ""meat"": 0.0, ""other"": 0.0, ""soy"": 0.0, ""vegetable"": 0.0}, ""type"": ""choice""}, ""staple"": {""choice"": ""noodle"", ""confidence"": 1.0, ""probabilities"": {""bread"": 0.0, ""noodle"": 1.0, ""other"": 0.0, ""rice"": 0.0}, ""type"": ""choice""}, ""taste_tag"": {""choice"": ""rich"", ""confidence"": 0.68, ""probabilities"": {""light"": 0.0, ""rich"": 0.76, ""semi_light"": 0.0, ""semi_rich"": 0.24}, ""type"": ""choice""}}, ""workload"": {""temperature_tag"": {""choice"": ""warm"", ""confidence"": 1.0, ""probabilities"": {""cold"": 0.0, ""warm"": 1.0}, ""type"": ""choice""}, ""time_tag"": {""choice"": ""min_15_30"", ""confidence"": 0.79, ""probabilities"": {""min_15_30"": 0.86, ""over_30"": 0.0, ""within_15"": 0.14}, ""type"": ""choice""}, ""uses_frying_pan"": {""noul"": 0.26, ""type"": ""noul""}, ""uses_heat_tag"": {""noul"": 0.98, ""type"": ""noul""}, ""uses_knife_tag"": {""noul"": 0.27, ""type"": ""noul""}, ""uses_microwave"": {""noul"": 0.04, ""type"": ""noul""}}}",
BZUx2H2axQ4,【ミルクパスタ】牛乳で作るクリームパスタの作り方 #料理 #レシピ,https://www.youtube.com/watch?v=BZUx2H2axQ4,ok,needs_review,true,0.85,洋食,1.00,麺,1.00,麺料理,1.00,その他,1.00,ややガッツリ,0.76,温かい,1.00,15〜30分,0.99,false,0.69,true,0.97,false,0.51,false,0.94,uses_knife_tag;uses_frying_pan,2662,"{""core"": {""dish_shape"": {""choice"": ""noodle"", ""confidence"": 1.0, ""probabilities"": {""bowl"": 0.0, ""bread"": 0.0, ""main"": 0.0, ""noodle"": 1.0, ""other"": 0.0, ""rice_other"": 0.0, ""stew"": 0.0}, ""type"": ""choice""}, ""genre"": {""choice"": ""yoshoku"", ""confidence"": 1.0, ""probabilities"": {""chuka"": 0.0, ""korean"": 0.0, ""other"": 0.0, ""washoku"": 0.0, ""yoshoku"": 1.0}, ""type"": ""choice""}, ""is_single_recipe"": {""noul"": 0.85, ""type"": ""noul""}, ""main_ingredient"": {""choice"": ""other"", ""confidence"": 1.0, ""probabilities"": {""egg"": 0.0, ""fish"": 0.0, ""meat"": 0.0, ""other"": 1.0, ""soy"": 0.0, ""vegetable"": 0.0}, ""type"": ""choice""}, ""staple"": {""choice"": ""noodle"", ""confidence"": 1.0, ""probabilities"": {""bread"": 0.0, ""noodle"": 1.0, ""other"": 0.0, ""rice"": 0.0}, ""type"": ""choice""}, ""taste_tag"": {""choice"": ""semi_rich"", ""confidence"": 0.76, ""probabilities"": {""light"": 0.0, ""rich"": 0.17, ""semi_light"": 0.0, ""semi_rich"": 0.83}, ""type"": ""choice""}}, ""workload"": {""temperature_tag"": {""choice"": ""warm"", ""confidence"": 1.0, ""probabilities"": {""cold"": 0.0, ""warm"": 1.0}, ""type"": ""choice""}, ""time_tag"": {""choice"": ""min_15_30"", ""confidence"": 0.99, ""probabilities"": {""min_15_30"": 1.0, ""over_30"": 0.0, ""within_15"": 0.0}, ""type"": ""choice""}, ""uses_frying_pan"": {""noul"": 0.49, ""type"": ""noul""}, ""uses_heat_tag"": {""noul"": 0.97, ""type"": ""noul""}, ""uses_knife_tag"": {""noul"": 0.31, ""type"": ""noul""}, ""uses_microwave"": {""noul"": 0.06, ""type"": ""noul""}}}",
4PxTkO2g5ec,元高級ホテル料理人が教える、滑らかぁ〜な明太子パスタの作り方!!,https://www.youtube.com/watch?v=4PxTkO2g5ec,ok,needs_review,true,0.86,洋食,1.00,麺,1.00,麺料理,1.00,魚,1.00,ガッツリ,0.45,温かい,1.00,15〜30分,0.99,true,0.59,true,0.98,true,0.96,false,0.96,taste_tag;uses_knife_tag,5014,"{""core"": {""dish_shape"": {""choice"": ""noodle"", ""confidence"": 1.0, ""probabilities"": {""bowl"": 0.0, ""bread"": 0.0, ""main"": 0.0, ""noodle"": 1.0, ""other"": 0.0, ""rice_other"": 0.0, ""stew"": 0.0}, ""type"": ""choice""}, ""genre"": {""choice"": ""yoshoku"", ""confidence"": 1.0, ""probabilities"": {""chuka"": 0.0, ""korean"": 0.0, ""other"": 0.0, ""washoku"": 0.0, ""yoshoku"": 1.0}, ""type"": ""choice""}, ""is_single_recipe"": {""noul"": 0.86, ""type"": ""noul""}, ""main_ingredient"": {""choice"": ""fish"", ""confidence"": 1.0, ""probabilities"": {""egg"": 0.0, ""fish"": 1.0, ""meat"": 0.0, ""other"": 0.0, ""soy"": 0.0, ""vegetable"": 0.0}, ""type"": ""choice""}, ""staple"": {""choice"": ""noodle"", ""confidence"": 1.0, ""probabilities"": {""bread"": 0.0, ""noodle"": 1.0, ""other"": 0.0, ""rice"": 0.0}, ""type"": ""choice""}, ""taste_tag"": {""choice"": ""rich"", ""confidence"": 0.45, ""probabilities"": {""light"": 0.0, ""rich"": 0.59, ""semi_light"": 0.0, ""semi_rich"": 0.41}, ""type"": ""choice""}}, ""workload"": {""temperature_tag"": {""choice"": ""warm"", ""confidence"": 1.0, ""probabilities"": {""cold"": 0.0, ""warm"": 1.0}, ""type"": ""choice""}, ""time_tag"": {""choice"": ""min_15_30"", ""confidence"": 0.99, ""probabilities"": {""min_15_30"": 1.0, ""over_30"": 0.0, ""within_15"": 0.0}, ""type"": ""choice""}, ""uses_frying_pan"": {""noul"": 0.96, ""type"": ""noul""}, ""uses_heat_tag"": {""noul"": 0.98, ""type"": ""noul""}, ""uses_knife_tag"": {""noul"": 0.59, ""type"": ""noul""}, ""uses_microwave"": {""noul"": 0.04, ""type"": ""noul""}}}",
KaITLIvBOVM,リュウジとかいうYouTuberより断然旨いペペロンチーノの作り方,https://www.youtube.com/watch?v=KaITLIvBOVM,ok,needs_review,true,0.91,洋食,1.00,麺,1.00,麺料理,1.00,肉,0.90,ややガッツリ,0.97,温かい,1.00,15〜30分,0.62,true,0.84,true,0.99,true,0.98,false,0.96,time_tag,5292,"{""core"": {""dish_shape"": {""choice"": ""noodle"", ""confidence"": 1.0, ""probabilities"": {""bowl"": 0.0, ""bread"": 0.0, ""main"": 0.0, ""noodle"": 1.0, ""other"": 0.0, ""rice_other"": 0.0, ""stew"": 0.0}, ""type"": ""choice""}, ""genre"": {""choice"": ""yoshoku"", ""confidence"": 1.0, ""probabilities"": {""chuka"": 0.0, ""korean"": 0.0, ""other"": 0.0, ""washoku"": 0.0, ""yoshoku"": 1.0}, ""type"": ""choice""}, ""is_single_recipe"": {""noul"": 0.91, ""type"": ""noul""}, ""main_ingredient"": {""choice"": ""meat"", ""confidence"": 0.9, ""probabilities"": {""egg"": 0.0, ""fish"": 0.0, ""meat"": 0.92, ""other"": 0.08, ""soy"": 0.0, ""vegetable"": 0.0}, ""type"": ""choice""}, ""staple"": {""choice"": ""noodle"", ""confidence"": 1.0, ""probabilities"": {""bread"": 0.0, ""noodle"": 1.0, ""other"": 0.0, ""rice"": 0.0}, ""type"": ""choice""}, ""taste_tag"": {""choice"": ""semi_rich"", ""confidence"": 0.97, ""probabilities"": {""light"": 0.0, ""rich"": 0.01, ""semi_light"": 0.01, ""semi_rich"": 0.98}, ""type"": ""choice""}}, ""workload"": {""temperature_tag"": {""choice"": ""warm"", ""confidence"": 1.0, ""probabilities"": {""cold"": 0.0, ""warm"": 1.0}, ""type"": ""choice""}, ""time_tag"": {""choice"": ""min_15_30"", ""confidence"": 0.62, ""probabilities"": {""min_15_30"": 0.74, ""over_30"": 0.02, ""within_15"": 0.24}, ""type"": ""choice""}, ""uses_frying_pan"": {""noul"": 0.98, ""type"": ""noul""}, ""uses_heat_tag"": {""noul"": 0.99, ""type"": ""noul""}, ""uses_knife_tag"": {""noul"": 0.84, ""type"": ""noul""}, ""uses_microwave"": {""noul"": 0.04, ""type"": ""noul""}}}",
LzekfOY-w80,世界最小のパスタ！チュニジア料理をW杯戦の前に喰らい尽くす！【ワールドカップ】,https://www.youtube.com/watch?v=LzekfOY-w80,ok,needs_review,false,0.57,洋食,0.81,麺,1.00,麺料理,0.98,その他,0.99,ややガッツリ,0.97,温かい,0.97,15〜30分,0.98,false,0.56,true,0.93,false,0.62,false,0.94,is_single_recipe;uses_knife_tag;uses_frying_pan,3286,"{""core"": {""dish_shape"": {""choice"": ""noodle"", ""confidence"": 0.98, ""probabilities"": {""bowl"": 0.0, ""bread"": 0.0, ""main"": 0.0, ""noodle"": 0.98, ""other"": 0.01, ""rice_other"": 0.0, ""stew"": 0.01}, ""type"": ""choice""}, ""genre"": {""choice"": ""yoshoku"", ""confidence"": 0.81, ""probabilities"": {""chuka"": 0.0, ""korean"": 0.0, ""other"": 0.15, ""washoku"": 0.0, ""yoshoku"": 0.85}, ""type"": ""choice""}, ""is_single_recipe"": {""noul"": 0.43, ""type"": ""noul""}, ""main_ingredient"": {""choice"": ""other"", ""confidence"": 0.99, ""probabilities"": {""egg"": 0.0, ""fish"": 0.0, ""meat"": 0.01, ""other"": 0.99, ""soy"": 0.0, ""vegetable"": 0.0}, ""type"": ""choice""}, ""staple"": {""choice"": ""noodle"", ""confidence"": 1.0, ""probabilities"": {""bread"": 0.0, ""noodle"": 1.0, ""other"": 0.0, ""rice"": 0.0}, ""type"": ""choice""}, ""taste_tag"": {""choice"": ""semi_rich"", ""confidence"": 0.97, ""probabilities"": {""light"": 0.01, ""rich"": 0.0, ""semi_light"": 0.02, ""semi_rich"": 0.97}, ""type"": ""choice""}}, ""workload"": {""temperature_tag"": {""choice"": ""warm"", ""confidence"": 0.97, ""probabilities"": {""cold"": 0.01, ""warm"": 0.99}, ""type"": ""choice""}, ""time_tag"": {""choice"": ""min_15_30"", ""confidence"": 0.98, ""probabilities"": {""min_15_30"": 0.98, ""over_30"": 0.01, ""within_15"": 0.01}, ""type"": ""choice""}, ""uses_frying_pan"": {""noul"": 0.38, ""type"": ""noul""}, ""uses_heat_tag"": {""noul"": 0.93, ""type"": ""noul""}, ""uses_knife_tag"": {""noul"": 0.44, ""type"": ""noul""}, ""uses_microwave"": {""noul"": 0.06, ""type"": ""noul""}}}",
1-U-XOMgVQM,某チェーン店さん本当にごめんなさいパスタ#shorts #リュウジ #カプリチョーザ #再現 #レシピ #パスタ #料理,https://www.youtube.com/watch?v=1-U-XOMgVQM,ok,needs_review,true,0.92,洋食,1.00,麺,1.00,麺料理,1.00,その他,0.59,ややガッツリ,0.92,温かい,1.00,15〜30分,0.92,true,0.62,true,0.98,true,0.94,false,0.54,main_ingredient;uses_knife_tag;uses_microwave,4876,"{""core"": {""dish_shape"": {""choice"": ""noodle"", ""confidence"": 1.0, ""probabilities"": {""bowl"": 0.0, ""bread"": 0.0, ""main"": 0.0, ""noodle"": 1.0, ""other"": 0.0, ""rice_other"": 0.0, ""stew"": 0.0}, ""type"": ""choice""}, ""genre"": {""choice"": ""yoshoku"", ""confidence"": 1.0, ""probabilities"": {""chuka"": 0.0, ""korean"": 0.0, ""other"": 0.0, ""washoku"": 0.0, ""yoshoku"": 1.0}, ""type"": ""choice""}, ""is_single_recipe"": {""noul"": 0.92, ""type"": ""noul""}, ""main_ingredient"": {""choice"": ""other"", ""confidence"": 0.59, ""probabilities"": {""egg"": 0.0, ""fish"": 0.0, ""meat"": 0.0, ""other"": 0.66, ""soy"": 0.0, ""vegetable"": 0.34}, ""type"": ""choice""}, ""staple"": {""choice"": ""noodle"", ""confidence"": 1.0, ""probabilities"": {""bread"": 0.0, ""noodle"": 1.0, ""other"": 0.0, ""rice"": 0.0}, ""type"": ""choice""}, ""taste_tag"": {""choice"": ""semi_rich"", ""confidence"": 0.92, ""probabilities"": {""light"": 0.0, ""rich"": 0.03, ""semi_light"": 0.02, ""semi_rich"": 0.95}, ""type"": ""choice""}}, ""workload"": {""temperature_tag"": {""choice"": ""warm"", ""confidence"": 1.0, ""probabilities"": {""cold"": 0.0, ""warm"": 1.0}, ""type"": ""choice""}, ""time_tag"": {""choice"": ""min_15_30"", ""confidence"": 0.92, ""probabilities"": {""min_15_30"": 0.95, ""over_30"": 0.0, ""within_15"": 0.05}, ""type"": ""choice""}, ""uses_frying_pan"": {""noul"": 0.94, ""type"": ""noul""}, ""uses_heat_tag"": {""noul"": 0.98, ""type"": ""noul""}, ""uses_knife_tag"": {""noul"": 0.62, ""type"": ""noul""}, ""uses_microwave"": {""noul"": 0.46, ""type"": ""noul""}}}",
wP1LHJKZxws,240万回再生された ”松茸の味お吸いもの” だけで味が完璧に決まる悶絶パスタの作り方,https://www.youtube.com/watch?v=wP1LHJKZxws,ok,needs_review,true,0.77,洋食,0.99,麺,1.00,麺料理,1.00,その他,0.84,ややガッツリ,0.67,温かい,1.00,15〜30分,0.99,true,0.55,true,0.97,true,0.95,false,0.94,taste_tag;uses_knife_tag,4308,"{""core"": {""dish_shape"": {""choice"": ""noodle"", ""confidence"": 1.0, ""probabilities"": {""bowl"": 0.0, ""bread"": 0.0, ""main"": 0.0, ""noodle"": 1.0, ""other"": 0.0, ""rice_other"": 0.0, ""stew"": 0.0}, ""type"": ""choice""}, ""genre"": {""choice"": ""yoshoku"", ""confidence"": 0.99, ""probabilities"": {""chuka"": 0.0, ""korean"": 0.0, ""other"": 0.0, ""washoku"": 0.0, ""yoshoku"": 1.0}, ""type"": ""choice""}, ""is_single_recipe"": {""noul"": 0.77, ""type"": ""noul""}, ""main_ingredient"": {""choice"": ""other"", ""confidence"": 0.84, ""probabilities"": {""egg"": 0.0, ""fish"": 0.01, ""meat"": 0.0, ""other"": 0.87, ""soy"": 0.0, ""vegetable"": 0.12}, ""type"": ""choice""}, ""staple"": {""choice"": ""noodle"", ""confidence"": 1.0, ""probabilities"": {""bread"": 0.0, ""noodle"": 1.0, ""other"": 0.0, ""rice"": 0.0}, ""type"": ""choice""}, ""taste_tag"": {""choice"": ""semi_rich"", ""confidence"": 0.67, ""probabilities"": {""light"": 0.02, ""rich"": 0.21, ""semi_light"": 0.02, ""semi_rich"": 0.75}, ""type"": ""choice""}}, ""workload"": {""temperature_tag"": {""choice"": ""warm"", ""confidence"": 1.0, ""probabilities"": {""cold"": 0.0, ""warm"": 1.0}, ""type"": ""choice""}, ""time_tag"": {""choice"": ""min_15_30"", ""confidence"": 0.99, ""probabilities"": {""min_15_30"": 0.99, ""over_30"": 0.0, ""within_15"": 0.01}, ""type"": ""choice""}, ""uses_frying_pan"": {""noul"": 0.95, ""type"": ""noul""}, ""uses_heat_tag"": {""noul"": 0.97, ""type"": ""noul""}, ""uses_knife_tag"": {""noul"": 0.55, ""type"": ""noul""}, ""uses_microwave"": {""noul"": 0.06, ""type"": ""noul""}}}",
uCbg_uS9aEU,これ以上のナポリタンを僕は知らない…【至高のナポリタン】『Japanese style pasta Napolitana』,https://www.youtube.com/watch?v=uCbg_uS9aEU,ok,needs_review,true,0.93,洋食,1.00,麺,1.00,麺料理,1.00,その他,0.94,ややガッツリ,0.58,温かい,1.00,15〜30分,0.88,true,0.75,true,0.97,true,0.81,false,0.80,taste_tag,4588,"{""core"": {""dish_shape"": {""choice"": ""noodle"", ""confidence"": 1.0, ""probabilities"": {""bowl"": 0.0, ""bread"": 0.0, ""main"": 0.0, ""noodle"": 1.0, ""other"": 0.0, ""rice_other"": 0.0, ""stew"": 0.0}, ""type"": ""choice""}, ""genre"": {""choice"": ""yoshoku"", ""confidence"": 1.0, ""probabilities"": {""chuka"": 0.0, ""korean"": 0.0, ""other"": 0.0, ""washoku"": 0.0, ""yoshoku"": 1.0}, ""type"": ""choice""}, ""is_single_recipe"": {""noul"": 0.93, ""type"": ""noul""}, ""main_ingredient"": {""choice"": ""other"", ""confidence"": 0.94, ""probabilities"": {""egg"": 0.0, ""fish"": 0.0, ""meat"": 0.03, ""other"": 0.95, ""soy"": 0.0, ""vegetable"": 0.02}, ""type"": ""choice""}, ""staple"": {""choice"": ""noodle"", ""confidence"": 1.0, ""probabilities"": {""bread"": 0.0, ""noodle"": 1.0, ""other"": 0.0, ""rice"": 0.0}, ""type"": ""choice""}, ""taste_tag"": {""choice"": ""semi_rich"", ""confidence"": 0.58, ""probabilities"": {""light"": 0.0, ""rich"": 0.31, ""semi_light"": 0.0, ""semi_rich"": 0.6900000000000001}, ""type"": ""choice""}}, ""workload"": {""temperature_tag"": {""choice"": ""warm"", ""confidence"": 1.0, ""probabilities"": {""cold"": 0.0, ""warm"": 1.0}, ""type"": ""choice""}, ""time_tag"": {""choice"": ""min_15_30"", ""confidence"": 0.88, ""probabilities"": {""min_15_30"": 0.92, ""over_30"": 0.0, ""within_15"": 0.08}, ""type"": ""choice""}, ""uses_frying_pan"": {""noul"": 0.81, ""type"": ""noul""}, ""uses_heat_tag"": {""noul"": 0.97, ""type"": ""noul""}, ""uses_knife_tag"": {""noul"": 0.75, ""type"": ""noul""}, ""uses_microwave"": {""noul"": 0.2, ""type"": ""noul""}}}",
DgPJ5utYQFM,【10分で完成】簡単すぎる絶品パスタレシピ10選🍝忙しい日の神ごはん！節約×時短×大満足！,https://www.youtube.com/watch?v=DgPJ5utYQFM,ok,exclude_candidate,false,0.95,洋食,0.99,麺,1.00,麺料理,1.00,その他,0.96,ガッツリ,0.49,温かい,0.99,15分以内,1.00,true,0.63,true,0.97,false,0.52,false,0.96,taste_tag;uses_knife_tag;uses_frying_pan,5878,"{""core"": {""dish_shape"": {""choice"": ""noodle"", ""confidence"": 1.0, ""probabilities"": {""bowl"": 0.0, ""bread"": 0.0, ""main"": 0.0, ""noodle"": 1.0, ""other"": 0.0, ""rice_other"": 0.0, ""stew"": 0.0}, ""type"": ""choice""}, ""genre"": {""choice"": ""yoshoku"", ""confidence"": 0.99, ""probabilities"": {""chuka"": 0.0, ""korean"": 0.0, ""other"": 0.0, ""washoku"": 0.0, ""yoshoku"": 1.0}, ""type"": ""choice""}, ""is_single_recipe"": {""noul"": 0.05, ""type"": ""noul""}, ""main_ingredient"": {""choice"": ""other"", ""confidence"": 0.96, ""probabilities"": {""egg"": 0.0, ""fish"": 0.02, ""meat"": 0.01, ""other"": 0.97, ""soy"": 0.0, ""vegetable"": 0.0}, ""type"": ""choice""}, ""staple"": {""choice"": ""noodle"", ""confidence"": 1.0, ""probabilities"": {""bread"": 0.0, ""noodle"": 1.0, ""other"": 0.0, ""rice"": 0.0}, ""type"": ""choice""}, ""taste_tag"": {""choice"": ""rich"", ""confidence"": 0.49, ""probabilities"": {""light"": 0.0, ""rich"": 0.62, ""semi_light"": 0.0, ""semi_rich"": 0.38}, ""type"": ""choice""}}, ""workload"": {""temperature_tag"": {""choice"": ""warm"", ""confidence"": 0.99, ""probabilities"": {""cold"": 0.0, ""warm"": 1.0}, ""type"": ""choice""}, ""time_tag"": {""choice"": ""within_15"", ""confidence"": 1.0, ""probabilities"": {""min_15_30"": 0.0, ""over_30"": 0.0, ""within_15"": 1.0}, ""type"": ""choice""}, ""uses_frying_pan"": {""noul"": 0.48, ""type"": ""noul""}, ""uses_heat_tag"": {""noul"": 0.97, ""type"": ""noul""}, ""uses_knife_tag"": {""noul"": 0.63, ""type"": ""noul""}, ""uses_microwave"": {""noul"": 0.04, ""type"": ""noul""}}}",
nfKgV2XJ_Ic,明日、スーパーから｢パスタ｣が消えます。驚愕のミートソース,https://www.youtube.com/watch?v=nfKgV2XJ_Ic,ok,needs_review,true,0.92,洋食,1.00,麺,1.00,麺料理,1.00,肉,0.58,ガッツリ,0.94,温かい,1.00,15〜30分,0.51,true,0.86,true,0.99,true,0.97,false,0.97,main_ingredient;time_tag,5070,"{""core"": {""dish_shape"": {""choice"": ""noodle"", ""confidence"": 1.0, ""probabilities"": {""bowl"": 0.0, ""bread"": 0.0, ""main"": 0.0, ""noodle"": 1.0, ""other"": 0.0, ""rice_other"": 0.0, ""stew"": 0.0}, ""type"": ""choice""}, ""genre"": {""choice"": ""yoshoku"", ""confidence"": 1.0, ""probabilities"": {""chuka"": 0.0, ""korean"": 0.0, ""other"": 0.0, ""washoku"": 0.0, ""yoshoku"": 1.0}, ""type"": ""choice""}, ""is_single_recipe"": {""noul"": 0.92, ""type"": ""noul""}, ""main_ingredient"": {""choice"": ""meat"", ""confidence"": 0.58, ""probabilities"": {""egg"": 0.0, ""fish"": 0.0, ""meat"": 0.66, ""other"": 0.34, ""soy"": 0.0, ""vegetable"": 0.0}, ""type"": ""choice""}, ""staple"": {""choice"": ""noodle"", ""confidence"": 1.0, ""probabilities"": {""bread"": 0.0, ""noodle"": 1.0, ""other"": 0.0, ""rice"": 0.0}, ""type"": ""choice""}, ""taste_tag"": {""choice"": ""rich"", ""confidence"": 0.94, ""probabilities"": {""light"": 0.0, ""rich"": 0.95, ""semi_light"": 0.0, ""semi_rich"": 0.05}, ""type"": ""choice""}}, ""workload"": {""temperature_tag"": {""choice"": ""warm"", ""confidence"": 1.0, ""probabilities"": {""cold"": 0.0, ""warm"": 1.0}, ""type"": ""choice""}, ""time_tag"": {""choice"": ""min_15_30"", ""confidence"": 0.51, ""probabilities"": {""min_15_30"": 0.68, ""over_30"": 0.02, ""within_15"": 0.3}, ""type"": ""choice""}, ""uses_frying_pan"": {""noul"": 0.97, ""type"": ""noul""}, ""uses_heat_tag"": {""noul"": 0.99, ""type"": ""noul""}, ""uses_knife_tag"": {""noul"": 0.86, ""type"": ""noul""}, ""uses_microwave"": {""noul"": 0.03, ""type"": ""noul""}}}",
8y10r6Ts0k8,【最高傑作】ついに人生で一番美味しいカルボナーラが完成したから絶対に見てほしい,https://www.youtube.com/watch?v=8y10r6Ts0k8,ok,needs_review,true,0.95,洋食,1.00,麺,1.00,麺料理,1.00,その他,0.81,ガッツリ,0.91,温かい,1.00,15分以内,0.98,false,0.56,true,0.99,true,0.95,false,0.87,uses_knife_tag,4678,"{""core"": {""dish_shape"": {""choice"": ""noodle"", ""confidence"": 1.0, ""probabilities"": {""bowl"": 0.0, ""bread"": 0.0, ""main"": 0.0, ""noodle"": 1.0, ""other"": 0.0, ""rice_other"": 0.0, ""stew"": 0.0}, ""type"": ""choice""}, ""genre"": {""choice"": ""yoshoku"", ""confidence"": 1.0, ""probabilities"": {""chuka"": 0.0, ""korean"": 0.0, ""other"": 0.0, ""washoku"": 0.0, ""yoshoku"": 1.0}, ""type"": ""choice""}, ""is_single_recipe"": {""noul"": 0.95, ""type"": ""noul""}, ""main_ingredient"": {""choice"": ""other"", ""confidence"": 0.81, ""probabilities"": {""egg"": 0.06, ""fish"": 0.0, ""meat"": 0.09, ""other"": 0.85, ""soy"": 0.0, ""vegetable"": 0.0}, ""type"": ""choice""}, ""staple"": {""choice"": ""noodle"", ""confidence"": 1.0, ""probabilities"": {""bread"": 0.0, ""noodle"": 1.0, ""other"": 0.0, ""rice"": 0.0}, ""type"": ""choice""}, ""taste_tag"": {""choice"": ""rich"", ""confidence"": 0.91, ""probabilities"": {""light"": 0.0, ""rich"": 0.93, ""semi_light"": 0.0, ""semi_rich"": 0.07}, ""type"": ""choice""}}, ""workload"": {""temperature_tag"": {""choice"": ""warm"", ""confidence"": 1.0, ""probabilities"": {""cold"": 0.0, ""warm"": 1.0}, ""type"": ""choice""}, ""time_tag"": {""choice"": ""within_15"", ""confidence"": 0.98, ""probabilities"": {""min_15_30"": 0.01, ""over_30"": 0.0, ""within_15"": 0.99}, ""type"": ""choice""}, ""uses_frying_pan"": {""noul"": 0.95, ""type"": ""noul""}, ""uses_heat_tag"": {""noul"": 0.99, ""type"": ""noul""}, ""uses_knife_tag"": {""noul"": 0.44, ""type"": ""noul""}, ""uses_microwave"": {""noul"": 0.13, ""type"": ""noul""}}}",
k5v0xq40lqE,【限界シリーズ】ガチまかないはこれ！包丁不要のマヨ醤油パスタ,https://www.youtube.com/watch?v=k5v0xq40lqE,ok,needs_review,true,0.89,洋食,0.99,麺,1.00,麺料理,1.00,その他,0.98,ガッツリ,0.84,温かい,0.95,15分以内,0.94,false,0.83,true,0.97,false,0.65,false,0.96,uses_frying_pan,3360,"{""core"": {""dish_shape"": {""choice"": ""noodle"", ""confidence"": 1.0, ""probabilities"": {""bowl"": 0.0, ""bread"": 0.0, ""main"": 0.0, ""noodle"": 1.0, ""other"": 0.0, ""rice_other"": 0.0, ""stew"": 0.0}, ""type"": ""choice""}, ""genre"": {""choice"": ""yoshoku"", ""confidence"": 0.99, ""probabilities"": {""chuka"": 0.0, ""korean"": 0.0, ""other"": 0.0, ""washoku"": 0.01, ""yoshoku"": 0.99}, ""type"": ""choice""}, ""is_single_recipe"": {""noul"": 0.89, ""type"": ""noul""}, ""main_ingredient"": {""choice"": ""other"", ""confidence"": 0.98, ""probabilities"": {""egg"": 0.0, ""fish"": 0.0, ""meat"": 0.0, ""other"": 0.99, ""soy"": 0.01, ""vegetable"": 0.0}, ""type"": ""choice""}, ""staple"": {""choice"": ""noodle"", ""confidence"": 1.0, ""probabilities"": {""bread"": 0.0, ""noodle"": 1.0, ""other"": 0.0, ""rice"": 0.0}, ""type"": ""choice""}, ""taste_tag"": {""choice"": ""rich"", ""confidence"": 0.84, ""probabilities"": {""light"": 0.0, ""rich"": 0.88, ""semi_light"": 0.0, ""semi_rich"": 0.12}, ""type"": ""choice""}}, ""workload"": {""temperature_tag"": {""choice"": ""warm"", ""confidence"": 0.95, ""probabilities"": {""cold"": 0.02, ""warm"": 0.98}, ""type"": ""choice""}, ""time_tag"": {""choice"": ""within_15"", ""confidence"": 0.94, ""probabilities"": {""min_15_30"": 0.03, ""over_30"": 0.0, ""within_15"": 0.97}, ""type"": ""choice""}, ""uses_frying_pan"": {""noul"": 0.35, ""type"": ""noul""}, ""uses_heat_tag"": {""noul"": 0.97, ""type"": ""noul""}, ""uses_knife_tag"": {""noul"": 0.17, ""type"": ""noul""}, ""uses_microwave"": {""noul"": 0.04, ""type"": ""noul""}}}",
mvBfj7qSKxM,レンジで大満足パスタの作り方【ミツカン公式】,https://www.youtube.com/watch?v=mvBfj7qSKxM,ok,ai_tagged,true,0.97,洋食,0.99,麺,1.00,麺料理,1.00,その他,1.00,ややガッツリ,0.87,温かい,1.00,15分以内,0.89,false,0.80,true,0.99,false,0.93,true,0.99,,3592,"{""core"": {""dish_shape"": {""choice"": ""noodle"", ""confidence"": 1.0, ""probabilities"": {""bowl"": 0.0, ""bread"": 0.0, ""main"": 0.0, ""noodle"": 1.0, ""other"": 0.0, ""rice_other"": 0.0, ""stew"": 0.0}, ""type"": ""choice""}, ""genre"": {""choice"": ""yoshoku"", ""confidence"": 0.99, ""probabilities"": {""chuka"": 0.0, ""korean"": 0.0, ""other"": 0.0, ""washoku"": 0.0, ""yoshoku"": 1.0}, ""type"": ""choice""}, ""is_single_recipe"": {""noul"": 0.97, ""type"": ""noul""}, ""main_ingredient"": {""choice"": ""other"", ""confidence"": 1.0, ""probabilities"": {""egg"": 0.0, ""fish"": 0.0, ""meat"": 0.0, ""other"": 1.0, ""soy"": 0.0, ""vegetable"": 0.0}, ""type"": ""choice""}, ""staple"": {""choice"": ""noodle"", ""confidence"": 1.0, ""probabilities"": {""bread"": 0.0, ""noodle"": 1.0, ""other"": 0.0, ""rice"": 0.0}, ""type"": ""choice""}, ""taste_tag"": {""choice"": ""semi_rich"", ""confidence"": 0.87, ""probabilities"": {""light"": 0.02, ""rich"": 0.0, ""semi_light"": 0.08, ""semi_rich"": 0.9}, ""type"": ""choice""}}, ""workload"": {""temperature_tag"": {""choice"": ""warm"", ""confidence"": 1.0, ""probabilities"": {""cold"": 0.0, ""warm"": 1.0}, ""type"": ""choice""}, ""time_tag"": {""choice"": ""within_15"", ""confidence"": 0.89, ""probabilities"": {""min_15_30"": 0.07, ""over_30"": 0.0, ""within_15"": 0.93}, ""type"": ""choice""}, ""uses_frying_pan"": {""noul"": 0.07, ""type"": ""noul""}, ""uses_heat_tag"": {""noul"": 0.99, ""type"": ""noul""}, ""uses_knife_tag"": {""noul"": 0.2, ""type"": ""noul""}, ""uses_microwave"": {""noul"": 0.99, ""type"": ""noul""}}}",
GffgVEa7s-o,【400万回再生】もう終わりです。カルボナーラをこの方法で作ったら、もうコレでいいやってなる【 料理レシピ 】,https://www.youtube.com/watch?v=GffgVEa7s-o,ok,needs_review,true,0.96,洋食,1.00,麺,1.00,麺料理,1.00,その他,0.49,ガッツリ,0.80,温かい,1.00,15〜30分,0.93,true,0.95,true,0.99,true,0.99,false,0.97,main_ingredient,5664,"{""core"": {""dish_shape"": {""choice"": ""noodle"", ""confidence"": 1.0, ""probabilities"": {""bowl"": 0.0, ""bread"": 0.0, ""main"": 0.0, ""noodle"": 1.0, ""other"": 0.0, ""rice_other"": 0.0, ""stew"": 0.0}, ""type"": ""choice""}, ""genre"": {""choice"": ""yoshoku"", ""confidence"": 1.0, ""probabilities"": {""chuka"": 0.0, ""korean"": 0.0, ""other"": 0.0, ""washoku"": 0.0, ""yoshoku"": 1.0}, ""type"": ""choice""}, ""is_single_recipe"": {""noul"": 0.96, ""type"": ""noul""}, ""main_ingredient"": {""choice"": ""other"", ""confidence"": 0.49, ""probabilities"": {""egg"": 0.3, ""fish"": 0.0, ""meat"": 0.12, ""other"": 0.58, ""soy"": 0.0, ""vegetable"": 0.0}, ""type"": ""choice""}, ""staple"": {""choice"": ""noodle"", ""confidence"": 1.0, ""probabilities"": {""bread"": 0.0, ""noodle"": 1.0, ""other"": 0.0, ""rice"": 0.0}, ""type"": ""choice""}, ""taste_tag"": {""choice"": ""rich"", ""confidence"": 0.8, ""probabilities"": {""light"": 0.0, ""rich"": 0.85, ""semi_light"": 0.0, ""semi_rich"": 0.15}, ""type"": ""choice""}}, ""workload"": {""temperature_tag"": {""choice"": ""warm"", ""confidence"": 1.0, ""probabilities"": {""cold"": 0.0, ""warm"": 1.0}, ""type"": ""choice""}, ""time_tag"": {""choice"": ""min_15_30"", ""confidence"": 0.93, ""probabilities"": {""min_15_30"": 0.95, ""over_30"": 0.0, ""within_15"": 0.05}, ""type"": ""choice""}, ""uses_frying_pan"": {""noul"": 0.99, ""type"": ""noul""}, ""uses_heat_tag"": {""noul"": 0.99, ""type"": ""noul""}, ""uses_knife_tag"": {""noul"": 0.95, ""type"": ""noul""}, ""uses_microwave"": {""noul"": 0.03, ""type"": ""noul""}}}",
X9FkFE1ajtM,簡単パスタレシピ！しらすパスタの作り方 #料理 #パスタ #shorts,https://www.youtube.com/watch?v=X9FkFE1ajtM,ok,needs_review,true,0.83,洋食,0.98,麺,1.00,麺料理,1.00,魚,0.92,ややガッツリ,0.70,温かい,1.00,15〜30分,0.98,false,0.66,true,0.97,false,0.51,false,0.94,taste_tag;uses_knife_tag;uses_frying_pan,3132,"{""core"": {""dish_shape"": {""choice"": ""noodle"", ""confidence"": 1.0, ""probabilities"": {""bowl"": 0.0, ""bread"": 0.0, ""main"": 0.0, ""noodle"": 1.0, ""other"": 0.0, ""rice_other"": 0.0, ""stew"": 0.0}, ""type"": ""choice""}, ""genre"": {""choice"": ""yoshoku"", ""confidence"": 0.98, ""probabilities"": {""chuka"": 0.0, ""korean"": 0.0, ""other"": 0.0, ""washoku"": 0.02, ""yoshoku"": 0.98}, ""type"": ""choice""}, ""is_single_recipe"": {""noul"": 0.83, ""type"": ""noul""}, ""main_ingredient"": {""choice"": ""fish"", ""confidence"": 0.92, ""probabilities"": {""egg"": 0.0, ""fish"": 0.93, ""meat"": 0.0, ""other"": 0.07, ""soy"": 0.0, ""vegetable"": 0.0}, ""type"": ""choice""}, ""staple"": {""choice"": ""noodle"", ""confidence"": 1.0, ""probabilities"": {""bread"": 0.0, ""noodle"": 1.0, ""other"": 0.0, ""rice"": 0.0}, ""type"": ""choice""}, ""taste_tag"": {""choice"": ""semi_rich"", ""confidence"": 0.7, ""probabilities"": {""light"": 0.0, ""rich"": 0.0, ""semi_light"": 0.22, ""semi_rich"": 0.78}, ""type"": ""choice""}}, ""workload"": {""temperature_tag"": {""choice"": ""warm"", ""confidence"": 1.0, ""probabilities"": {""cold"": 0.0, ""warm"": 1.0}, ""type"": ""choice""}, ""time_tag"": {""choice"": ""min_15_30"", ""confidence"": 0.98, ""probabilities"": {""min_15_30"": 0.99, ""over_30"": 0.0, ""within_15"": 0.01}, ""type"": ""choice""}, ""uses_frying_pan"": {""noul"": 0.49, ""type"": ""noul""}, ""uses_heat_tag"": {""noul"": 0.97, ""type"": ""noul""}, ""uses_knife_tag"": {""noul"": 0.34, ""type"": ""noul""}, ""uses_microwave"": {""noul"": 0.06, ""type"": ""noul""}}}",
roEkm8hiiuM,衝撃｜ズッキーニのパスタ【ペペロンチーノ】が美味しすぎた…#shorts,https://www.youtube.com/watch?v=roEkm8hiiuM,ok,ai_tagged,true,0.90,洋食,1.00,麺,1.00,麺料理,1.00,野菜中心,0.99,ややガッツリ,0.91,温かい,1.00,15〜30分,0.92,true,0.87,true,0.98,true,0.81,false,0.97,,3030,"{""core"": {""dish_shape"": {""choice"": ""noodle"", ""confidence"": 1.0, ""probabilities"": {""bowl"": 0.0, ""bread"": 0.0, ""main"": 0.0, ""noodle"": 1.0, ""other"": 0.0, ""rice_other"": 0.0, ""stew"": 0.0}, ""type"": ""choice""}, ""genre"": {""choice"": ""yoshoku"", ""confidence"": 1.0, ""probabilities"": {""chuka"": 0.0, ""korean"": 0.0, ""other"": 0.0, ""washoku"": 0.0, ""yoshoku"": 1.0}, ""type"": ""choice""}, ""is_single_recipe"": {""noul"": 0.9, ""type"": ""noul""}, ""main_ingredient"": {""choice"": ""vegetable"", ""confidence"": 0.99, ""probabilities"": {""egg"": 0.0, ""fish"": 0.0, ""meat"": 0.0, ""other"": 0.01, ""soy"": 0.0, ""vegetable"": 0.99}, ""type"": ""choice""}, ""staple"": {""choice"": ""noodle"", ""confidence"": 1.0, ""probabilities"": {""bread"": 0.0, ""noodle"": 1.0, ""other"": 0.0, ""rice"": 0.0}, ""type"": ""choice""}, ""taste_tag"": {""choice"": ""semi_rich"", ""confidence"": 0.91, ""probabilities"": {""light"": 0.0, ""rich"": 0.01, ""semi_light"": 0.06, ""semi_rich"": 0.93}, ""type"": ""choice""}}, ""workload"": {""temperature_tag"": {""choice"": ""warm"", ""confidence"": 1.0, ""probabilities"": {""cold"": 0.0, ""warm"": 1.0}, ""type"": ""choice""}, ""time_tag"": {""choice"": ""min_15_30"", ""confidence"": 0.92, ""probabilities"": {""min_15_30"": 0.95, ""over_30"": 0.0, ""within_15"": 0.05}, ""type"": ""choice""}, ""uses_frying_pan"": {""noul"": 0.81, ""type"": ""noul""}, ""uses_heat_tag"": {""noul"": 0.98, ""type"": ""noul""}, ""uses_knife_tag"": {""noul"": 0.87, ""type"": ""noul""}, ""uses_microwave"": {""noul"": 0.03, ""type"": ""noul""}}}",
2GI1wP_D_P0,イタリア人シェフに直接教わった｜暗殺者のパスタ【決定版】結局どうなの？おこげパスタ！,https://www.youtube.com/watch?v=2GI1wP_D_P0,ok,needs_review,true,0.84,洋食,1.00,麺,1.00,麺料理,1.00,その他,0.96,ややガッツリ,0.78,温かい,1.00,15〜30分,0.75,true,0.57,true,0.99,true,0.98,false,0.97,uses_knife_tag,5422,"{""core"": {""dish_shape"": {""choice"": ""noodle"", ""confidence"": 1.0, ""probabilities"": {""bowl"": 0.0, ""bread"": 0.0, ""main"": 0.0, ""noodle"": 1.0, ""other"": 0.0, ""rice_other"": 0.0, ""stew"": 0.0}, ""type"": ""choice""}, ""genre"": {""choice"": ""yoshoku"", ""confidence"": 1.0, ""probabilities"": {""chuka"": 0.0, ""korean"": 0.0, ""other"": 0.0, ""washoku"": 0.0, ""yoshoku"": 1.0}, ""type"": ""choice""}, ""is_single_recipe"": {""noul"": 0.84, ""type"": ""noul""}, ""main_ingredient"": {""choice"": ""other"", ""confidence"": 0.96, ""probabilities"": {""egg"": 0.0, ""fish"": 0.0, ""meat"": 0.0, ""other"": 0.97, ""soy"": 0.0, ""vegetable"": 0.03}, ""type"": ""choice""}, ""staple"": {""choice"": ""noodle"", ""confidence"": 1.0, ""probabilities"": {""bread"": 0.0, ""noodle"": 1.0, ""other"": 0.0, ""rice"": 0.0}, ""type"": ""choice""}, ""taste_tag"": {""choice"": ""semi_rich"", ""confidence"": 0.78, ""probabilities"": {""light"": 0.0, ""rich"": 0.16, ""semi_light"": 0.0, ""semi_rich"": 0.84}, ""type"": ""choice""}}, ""workload"": {""temperature_tag"": {""choice"": ""warm"", ""confidence"": 1.0, ""probabilities"": {""cold"": 0.0, ""warm"": 1.0}, ""type"": ""choice""}, ""time_tag"": {""choice"": ""min_15_30"", ""confidence"": 0.75, ""probabilities"": {""min_15_30"": 0.83, ""over_30"": 0.01, ""within_15"": 0.16}, ""type"": ""choice""}, ""uses_frying_pan"": {""noul"": 0.98, ""type"": ""noul""}, ""uses_heat_tag"": {""noul"": 0.99, ""type"": ""noul""}, ""uses_knife_tag"": {""noul"": 0.57, ""type"": ""noul""}, ""uses_microwave"": {""noul"": 0.03, ""type"": ""noul""}}}",
LiWWggxrKgg,プロが教えるナポリタン #ナポリタン #パスタ #スパゲティ #料理人 #レシピ #作り方,https://www.youtube.com/watch?v=LiWWggxrKgg,ok,needs_review,true,0.82,洋食,1.00,麺,1.00,麺料理,1.00,その他,0.93,ややガッツリ,0.85,温かい,1.00,15〜30分,0.99,true,0.50,true,0.96,true,0.71,false,0.94,uses_knife_tag;uses_frying_pan,2562,"{""core"": {""dish_shape"": {""choice"": ""noodle"", ""confidence"": 1.0, ""probabilities"": {""bowl"": 0.0, ""bread"": 0.0, ""main"": 0.0, ""noodle"": 1.0, ""other"": 0.0, ""rice_other"": 0.0, ""stew"": 0.0}, ""type"": ""choice""}, ""genre"": {""choice"": ""yoshoku"", ""confidence"": 1.0, ""probabilities"": {""chuka"": 0.0, ""korean"": 0.0, ""other"": 0.0, ""washoku"": 0.0, ""yoshoku"": 1.0}, ""type"": ""choice""}, ""is_single_recipe"": {""noul"": 0.82, ""type"": ""noul""}, ""main_ingredient"": {""choice"": ""other"", ""confidence"": 0.93, ""probabilities"": {""egg"": 0.0, ""fish"": 0.0, ""meat"": 0.04, ""other"": 0.95, ""soy"": 0.0, ""vegetable"": 0.01}, ""type"": ""choice""}, ""staple"": {""choice"": ""noodle"", ""confidence"": 1.0, ""probabilities"": {""bread"": 0.0, ""noodle"": 1.0, ""other"": 0.0, ""rice"": 0.0}, ""type"": ""choice""}, ""taste_tag"": {""choice"": ""semi_rich"", ""confidence"": 0.85, ""probabilities"": {""light"": 0.0, ""rich"": 0.11, ""semi_light"": 0.0, ""semi_rich"": 0.89}, ""type"": ""choice""}}, ""workload"": {""temperature_tag"": {""choice"": ""warm"", ""confidence"": 1.0, ""probabilities"": {""cold"": 0.0, ""warm"": 1.0}, ""type"": ""choice""}, ""time_tag"": {""choice"": ""min_15_30"", ""confidence"": 0.99, ""probabilities"": {""min_15_30"": 1.0, ""over_30"": 0.0, ""within_15"": 0.0}, ""type"": ""choice""}, ""uses_frying_pan"": {""noul"": 0.71, ""type"": ""noul""}, ""uses_heat_tag"": {""noul"": 0.96, ""type"": ""noul""}, ""uses_knife_tag"": {""noul"": 0.5, ""type"": ""noul""}, ""uses_microwave"": {""noul"": 0.06, ""type"": ""noul""}}}",
Bkt-nBfdh38,ウインナーとパスタで簡単にできる美味しい料理！ #簡単レシピ #プチ知識 #ずんだもん #料理,https://www.youtube.com/watch?v=Bkt-nBfdh38,ok,needs_review,true,0.77,洋食,0.99,麺,1.00,麺料理,1.00,その他,0.49,ややガッツリ,0.99,温かい,1.00,15〜30分,0.99,false,0.55,true,0.95,false,0.52,false,0.91,main_ingredient;uses_knife_tag;uses_frying_pan,2590,"{""core"": {""dish_shape"": {""choice"": ""noodle"", ""confidence"": 1.0, ""probabilities"": {""bowl"": 0.0, ""bread"": 0.0, ""main"": 0.0, ""noodle"": 1.0, ""other"": 0.0, ""rice_other"": 0.0, ""stew"": 0.0}, ""type"": ""choice""}, ""genre"": {""choice"": ""yoshoku"", ""confidence"": 0.99, ""probabilities"": {""chuka"": 0.0, ""korean"": 0.0, ""other"": 0.0, ""washoku"": 0.0, ""yoshoku"": 1.0}, ""type"": ""choice""}, ""is_single_recipe"": {""noul"": 0.77, ""type"": ""noul""}, ""main_ingredient"": {""choice"": ""other"", ""confidence"": 0.49, ""probabilities"": {""egg"": 0.0, ""fish"": 0.0, ""meat"": 0.42, ""other"": 0.58, ""soy"": 0.0, ""vegetable"": 0.0}, ""type"": ""choice""}, ""staple"": {""choice"": ""noodle"", ""confidence"": 1.0, ""probabilities"": {""bread"": 0.0, ""noodle"": 1.0, ""other"": 0.0, ""rice"": 0.0}, ""type"": ""choice""}, ""taste_tag"": {""choice"": ""semi_rich"", ""confidence"": 0.99, ""probabilities"": {""light"": 0.0, ""rich"": 0.0, ""semi_light"": 0.0, ""semi_rich"": 1.0}, ""type"": ""choice""}}, ""workload"": {""temperature_tag"": {""choice"": ""warm"", ""confidence"": 1.0, ""probabilities"": {""cold"": 0.0, ""warm"": 1.0}, ""type"": ""choice""}, ""time_tag"": {""choice"": ""min_15_30"", ""confidence"": 0.99, ""probabilities"": {""min_15_30"": 0.99, ""over_30"": 0.0, ""within_15"": 0.01}, ""type"": ""choice""}, ""uses_frying_pan"": {""noul"": 0.48, ""type"": ""noul""}, ""uses_heat_tag"": {""noul"": 0.95, ""type"": ""noul""}, ""uses_knife_tag"": {""noul"": 0.45, ""type"": ""noul""}, ""uses_microwave"": {""noul"": 0.09, ""type"": ""noul""}}}",
v4AMLnaiqR0,【しらすの旨辛ペペロンチーノ】シェフの即席パスタ#shorts,https://www.youtube.com/watch?v=v4AMLnaiqR0,ok,needs_review,true,0.80,洋食,0.99,麺,1.00,麺料理,1.00,魚,0.96,ややガッツリ,0.95,温かい,1.00,15〜30分,0.96,false,0.55,true,0.97,true,0.71,false,0.95,uses_knife_tag;uses_frying_pan,2536,"{""core"": {""dish_shape"": {""choice"": ""noodle"", ""confidence"": 1.0, ""probabilities"": {""bowl"": 0.0, ""bread"": 0.0, ""main"": 0.0, ""noodle"": 1.0, ""other"": 0.0, ""rice_other"": 0.0, ""stew"": 0.0}, ""type"": ""choice""}, ""genre"": {""choice"": ""yoshoku"", ""confidence"": 0.99, ""probabilities"": {""chuka"": 0.0, ""korean"": 0.0, ""other"": 0.0, ""washoku"": 0.0, ""yoshoku"": 1.0}, ""type"": ""choice""}, ""is_single_recipe"": {""noul"": 0.8, ""type"": ""noul""}, ""main_ingredient"": {""choice"": ""fish"", ""confidence"": 0.96, ""probabilities"": {""egg"": 0.0, ""fish"": 0.97, ""meat"": 0.0, ""other"": 0.03, ""soy"": 0.0, ""vegetable"": 0.0}, ""type"": ""choice""}, ""staple"": {""choice"": ""noodle"", ""confidence"": 1.0, ""probabilities"": {""bread"": 0.0, ""noodle"": 1.0, ""other"": 0.0, ""rice"": 0.0}, ""type"": ""choice""}, ""taste_tag"": {""choice"": ""semi_rich"", ""confidence"": 0.95, ""probabilities"": {""light"": 0.0, ""rich"": 0.01, ""semi_light"": 0.02, ""semi_rich"": 0.97}, ""type"": ""choice""}}, ""workload"": {""temperature_tag"": {""choice"": ""warm"", ""confidence"": 1.0, ""probabilities"": {""cold"": 0.0, ""warm"": 1.0}, ""type"": ""choice""}, ""time_tag"": {""choice"": ""min_15_30"", ""confidence"": 0.96, ""probabilities"": {""min_15_30"": 0.97, ""over_30"": 0.0, ""within_15"": 0.03}, ""type"": ""choice""}, ""uses_frying_pan"": {""noul"": 0.71, ""type"": ""noul""}, ""uses_heat_tag"": {""noul"": 0.97, ""type"": ""noul""}, ""uses_knife_tag"": {""noul"": 0.45, ""type"": ""noul""}, ""uses_microwave"": {""noul"": 0.05, ""type"": ""noul""}}}",
4K9oLcspsAY,【100万回人気レシピ！】うま味たっぷりパスタ！お店の味に！和風きのこスパゲティの作り方,https://www.youtube.com/watch?v=4K9oLcspsAY,ok,needs_review,true,0.94,洋食,0.73,麺,1.00,麺料理,1.00,野菜中心,0.74,ややガッツリ,0.94,温かい,1.00,15〜30分,0.88,true,0.75,true,0.98,true,0.69,false,0.97,genre;main_ingredient;uses_frying_pan,5122,"{""core"": {""dish_shape"": {""choice"": ""noodle"", ""confidence"": 1.0, ""probabilities"": {""bowl"": 0.0, ""bread"": 0.0, ""main"": 0.0, ""noodle"": 1.0, ""other"": 0.0, ""rice_other"": 0.0, ""stew"": 0.0}, ""type"": ""choice""}, ""genre"": {""choice"": ""yoshoku"", ""confidence"": 0.73, ""probabilities"": {""chuka"": 0.0, ""korean"": 0.0, ""other"": 0.0, ""washoku"": 0.21, ""yoshoku"": 0.79}, ""type"": ""choice""}, ""is_single_recipe"": {""noul"": 0.94, ""type"": ""noul""}, ""main_ingredient"": {""choice"": ""vegetable"", ""confidence"": 0.74, ""probabilities"": {""egg"": 0.0, ""fish"": 0.0, ""meat"": 0.0, ""other"": 0.22, ""soy"": 0.0, ""vegetable"": 0.78}, ""type"": ""choice""}, ""staple"": {""choice"": ""noodle"", ""confidence"": 1.0, ""probabilities"": {""bread"": 0.0, ""noodle"": 1.0, ""other"": 0.0, ""rice"": 0.0}, ""type"": ""choice""}, ""taste_tag"": {""choice"": ""semi_rich"", ""confidence"": 0.94, ""probabilities"": {""light"": 0.0, ""rich"": 0.02, ""semi_light"": 0.02, ""semi_rich"": 0.96}, ""type"": ""choice""}}, ""workload"": {""temperature_tag"": {""choice"": ""warm"", ""confidence"": 1.0, ""probabilities"": {""cold"": 0.0, ""warm"": 1.0}, ""type"": ""choice""}, ""time_tag"": {""choice"": ""min_15_30"", ""confidence"": 0.88, ""probabilities"": {""min_15_30"": 0.92, ""over_30"": 0.02, ""within_15"": 0.06}, ""type"": ""choice""}, ""uses_frying_pan"": {""noul"": 0.69, ""type"": ""noul""}, ""uses_heat_tag"": {""noul"": 0.98, ""type"": ""noul""}, ""uses_knife_tag"": {""noul"": 0.75, ""type"": ""noul""}, ""uses_microwave"": {""noul"": 0.03, ""type"": ""noul""}}}",
VqPciWTJXVY,海苔と牛乳の組み合わせ、なしだと思った？ 【海苔クリームパスタ】 #パスタ #海苔 #クリームパスタ #簡単レシピ #料理 #おうちごはん,https://www.youtube.com/watch?v=VqPciWTJXVY,ok,ai_tagged,true,0.97,洋食,1.00,麺,1.00,麺料理,1.00,その他,0.96,ややガッツリ,0.96,温かい,1.00,15分以内,0.99,false,0.83,true,0.99,true,0.99,false,0.96,,3480,"{""core"": {""dish_shape"": {""choice"": ""noodle"", ""confidence"": 1.0, ""probabilities"": {""bowl"": 0.0, ""bread"": 0.0, ""main"": 0.0, ""noodle"": 1.0, ""other"": 0.0, ""rice_other"": 0.0, ""stew"": 0.0}, ""type"": ""choice""}, ""genre"": {""choice"": ""yoshoku"", ""confidence"": 1.0, ""probabilities"": {""chuka"": 0.0, ""korean"": 0.0, ""other"": 0.0, ""washoku"": 0.0, ""yoshoku"": 1.0}, ""type"": ""choice""}, ""is_single_recipe"": {""noul"": 0.97, ""type"": ""noul""}, ""main_ingredient"": {""choice"": ""other"", ""confidence"": 0.96, ""probabilities"": {""egg"": 0.0, ""fish"": 0.02, ""meat"": 0.0, ""other"": 0.97, ""soy"": 0.0, ""vegetable"": 0.01}, ""type"": ""choice""}, ""staple"": {""choice"": ""noodle"", ""confidence"": 1.0, ""probabilities"": {""bread"": 0.0, ""noodle"": 1.0, ""other"": 0.0, ""rice"": 0.0}, ""type"": ""choice""}, ""taste_tag"": {""choice"": ""semi_rich"", ""confidence"": 0.96, ""probabilities"": {""light"": 0.0, ""rich"": 0.02, ""semi_light"": 0.01, ""semi_rich"": 0.97}, ""type"": ""choice""}}, ""workload"": {""temperature_tag"": {""choice"": ""warm"", ""confidence"": 1.0, ""probabilities"": {""cold"": 0.0, ""warm"": 1.0}, ""type"": ""choice""}, ""time_tag"": {""choice"": ""within_15"", ""confidence"": 0.99, ""probabilities"": {""min_15_30"": 0.01, ""over_30"": 0.0, ""within_15"": 0.99}, ""type"": ""choice""}, ""uses_frying_pan"": {""noul"": 0.99, ""type"": ""noul""}, ""uses_heat_tag"": {""noul"": 0.99, ""type"": ""noul""}, ""uses_knife_tag"": {""noul"": 0.17, ""type"": ""noul""}, ""uses_microwave"": {""noul"": 0.04, ""type"": ""noul""}}}",
wN8XfQ4f-VY,【明太子カルボナーラ】濃厚で美味すぎるパスタが超簡単にできちゃいます。 #パスタ #レシピ #簡単レシピ #shorts,https://www.youtube.com/watch?v=wN8XfQ4f-VY,ok,needs_review,true,0.84,洋食,1.00,麺,1.00,麺料理,1.00,魚,0.95,ガッツリ,0.99,温かい,1.00,15〜30分,0.98,false,0.61,true,0.97,true,0.73,false,0.92,uses_knife_tag;uses_frying_pan,2602,"{""core"": {""dish_shape"": {""choice"": ""noodle"", ""confidence"": 1.0, ""probabilities"": {""bowl"": 0.0, ""bread"": 0.0, ""main"": 0.0, ""noodle"": 1.0, ""other"": 0.0, ""rice_other"": 0.0, ""stew"": 0.0}, ""type"": ""choice""}, ""genre"": {""choice"": ""yoshoku"", ""confidence"": 1.0, ""probabilities"": {""chuka"": 0.0, ""korean"": 0.0, ""other"": 0.0, ""washoku"": 0.0, ""yoshoku"": 1.0}, ""type"": ""choice""}, ""is_single_recipe"": {""noul"": 0.84, ""type"": ""noul""}, ""main_ingredient"": {""choice"": ""fish"", ""confidence"": 0.95, ""probabilities"": {""egg"": 0.0, ""fish"": 0.96, ""meat"": 0.0, ""other"": 0.04, ""soy"": 0.0, ""vegetable"": 0.0}, ""type"": ""choice""}, ""staple"": {""choice"": ""noodle"", ""confidence"": 1.0, ""probabilities"": {""bread"": 0.0, ""noodle"": 1.0, ""other"": 0.0, ""rice"": 0.0}, ""type"": ""choice""}, ""taste_tag"": {""choice"": ""rich"", ""confidence"": 0.99, ""probabilities"": {""light"": 0.0, ""rich"": 0.99, ""semi_light"": 0.0, ""semi_rich"": 0.01}, ""type"": ""choice""}}, ""workload"": {""temperature_tag"": {""choice"": ""warm"", ""confidence"": 1.0, ""probabilities"": {""cold"": 0.0, ""warm"": 1.0}, ""type"": ""choice""}, ""time_tag"": {""choice"": ""min_15_30"", ""confidence"": 0.98, ""probabilities"": {""min_15_30"": 0.99, ""over_30"": 0.0, ""within_15"": 0.01}, ""type"": ""choice""}, ""uses_frying_pan"": {""noul"": 0.73, ""type"": ""noul""}, ""uses_heat_tag"": {""noul"": 0.97, ""type"": ""noul""}, ""uses_knife_tag"": {""noul"": 0.39, ""type"": ""noul""}, ""uses_microwave"": {""noul"": 0.08, ""type"": ""noul""}}}",
bLWwgapILKU,五右衛門風！明太クリームパスタ作ってみた🤤🍝 #料理 #簡単レシピ #パスタ,https://www.youtube.com/watch?v=bLWwgapILKU,ok,needs_review,true,0.83,洋食,0.99,麺,1.00,麺料理,1.00,魚,0.92,ガッツリ,0.37,温かい,1.00,15〜30分,0.99,true,0.57,true,0.97,true,0.52,false,0.93,taste_tag;uses_knife_tag;uses_frying_pan,2544,"{""core"": {""dish_shape"": {""choice"": ""noodle"", ""confidence"": 1.0, ""probabilities"": {""bowl"": 0.0, ""bread"": 0.0, ""main"": 0.0, ""noodle"": 1.0, ""other"": 0.0, ""rice_other"": 0.0, ""stew"": 0.0}, ""type"": ""choice""}, ""genre"": {""choice"": ""yoshoku"", ""confidence"": 0.99, ""probabilities"": {""chuka"": 0.0, ""korean"": 0.0, ""other"": 0.0, ""washoku"": 0.0, ""yoshoku"": 1.0}, ""type"": ""choice""}, ""is_single_recipe"": {""noul"": 0.83, ""type"": ""noul""}, ""main_ingredient"": {""choice"": ""fish"", ""confidence"": 0.92, ""probabilities"": {""egg"": 0.0, ""fish"": 0.94, ""meat"": 0.0, ""other"": 0.06, ""soy"": 0.0, ""vegetable"": 0.0}, ""type"": ""choice""}, ""staple"": {""choice"": ""noodle"", ""confidence"": 1.0, ""probabilities"": {""bread"": 0.0, ""noodle"": 1.0, ""other"": 0.0, ""rice"": 0.0}, ""type"": ""choice""}, ""taste_tag"": {""choice"": ""rich"", ""confidence"": 0.37, ""probabilities"": {""light"": 0.0, ""rich"": 0.53, ""semi_light"": 0.0, ""semi_rich"": 0.47}, ""type"": ""choice""}}, ""workload"": {""temperature_tag"": {""choice"": ""warm"", ""confidence"": 1.0, ""probabilities"": {""cold"": 0.0, ""warm"": 1.0}, ""type"": ""choice""}, ""time_tag"": {""choice"": ""min_15_30"", ""confidence"": 0.99, ""probabilities"": {""min_15_30"": 1.0, ""over_30"": 0.0, ""within_15"": 0.0}, ""type"": ""choice""}, ""uses_frying_pan"": {""noul"": 0.52, ""type"": ""noul""}, ""uses_heat_tag"": {""noul"": 0.97, ""type"": ""noul""}, ""uses_knife_tag"": {""noul"": 0.57, ""type"": ""noul""}, ""uses_microwave"": {""noul"": 0.07, ""type"": ""noul""}}}",
jHHTea5D98M,【激ウマ和風パスタ】最高に旨いシンプルな和風パスタを紹介します！ #パスタ #レシピ #簡単レシピ #shorts,https://www.youtube.com/watch?v=jHHTea5D98M,ok,needs_review,true,0.82,洋食,0.76,麺,1.00,麺料理,1.00,その他,0.98,ややガッツリ,0.89,温かい,1.00,15〜30分,0.99,false,0.65,true,0.96,false,0.52,false,0.92,uses_knife_tag;uses_frying_pan,2592,"{""core"": {""dish_shape"": {""choice"": ""noodle"", ""confidence"": 1.0, ""probabilities"": {""bowl"": 0.0, ""bread"": 0.0, ""main"": 0.0, ""noodle"": 1.0, ""other"": 0.0, ""rice_other"": 0.0, ""stew"": 0.0}, ""type"": ""choice""}, ""genre"": {""choice"": ""yoshoku"", ""confidence"": 0.76, ""probabilities"": {""chuka"": 0.0, ""korean"": 0.0, ""other"": 0.01, ""washoku"": 0.18, ""yoshoku"": 0.81}, ""type"": ""choice""}, ""is_single_recipe"": {""noul"": 0.82, ""type"": ""noul""}, ""main_ingredient"": {""choice"": ""other"", ""confidence"": 0.98, ""probabilities"": {""egg"": 0.0, ""fish"": 0.01, ""meat"": 0.0, ""other"": 0.98, ""soy"": 0.01, ""vegetable"": 0.0}, ""type"": ""choice""}, ""staple"": {""choice"": ""noodle"", ""confidence"": 1.0, ""probabilities"": {""bread"": 0.0, ""noodle"": 1.0, ""other"": 0.0, ""rice"": 0.0}, ""type"": ""choice""}, ""taste_tag"": {""choice"": ""semi_rich"", ""confidence"": 0.89, ""probabilities"": {""light"": 0.01, ""rich"": 0.0, ""semi_light"": 0.07, ""semi_rich"": 0.92}, ""type"": ""choice""}}, ""workload"": {""temperature_tag"": {""choice"": ""warm"", ""confidence"": 1.0, ""probabilities"": {""cold"": 0.0, ""warm"": 1.0}, ""type"": ""choice""}, ""time_tag"": {""choice"": ""min_15_30"", ""confidence"": 0.99, ""probabilities"": {""min_15_30"": 0.99, ""over_30"": 0.0, ""within_15"": 0.01}, ""type"": ""choice""}, ""uses_frying_pan"": {""noul"": 0.48, ""type"": ""noul""}, ""uses_heat_tag"": {""noul"": 0.96, ""type"": ""noul""}, ""uses_knife_tag"": {""noul"": 0.35, ""type"": ""noul""}, ""uses_microwave"": {""noul"": 0.08, ""type"": ""noul""}}}",
66nPAvqtNtw,思い立ったらすぐ作れる！ケチャップで簡単コク旨！おうちナポリタンの作り方,https://www.youtube.com/watch?v=66nPAvqtNtw,ok,needs_review,true,0.95,洋食,1.00,麺,1.00,麺料理,1.00,その他,0.93,ややガッツリ,0.35,温かい,1.00,15〜30分,0.86,true,0.83,true,0.98,true,0.89,false,0.97,taste_tag,4982,"{""core"": {""dish_shape"": {""choice"": ""noodle"", ""confidence"": 1.0, ""probabilities"": {""bowl"": 0.0, ""bread"": 0.0, ""main"": 0.0, ""noodle"": 1.0, ""other"": 0.0, ""rice_other"": 0.0, ""stew"": 0.0}, ""type"": ""choice""}, ""genre"": {""choice"": ""yoshoku"", ""confidence"": 1.0, ""probabilities"": {""chuka"": 0.0, ""korean"": 0.0, ""other"": 0.0, ""washoku"": 0.0, ""yoshoku"": 1.0}, ""type"": ""choice""}, ""is_single_recipe"": {""noul"": 0.95, ""type"": ""noul""}, ""main_ingredient"": {""choice"": ""other"", ""confidence"": 0.93, ""probabilities"": {""egg"": 0.0, ""fish"": 0.0, ""meat"": 0.05, ""other"": 0.95, ""soy"": 0.0, ""vegetable"": 0.0}, ""type"": ""choice""}, ""staple"": {""choice"": ""noodle"", ""confidence"": 1.0, ""probabilities"": {""bread"": 0.0, ""noodle"": 1.0, ""other"": 0.0, ""rice"": 0.0}, ""type"": ""choice""}, ""taste_tag"": {""choice"": ""semi_rich"", ""confidence"": 0.35, ""probabilities"": {""light"": 0.0, ""rich"": 0.49, ""semi_light"": 0.0, ""semi_rich"": 0.51}, ""type"": ""choice""}}, ""workload"": {""temperature_tag"": {""choice"": ""warm"", ""confidence"": 1.0, ""probabilities"": {""cold"": 0.0, ""warm"": 1.0}, ""type"": ""choice""}, ""time_tag"": {""choice"": ""min_15_30"", ""confidence"": 0.86, ""probabilities"": {""min_15_30"": 0.91, ""over_30"": 0.03, ""within_15"": 0.06}, ""type"": ""choice""}, ""uses_frying_pan"": {""noul"": 0.89, ""type"": ""noul""}, ""uses_heat_tag"": {""noul"": 0.98, ""type"": ""noul""}, ""uses_knife_tag"": {""noul"": 0.83, ""type"": ""noul""}, ""uses_microwave"": {""noul"": 0.03, ""type"": ""noul""}}}",
WtYKXdKE0HA,リアル・イカスミパスタ #shorts #pastarecipe,https://www.youtube.com/watch?v=WtYKXdKE0HA,ok,needs_review,true,0.83,洋食,1.00,麺,1.00,麺料理,1.00,魚,0.94,ややガッツリ,0.85,温かい,1.00,15〜30分,0.99,true,0.53,true,0.97,false,0.62,false,0.96,uses_knife_tag;uses_frying_pan,2924,"{""core"": {""dish_shape"": {""choice"": ""noodle"", ""confidence"": 1.0, ""probabilities"": {""bowl"": 0.0, ""bread"": 0.0, ""main"": 0.0, ""noodle"": 1.0, ""other"": 0.0, ""rice_other"": 0.0, ""stew"": 0.0}, ""type"": ""choice""}, ""genre"": {""choice"": ""yoshoku"", ""confidence"": 1.0, ""probabilities"": {""chuka"": 0.0, ""korean"": 0.0, ""other"": 0.0, ""washoku"": 0.0, ""yoshoku"": 1.0}, ""type"": ""choice""}, ""is_single_recipe"": {""noul"": 0.83, ""type"": ""noul""}, ""main_ingredient"": {""choice"": ""fish"", ""confidence"": 0.94, ""probabilities"": {""egg"": 0.0, ""fish"": 0.95, ""meat"": 0.0, ""other"": 0.05, ""soy"": 0.0, ""vegetable"": 0.0}, ""type"": ""choice""}, ""staple"": {""choice"": ""noodle"", ""confidence"": 1.0, ""probabilities"": {""bread"": 0.0, ""noodle"": 1.0, ""other"": 0.0, ""rice"": 0.0}, ""type"": ""choice""}, ""taste_tag"": {""choice"": ""semi_rich"", ""confidence"": 0.85, ""probabilities"": {""light"": 0.0, ""rich"": 0.1, ""semi_light"": 0.01, ""semi_rich"": 0.89}, ""type"": ""choice""}}, ""workload"": {""temperature_tag"": {""choice"": ""warm"", ""confidence"": 1.0, ""probabilities"": {""cold"": 0.0, ""warm"": 1.0}, ""type"": ""choice""}, ""time_tag"": {""choice"": ""min_15_30"", ""confidence"": 0.99, ""probabilities"": {""min_15_30"": 1.0, ""over_30"": 0.0, ""within_15"": 0.0}, ""type"": ""choice""}, ""uses_frying_pan"": {""noul"": 0.38, ""type"": ""noul""}, ""uses_heat_tag"": {""noul"": 0.97, ""type"": ""noul""}, ""uses_knife_tag"": {""noul"": 0.53, ""type"": ""noul""}, ""uses_microwave"": {""noul"": 0.04, ""type"": ""noul""}}}",
HFmJoVKbdkM,スーパーフード舞茸の紹介とパスタのレシピ、その効能と#パスタ #レシピ #pasta,https://www.youtube.com/watch?v=HFmJoVKbdkM,ok,needs_review,true,0.74,洋食,1.00,麺,1.00,麺料理,1.00,野菜中心,0.71,ややガッツリ,0.89,温かい,1.00,15〜30分,1.00,true,0.58,true,0.95,false,0.66,false,0.93,is_single_recipe;main_ingredient;uses_knife_tag;uses_frying_pan,2570,"{""core"": {""dish_shape"": {""choice"": ""noodle"", ""confidence"": 1.0, ""probabilities"": {""bowl"": 0.0, ""bread"": 0.0, ""main"": 0.0, ""noodle"": 1.0, ""other"": 0.0, ""rice_other"": 0.0, ""stew"": 0.0}, ""type"": ""choice""}, ""genre"": {""choice"": ""yoshoku"", ""confidence"": 1.0, ""probabilities"": {""chuka"": 0.0, ""korean"": 0.0, ""other"": 0.0, ""washoku"": 0.0, ""yoshoku"": 1.0}, ""type"": ""choice""}, ""is_single_recipe"": {""noul"": 0.74, ""type"": ""noul""}, ""main_ingredient"": {""choice"": ""vegetable"", ""confidence"": 0.71, ""probabilities"": {""egg"": 0.0, ""fish"": 0.0, ""meat"": 0.0, ""other"": 0.24, ""soy"": 0.0, ""vegetable"": 0.76}, ""type"": ""choice""}, ""staple"": {""choice"": ""noodle"", ""confidence"": 1.0, ""probabilities"": {""bread"": 0.0, ""noodle"": 1.0, ""other"": 0.0, ""rice"": 0.0}, ""type"": ""choice""}, ""taste_tag"": {""choice"": ""semi_rich"", ""confidence"": 0.89, ""probabilities"": {""light"": 0.0, ""rich"": 0.0, ""semi_light"": 0.08, ""semi_rich"": 0.92}, ""type"": ""choice""}}, ""workload"": {""temperature_tag"": {""choice"": ""warm"", ""confidence"": 1.0, ""probabilities"": {""cold"": 0.0, ""warm"": 1.0}, ""type"": ""choice""}, ""time_tag"": {""choice"": ""min_15_30"", ""confidence"": 1.0, ""probabilities"": {""min_15_30"": 1.0, ""over_30"": 0.0, ""within_15"": 0.0}, ""type"": ""choice""}, ""uses_frying_pan"": {""noul"": 0.34, ""type"": ""noul""}, ""uses_heat_tag"": {""noul"": 0.95, ""type"": ""noul""}, ""uses_knife_tag"": {""noul"": 0.58, ""type"": ""noul""}, ""uses_microwave"": {""noul"": 0.07, ""type"": ""noul""}}}",
sqwy8_OEfwQ,バジルあったら作ってみて【バジルのパスタ】 #recipe #簡単レシピ #パスタ #料理 #おうちごはん #パスタレシピ #バジル #レシピ #レシピ動画 #shorts,https://www.youtube.com/watch?v=sqwy8_OEfwQ,ok,needs_review,true,0.93,洋食,1.00,麺,1.00,麺料理,1.00,野菜中心,0.64,ややガッツリ,0.95,温かい,0.99,15分以内,0.99,true,0.52,true,0.98,false,0.87,false,0.97,main_ingredient;uses_knife_tag,3614,"{""core"": {""dish_shape"": {""choice"": ""noodle"", ""confidence"": 1.0, ""probabilities"": {""bowl"": 0.0, ""bread"": 0.0, ""main"": 0.0, ""noodle"": 1.0, ""other"": 0.0, ""rice_other"": 0.0, ""stew"": 0.0}, ""type"": ""choice""}, ""genre"": {""choice"": ""yoshoku"", ""confidence"": 1.0, ""probabilities"": {""chuka"": 0.0, ""korean"": 0.0, ""other"": 0.0, ""washoku"": 0.0, ""yoshoku"": 1.0}, ""type"": ""choice""}, ""is_single_recipe"": {""noul"": 0.93, ""type"": ""noul""}, ""main_ingredient"": {""choice"": ""vegetable"", ""confidence"": 0.64, ""probabilities"": {""egg"": 0.0, ""fish"": 0.0, ""meat"": 0.0, ""other"": 0.3, ""soy"": 0.0, ""vegetable"": 0.7}, ""type"": ""choice""}, ""staple"": {""choice"": ""noodle"", ""confidence"": 1.0, ""probabilities"": {""bread"": 0.0, ""noodle"": 1.0, ""other"": 0.0, ""rice"": 0.0}, ""type"": ""choice""}, ""taste_tag"": {""choice"": ""semi_rich"", ""confidence"": 0.95, ""probabilities"": {""light"": 0.01, ""rich"": 0.0, ""semi_light"": 0.02, ""semi_rich"": 0.97}, ""type"": ""choice""}}, ""workload"": {""temperature_tag"": {""choice"": ""warm"", ""confidence"": 0.99, ""probabilities"": {""cold"": 0.0, ""warm"": 1.0}, ""type"": ""choice""}, ""time_tag"": {""choice"": ""within_15"", ""confidence"": 0.99, ""probabilities"": {""min_15_30"": 0.01, ""over_30"": 0.0, ""within_15"": 0.99}, ""type"": ""choice""}, ""uses_frying_pan"": {""noul"": 0.13, ""type"": ""noul""}, ""uses_heat_tag"": {""noul"": 0.98, ""type"": ""noul""}, ""uses_knife_tag"": {""noul"": 0.52, ""type"": ""noul""}, ""uses_microwave"": {""noul"": 0.03, ""type"": ""noul""}}}",
rcXWA-lbS5Q,【100万回再生人気レシピ！】お店のパスタに！シンプルだけど最高に美味しい！コウケンテツ渾身のペペロンチーノの作り方,https://www.youtube.com/watch?v=rcXWA-lbS5Q,ok,ai_tagged,true,0.94,洋食,1.00,麺,1.00,麺料理,1.00,その他,0.95,ややガッツリ,0.96,温かい,1.00,15〜30分,0.98,true,0.92,true,0.99,true,0.79,false,0.97,,4860,"{""core"": {""dish_shape"": {""choice"": ""noodle"", ""confidence"": 1.0, ""probabilities"": {""bowl"": 0.0, ""bread"": 0.0, ""main"": 0.0, ""noodle"": 1.0, ""other"": 0.0, ""rice_other"": 0.0, ""stew"": 0.0}, ""type"": ""choice""}, ""genre"": {""choice"": ""yoshoku"", ""confidence"": 1.0, ""probabilities"": {""chuka"": 0.0, ""korean"": 0.0, ""other"": 0.0, ""washoku"": 0.0, ""yoshoku"": 1.0}, ""type"": ""choice""}, ""is_single_recipe"": {""noul"": 0.94, ""type"": ""noul""}, ""main_ingredient"": {""choice"": ""other"", ""confidence"": 0.95, ""probabilities"": {""egg"": 0.0, ""fish"": 0.0, ""meat"": 0.0, ""other"": 0.96, ""soy"": 0.0, ""vegetable"": 0.04}, ""type"": ""choice""}, ""staple"": {""choice"": ""noodle"", ""confidence"": 1.0, ""probabilities"": {""bread"": 0.0, ""noodle"": 1.0, ""other"": 0.0, ""rice"": 0.0}, ""type"": ""choice""}, ""taste_tag"": {""choice"": ""semi_rich"", ""confidence"": 0.96, ""probabilities"": {""light"": 0.0, ""rich"": 0.03, ""semi_light"": 0.01, ""semi_rich"": 0.96}, ""type"": ""choice""}}, ""workload"": {""temperature_tag"": {""choice"": ""warm"", ""confidence"": 1.0, ""probabilities"": {""cold"": 0.0, ""warm"": 1.0}, ""type"": ""choice""}, ""time_tag"": {""choice"": ""min_15_30"", ""confidence"": 0.98, ""probabilities"": {""min_15_30"": 0.99, ""over_30"": 0.0, ""within_15"": 0.01}, ""type"": ""choice""}, ""uses_frying_pan"": {""noul"": 0.79, ""type"": ""noul""}, ""uses_heat_tag"": {""noul"": 0.99, ""type"": ""noul""}, ""uses_knife_tag"": {""noul"": 0.92, ""type"": ""noul""}, ""uses_microwave"": {""noul"": 0.03, ""type"": ""noul""}}}",
c6b_PxkuxsE,フライパンひとつで簡単！ケチャたまパスタ！ フルはチャンネルから！#料理 #おうちごはん #簡単レシピ #料理動画 #食テロ #gofood #パスタ #Shorts,https://www.youtube.com/watch?v=c6b_PxkuxsE,ok,needs_review,true,0.83,洋食,1.00,麺,1.00,麺料理,1.00,その他,0.79,ややガッツリ,0.92,温かい,1.00,15〜30分,0.99,false,0.62,true,0.98,true,0.97,false,0.95,uses_knife_tag,2762,"{""core"": {""dish_shape"": {""choice"": ""noodle"", ""confidence"": 1.0, ""probabilities"": {""bowl"": 0.0, ""bread"": 0.0, ""main"": 0.0, ""noodle"": 1.0, ""other"": 0.0, ""rice_other"": 0.0, ""stew"": 0.0}, ""type"": ""choice""}, ""genre"": {""choice"": ""yoshoku"", ""confidence"": 1.0, ""probabilities"": {""chuka"": 0.0, ""korean"": 0.0, ""other"": 0.0, ""washoku"": 0.0, ""yoshoku"": 1.0}, ""type"": ""choice""}, ""is_single_recipe"": {""noul"": 0.83, ""type"": ""noul""}, ""main_ingredient"": {""choice"": ""other"", ""confidence"": 0.79, ""probabilities"": {""egg"": 0.14, ""fish"": 0.01, ""meat"": 0.02, ""other"": 0.83, ""soy"": 0.0, ""vegetable"": 0.0}, ""type"": ""choice""}, ""staple"": {""choice"": ""noodle"", ""confidence"": 1.0, ""probabilities"": {""bread"": 0.0, ""noodle"": 1.0, ""other"": 0.0, ""rice"": 0.0}, ""type"": ""choice""}, ""taste_tag"": {""choice"": ""semi_rich"", ""confidence"": 0.92, ""probabilities"": {""light"": 0.0, ""rich"": 0.06, ""semi_light"": 0.0, ""semi_rich"": 0.94}, ""type"": ""choice""}}, ""workload"": {""temperature_tag"": {""choice"": ""warm"", ""confidence"": 1.0, ""probabilities"": {""cold"": 0.0, ""warm"": 1.0}, ""type"": ""choice""}, ""time_tag"": {""choice"": ""min_15_30"", ""confidence"": 0.99, ""probabilities"": {""min_15_30"": 0.99, ""over_30"": 0.0, ""within_15"": 0.01}, ""type"": ""choice""}, ""uses_frying_pan"": {""noul"": 0.97, ""type"": ""noul""}, ""uses_heat_tag"": {""noul"": 0.98, ""type"": ""noul""}, ""uses_knife_tag"": {""noul"": 0.38, ""type"": ""noul""}, ""uses_microwave"": {""noul"": 0.05, ""type"": ""noul""}}}",
RTWfdp-SFMI,レンジで簡単❗クリームパスタ #shorts,https://www.youtube.com/watch?v=RTWfdp-SFMI,ok,needs_review,true,0.95,洋食,1.00,麺,1.00,麺料理,1.00,その他,1.00,ガッツリ,0.42,温かい,1.00,15分以内,0.99,false,0.81,true,0.99,false,0.94,true,0.99,taste_tag,3198,"{""core"": {""dish_shape"": {""choice"": ""noodle"", ""confidence"": 1.0, ""probabilities"": {""bowl"": 0.0, ""bread"": 0.0, ""main"": 0.0, ""noodle"": 1.0, ""other"": 0.0, ""rice_other"": 0.0, ""stew"": 0.0}, ""type"": ""choice""}, ""genre"": {""choice"": ""yoshoku"", ""confidence"": 1.0, ""probabilities"": {""chuka"": 0.0, ""korean"": 0.0, ""other"": 0.0, ""washoku"": 0.0, ""yoshoku"": 1.0}, ""type"": ""choice""}, ""is_single_recipe"": {""noul"": 0.95, ""type"": ""noul""}, ""main_ingredient"": {""choice"": ""other"", ""confidence"": 1.0, ""probabilities"": {""egg"": 0.0, ""fish"": 0.0, ""meat"": 0.0, ""other"": 1.0, ""soy"": 0.0, ""vegetable"": 0.0}, ""type"": ""choice""}, ""staple"": {""choice"": ""noodle"", ""confidence"": 1.0, ""probabilities"": {""bread"": 0.0, ""noodle"": 1.0, ""other"": 0.0, ""rice"": 0.0}, ""type"": ""choice""}, ""taste_tag"": {""choice"": ""rich"", ""confidence"": 0.42, ""probabilities"": {""light"": 0.0, ""rich"": 0.56, ""semi_light"": 0.0, ""semi_rich"": 0.44}, ""type"": ""choice""}}, ""workload"": {""temperature_tag"": {""choice"": ""warm"", ""confidence"": 1.0, ""probabilities"": {""cold"": 0.0, ""warm"": 1.0}, ""type"": ""choice""}, ""time_tag"": {""choice"": ""within_15"", ""confidence"": 0.99, ""probabilities"": {""min_15_30"": 0.01, ""over_30"": 0.0, ""within_15"": 0.99}, ""type"": ""choice""}, ""uses_frying_pan"": {""noul"": 0.06, ""type"": ""noul""}, ""uses_heat_tag"": {""noul"": 0.99, ""type"": ""noul""}, ""uses_knife_tag"": {""noul"": 0.19, ""type"": ""noul""}, ""uses_microwave"": {""noul"": 0.99, ""type"": ""noul""}}}",
AG66nlV4Lio,イタリア親父が効率厨のパスタ料理を見た結果,https://www.youtube.com/watch?v=AG66nlV4Lio,ok,needs_review,false,0.53,洋食,1.00,麺,1.00,麺料理,1.00,その他,0.99,ややガッツリ,0.98,温かい,1.00,15〜30分,0.98,false,0.65,true,0.96,false,0.65,false,0.95,is_single_recipe;uses_knife_tag;uses_frying_pan,2632,"{""core"": {""dish_shape"": {""choice"": ""noodle"", ""confidence"": 1.0, ""probabilities"": {""bowl"": 0.0, ""bread"": 0.0, ""main"": 0.0, ""noodle"": 1.0, ""other"": 0.0, ""rice_other"": 0.0, ""stew"": 0.0}, ""type"": ""choice""}, ""genre"": {""choice"": ""yoshoku"", ""confidence"": 1.0, ""probabilities"": {""chuka"": 0.0, ""korean"": 0.0, ""other"": 0.0, ""washoku"": 0.0, ""yoshoku"": 1.0}, ""type"": ""choice""}, ""is_single_recipe"": {""noul"": 0.47, ""type"": ""noul""}, ""main_ingredient"": {""choice"": ""other"", ""confidence"": 0.99, ""probabilities"": {""egg"": 0.0, ""fish"": 0.0, ""meat"": 0.0, ""other"": 1.0, ""soy"": 0.0, ""vegetable"": 0.0}, ""type"": ""choice""}, ""staple"": {""choice"": ""noodle"", ""confidence"": 1.0, ""probabilities"": {""bread"": 0.0, ""noodle"": 1.0, ""other"": 0.0, ""rice"": 0.0}, ""type"": ""choice""}, ""taste_tag"": {""choice"": ""semi_rich"", ""confidence"": 0.98, ""probabilities"": {""light"": 0.0, ""rich"": 0.01, ""semi_light"": 0.0, ""semi_rich"": 0.99}, ""type"": ""choice""}}, ""workload"": {""temperature_tag"": {""choice"": ""warm"", ""confidence"": 1.0, ""probabilities"": {""cold"": 0.0, ""warm"": 1.0}, ""type"": ""choice""}, ""time_tag"": {""choice"": ""min_15_30"", ""confidence"": 0.98, ""probabilities"": {""min_15_30"": 0.99, ""over_30"": 0.0, ""within_15"": 0.01}, ""type"": ""choice""}, ""uses_frying_pan"": {""noul"": 0.35, ""type"": ""noul""}, ""uses_heat_tag"": {""noul"": 0.96, ""type"": ""noul""}, ""uses_knife_tag"": {""noul"": 0.35, ""type"": ""noul""}, ""uses_microwave"": {""noul"": 0.05, ""type"": ""noul""}}}",
TKclm3XDHA0,喫茶店で食べた思い出の味！笠原流【昭和のナポリタン】,https://www.youtube.com/watch?v=TKclm3XDHA0,ok,needs_review,true,0.94,洋食,1.00,麺,1.00,麺料理,1.00,その他,0.97,ややガッツリ,0.91,温かい,1.00,15分以内,0.25,true,0.97,true,0.99,true,0.99,false,0.97,time_tag,4384,"{""core"": {""dish_shape"": {""choice"": ""noodle"", ""confidence"": 1.0, ""probabilities"": {""bowl"": 0.0, ""bread"": 0.0, ""main"": 0.0, ""noodle"": 1.0, ""other"": 0.0, ""rice_other"": 0.0, ""stew"": 0.0}, ""type"": ""choice""}, ""genre"": {""choice"": ""yoshoku"", ""confidence"": 1.0, ""probabilities"": {""chuka"": 0.0, ""korean"": 0.0, ""other"": 0.0, ""washoku"": 0.0, ""yoshoku"": 1.0}, ""type"": ""choice""}, ""is_single_recipe"": {""noul"": 0.94, ""type"": ""noul""}, ""main_ingredient"": {""choice"": ""other"", ""confidence"": 0.97, ""probabilities"": {""egg"": 0.0, ""fish"": 0.0, ""meat"": 0.01, ""other"": 0.98, ""soy"": 0.0, ""vegetable"": 0.01}, ""type"": ""choice""}, ""staple"": {""choice"": ""noodle"", ""confidence"": 1.0, ""probabilities"": {""bread"": 0.0, ""noodle"": 1.0, ""other"": 0.0, ""rice"": 0.0}, ""type"": ""choice""}, ""taste_tag"": {""choice"": ""semi_rich"", ""confidence"": 0.91, ""probabilities"": {""light"": 0.0, ""rich"": 0.07, ""semi_light"": 0.0, ""semi_rich"": 0.93}, ""type"": ""choice""}}, ""workload"": {""temperature_tag"": {""choice"": ""warm"", ""confidence"": 1.0, ""probabilities"": {""cold"": 0.0, ""warm"": 1.0}, ""type"": ""choice""}, ""time_tag"": {""choice"": ""within_15"", ""confidence"": 0.25, ""probabilities"": {""min_15_30"": 0.48, ""over_30"": 0.02, ""within_15"": 0.5}, ""type"": ""choice""}, ""uses_frying_pan"": {""noul"": 0.99, ""type"": ""noul""}, ""uses_heat_tag"": {""noul"": 0.99, ""type"": ""noul""}, ""uses_knife_tag"": {""noul"": 0.97, ""type"": ""noul""}, ""uses_microwave"": {""noul"": 0.03, ""type"": ""noul""}}}",
ncdv3oT-krE,【調味料2つ】レンチンパスタ🍝#簡単レシピ #pasta,https://www.youtube.com/watch?v=ncdv3oT-krE,ok,ai_tagged,true,0.84,洋食,1.00,麺,1.00,麺料理,1.00,その他,1.00,ややガッツリ,0.97,温かい,1.00,15〜30分,0.82,false,0.85,true,0.98,false,0.92,true,0.97,,2546,"{""core"": {""dish_shape"": {""choice"": ""noodle"", ""confidence"": 1.0, ""probabilities"": {""bowl"": 0.0, ""bread"": 0.0, ""main"": 0.0, ""noodle"": 1.0, ""other"": 0.0, ""rice_other"": 0.0, ""stew"": 0.0}, ""type"": ""choice""}, ""genre"": {""choice"": ""yoshoku"", ""confidence"": 1.0, ""probabilities"": {""chuka"": 0.0, ""korean"": 0.0, ""other"": 0.0, ""washoku"": 0.0, ""yoshoku"": 1.0}, ""type"": ""choice""}, ""is_single_recipe"": {""noul"": 0.84, ""type"": ""noul""}, ""main_ingredient"": {""choice"": ""other"", ""confidence"": 1.0, ""probabilities"": {""egg"": 0.0, ""fish"": 0.0, ""meat"": 0.0, ""other"": 1.0, ""soy"": 0.0, ""vegetable"": 0.0}, ""type"": ""choice""}, ""staple"": {""choice"": ""noodle"", ""confidence"": 1.0, ""probabilities"": {""bread"": 0.0, ""noodle"": 1.0, ""other"": 0.0, ""rice"": 0.0}, ""type"": ""choice""}, ""taste_tag"": {""choice"": ""semi_rich"", ""confidence"": 0.97, ""probabilities"": {""light"": 0.01, ""rich"": 0.0, ""semi_light"": 0.01, ""semi_rich"": 0.98}, ""type"": ""choice""}}, ""workload"": {""temperature_tag"": {""choice"": ""warm"", ""confidence"": 1.0, ""probabilities"": {""cold"": 0.0, ""warm"": 1.0}, ""type"": ""choice""}, ""time_tag"": {""choice"": ""min_15_30"", ""confidence"": 0.82, ""probabilities"": {""min_15_30"": 0.88, ""over_30"": 0.0, ""within_15"": 0.12}, ""type"": ""choice""}, ""uses_frying_pan"": {""noul"": 0.08, ""type"": ""noul""}, ""uses_heat_tag"": {""noul"": 0.98, ""type"": ""noul""}, ""uses_knife_tag"": {""noul"": 0.15, ""type"": ""noul""}, ""uses_microwave"": {""noul"": 0.97, ""type"": ""noul""}}}",
XQpES5L6sbQ,イタリア人に教わったパスタ【カッチョエペペ】#shorts,https://www.youtube.com/watch?v=XQpES5L6sbQ,ok,needs_review,true,0.86,洋食,1.00,麺,1.00,麺料理,1.00,その他,0.93,ガッツリ,0.93,温かい,1.00,15〜30分,0.91,false,0.68,true,0.98,true,0.54,false,0.97,uses_knife_tag;uses_frying_pan,2912,"{""core"": {""dish_shape"": {""choice"": ""noodle"", ""confidence"": 1.0, ""probabilities"": {""bowl"": 0.0, ""bread"": 0.0, ""main"": 0.0, ""noodle"": 1.0, ""other"": 0.0, ""rice_other"": 0.0, ""stew"": 0.0}, ""type"": ""choice""}, ""genre"": {""choice"": ""yoshoku"", ""confidence"": 1.0, ""probabilities"": {""chuka"": 0.0, ""korean"": 0.0, ""other"": 0.0, ""washoku"": 0.0, ""yoshoku"": 1.0}, ""type"": ""choice""}, ""is_single_recipe"": {""noul"": 0.86, ""type"": ""noul""}, ""main_ingredient"": {""choice"": ""other"", ""confidence"": 0.93, ""probabilities"": {""egg"": 0.0, ""fish"": 0.06, ""meat"": 0.0, ""other"": 0.94, ""soy"": 0.0, ""vegetable"": 0.0}, ""type"": ""choice""}, ""staple"": {""choice"": ""noodle"", ""confidence"": 1.0, ""probabilities"": {""bread"": 0.0, ""noodle"": 1.0, ""other"": 0.0, ""rice"": 0.0}, ""type"": ""choice""}, ""taste_tag"": {""choice"": ""rich"", ""confidence"": 0.93, ""probabilities"": {""light"": 0.0, ""rich"": 0.95, ""semi_light"": 0.0, ""semi_rich"": 0.05}, ""type"": ""choice""}}, ""workload"": {""temperature_tag"": {""choice"": ""warm"", ""confidence"": 1.0, ""probabilities"": {""cold"": 0.0, ""warm"": 1.0}, ""type"": ""choice""}, ""time_tag"": {""choice"": ""min_15_30"", ""confidence"": 0.91, ""probabilities"": {""min_15_30"": 0.94, ""over_30"": 0.0, ""within_15"": 0.06}, ""type"": ""choice""}, ""uses_frying_pan"": {""noul"": 0.54, ""type"": ""noul""}, ""uses_heat_tag"": {""noul"": 0.98, ""type"": ""noul""}, ""uses_knife_tag"": {""noul"": 0.32, ""type"": ""noul""}, ""uses_microwave"": {""noul"": 0.03, ""type"": ""noul""}}}",
MphLsTnVg78,お店で食べるような［クリームパスタ］をご家庭でも簡単に作れるようにレシピにしてみました。,https://www.youtube.com/watch?v=MphLsTnVg78,ok,ai_tagged,true,0.93,洋食,1.00,麺,1.00,麺料理,1.00,その他,0.99,ガッツリ,0.92,温かい,1.00,15分以内,0.78,true,0.87,true,0.99,true,0.97,false,0.97,,4344,"{""core"": {""dish_shape"": {""choice"": ""noodle"", ""confidence"": 1.0, ""probabilities"": {""bowl"": 0.0, ""bread"": 0.0, ""main"": 0.0, ""noodle"": 1.0, ""other"": 0.0, ""rice_other"": 0.0, ""stew"": 0.0}, ""type"": ""choice""}, ""genre"": {""choice"": ""yoshoku"", ""confidence"": 1.0, ""probabilities"": {""chuka"": 0.0, ""korean"": 0.0, ""other"": 0.0, ""washoku"": 0.0, ""yoshoku"": 1.0}, ""type"": ""choice""}, ""is_single_recipe"": {""noul"": 0.93, ""type"": ""noul""}, ""main_ingredient"": {""choice"": ""other"", ""confidence"": 0.99, ""probabilities"": {""egg"": 0.0, ""fish"": 0.0, ""meat"": 0.01, ""other"": 0.99, ""soy"": 0.0, ""vegetable"": 0.0}, ""type"": ""choice""}, ""staple"": {""choice"": ""noodle"", ""confidence"": 1.0, ""probabilities"": {""bread"": 0.0, ""noodle"": 1.0, ""other"": 0.0, ""rice"": 0.0}, ""type"": ""choice""}, ""taste_tag"": {""choice"": ""rich"", ""confidence"": 0.92, ""probabilities"": {""light"": 0.0, ""rich"": 0.94, ""semi_light"": 0.0, ""semi_rich"": 0.06}, ""type"": ""choice""}}, ""workload"": {""temperature_tag"": {""choice"": ""warm"", ""confidence"": 1.0, ""probabilities"": {""cold"": 0.0, ""warm"": 1.0}, ""type"": ""choice""}, ""time_tag"": {""choice"": ""within_15"", ""confidence"": 0.78, ""probabilities"": {""min_15_30"": 0.15, ""over_30"": 0.0, ""within_15"": 0.85}, ""type"": ""choice""}, ""uses_frying_pan"": {""noul"": 0.97, ""type"": ""noul""}, ""uses_heat_tag"": {""noul"": 0.99, ""type"": ""noul""}, ""uses_knife_tag"": {""noul"": 0.87, ""type"": ""noul""}, ""uses_microwave"": {""noul"": 0.03, ""type"": ""noul""}}}",
Nz79UMbUCAo,うめえ！！ボールごとくれ！！と叫ばれるほど旨い、塩が決め手の【至高を越えたスパサラ】#shorts #リュウジ #料理,https://www.youtube.com/watch?v=Nz79UMbUCAo,ok,needs_review,true,0.67,洋食,0.99,麺,1.00,麺料理,0.98,その他,0.95,ややガッツリ,0.67,温かい,1.00,15〜30分,0.96,false,0.67,true,0.96,true,0.92,true,0.65,is_single_recipe;taste_tag;uses_knife_tag;uses_microwave,4700,"{""core"": {""dish_shape"": {""choice"": ""noodle"", ""confidence"": 0.98, ""probabilities"": {""bowl"": 0.0, ""bread"": 0.0, ""main"": 0.0, ""noodle"": 0.99, ""other"": 0.01, ""rice_other"": 0.0, ""stew"": 0.0}, ""type"": ""choice""}, ""genre"": {""choice"": ""yoshoku"", ""confidence"": 0.99, ""probabilities"": {""chuka"": 0.0, ""korean"": 0.0, ""other"": 0.0, ""washoku"": 0.0, ""yoshoku"": 1.0}, ""type"": ""choice""}, ""is_single_recipe"": {""noul"": 0.67, ""type"": ""noul""}, ""main_ingredient"": {""choice"": ""other"", ""confidence"": 0.95, ""probabilities"": {""egg"": 0.0, ""fish"": 0.03, ""meat"": 0.01, ""other"": 0.96, ""soy"": 0.0, ""vegetable"": 0.0}, ""type"": ""choice""}, ""staple"": {""choice"": ""noodle"", ""confidence"": 1.0, ""probabilities"": {""bread"": 0.0, ""noodle"": 1.0, ""other"": 0.0, ""rice"": 0.0}, ""type"": ""choice""}, ""taste_tag"": {""choice"": ""semi_rich"", ""confidence"": 0.67, ""probabilities"": {""light"": 0.0, ""rich"": 0.25, ""semi_light"": 0.0, ""semi_rich"": 0.75}, ""type"": ""choice""}}, ""workload"": {""temperature_tag"": {""choice"": ""warm"", ""confidence"": 1.0, ""probabilities"": {""cold"": 0.0, ""warm"": 1.0}, ""type"": ""choice""}, ""time_tag"": {""choice"": ""min_15_30"", ""confidence"": 0.96, ""probabilities"": {""min_15_30"": 0.98, ""over_30"": 0.0, ""within_15"": 0.02}, ""type"": ""choice""}, ""uses_frying_pan"": {""noul"": 0.92, ""type"": ""noul""}, ""uses_heat_tag"": {""noul"": 0.96, ""type"": ""noul""}, ""uses_knife_tag"": {""noul"": 0.33, ""type"": ""noul""}, ""uses_microwave"": {""noul"": 0.65, ""type"": ""noul""}}}",
SbCdFZAudVg,こんな美味い牡蠣のパスタがあるのかと言われたペペロンチーノのレシピ#shorts,https://www.youtube.com/watch?v=SbCdFZAudVg,ok,needs_review,true,0.77,洋食,1.00,麺,1.00,麺料理,1.00,魚,0.96,ややガッツリ,0.83,温かい,1.00,15〜30分,0.99,false,0.56,true,0.97,true,0.70,false,0.95,uses_knife_tag;uses_frying_pan,2560,"{""core"": {""dish_shape"": {""choice"": ""noodle"", ""confidence"": 1.0, ""probabilities"": {""bowl"": 0.0, ""bread"": 0.0, ""main"": 0.0, ""noodle"": 1.0, ""other"": 0.0, ""rice_other"": 0.0, ""stew"": 0.0}, ""type"": ""choice""}, ""genre"": {""choice"": ""yoshoku"", ""confidence"": 1.0, ""probabilities"": {""chuka"": 0.0, ""korean"": 0.0, ""other"": 0.0, ""washoku"": 0.0, ""yoshoku"": 1.0}, ""type"": ""choice""}, ""is_single_recipe"": {""noul"": 0.77, ""type"": ""noul""}, ""main_ingredient"": {""choice"": ""fish"", ""confidence"": 0.96, ""probabilities"": {""egg"": 0.0, ""fish"": 0.97, ""meat"": 0.0, ""other"": 0.03, ""soy"": 0.0, ""vegetable"": 0.0}, ""type"": ""choice""}, ""staple"": {""choice"": ""noodle"", ""confidence"": 1.0, ""probabilities"": {""bread"": 0.0, ""noodle"": 1.0, ""other"": 0.0, ""rice"": 0.0}, ""type"": ""choice""}, ""taste_tag"": {""choice"": ""semi_rich"", ""confidence"": 0.83, ""probabilities"": {""light"": 0.0, ""rich"": 0.09, ""semi_light"": 0.03, ""semi_rich"": 0.88}, ""type"": ""choice""}}, ""workload"": {""temperature_tag"": {""choice"": ""warm"", ""confidence"": 1.0, ""probabilities"": {""cold"": 0.0, ""warm"": 1.0}, ""type"": ""choice""}, ""time_tag"": {""choice"": ""min_15_30"", ""confidence"": 0.99, ""probabilities"": {""min_15_30"": 0.99, ""over_30"": 0.0, ""within_15"": 0.01}, ""type"": ""choice""}, ""uses_frying_pan"": {""noul"": 0.7, ""type"": ""noul""}, ""uses_heat_tag"": {""noul"": 0.97, ""type"": ""noul""}, ""uses_knife_tag"": {""noul"": 0.44, ""type"": ""noul""}, ""uses_microwave"": {""noul"": 0.05, ""type"": ""noul""}}}",
FL1kLYyEtdY,ペペロンチーノの美味しい作り方。#shorts,https://www.youtube.com/watch?v=FL1kLYyEtdY,ok,needs_review,true,0.81,洋食,1.00,麺,1.00,麺料理,1.00,その他,0.91,ややガッツリ,0.96,温かい,1.00,15〜30分,0.98,false,0.53,true,0.97,true,0.69,false,0.95,uses_knife_tag;uses_frying_pan,2526,"{""core"": {""dish_shape"": {""choice"": ""noodle"", ""confidence"": 1.0, ""probabilities"": {""bowl"": 0.0, ""bread"": 0.0, ""main"": 0.0, ""noodle"": 1.0, ""other"": 0.0, ""rice_other"": 0.0, ""stew"": 0.0}, ""type"": ""choice""}, ""genre"": {""choice"": ""yoshoku"", ""confidence"": 1.0, ""probabilities"": {""chuka"": 0.0, ""korean"": 0.0, ""other"": 0.0, ""washoku"": 0.0, ""yoshoku"": 1.0}, ""type"": ""choice""}, ""is_single_recipe"": {""noul"": 0.81, ""type"": ""noul""}, ""main_ingredient"": {""choice"": ""other"", ""confidence"": 0.91, ""probabilities"": {""egg"": 0.0, ""fish"": 0.0, ""meat"": 0.0, ""other"": 0.93, ""soy"": 0.0, ""vegetable"": 0.07}, ""type"": ""choice""}, ""staple"": {""choice"": ""noodle"", ""confidence"": 1.0, ""probabilities"": {""bread"": 0.0, ""noodle"": 1.0, ""other"": 0.0, ""rice"": 0.0}, ""type"": ""choice""}, ""taste_tag"": {""choice"": ""semi_rich"", ""confidence"": 0.96, ""probabilities"": {""light"": 0.0, ""rich"": 0.01, ""semi_light"": 0.02, ""semi_rich"": 0.97}, ""type"": ""choice""}}, ""workload"": {""temperature_tag"": {""choice"": ""warm"", ""confidence"": 1.0, ""probabilities"": {""cold"": 0.0, ""warm"": 1.0}, ""type"": ""choice""}, ""time_tag"": {""choice"": ""min_15_30"", ""confidence"": 0.98, ""probabilities"": {""min_15_30"": 0.99, ""over_30"": 0.0, ""within_15"": 0.01}, ""type"": ""choice""}, ""uses_frying_pan"": {""noul"": 0.69, ""type"": ""noul""}, ""uses_heat_tag"": {""noul"": 0.97, ""type"": ""noul""}, ""uses_knife_tag"": {""noul"": 0.47, ""type"": ""noul""}, ""uses_microwave"": {""noul"": 0.05, ""type"": ""noul""}}}",
sA5ifX0ECEA,和えるだけ和風たらこパスタ⌇パスタの熱で和えるのがおいしさのポイント #料理 #簡単レシピ #管理栄養士 #パスタ #たらこ,https://www.youtube.com/watch?v=sA5ifX0ECEA,ok,needs_review,true,0.87,洋食,0.83,麺,1.00,麺料理,1.00,魚,0.99,ややガッツリ,0.89,温かい,0.82,15分以内,0.94,false,0.71,true,0.87,false,0.53,false,0.93,uses_knife_tag;uses_frying_pan,2600,"{""core"": {""dish_shape"": {""choice"": ""noodle"", ""confidence"": 1.0, ""probabilities"": {""bowl"": 0.0, ""bread"": 0.0, ""main"": 0.0, ""noodle"": 1.0, ""other"": 0.0, ""rice_other"": 0.0, ""stew"": 0.0}, ""type"": ""choice""}, ""genre"": {""choice"": ""yoshoku"", ""confidence"": 0.83, ""probabilities"": {""chuka"": 0.0, ""korean"": 0.0, ""other"": 0.0, ""washoku"": 0.13, ""yoshoku"": 0.87}, ""type"": ""choice""}, ""is_single_recipe"": {""noul"": 0.87, ""type"": ""noul""}, ""main_ingredient"": {""choice"": ""fish"", ""confidence"": 0.99, ""probabilities"": {""egg"": 0.0, ""fish"": 0.99, ""meat"": 0.0, ""other"": 0.01, ""soy"": 0.0, ""vegetable"": 0.0}, ""type"": ""choice""}, ""staple"": {""choice"": ""noodle"", ""confidence"": 1.0, ""probabilities"": {""bread"": 0.0, ""noodle"": 1.0, ""other"": 0.0, ""rice"": 0.0}, ""type"": ""choice""}, ""taste_tag"": {""choice"": ""semi_rich"", ""confidence"": 0.89, ""probabilities"": {""light"": 0.0, ""rich"": 0.07, ""semi_light"": 0.01, ""semi_rich"": 0.92}, ""type"": ""choice""}}, ""workload"": {""temperature_tag"": {""choice"": ""warm"", ""confidence"": 0.82, ""probabilities"": {""cold"": 0.09, ""warm"": 0.91}, ""type"": ""choice""}, ""time_tag"": {""choice"": ""within_15"", ""confidence"": 0.94, ""probabilities"": {""min_15_30"": 0.04, ""over_30"": 0.0, ""within_15"": 0.96}, ""type"": ""choice""}, ""uses_frying_pan"": {""noul"": 0.47, ""type"": ""noul""}, ""uses_heat_tag"": {""noul"": 0.87, ""type"": ""noul""}, ""uses_knife_tag"": {""noul"": 0.29, ""type"": ""noul""}, ""uses_microwave"": {""noul"": 0.07, ""type"": ""noul""}}}",
qib1DsXHa4A,過去にこれほど旨い冷凍うどんの食べ方があっただろうか。究極の油うどん,https://www.youtube.com/watch?v=qib1DsXHa4A,ok,needs_review,true,0.66,和食,0.94,麺,1.00,麺料理,1.00,その他,0.99,ややガッツリ,0.70,冷たい,0.94,15分以内,0.95,true,0.58,true,0.99,false,0.89,true,0.99,is_single_recipe;taste_tag;uses_knife_tag,5268,"{""core"": {""dish_shape"": {""choice"": ""noodle"", ""confidence"": 1.0, ""probabilities"": {""bowl"": 0.0, ""bread"": 0.0, ""main"": 0.0, ""noodle"": 1.0, ""other"": 0.0, ""rice_other"": 0.0, ""stew"": 0.0}, ""type"": ""choice""}, ""genre"": {""choice"": ""washoku"", ""confidence"": 0.94, ""probabilities"": {""chuka"": 0.04, ""korean"": 0.0, ""other"": 0.0, ""washoku"": 0.96, ""yoshoku"": 0.0}, ""type"": ""choice""}, ""is_single_recipe"": {""noul"": 0.66, ""type"": ""noul""}, ""main_ingredient"": {""choice"": ""other"", ""confidence"": 0.99, ""probabilities"": {""egg"": 0.01, ""fish"": 0.0, ""meat"": 0.0, ""other"": 0.99, ""soy"": 0.0, ""vegetable"": 0.0}, ""type"": ""choice""}, ""staple"": {""choice"": ""noodle"", ""confidence"": 1.0, ""probabilities"": {""bread"": 0.0, ""noodle"": 1.0, ""other"": 0.0, ""rice"": 0.0}, ""type"": ""choice""}, ""taste_tag"": {""choice"": ""semi_rich"", ""confidence"": 0.7, ""probabilities"": {""light"": 0.0, ""rich"": 0.22, ""semi_light"": 0.0, ""semi_rich"": 0.78}, ""type"": ""choice""}}, ""workload"": {""temperature_tag"": {""choice"": ""cold"", ""confidence"": 0.94, ""probabilities"": {""cold"": 0.97, ""warm"": 0.03}, ""type"": ""choice""}, ""time_tag"": {""choice"": ""within_15"", ""confidence"": 0.95, ""probabilities"": {""min_15_30"": 0.03, ""over_30"": 0.0, ""within_15"": 0.97}, ""type"": ""choice""}, ""uses_frying_pan"": {""noul"": 0.11, ""type"": ""noul""}, ""uses_heat_tag"": {""noul"": 0.99, ""type"": ""noul""}, ""uses_knife_tag"": {""noul"": 0.58, ""type"": ""noul""}, ""uses_microwave"": {""noul"": 0.99, ""type"": ""noul""}}}",
rJrqt7on9Cw,【冷やしうどんレシピ10選】暑い日に食べたい！さっぱり簡単うどんアレンジ,https://www.youtube.com/watch?v=rJrqt7on9Cw,ok,exclude_candidate,false,0.96,和食,0.99,麺,1.00,麺料理,1.00,その他,0.99,ややガッツリ,0.85,冷たい,1.00,15分以内,1.00,true,0.75,true,0.95,true,0.59,false,0.73,uses_frying_pan;uses_microwave,6170,"{""core"": {""dish_shape"": {""choice"": ""noodle"", ""confidence"": 1.0, ""probabilities"": {""bowl"": 0.0, ""bread"": 0.0, ""main"": 0.0, ""noodle"": 1.0, ""other"": 0.0, ""rice_other"": 0.0, ""stew"": 0.0}, ""type"": ""choice""}, ""genre"": {""choice"": ""washoku"", ""confidence"": 0.99, ""probabilities"": {""chuka"": 0.0, ""korean"": 0.0, ""other"": 0.0, ""washoku"": 1.0, ""yoshoku"": 0.0}, ""type"": ""choice""}, ""is_single_recipe"": {""noul"": 0.04, ""type"": ""noul""}, ""main_ingredient"": {""choice"": ""other"", ""confidence"": 0.99, ""probabilities"": {""egg"": 0.0, ""fish"": 0.0, ""meat"": 0.0, ""other"": 1.0, ""soy"": 0.0, ""vegetable"": 0.0}, ""type"": ""choice""}, ""staple"": {""choice"": ""noodle"", ""confidence"": 1.0, ""probabilities"": {""bread"": 0.0, ""noodle"": 1.0, ""other"": 0.0, ""rice"": 0.0}, ""type"": ""choice""}, ""taste_tag"": {""choice"": ""semi_rich"", ""confidence"": 0.85, ""probabilities"": {""light"": 0.03, ""rich"": 0.02, ""semi_light"": 0.06, ""semi_rich"": 0.89}, ""type"": ""choice""}}, ""workload"": {""temperature_tag"": {""choice"": ""cold"", ""confidence"": 1.0, ""probabilities"": {""cold"": 1.0, ""warm"": 0.0}, ""type"": ""choice""}, ""time_tag"": {""choice"": ""within_15"", ""confidence"": 1.0, ""probabilities"": {""min_15_30"": 0.0, ""over_30"": 0.0, ""within_15"": 1.0}, ""type"": ""choice""}, ""uses_frying_pan"": {""noul"": 0.59, ""type"": ""noul""}, ""uses_heat_tag"": {""noul"": 0.95, ""type"": ""noul""}, ""uses_knife_tag"": {""noul"": 0.75, ""type"": ""noul""}, ""uses_microwave"": {""noul"": 0.27, ""type"": ""noul""}}}",
CGZKcTLBJn0,泣くほど旨い『冷やしぶっかけ肉うどん』,https://www.youtube.com/watch?v=CGZKcTLBJn0,ok,needs_review,true,0.91,和食,1.00,麺,1.00,麺料理,1.00,肉,0.80,ややガッツリ,0.82,冷たい,1.00,15分以内,0.97,true,0.67,true,0.98,true,0.96,false,0.95,uses_knife_tag,4628,"{""core"": {""dish_shape"": {""choice"": ""noodle"", ""confidence"": 1.0, ""probabilities"": {""bowl"": 0.0, ""bread"": 0.0, ""main"": 0.0, ""noodle"": 1.0, ""other"": 0.0, ""rice_other"": 0.0, ""stew"": 0.0}, ""type"": ""choice""}, ""genre"": {""choice"": ""washoku"", ""confidence"": 1.0, ""probabilities"": {""chuka"": 0.0, ""korean"": 0.0, ""other"": 0.0, ""washoku"": 1.0, ""yoshoku"": 0.0}, ""type"": ""choice""}, ""is_single_recipe"": {""noul"": 0.91, ""type"": ""noul""}, ""main_ingredient"": {""choice"": ""meat"", ""confidence"": 0.8, ""probabilities"": {""egg"": 0.0, ""fish"": 0.0, ""meat"": 0.84, ""other"": 0.16, ""soy"": 0.0, ""vegetable"": 0.0}, ""type"": ""choice""}, ""staple"": {""choice"": ""noodle"", ""confidence"": 1.0, ""probabilities"": {""bread"": 0.0, ""noodle"": 1.0, ""other"": 0.0, ""rice"": 0.0}, ""type"": ""choice""}, ""taste_tag"": {""choice"": ""semi_rich"", ""confidence"": 0.82, ""probabilities"": {""light"": 0.0, ""rich"": 0.14, ""semi_light"": 0.0, ""semi_rich"": 0.86}, ""type"": ""choice""}}, ""workload"": {""temperature_tag"": {""choice"": ""cold"", ""confidence"": 1.0, ""probabilities"": {""cold"": 1.0, ""warm"": 0.0}, ""type"": ""choice""}, ""time_tag"": {""choice"": ""within_15"", ""confidence"": 0.97, ""probabilities"": {""min_15_30"": 0.02, ""over_30"": 0.0, ""within_15"": 0.98}, ""type"": ""choice""}, ""uses_frying_pan"": {""noul"": 0.96, ""type"": ""noul""}, ""uses_heat_tag"": {""noul"": 0.98, ""type"": ""noul""}, ""uses_knife_tag"": {""noul"": 0.67, ""type"": ""noul""}, ""uses_microwave"": {""noul"": 0.05, ""type"": ""noul""}}}",
eV-IkFKfqBY,これだけは絶対覚えてた方が良い！やみつき混ぜうどんの作り方！,https://www.youtube.com/watch?v=eV-IkFKfqBY,ok,needs_review,true,0.88,和食,0.98,麺,1.00,麺料理,1.00,その他,0.99,ややガッツリ,0.87,温かい,0.94,15分以内,0.97,false,0.81,true,0.93,false,0.64,false,0.95,uses_frying_pan,3126,"{""core"": {""dish_shape"": {""choice"": ""noodle"", ""confidence"": 1.0, ""probabilities"": {""bowl"": 0.0, ""bread"": 0.0, ""main"": 0.0, ""noodle"": 1.0, ""other"": 0.0, ""rice_other"": 0.0, ""stew"": 0.0}, ""type"": ""choice""}, ""genre"": {""choice"": ""washoku"", ""confidence"": 0.98, ""probabilities"": {""chuka"": 0.01, ""korean"": 0.0, ""other"": 0.0, ""washoku"": 0.99, ""yoshoku"": 0.0}, ""type"": ""choice""}, ""is_single_recipe"": {""noul"": 0.88, ""type"": ""noul""}, ""main_ingredient"": {""choice"": ""other"", ""confidence"": 0.99, ""probabilities"": {""egg"": 0.0, ""fish"": 0.0, ""meat"": 0.0, ""other"": 0.99, ""soy"": 0.01, ""vegetable"": 0.0}, ""type"": ""choice""}, ""staple"": {""choice"": ""noodle"", ""confidence"": 1.0, ""probabilities"": {""bread"": 0.0, ""noodle"": 1.0, ""other"": 0.0, ""rice"": 0.0}, ""type"": ""choice""}, ""taste_tag"": {""choice"": ""semi_rich"", ""confidence"": 0.87, ""probabilities"": {""light"": 0.01, ""rich"": 0.06, ""semi_light"": 0.04, ""semi_rich"": 0.89}, ""type"": ""choice""}}, ""workload"": {""temperature_tag"": {""choice"": ""warm"", ""confidence"": 0.94, ""probabilities"": {""cold"": 0.03, ""warm"": 0.97}, ""type"": ""choice""}, ""time_tag"": {""choice"": ""within_15"", ""confidence"": 0.97, ""probabilities"": {""min_15_30"": 0.02, ""over_30"": 0.0, ""within_15"": 0.98}, ""type"": ""choice""}, ""uses_frying_pan"": {""noul"": 0.36, ""type"": ""noul""}, ""uses_heat_tag"": {""noul"": 0.93, ""type"": ""noul""}, ""uses_knife_tag"": {""noul"": 0.19, ""type"": ""noul""}, ""uses_microwave"": {""noul"": 0.05, ""type"": ""noul""}}}",
O9Im7jqMRBc,300万回再生された○🐢再現レシピ #shorts,https://www.youtube.com/watch?v=O9Im7jqMRBc,ok,needs_review,true,0.86,和食,1.00,麺,1.00,麺料理,0.99,その他,0.97,あっさり,0.24,冷たい,0.56,15〜30分,0.82,false,0.88,true,0.81,false,0.87,false,0.96,taste_tag;temperature_tag,3370,"{""core"": {""dish_shape"": {""choice"": ""noodle"", ""confidence"": 0.99, ""probabilities"": {""bowl"": 0.0, ""bread"": 0.0, ""main"": 0.0, ""noodle"": 0.99, ""other"": 0.01, ""rice_other"": 0.0, ""stew"": 0.0}, ""type"": ""choice""}, ""genre"": {""choice"": ""washoku"", ""confidence"": 1.0, ""probabilities"": {""chuka"": 0.0, ""korean"": 0.0, ""other"": 0.0, ""washoku"": 1.0, ""yoshoku"": 0.0}, ""type"": ""choice""}, ""is_single_recipe"": {""noul"": 0.86, ""type"": ""noul""}, ""main_ingredient"": {""choice"": ""other"", ""confidence"": 0.97, ""probabilities"": {""egg"": 0.0, ""fish"": 0.0, ""meat"": 0.0, ""other"": 0.98, ""soy"": 0.02, ""vegetable"": 0.0}, ""type"": ""choice""}, ""staple"": {""choice"": ""noodle"", ""confidence"": 1.0, ""probabilities"": {""bread"": 0.0, ""noodle"": 1.0, ""other"": 0.0, ""rice"": 0.0}, ""type"": ""choice""}, ""taste_tag"": {""choice"": ""light"", ""confidence"": 0.24, ""probabilities"": {""light"": 0.43, ""rich"": 0.0, ""semi_light"": 0.37, ""semi_rich"": 0.2}, ""type"": ""choice""}}, ""workload"": {""temperature_tag"": {""choice"": ""cold"", ""confidence"": 0.56, ""probabilities"": {""cold"": 0.78, ""warm"": 0.22}, ""type"": ""choice""}, ""time_tag"": {""choice"": ""min_15_30"", ""confidence"": 0.82, ""probabilities"": {""min_15_30"": 0.88, ""over_30"": 0.0, ""within_15"": 0.12}, ""type"": ""choice""}, ""uses_frying_pan"": {""noul"": 0.13, ""type"": ""noul""}, ""uses_heat_tag"": {""noul"": 0.81, ""type"": ""noul""}, ""uses_knife_tag"": {""noul"": 0.12, ""type"": ""noul""}, ""uses_microwave"": {""noul"": 0.04, ""type"": ""noul""}}}",
erkhdgoEUNg,【㊗️800万回再生‼️】お店が出来ちゃう？とろっとろのカレーうどん ｜クラシル #Shorts,https://www.youtube.com/watch?v=erkhdgoEUNg,ok,needs_review,true,0.82,和食,0.60,麺,1.00,麺料理,0.99,その他,0.99,ガッツリ,0.42,温かい,1.00,15分以内,0.95,false,0.57,true,0.96,false,0.69,false,0.94,genre;taste_tag;uses_knife_tag;uses_frying_pan,2946,"{""core"": {""dish_shape"": {""choice"": ""noodle"", ""confidence"": 0.99, ""probabilities"": {""bowl"": 0.0, ""bread"": 0.0, ""main"": 0.0, ""noodle"": 0.99, ""other"": 0.0, ""rice_other"": 0.0, ""stew"": 0.01}, ""type"": ""choice""}, ""genre"": {""choice"": ""washoku"", ""confidence"": 0.6, ""probabilities"": {""chuka"": 0.0, ""korean"": 0.0, ""other"": 0.01, ""washoku"": 0.68, ""yoshoku"": 0.31}, ""type"": ""choice""}, ""is_single_recipe"": {""noul"": 0.82, ""type"": ""noul""}, ""main_ingredient"": {""choice"": ""other"", ""confidence"": 0.99, ""probabilities"": {""egg"": 0.0, ""fish"": 0.0, ""meat"": 0.01, ""other"": 0.99, ""soy"": 0.0, ""vegetable"": 0.0}, ""type"": ""choice""}, ""staple"": {""choice"": ""noodle"", ""confidence"": 1.0, ""probabilities"": {""bread"": 0.0, ""noodle"": 1.0, ""other"": 0.0, ""rice"": 0.0}, ""type"": ""choice""}, ""taste_tag"": {""choice"": ""rich"", ""confidence"": 0.42, ""probabilities"": {""light"": 0.0, ""rich"": 0.56, ""semi_light"": 0.0, ""semi_rich"": 0.44}, ""type"": ""choice""}}, ""workload"": {""temperature_tag"": {""choice"": ""warm"", ""confidence"": 1.0, ""probabilities"": {""cold"": 0.0, ""warm"": 1.0}, ""type"": ""choice""}, ""time_tag"": {""choice"": ""within_15"", ""confidence"": 0.95, ""probabilities"": {""min_15_30"": 0.03, ""over_30"": 0.01, ""within_15"": 0.96}, ""type"": ""choice""}, ""uses_frying_pan"": {""noul"": 0.31, ""type"": ""noul""}, ""uses_heat_tag"": {""noul"": 0.96, ""type"": ""noul""}, ""uses_knife_tag"": {""noul"": 0.43, ""type"": ""noul""}, ""uses_microwave"": {""noul"": 0.06, ""type"": ""noul""}}}",
67TYGc6Dd_g,手打ちうどんの作り方 前編【讃岐うどん】,https://www.youtube.com/watch?v=67TYGc6Dd_g,ok,needs_review,true,0.91,和食,1.00,麺,1.00,麺料理,0.87,その他,0.55,ややガッツリ,0.54,温かい,1.00,15〜30分,0.37,true,0.98,true,0.99,false,0.87,false,0.98,main_ingredient;taste_tag;time_tag,4006,"{""core"": {""dish_shape"": {""choice"": ""noodle"", ""confidence"": 0.87, ""probabilities"": {""bowl"": 0.0, ""bread"": 0.0, ""main"": 0.0, ""noodle"": 0.89, ""other"": 0.0, ""rice_other"": 0.0, ""stew"": 0.11}, ""type"": ""choice""}, ""genre"": {""choice"": ""washoku"", ""confidence"": 1.0, ""probabilities"": {""chuka"": 0.0, ""korean"": 0.0, ""other"": 0.0, ""washoku"": 1.0, ""yoshoku"": 0.0}, ""type"": ""choice""}, ""is_single_recipe"": {""noul"": 0.91, ""type"": ""noul""}, ""main_ingredient"": {""choice"": ""other"", ""confidence"": 0.55, ""probabilities"": {""egg"": 0.0, ""fish"": 0.0, ""meat"": 0.0, ""other"": 0.63, ""soy"": 0.0, ""vegetable"": 0.37}, ""type"": ""choice""}, ""staple"": {""choice"": ""noodle"", ""confidence"": 1.0, ""probabilities"": {""bread"": 0.0, ""noodle"": 1.0, ""other"": 0.0, ""rice"": 0.0}, ""type"": ""choice""}, ""taste_tag"": {""choice"": ""semi_rich"", ""confidence"": 0.54, ""probabilities"": {""light"": 0.01, ""rich"": 0.0, ""semi_light"": 0.34, ""semi_rich"": 0.65}, ""type"": ""choice""}}, ""workload"": {""temperature_tag"": {""choice"": ""warm"", ""confidence"": 1.0, ""probabilities"": {""cold"": 0.0, ""warm"": 1.0}, ""type"": ""choice""}, ""time_tag"": {""choice"": ""min_15_30"", ""confidence"": 0.37, ""probabilities"": {""min_15_30"": 0.58, ""over_30"": 0.21, ""within_15"": 0.21}, ""type"": ""choice""}, ""uses_frying_pan"": {""noul"": 0.13, ""type"": ""noul""}, ""uses_heat_tag"": {""noul"": 0.99, ""type"": ""noul""}, ""uses_knife_tag"": {""noul"": 0.98, ""type"": ""noul""}, ""uses_microwave"": {""noul"": 0.02, ""type"": ""noul""}}}",
Yf2g5pcnzMc,すげぇ旨いカレーうどんの作り方簡単ワンパンレシピ！ ライフハック,https://www.youtube.com/watch?v=Yf2g5pcnzMc,ok,needs_review,true,0.90,和食,0.65,麺,1.00,麺料理,0.99,その他,0.87,ややガッツリ,0.80,温かい,1.00,15分以内,0.84,true,0.75,true,0.98,true,0.96,false,0.96,genre,4618,"{""core"": {""dish_shape"": {""choice"": ""noodle"", ""confidence"": 0.99, ""probabilities"": {""bowl"": 0.0, ""bread"": 0.0, ""main"": 0.0, ""noodle"": 0.99, ""other"": 0.0, ""rice_other"": 0.0, ""stew"": 0.01}, ""type"": ""choice""}, ""genre"": {""choice"": ""washoku"", ""confidence"": 0.65, ""probabilities"": {""chuka"": 0.0, ""korean"": 0.0, ""other"": 0.0, ""washoku"": 0.72, ""yoshoku"": 0.28}, ""type"": ""choice""}, ""is_single_recipe"": {""noul"": 0.9, ""type"": ""noul""}, ""main_ingredient"": {""choice"": ""other"", ""confidence"": 0.87, ""probabilities"": {""egg"": 0.0, ""fish"": 0.0, ""meat"": 0.11, ""other"": 0.89, ""soy"": 0.0, ""vegetable"": 0.0}, ""type"": ""choice""}, ""staple"": {""choice"": ""noodle"", ""confidence"": 1.0, ""probabilities"": {""bread"": 0.0, ""noodle"": 1.0, ""other"": 0.0, ""rice"": 0.0}, ""type"": ""choice""}, ""taste_tag"": {""choice"": ""semi_rich"", ""confidence"": 0.8, ""probabilities"": {""light"": 0.0, ""rich"": 0.15, ""semi_light"": 0.0, ""semi_rich"": 0.85}, ""type"": ""choice""}}, ""workload"": {""temperature_tag"": {""choice"": ""warm"", ""confidence"": 1.0, ""probabilities"": {""cold"": 0.0, ""warm"": 1.0}, ""type"": ""choice""}, ""time_tag"": {""choice"": ""within_15"", ""confidence"": 0.84, ""probabilities"": {""min_15_30"": 0.1, ""over_30"": 0.0, ""within_15"": 0.9}, ""type"": ""choice""}, ""uses_frying_pan"": {""noul"": 0.96, ""type"": ""noul""}, ""uses_heat_tag"": {""noul"": 0.98, ""type"": ""noul""}, ""uses_knife_tag"": {""noul"": 0.75, ""type"": ""noul""}, ""uses_microwave"": {""noul"": 0.04, ""type"": ""noul""}}}",
EUZ-UeRCkrY,簡単釜玉納豆うどん #簡単レシピ,https://www.youtube.com/watch?v=EUZ-UeRCkrY,ok,needs_review,true,0.80,和食,1.00,麺,1.00,麺料理,0.99,豆腐・大豆,0.75,ややガッツリ,0.66,温かい,0.92,15分以内,0.99,false,0.65,true,0.95,false,0.71,false,0.91,taste_tag;uses_knife_tag;uses_frying_pan,2564,"{""core"": {""dish_shape"": {""choice"": ""noodle"", ""confidence"": 0.99, ""probabilities"": {""bowl"": 0.01, ""bread"": 0.0, ""main"": 0.0, ""noodle"": 0.99, ""other"": 0.0, ""rice_other"": 0.0, ""stew"": 0.0}, ""type"": ""choice""}, ""genre"": {""choice"": ""washoku"", ""confidence"": 1.0, ""probabilities"": {""chuka"": 0.0, ""korean"": 0.0, ""other"": 0.0, ""washoku"": 1.0, ""yoshoku"": 0.0}, ""type"": ""choice""}, ""is_single_recipe"": {""noul"": 0.8, ""type"": ""noul""}, ""main_ingredient"": {""choice"": ""soy"", ""confidence"": 0.75, ""probabilities"": {""egg"": 0.04, ""fish"": 0.0, ""meat"": 0.0, ""other"": 0.16, ""soy"": 0.8, ""vegetable"": 0.0}, ""type"": ""choice""}, ""staple"": {""choice"": ""noodle"", ""confidence"": 1.0, ""probabilities"": {""bread"": 0.0, ""noodle"": 1.0, ""other"": 0.0, ""rice"": 0.0}, ""type"": ""choice""}, ""taste_tag"": {""choice"": ""semi_rich"", ""confidence"": 0.66, ""probabilities"": {""light"": 0.02, ""rich"": 0.01, ""semi_light"": 0.23, ""semi_rich"": 0.74}, ""type"": ""choice""}}, ""workload"": {""temperature_tag"": {""choice"": ""warm"", ""confidence"": 0.92, ""probabilities"": {""cold"": 0.04, ""warm"": 0.96}, ""type"": ""choice""}, ""time_tag"": {""choice"": ""within_15"", ""confidence"": 0.99, ""probabilities"": {""min_15_30"": 0.01, ""over_30"": 0.0, ""within_15"": 0.99}, ""type"": ""choice""}, ""uses_frying_pan"": {""noul"": 0.29, ""type"": ""noul""}, ""uses_heat_tag"": {""noul"": 0.95, ""type"": ""noul""}, ""uses_knife_tag"": {""noul"": 0.35, ""type"": ""noul""}, ""uses_microwave"": {""noul"": 0.09, ""type"": ""noul""}}}",
WwoP1NGb-W0,夫が大絶賛した豆乳坦々うどん #簡単レシピ #料理 #夫婦ごはん,https://www.youtube.com/watch?v=WwoP1NGb-W0,ok,needs_review,true,0.81,和食,0.44,麺,1.00,麺料理,1.00,豆腐・大豆,0.43,ややガッツリ,0.50,温かい,0.95,15分以内,0.96,true,0.54,true,0.96,false,0.60,false,0.91,genre;main_ingredient;taste_tag;uses_knife_tag;uses_frying_pan,2554,"{""core"": {""dish_shape"": {""choice"": ""noodle"", ""confidence"": 1.0, ""probabilities"": {""bowl"": 0.0, ""bread"": 0.0, ""main"": 0.0, ""noodle"": 1.0, ""other"": 0.0, ""rice_other"": 0.0, ""stew"": 0.0}, ""type"": ""choice""}, ""genre"": {""choice"": ""washoku"", ""confidence"": 0.44, ""probabilities"": {""chuka"": 0.44, ""korean"": 0.0, ""other"": 0.01, ""washoku"": 0.55, ""yoshoku"": 0.0}, ""type"": ""choice""}, ""is_single_recipe"": {""noul"": 0.81, ""type"": ""noul""}, ""main_ingredient"": {""choice"": ""soy"", ""confidence"": 0.43, ""probabilities"": {""egg"": 0.0, ""fish"": 0.0, ""meat"": 0.01, ""other"": 0.46, ""soy"": 0.53, ""vegetable"": 0.0}, ""type"": ""choice""}, ""staple"": {""choice"": ""noodle"", ""confidence"": 1.0, ""probabilities"": {""bread"": 0.0, ""noodle"": 1.0, ""other"": 0.0, ""rice"": 0.0}, ""type"": ""choice""}, ""taste_tag"": {""choice"": ""semi_rich"", ""confidence"": 0.5, ""probabilities"": {""light"": 0.0, ""rich"": 0.37, ""semi_light"": 0.0, ""semi_rich"": 0.63}, ""type"": ""choice""}}, ""workload"": {""temperature_tag"": {""choice"": ""warm"", ""confidence"": 0.95, ""probabilities"": {""cold"": 0.03, ""warm"": 0.97}, ""type"": ""choice""}, ""time_tag"": {""choice"": ""within_15"", ""confidence"": 0.96, ""probabilities"": {""min_15_30"": 0.02, ""over_30"": 0.0, ""within_15"": 0.98}, ""type"": ""choice""}, ""uses_frying_pan"": {""noul"": 0.4, ""type"": ""noul""}, ""uses_heat_tag"": {""noul"": 0.96, ""type"": ""noul""}, ""uses_knife_tag"": {""noul"": 0.54, ""type"": ""noul""}, ""uses_microwave"": {""noul"": 0.09, ""type"": ""noul""}}}",
USJFBFqSLoc,レンジで1発！生クリーム不要のクリームうどん🥹 #shots #おうちごはん,https://www.youtube.com/watch?v=USJFBFqSLoc,ok,ai_tagged,true,0.94,和食,0.78,麺,1.00,麺料理,1.00,その他,0.99,ガッツリ,0.94,温かい,1.00,15分以内,1.00,false,0.75,true,0.99,false,0.92,true,0.99,,3788,"{""core"": {""dish_shape"": {""choice"": ""noodle"", ""confidence"": 1.0, ""probabilities"": {""bowl"": 0.0, ""bread"": 0.0, ""main"": 0.0, ""noodle"": 1.0, ""other"": 0.0, ""rice_other"": 0.0, ""stew"": 0.0}, ""type"": ""choice""}, ""genre"": {""choice"": ""washoku"", ""confidence"": 0.78, ""probabilities"": {""chuka"": 0.0, ""korean"": 0.16, ""other"": 0.0, ""washoku"": 0.83, ""yoshoku"": 0.01}, ""type"": ""choice""}, ""is_single_recipe"": {""noul"": 0.94, ""type"": ""noul""}, ""main_ingredient"": {""choice"": ""other"", ""confidence"": 0.99, ""probabilities"": {""egg"": 0.0, ""fish"": 0.01, ""meat"": 0.0, ""other"": 0.99, ""soy"": 0.0, ""vegetable"": 0.0}, ""type"": ""choice""}, ""staple"": {""choice"": ""noodle"", ""confidence"": 1.0, ""probabilities"": {""bread"": 0.0, ""noodle"": 1.0, ""other"": 0.0, ""rice"": 0.0}, ""type"": ""choice""}, ""taste_tag"": {""choice"": ""rich"", ""confidence"": 0.94, ""probabilities"": {""light"": 0.0, ""rich"": 0.96, ""semi_light"": 0.0, ""semi_rich"": 0.04}, ""type"": ""choice""}}, ""workload"": {""temperature_tag"": {""choice"": ""warm"", ""confidence"": 1.0, ""probabilities"": {""cold"": 0.0, ""warm"": 1.0}, ""type"": ""choice""}, ""time_tag"": {""choice"": ""within_15"", ""confidence"": 1.0, ""probabilities"": {""min_15_30"": 0.0, ""over_30"": 0.0, ""within_15"": 1.0}, ""type"": ""choice""}, ""uses_frying_pan"": {""noul"": 0.08, ""type"": ""noul""}, ""uses_heat_tag"": {""noul"": 0.99, ""type"": ""noul""}, ""uses_knife_tag"": {""noul"": 0.25, ""type"": ""noul""}, ""uses_microwave"": {""noul"": 0.99, ""type"": ""noul""}}}",
bUshNQMBpis,肉うどんの作り方！ガッツリいける！おうちで簡単お店の味☆旨みたっぷり甘辛肉うどんです♪お肉も柔らかで食べ応え抜群！-How to make Meat Noodles-【料理研究家ゆかり】,https://www.youtube.com/watch?v=bUshNQMBpis,ok,needs_review,true,0.92,和食,1.00,麺,1.00,麺料理,1.00,肉,0.97,ガッツリ,0.44,温かい,1.00,15分以内,0.47,true,0.85,true,0.98,true,0.64,false,0.97,taste_tag;time_tag;uses_frying_pan,4356,"{""core"": {""dish_shape"": {""choice"": ""noodle"", ""confidence"": 1.0, ""probabilities"": {""bowl"": 0.0, ""bread"": 0.0, ""main"": 0.0, ""noodle"": 1.0, ""other"": 0.0, ""rice_other"": 0.0, ""stew"": 0.0}, ""type"": ""choice""}, ""genre"": {""choice"": ""washoku"", ""confidence"": 1.0, ""probabilities"": {""chuka"": 0.0, ""korean"": 0.0, ""other"": 0.0, ""washoku"": 1.0, ""yoshoku"": 0.0}, ""type"": ""choice""}, ""is_single_recipe"": {""noul"": 0.92, ""type"": ""noul""}, ""main_ingredient"": {""choice"": ""meat"", ""confidence"": 0.97, ""probabilities"": {""egg"": 0.0, ""fish"": 0.0, ""meat"": 0.97, ""other"": 0.03, ""soy"": 0.0, ""vegetable"": 0.0}, ""type"": ""choice""}, ""staple"": {""choice"": ""noodle"", ""confidence"": 1.0, ""probabilities"": {""bread"": 0.0, ""noodle"": 1.0, ""other"": 0.0, ""rice"": 0.0}, ""type"": ""choice""}, ""taste_tag"": {""choice"": ""rich"", ""confidence"": 0.44, ""probabilities"": {""light"": 0.0, ""rich"": 0.58, ""semi_light"": 0.0, ""semi_rich"": 0.42}, ""type"": ""choice""}}, ""workload"": {""temperature_tag"": {""choice"": ""warm"", ""confidence"": 1.0, ""probabilities"": {""cold"": 0.0, ""warm"": 1.0}, ""type"": ""choice""}, ""time_tag"": {""choice"": ""within_15"", ""confidence"": 0.47, ""probabilities"": {""min_15_30"": 0.31, ""over_30"": 0.04, ""within_15"": 0.65}, ""type"": ""choice""}, ""uses_frying_pan"": {""noul"": 0.64, ""type"": ""noul""}, ""uses_heat_tag"": {""noul"": 0.98, ""type"": ""noul""}, ""uses_knife_tag"": {""noul"": 0.85, ""type"": ""noul""}, ""uses_microwave"": {""noul"": 0.03, ""type"": ""noul""}}}",
v3T8egJ6iCk,夏野菜たっぷり！簡単サラダうどん,https://www.youtube.com/watch?v=v3T8egJ6iCk,ok,needs_review,true,0.84,和食,1.00,麺,1.00,麺料理,1.00,野菜中心,0.53,あっさり,0.93,冷たい,1.00,15分以内,0.99,true,0.64,false,0.53,false,0.91,false,0.90,main_ingredient;uses_knife_tag;uses_heat_tag,2646,"{""core"": {""dish_shape"": {""choice"": ""noodle"", ""confidence"": 1.0, ""probabilities"": {""bowl"": 0.0, ""bread"": 0.0, ""main"": 0.0, ""noodle"": 1.0, ""other"": 0.0, ""rice_other"": 0.0, ""stew"": 0.0}, ""type"": ""choice""}, ""genre"": {""choice"": ""washoku"", ""confidence"": 1.0, ""probabilities"": {""chuka"": 0.0, ""korean"": 0.0, ""other"": 0.0, ""washoku"": 1.0, ""yoshoku"": 0.0}, ""type"": ""choice""}, ""is_single_recipe"": {""noul"": 0.84, ""type"": ""noul""}, ""main_ingredient"": {""choice"": ""vegetable"", ""confidence"": 0.53, ""probabilities"": {""egg"": 0.0, ""fish"": 0.0, ""meat"": 0.0, ""other"": 0.39, ""soy"": 0.0, ""vegetable"": 0.61}, ""type"": ""choice""}, ""staple"": {""choice"": ""noodle"", ""confidence"": 1.0, ""probabilities"": {""bread"": 0.0, ""noodle"": 1.0, ""other"": 0.0, ""rice"": 0.0}, ""type"": ""choice""}, ""taste_tag"": {""choice"": ""light"", ""confidence"": 0.93, ""probabilities"": {""light"": 0.95, ""rich"": 0.0, ""semi_light"": 0.05, ""semi_rich"": 0.0}, ""type"": ""choice""}}, ""workload"": {""temperature_tag"": {""choice"": ""cold"", ""confidence"": 1.0, ""probabilities"": {""cold"": 1.0, ""warm"": 0.0}, ""type"": ""choice""}, ""time_tag"": {""choice"": ""within_15"", ""confidence"": 0.99, ""probabilities"": {""min_15_30"": 0.01, ""over_30"": 0.0, ""within_15"": 0.99}, ""type"": ""choice""}, ""uses_frying_pan"": {""noul"": 0.09, ""type"": ""noul""}, ""uses_heat_tag"": {""noul"": 0.47, ""type"": ""noul""}, ""uses_knife_tag"": {""noul"": 0.64, ""type"": ""noul""}, ""uses_microwave"": {""noul"": 0.1, ""type"": ""noul""}}}",
jrVkkUA6Hlk,作業5分で！明太釜玉うどん🥢 #簡単レシピ #胃袋泥棒レシピ,https://www.youtube.com/watch?v=jrVkkUA6Hlk,ok,needs_review,true,0.84,和食,1.00,麺,1.00,麺料理,0.99,魚,0.81,ややガッツリ,0.80,温かい,0.98,15分以内,1.00,false,0.69,true,0.96,false,0.77,false,0.93,uses_knife_tag,2550,"{""core"": {""dish_shape"": {""choice"": ""noodle"", ""confidence"": 0.99, ""probabilities"": {""bowl"": 0.01, ""bread"": 0.0, ""main"": 0.0, ""noodle"": 0.99, ""other"": 0.0, ""rice_other"": 0.0, ""stew"": 0.0}, ""type"": ""choice""}, ""genre"": {""choice"": ""washoku"", ""confidence"": 1.0, ""probabilities"": {""chuka"": 0.0, ""korean"": 0.0, ""other"": 0.0, ""washoku"": 1.0, ""yoshoku"": 0.0}, ""type"": ""choice""}, ""is_single_recipe"": {""noul"": 0.84, ""type"": ""noul""}, ""main_ingredient"": {""choice"": ""fish"", ""confidence"": 0.81, ""probabilities"": {""egg"": 0.03, ""fish"": 0.85, ""meat"": 0.0, ""other"": 0.12, ""soy"": 0.0, ""vegetable"": 0.0}, ""type"": ""choice""}, ""staple"": {""choice"": ""noodle"", ""confidence"": 1.0, ""probabilities"": {""bread"": 0.0, ""noodle"": 1.0, ""other"": 0.0, ""rice"": 0.0}, ""type"": ""choice""}, ""taste_tag"": {""choice"": ""semi_rich"", ""confidence"": 0.8, ""probabilities"": {""light"": 0.01, ""rich"": 0.05, ""semi_light"": 0.1, ""semi_rich"": 0.84}, ""type"": ""choice""}}, ""workload"": {""temperature_tag"": {""choice"": ""warm"", ""confidence"": 0.98, ""probabilities"": {""cold"": 0.01, ""warm"": 0.99}, ""type"": ""choice""}, ""time_tag"": {""choice"": ""within_15"", ""confidence"": 1.0, ""probabilities"": {""min_15_30"": 0.0, ""over_30"": 0.0, ""within_15"": 1.0}, ""type"": ""choice""}, ""uses_frying_pan"": {""noul"": 0.23, ""type"": ""noul""}, ""uses_heat_tag"": {""noul"": 0.96, ""type"": ""noul""}, ""uses_knife_tag"": {""noul"": 0.31, ""type"": ""noul""}, ""uses_microwave"": {""noul"": 0.07, ""type"": ""noul""}}}",
-RdCjDJhaAk,仕事終わりでもレンジで簡単に美味しく出来る！カルボうどん🐣 #カルボナーラうどん #冷凍うどん #うどん #簡単レシピ #レンジで簡単,https://www.youtube.com/watch?v=-RdCjDJhaAk,ok,needs_review,true,0.84,洋食,0.91,麺,1.00,麺料理,1.00,その他,0.95,ガッツリ,0.63,温かい,1.00,15分以内,1.00,false,0.76,true,0.98,false,0.85,true,0.96,taste_tag,2616,"{""core"": {""dish_shape"": {""choice"": ""noodle"", ""confidence"": 1.0, ""probabilities"": {""bowl"": 0.0, ""bread"": 0.0, ""main"": 0.0, ""noodle"": 1.0, ""other"": 0.0, ""rice_other"": 0.0, ""stew"": 0.0}, ""type"": ""choice""}, ""genre"": {""choice"": ""yoshoku"", ""confidence"": 0.91, ""probabilities"": {""chuka"": 0.0, ""korean"": 0.0, ""other"": 0.01, ""washoku"": 0.06, ""yoshoku"": 0.93}, ""type"": ""choice""}, ""is_single_recipe"": {""noul"": 0.84, ""type"": ""noul""}, ""main_ingredient"": {""choice"": ""other"", ""confidence"": 0.95, ""probabilities"": {""egg"": 0.02, ""fish"": 0.0, ""meat"": 0.02, ""other"": 0.96, ""soy"": 0.0, ""vegetable"": 0.0}, ""type"": ""choice""}, ""staple"": {""choice"": ""noodle"", ""confidence"": 1.0, ""probabilities"": {""bread"": 0.0, ""noodle"": 1.0, ""other"": 0.0, ""rice"": 0.0}, ""type"": ""choice""}, ""taste_tag"": {""choice"": ""rich"", ""confidence"": 0.63, ""probabilities"": {""light"": 0.0, ""rich"": 0.73, ""semi_light"": 0.0, ""semi_rich"": 0.27}, ""type"": ""choice""}}, ""workload"": {""temperature_tag"": {""choice"": ""warm"", ""confidence"": 1.0, ""probabilities"": {""cold"": 0.0, ""warm"": 1.0}, ""type"": ""choice""}, ""time_tag"": {""choice"": ""within_15"", ""confidence"": 1.0, ""probabilities"": {""min_15_30"": 0.0, ""over_30"": 0.0, ""within_15"": 1.0}, ""type"": ""choice""}, ""uses_frying_pan"": {""noul"": 0.15, ""type"": ""noul""}, ""uses_heat_tag"": {""noul"": 0.98, ""type"": ""noul""}, ""uses_knife_tag"": {""noul"": 0.24, ""type"": ""noul""}, ""uses_microwave"": {""noul"": 0.96, ""type"": ""noul""}}}",
FapN3xuNc6c,【プロ直伝】 人気うどん屋さんから教わった【手打ちうどん】の作り方を公開します,https://www.youtube.com/watch?v=FapN3xuNc6c,ok,needs_review,true,0.94,和食,1.00,麺,1.00,麺料理,1.00,その他,1.00,あっさり,0.54,温かい,0.89,30分以上,0.18,true,0.56,true,0.98,false,0.90,false,0.97,taste_tag;time_tag;uses_knife_tag,4402,"{""core"": {""dish_shape"": {""choice"": ""noodle"", ""confidence"": 1.0, ""probabilities"": {""bowl"": 0.0, ""bread"": 0.0, ""main"": 0.0, ""noodle"": 1.0, ""other"": 0.0, ""rice_other"": 0.0, ""stew"": 0.0}, ""type"": ""choice""}, ""genre"": {""choice"": ""washoku"", ""confidence"": 1.0, ""probabilities"": {""chuka"": 0.0, ""korean"": 0.0, ""other"": 0.0, ""washoku"": 1.0, ""yoshoku"": 0.0}, ""type"": ""choice""}, ""is_single_recipe"": {""noul"": 0.94, ""type"": ""noul""}, ""main_ingredient"": {""choice"": ""other"", ""confidence"": 1.0, ""probabilities"": {""egg"": 0.0, ""fish"": 0.0, ""meat"": 0.0, ""other"": 1.0, ""soy"": 0.0, ""vegetable"": 0.0}, ""type"": ""choice""}, ""staple"": {""choice"": ""noodle"", ""confidence"": 1.0, ""probabilities"": {""bread"": 0.0, ""noodle"": 1.0, ""other"": 0.0, ""rice"": 0.0}, ""type"": ""choice""}, ""taste_tag"": {""choice"": ""light"", ""confidence"": 0.54, ""probabilities"": {""light"": 0.66, ""rich"": 0.0, ""semi_light"": 0.32, ""semi_rich"": 0.02}, ""type"": ""choice""}}, ""workload"": {""temperature_tag"": {""choice"": ""warm"", ""confidence"": 0.89, ""probabilities"": {""cold"": 0.05, ""warm"": 0.95}, ""type"": ""choice""}, ""time_tag"": {""choice"": ""over_30"", ""confidence"": 0.18, ""probabilities"": {""min_15_30"": 0.14, ""over_30"": 0.45, ""within_15"": 0.41}, ""type"": ""choice""}, ""uses_frying_pan"": {""noul"": 0.1, ""type"": ""noul""}, ""uses_heat_tag"": {""noul"": 0.98, ""type"": ""noul""}, ""uses_knife_tag"": {""noul"": 0.56, ""type"": ""noul""}, ""uses_microwave"": {""noul"": 0.03, ""type"": ""noul""}}}",
3NJDt9zwPH0,超簡単‼️めんつゆごま油うどんの作り方◥█̆̈◤࿉∥ #うどん #レシピ #時短 #簡単レシピ,https://www.youtube.com/watch?v=3NJDt9zwPH0,ok,ai_tagged,true,0.86,和食,1.00,麺,1.00,麺料理,1.00,その他,0.98,ややガッツリ,0.94,温かい,0.90,15分以内,0.99,false,0.77,true,0.96,false,0.80,false,0.94,,2594,"{""core"": {""dish_shape"": {""choice"": ""noodle"", ""confidence"": 1.0, ""probabilities"": {""bowl"": 0.0, ""bread"": 0.0, ""main"": 0.0, ""noodle"": 1.0, ""other"": 0.0, ""rice_other"": 0.0, ""stew"": 0.0}, ""type"": ""choice""}, ""genre"": {""choice"": ""washoku"", ""confidence"": 1.0, ""probabilities"": {""chuka"": 0.0, ""korean"": 0.0, ""other"": 0.0, ""washoku"": 1.0, ""yoshoku"": 0.0}, ""type"": ""choice""}, ""is_single_recipe"": {""noul"": 0.86, ""type"": ""noul""}, ""main_ingredient"": {""choice"": ""other"", ""confidence"": 0.98, ""probabilities"": {""egg"": 0.0, ""fish"": 0.0, ""meat"": 0.0, ""other"": 0.99, ""soy"": 0.01, ""vegetable"": 0.0}, ""type"": ""choice""}, ""staple"": {""choice"": ""noodle"", ""confidence"": 1.0, ""probabilities"": {""bread"": 0.0, ""noodle"": 1.0, ""other"": 0.0, ""rice"": 0.0}, ""type"": ""choice""}, ""taste_tag"": {""choice"": ""semi_rich"", ""confidence"": 0.94, ""probabilities"": {""light"": 0.0, ""rich"": 0.03, ""semi_light"": 0.01, ""semi_rich"": 0.96}, ""type"": ""choice""}}, ""workload"": {""temperature_tag"": {""choice"": ""warm"", ""confidence"": 0.9, ""probabilities"": {""cold"": 0.05, ""warm"": 0.95}, ""type"": ""choice""}, ""time_tag"": {""choice"": ""within_15"", ""confidence"": 0.99, ""probabilities"": {""min_15_30"": 0.0, ""over_30"": 0.0, ""within_15"": 1.0}, ""type"": ""choice""}, ""uses_frying_pan"": {""noul"": 0.2, ""type"": ""noul""}, ""uses_heat_tag"": {""noul"": 0.96, ""type"": ""noul""}, ""uses_knife_tag"": {""noul"": 0.23, ""type"": ""noul""}, ""uses_microwave"": {""noul"": 0.06, ""type"": ""noul""}}}",
uaHg1Xo153E,簡単かきたまうどんの作り方 #shorts #簡単レシピ #おうちごはん #うどん #料理 #cooking #japanesefood,https://www.youtube.com/watch?v=uaHg1Xo153E,ok,needs_review,true,0.86,和食,1.00,麺,1.00,麺料理,1.00,卵,0.45,ややあっさり,0.56,温かい,1.00,15分以内,0.99,false,0.68,true,0.97,false,0.83,false,0.95,main_ingredient;taste_tag;uses_knife_tag,2592,"{""core"": {""dish_shape"": {""choice"": ""noodle"", ""confidence"": 1.0, ""probabilities"": {""bowl"": 0.0, ""bread"": 0.0, ""main"": 0.0, ""noodle"": 1.0, ""other"": 0.0, ""rice_other"": 0.0, ""stew"": 0.0}, ""type"": ""choice""}, ""genre"": {""choice"": ""washoku"", ""confidence"": 1.0, ""probabilities"": {""chuka"": 0.0, ""korean"": 0.0, ""other"": 0.0, ""washoku"": 1.0, ""yoshoku"": 0.0}, ""type"": ""choice""}, ""is_single_recipe"": {""noul"": 0.86, ""type"": ""noul""}, ""main_ingredient"": {""choice"": ""egg"", ""confidence"": 0.45, ""probabilities"": {""egg"": 0.54, ""fish"": 0.0, ""meat"": 0.0, ""other"": 0.46, ""soy"": 0.0, ""vegetable"": 0.0}, ""type"": ""choice""}, ""staple"": {""choice"": ""noodle"", ""confidence"": 1.0, ""probabilities"": {""bread"": 0.0, ""noodle"": 1.0, ""other"": 0.0, ""rice"": 0.0}, ""type"": ""choice""}, ""taste_tag"": {""choice"": ""semi_light"", ""confidence"": 0.56, ""probabilities"": {""light"": 0.06, ""rich"": 0.0, ""semi_light"": 0.68, ""semi_rich"": 0.26}, ""type"": ""choice""}}, ""workload"": {""temperature_tag"": {""choice"": ""warm"", ""confidence"": 1.0, ""probabilities"": {""cold"": 0.0, ""warm"": 1.0}, ""type"": ""choice""}, ""time_tag"": {""choice"": ""within_15"", ""confidence"": 0.99, ""probabilities"": {""min_15_30"": 0.0, ""over_30"": 0.0, ""within_15"": 1.0}, ""type"": ""choice""}, ""uses_frying_pan"": {""noul"": 0.17, ""type"": ""noul""}, ""uses_heat_tag"": {""noul"": 0.97, ""type"": ""noul""}, ""uses_knife_tag"": {""noul"": 0.32, ""type"": ""noul""}, ""uses_microwave"": {""noul"": 0.05, ""type"": ""noul""}}}",
2VsP5kqjYj0,レンジのみで作れて男子受け抜群。1人ご飯にもちょうどよいからうどんあったらこれやって！#簡単レシピ #時短節約 #節約レシピ #うどんレシピ #とんこつラーメン #youtubeshorts,https://www.youtube.com/watch?v=2VsP5kqjYj0,ok,needs_review,true,0.78,中華,0.56,麺,1.00,麺料理,1.00,その他,0.89,ガッツリ,0.66,温かい,1.00,15分以内,1.00,false,0.77,true,0.97,false,0.90,true,0.95,genre;taste_tag,2646,"{""core"": {""dish_shape"": {""choice"": ""noodle"", ""confidence"": 1.0, ""probabilities"": {""bowl"": 0.0, ""bread"": 0.0, ""main"": 0.0, ""noodle"": 1.0, ""other"": 0.0, ""rice_other"": 0.0, ""stew"": 0.0}, ""type"": ""choice""}, ""genre"": {""choice"": ""chuka"", ""confidence"": 0.56, ""probabilities"": {""chuka"": 0.65, ""korean"": 0.0, ""other"": 0.03, ""washoku"": 0.32, ""yoshoku"": 0.0}, ""type"": ""choice""}, ""is_single_recipe"": {""noul"": 0.78, ""type"": ""noul""}, ""main_ingredient"": {""choice"": ""other"", ""confidence"": 0.89, ""probabilities"": {""egg"": 0.0, ""fish"": 0.0, ""meat"": 0.09, ""other"": 0.91, ""soy"": 0.0, ""vegetable"": 0.0}, ""type"": ""choice""}, ""staple"": {""choice"": ""noodle"", ""confidence"": 1.0, ""probabilities"": {""bread"": 0.0, ""noodle"": 1.0, ""other"": 0.0, ""rice"": 0.0}, ""type"": ""choice""}, ""taste_tag"": {""choice"": ""rich"", ""confidence"": 0.66, ""probabilities"": {""light"": 0.0, ""rich"": 0.75, ""semi_light"": 0.0, ""semi_rich"": 0.25}, ""type"": ""choice""}}, ""workload"": {""temperature_tag"": {""choice"": ""warm"", ""confidence"": 1.0, ""probabilities"": {""cold"": 0.0, ""warm"": 1.0}, ""type"": ""choice""}, ""time_tag"": {""choice"": ""within_15"", ""confidence"": 1.0, ""probabilities"": {""min_15_30"": 0.0, ""over_30"": 0.0, ""within_15"": 1.0}, ""type"": ""choice""}, ""uses_frying_pan"": {""noul"": 0.1, ""type"": ""noul""}, ""uses_heat_tag"": {""noul"": 0.97, ""type"": ""noul""}, ""uses_knife_tag"": {""noul"": 0.23, ""type"": ""noul""}, ""uses_microwave"": {""noul"": 0.95, ""type"": ""noul""}}}",
q8shUBBb1fA,【プロの簡単レシピ】最高に美味しいうどん出汁！冷凍うどんでも美味しくなる作り方,https://www.youtube.com/watch?v=q8shUBBb1fA,ok,needs_review,true,0.91,和食,1.00,麺,1.00,麺料理,1.00,その他,0.96,あっさり,0.44,温かい,0.99,15分以内,0.96,false,0.71,true,0.98,false,0.87,false,0.95,taste_tag;uses_knife_tag,4564,"{""core"": {""dish_shape"": {""choice"": ""noodle"", ""confidence"": 1.0, ""probabilities"": {""bowl"": 0.0, ""bread"": 0.0, ""main"": 0.0, ""noodle"": 1.0, ""other"": 0.0, ""rice_other"": 0.0, ""stew"": 0.0}, ""type"": ""choice""}, ""genre"": {""choice"": ""washoku"", ""confidence"": 1.0, ""probabilities"": {""chuka"": 0.0, ""korean"": 0.0, ""other"": 0.0, ""washoku"": 1.0, ""yoshoku"": 0.0}, ""type"": ""choice""}, ""is_single_recipe"": {""noul"": 0.91, ""type"": ""noul""}, ""main_ingredient"": {""choice"": ""other"", ""confidence"": 0.96, ""probabilities"": {""egg"": 0.0, ""fish"": 0.03, ""meat"": 0.0, ""other"": 0.97, ""soy"": 0.0, ""vegetable"": 0.0}, ""type"": ""choice""}, ""staple"": {""choice"": ""noodle"", ""confidence"": 1.0, ""probabilities"": {""bread"": 0.0, ""noodle"": 1.0, ""other"": 0.0, ""rice"": 0.0}, ""type"": ""choice""}, ""taste_tag"": {""choice"": ""light"", ""confidence"": 0.44, ""probabilities"": {""light"": 0.59, ""rich"": 0.0, ""semi_light"": 0.38, ""semi_rich"": 0.03}, ""type"": ""choice""}}, ""workload"": {""temperature_tag"": {""choice"": ""warm"", ""confidence"": 0.99, ""probabilities"": {""cold"": 0.01, ""warm"": 0.99}, ""type"": ""choice""}, ""time_tag"": {""choice"": ""within_15"", ""confidence"": 0.96, ""probabilities"": {""min_15_30"": 0.02, ""over_30"": 0.0, ""within_15"": 0.98}, ""type"": ""choice""}, ""uses_frying_pan"": {""noul"": 0.13, ""type"": ""noul""}, ""uses_heat_tag"": {""noul"": 0.98, ""type"": ""noul""}, ""uses_knife_tag"": {""noul"": 0.29, ""type"": ""noul""}, ""uses_microwave"": {""noul"": 0.05, ""type"": ""noul""}}}",
PqEFi1mj0zk,【冷凍うどん】電子レンジだけで作れるズボラかけうどん #簡単レシピ,https://www.youtube.com/watch?v=PqEFi1mj0zk,ok,needs_review,true,0.84,和食,1.00,麺,1.00,麺料理,1.00,その他,1.00,ややあっさり,0.50,温かい,0.94,15分以内,1.00,false,0.84,true,0.98,false,0.92,true,0.97,taste_tag,2546,"{""core"": {""dish_shape"": {""choice"": ""noodle"", ""confidence"": 1.0, ""probabilities"": {""bowl"": 0.0, ""bread"": 0.0, ""main"": 0.0, ""noodle"": 1.0, ""other"": 0.0, ""rice_other"": 0.0, ""stew"": 0.0}, ""type"": ""choice""}, ""genre"": {""choice"": ""washoku"", ""confidence"": 1.0, ""probabilities"": {""chuka"": 0.0, ""korean"": 0.0, ""other"": 0.0, ""washoku"": 1.0, ""yoshoku"": 0.0}, ""type"": ""choice""}, ""is_single_recipe"": {""noul"": 0.84, ""type"": ""noul""}, ""main_ingredient"": {""choice"": ""other"", ""confidence"": 1.0, ""probabilities"": {""egg"": 0.0, ""fish"": 0.0, ""meat"": 0.0, ""other"": 1.0, ""soy"": 0.0, ""vegetable"": 0.0}, ""type"": ""choice""}, ""staple"": {""choice"": ""noodle"", ""confidence"": 1.0, ""probabilities"": {""bread"": 0.0, ""noodle"": 1.0, ""other"": 0.0, ""rice"": 0.0}, ""type"": ""choice""}, ""taste_tag"": {""choice"": ""semi_light"", ""confidence"": 0.5, ""probabilities"": {""light"": 0.21, ""rich"": 0.0, ""semi_light"": 0.63, ""semi_rich"": 0.16}, ""type"": ""choice""}}, ""workload"": {""temperature_tag"": {""choice"": ""warm"", ""confidence"": 0.94, ""probabilities"": {""cold"": 0.03, ""warm"": 0.97}, ""type"": ""choice""}, ""time_tag"": {""choice"": ""within_15"", ""confidence"": 1.0, ""probabilities"": {""min_15_30"": 0.0, ""over_30"": 0.0, ""within_15"": 1.0}, ""type"": ""choice""}, ""uses_frying_pan"": {""noul"": 0.08, ""type"": ""noul""}, ""uses_heat_tag"": {""noul"": 0.98, ""type"": ""noul""}, ""uses_knife_tag"": {""noul"": 0.16, ""type"": ""noul""}, ""uses_microwave"": {""noul"": 0.97, ""type"": ""noul""}}}",
pjkFBErF5l8,手打ちうどんの作り方 後編【讃岐うどん】,https://www.youtube.com/watch?v=pjkFBErF5l8,ok,needs_review,true,0.91,和食,1.00,麺,1.00,麺料理,0.82,その他,0.43,ややガッツリ,0.54,温かい,1.00,15〜30分,0.39,true,0.98,true,0.99,false,0.87,false,0.98,main_ingredient;taste_tag;time_tag,4006,"{""core"": {""dish_shape"": {""choice"": ""noodle"", ""confidence"": 0.82, ""probabilities"": {""bowl"": 0.0, ""bread"": 0.0, ""main"": 0.0, ""noodle"": 0.85, ""other"": 0.0, ""rice_other"": 0.0, ""stew"": 0.15}, ""type"": ""choice""}, ""genre"": {""choice"": ""washoku"", ""confidence"": 1.0, ""probabilities"": {""chuka"": 0.0, ""korean"": 0.0, ""other"": 0.0, ""washoku"": 1.0, ""yoshoku"": 0.0}, ""type"": ""choice""}, ""is_single_recipe"": {""noul"": 0.91, ""type"": ""noul""}, ""main_ingredient"": {""choice"": ""other"", ""confidence"": 0.43, ""probabilities"": {""egg"": 0.0, ""fish"": 0.0, ""meat"": 0.0, ""other"": 0.53, ""soy"": 0.0, ""vegetable"": 0.47}, ""type"": ""choice""}, ""staple"": {""choice"": ""noodle"", ""confidence"": 1.0, ""probabilities"": {""bread"": 0.0, ""noodle"": 1.0, ""other"": 0.0, ""rice"": 0.0}, ""type"": ""choice""}, ""taste_tag"": {""choice"": ""semi_rich"", ""confidence"": 0.54, ""probabilities"": {""light"": 0.01, ""rich"": 0.0, ""semi_light"": 0.34, ""semi_rich"": 0.65}, ""type"": ""choice""}}, ""workload"": {""temperature_tag"": {""choice"": ""warm"", ""confidence"": 1.0, ""probabilities"": {""cold"": 0.0, ""warm"": 1.0}, ""type"": ""choice""}, ""time_tag"": {""choice"": ""min_15_30"", ""confidence"": 0.39, ""probabilities"": {""min_15_30"": 0.59, ""over_30"": 0.19, ""within_15"": 0.22}, ""type"": ""choice""}, ""uses_frying_pan"": {""noul"": 0.13, ""type"": ""noul""}, ""uses_heat_tag"": {""noul"": 0.99, ""type"": ""noul""}, ""uses_knife_tag"": {""noul"": 0.98, ""type"": ""noul""}, ""uses_microwave"": {""noul"": 0.02, ""type"": ""noul""}}}",
R1RM-BPqMtk,爆速！濃厚！！【ピリ辛胡麻うどん】 #簡単レシピ,https://www.youtube.com/watch?v=R1RM-BPqMtk,ok,needs_review,true,0.83,和食,1.00,麺,1.00,麺料理,1.00,その他,0.99,ガッツリ,0.82,温かい,0.95,15分以内,0.99,false,0.55,true,0.95,false,0.77,false,0.92,uses_knife_tag,2540,"{""core"": {""dish_shape"": {""choice"": ""noodle"", ""confidence"": 1.0, ""probabilities"": {""bowl"": 0.0, ""bread"": 0.0, ""main"": 0.0, ""noodle"": 1.0, ""other"": 0.0, ""rice_other"": 0.0, ""stew"": 0.0}, ""type"": ""choice""}, ""genre"": {""choice"": ""washoku"", ""confidence"": 1.0, ""probabilities"": {""chuka"": 0.0, ""korean"": 0.0, ""other"": 0.0, ""washoku"": 1.0, ""yoshoku"": 0.0}, ""type"": ""choice""}, ""is_single_recipe"": {""noul"": 0.83, ""type"": ""noul""}, ""main_ingredient"": {""choice"": ""other"", ""confidence"": 0.99, ""probabilities"": {""egg"": 0.0, ""fish"": 0.0, ""meat"": 0.0, ""other"": 0.99, ""soy"": 0.01, ""vegetable"": 0.0}, ""type"": ""choice""}, ""staple"": {""choice"": ""noodle"", ""confidence"": 1.0, ""probabilities"": {""bread"": 0.0, ""noodle"": 1.0, ""other"": 0.0, ""rice"": 0.0}, ""type"": ""choice""}, ""taste_tag"": {""choice"": ""rich"", ""confidence"": 0.82, ""probabilities"": {""light"": 0.0, ""rich"": 0.86, ""semi_light"": 0.0, ""semi_rich"": 0.14}, ""type"": ""choice""}}, ""workload"": {""temperature_tag"": {""choice"": ""warm"", ""confidence"": 0.95, ""probabilities"": {""cold"": 0.02, ""warm"": 0.98}, ""type"": ""choice""}, ""time_tag"": {""choice"": ""within_15"", ""confidence"": 0.99, ""probabilities"": {""min_15_30"": 0.01, ""over_30"": 0.0, ""within_15"": 0.99}, ""type"": ""choice""}, ""uses_frying_pan"": {""noul"": 0.23, ""type"": ""noul""}, ""uses_heat_tag"": {""noul"": 0.95, ""type"": ""noul""}, ""uses_knife_tag"": {""noul"": 0.45, ""type"": ""noul""}, ""uses_microwave"": {""noul"": 0.08, ""type"": ""noul""}}}",
BXOqmSIBxEI,うどん茹でるな！！驚愕の方法で作るヤバい冷やしうどん #リュウジ #料理 #shorts,https://www.youtube.com/watch?v=BXOqmSIBxEI,ok,needs_review,true,0.77,和食,1.00,麺,1.00,麺料理,1.00,その他,1.00,あっさり,0.67,冷たい,0.99,15分以内,0.99,false,0.70,true,0.88,false,0.83,true,0.72,taste_tag;uses_knife_tag;uses_microwave,4918,"{""core"": {""dish_shape"": {""choice"": ""noodle"", ""confidence"": 1.0, ""probabilities"": {""bowl"": 0.0, ""bread"": 0.0, ""main"": 0.0, ""noodle"": 1.0, ""other"": 0.0, ""rice_other"": 0.0, ""stew"": 0.0}, ""type"": ""choice""}, ""genre"": {""choice"": ""washoku"", ""confidence"": 1.0, ""probabilities"": {""chuka"": 0.0, ""korean"": 0.0, ""other"": 0.0, ""washoku"": 1.0, ""yoshoku"": 0.0}, ""type"": ""choice""}, ""is_single_recipe"": {""noul"": 0.77, ""type"": ""noul""}, ""main_ingredient"": {""choice"": ""other"", ""confidence"": 1.0, ""probabilities"": {""egg"": 0.0, ""fish"": 0.0, ""meat"": 0.0, ""other"": 1.0, ""soy"": 0.0, ""vegetable"": 0.0}, ""type"": ""choice""}, ""staple"": {""choice"": ""noodle"", ""confidence"": 1.0, ""probabilities"": {""bread"": 0.0, ""noodle"": 1.0, ""other"": 0.0, ""rice"": 0.0}, ""type"": ""choice""}, ""taste_tag"": {""choice"": ""light"", ""confidence"": 0.67, ""probabilities"": {""light"": 0.75, ""rich"": 0.01, ""semi_light"": 0.18, ""semi_rich"": 0.06}, ""type"": ""choice""}}, ""workload"": {""temperature_tag"": {""choice"": ""cold"", ""confidence"": 0.99, ""probabilities"": {""cold"": 1.0, ""warm"": 0.0}, ""type"": ""choice""}, ""time_tag"": {""choice"": ""within_15"", ""confidence"": 0.99, ""probabilities"": {""min_15_30"": 0.0, ""over_30"": 0.0, ""within_15"": 1.0}, ""type"": ""choice""}, ""uses_frying_pan"": {""noul"": 0.17, ""type"": ""noul""}, ""uses_heat_tag"": {""noul"": 0.88, ""type"": ""noul""}, ""uses_knife_tag"": {""noul"": 0.3, ""type"": ""noul""}, ""uses_microwave"": {""noul"": 0.72, ""type"": ""noul""}}}",
_uGyrwkUx6Y,小麦粉と水で作る 手打ちうどん,https://www.youtube.com/watch?v=_uGyrwkUx6Y,ok,needs_review,true,0.65,和食,1.00,麺,1.00,麺料理,1.00,その他,1.00,あっさり,0.56,温かい,0.92,15分以内,0.91,false,0.63,true,0.95,false,0.79,true,0.76,is_single_recipe;taste_tag;uses_knife_tag,2742,"{""core"": {""dish_shape"": {""choice"": ""noodle"", ""confidence"": 1.0, ""probabilities"": {""bowl"": 0.0, ""bread"": 0.0, ""main"": 0.0, ""noodle"": 1.0, ""other"": 0.0, ""rice_other"": 0.0, ""stew"": 0.0}, ""type"": ""choice""}, ""genre"": {""choice"": ""washoku"", ""confidence"": 1.0, ""probabilities"": {""chuka"": 0.0, ""korean"": 0.0, ""other"": 0.0, ""washoku"": 1.0, ""yoshoku"": 0.0}, ""type"": ""choice""}, ""is_single_recipe"": {""noul"": 0.65, ""type"": ""noul""}, ""main_ingredient"": {""choice"": ""other"", ""confidence"": 1.0, ""probabilities"": {""egg"": 0.0, ""fish"": 0.0, ""meat"": 0.0, ""other"": 1.0, ""soy"": 0.0, ""vegetable"": 0.0}, ""type"": ""choice""}, ""staple"": {""choice"": ""noodle"", ""confidence"": 1.0, ""probabilities"": {""bread"": 0.0, ""noodle"": 1.0, ""other"": 0.0, ""rice"": 0.0}, ""type"": ""choice""}, ""taste_tag"": {""choice"": ""light"", ""confidence"": 0.56, ""probabilities"": {""light"": 0.67, ""rich"": 0.0, ""semi_light"": 0.32, ""semi_rich"": 0.01}, ""type"": ""choice""}}, ""workload"": {""temperature_tag"": {""choice"": ""warm"", ""confidence"": 0.92, ""probabilities"": {""cold"": 0.04, ""warm"": 0.96}, ""type"": ""choice""}, ""time_tag"": {""choice"": ""within_15"", ""confidence"": 0.91, ""probabilities"": {""min_15_30"": 0.04, ""over_30"": 0.02, ""within_15"": 0.94}, ""type"": ""choice""}, ""uses_frying_pan"": {""noul"": 0.21, ""type"": ""noul""}, ""uses_heat_tag"": {""noul"": 0.95, ""type"": ""noul""}, ""uses_knife_tag"": {""noul"": 0.37, ""type"": ""noul""}, ""uses_microwave"": {""noul"": 0.76, ""type"": ""noul""}}}",
DQuUk2rAdOE,これ公開するかマジ悩んだ。あまりにも罪深いウマさの【必殺ズボラうどん】の作り方#shorts #リュウジ #うどん,https://www.youtube.com/watch?v=DQuUk2rAdOE,ok,needs_review,true,0.84,和食,1.00,麺,1.00,麺料理,1.00,その他,1.00,ややガッツリ,0.23,温かい,0.94,15分以内,0.99,false,0.69,true,0.96,false,0.85,true,0.82,taste_tag;uses_knife_tag,4084,"{""core"": {""dish_shape"": {""choice"": ""noodle"", ""confidence"": 1.0, ""probabilities"": {""bowl"": 0.0, ""bread"": 0.0, ""main"": 0.0, ""noodle"": 1.0, ""other"": 0.0, ""rice_other"": 0.0, ""stew"": 0.0}, ""type"": ""choice""}, ""genre"": {""choice"": ""washoku"", ""confidence"": 1.0, ""probabilities"": {""chuka"": 0.0, ""korean"": 0.0, ""other"": 0.0, ""washoku"": 1.0, ""yoshoku"": 0.0}, ""type"": ""choice""}, ""is_single_recipe"": {""noul"": 0.84, ""type"": ""noul""}, ""main_ingredient"": {""choice"": ""other"", ""confidence"": 1.0, ""probabilities"": {""egg"": 0.0, ""fish"": 0.0, ""meat"": 0.0, ""other"": 1.0, ""soy"": 0.0, ""vegetable"": 0.0}, ""type"": ""choice""}, ""staple"": {""choice"": ""noodle"", ""confidence"": 1.0, ""probabilities"": {""bread"": 0.0, ""noodle"": 1.0, ""other"": 0.0, ""rice"": 0.0}, ""type"": ""choice""}, ""taste_tag"": {""choice"": ""semi_rich"", ""confidence"": 0.23, ""probabilities"": {""light"": 0.15, ""rich"": 0.13, ""semi_light"": 0.29, ""semi_rich"": 0.43}, ""type"": ""choice""}}, ""workload"": {""temperature_tag"": {""choice"": ""warm"", ""confidence"": 0.94, ""probabilities"": {""cold"": 0.03, ""warm"": 0.97}, ""type"": ""choice""}, ""time_tag"": {""choice"": ""within_15"", ""confidence"": 0.99, ""probabilities"": {""min_15_30"": 0.0, ""over_30"": 0.0, ""within_15"": 1.0}, ""type"": ""choice""}, ""uses_frying_pan"": {""noul"": 0.15, ""type"": ""noul""}, ""uses_heat_tag"": {""noul"": 0.96, ""type"": ""noul""}, ""uses_knife_tag"": {""noul"": 0.31, ""type"": ""noul""}, ""uses_microwave"": {""noul"": 0.82, ""type"": ""noul""}}}",
yeCNDrByoXM,いや、これは流石に絶賛されろ。お蕎麦屋さんより旨い自信あります。【至高の鍋焼きうどん】#shorts #リュウジ #料理,https://www.youtube.com/watch?v=yeCNDrByoXM,ok,needs_review,true,0.81,和食,1.00,麺,1.00,麺料理,0.88,その他,0.99,ややガッツリ,0.62,温かい,1.00,15分以内,0.95,false,0.54,true,0.98,true,0.92,true,0.71,taste_tag;uses_knife_tag;uses_microwave,4094,"{""core"": {""dish_shape"": {""choice"": ""noodle"", ""confidence"": 0.88, ""probabilities"": {""bowl"": 0.0, ""bread"": 0.0, ""main"": 0.0, ""noodle"": 0.89, ""other"": 0.0, ""rice_other"": 0.0, ""stew"": 0.11}, ""type"": ""choice""}, ""genre"": {""choice"": ""washoku"", ""confidence"": 1.0, ""probabilities"": {""chuka"": 0.0, ""korean"": 0.0, ""other"": 0.0, ""washoku"": 1.0, ""yoshoku"": 0.0}, ""type"": ""choice""}, ""is_single_recipe"": {""noul"": 0.81, ""type"": ""noul""}, ""main_ingredient"": {""choice"": ""other"", ""confidence"": 0.99, ""probabilities"": {""egg"": 0.0, ""fish"": 0.0, ""meat"": 0.0, ""other"": 1.0, ""soy"": 0.0, ""vegetable"": 0.0}, ""type"": ""choice""}, ""staple"": {""choice"": ""noodle"", ""confidence"": 1.0, ""probabilities"": {""bread"": 0.0, ""noodle"": 1.0, ""other"": 0.0, ""rice"": 0.0}, ""type"": ""choice""}, ""taste_tag"": {""choice"": ""semi_rich"", ""confidence"": 0.62, ""probabilities"": {""light"": 0.02, ""rich"": 0.17, ""semi_light"": 0.09, ""semi_rich"": 0.72}, ""type"": ""choice""}}, ""workload"": {""temperature_tag"": {""choice"": ""warm"", ""confidence"": 1.0, ""probabilities"": {""cold"": 0.0, ""warm"": 1.0}, ""type"": ""choice""}, ""time_tag"": {""choice"": ""within_15"", ""confidence"": 0.95, ""probabilities"": {""min_15_30"": 0.03, ""over_30"": 0.0, ""within_15"": 0.97}, ""type"": ""choice""}, ""uses_frying_pan"": {""noul"": 0.92, ""type"": ""noul""}, ""uses_heat_tag"": {""noul"": 0.98, ""type"": ""noul""}, ""uses_knife_tag"": {""noul"": 0.46, ""type"": ""noul""}, ""uses_microwave"": {""noul"": 0.71, ""type"": ""noul""}}}",
PHA_9YugW0k,いや、これは流石に絶賛されろ。お蕎麦屋さんより旨い自信あります。【至高の鍋焼きうどん】,https://www.youtube.com/watch?v=PHA_9YugW0k,ok,needs_review,true,0.94,和食,1.00,麺,1.00,麺料理,0.68,その他,0.95,ややガッツリ,0.91,温かい,1.00,15分以内,0.93,true,0.70,true,0.98,true,0.76,false,0.83,dish_shape;uses_knife_tag,4886,"{""core"": {""dish_shape"": {""choice"": ""noodle"", ""confidence"": 0.68, ""probabilities"": {""bowl"": 0.0, ""bread"": 0.0, ""main"": 0.0, ""noodle"": 0.73, ""other"": 0.0, ""rice_other"": 0.0, ""stew"": 0.27}, ""type"": ""choice""}, ""genre"": {""choice"": ""washoku"", ""confidence"": 1.0, ""probabilities"": {""chuka"": 0.0, ""korean"": 0.0, ""other"": 0.0, ""washoku"": 1.0, ""yoshoku"": 0.0}, ""type"": ""choice""}, ""is_single_recipe"": {""noul"": 0.94, ""type"": ""noul""}, ""main_ingredient"": {""choice"": ""other"", ""confidence"": 0.95, ""probabilities"": {""egg"": 0.0, ""fish"": 0.0, ""meat"": 0.03, ""other"": 0.96, ""soy"": 0.01, ""vegetable"": 0.0}, ""type"": ""choice""}, ""staple"": {""choice"": ""noodle"", ""confidence"": 1.0, ""probabilities"": {""bread"": 0.0, ""noodle"": 1.0, ""other"": 0.0, ""rice"": 0.0}, ""type"": ""choice""}, ""taste_tag"": {""choice"": ""semi_rich"", ""confidence"": 0.91, ""probabilities"": {""light"": 0.0, ""rich"": 0.01, ""semi_light"": 0.06, ""semi_rich"": 0.93}, ""type"": ""choice""}}, ""workload"": {""temperature_tag"": {""choice"": ""warm"", ""confidence"": 1.0, ""probabilities"": {""cold"": 0.0, ""warm"": 1.0}, ""type"": ""choice""}, ""time_tag"": {""choice"": ""within_15"", ""confidence"": 0.93, ""probabilities"": {""min_15_30"": 0.04, ""over_30"": 0.0, ""within_15"": 0.96}, ""type"": ""choice""}, ""uses_frying_pan"": {""noul"": 0.76, ""type"": ""noul""}, ""uses_heat_tag"": {""noul"": 0.98, ""type"": ""noul""}, ""uses_knife_tag"": {""noul"": 0.7, ""type"": ""noul""}, ""uses_microwave"": {""noul"": 0.17, ""type"": ""noul""}}}",
rG5wM6QoC2k,【手間1分】朝からいける簡単とんこつ風うどんが旨すぎた！#簡単レシピ #冷凍うどん #時短,https://www.youtube.com/watch?v=rG5wM6QoC2k,ok,needs_review,true,0.83,和食,1.00,麺,1.00,麺料理,1.00,その他,0.94,ガッツリ,0.47,温かい,1.00,15分以内,1.00,false,0.86,true,0.97,false,0.86,true,0.83,taste_tag,2698,"{""core"": {""dish_shape"": {""choice"": ""noodle"", ""confidence"": 1.0, ""probabilities"": {""bowl"": 0.0, ""bread"": 0.0, ""main"": 0.0, ""noodle"": 1.0, ""other"": 0.0, ""rice_other"": 0.0, ""stew"": 0.0}, ""type"": ""choice""}, ""genre"": {""choice"": ""washoku"", ""confidence"": 1.0, ""probabilities"": {""chuka"": 0.0, ""korean"": 0.0, ""other"": 0.0, ""washoku"": 1.0, ""yoshoku"": 0.0}, ""type"": ""choice""}, ""is_single_recipe"": {""noul"": 0.83, ""type"": ""noul""}, ""main_ingredient"": {""choice"": ""other"", ""confidence"": 0.94, ""probabilities"": {""egg"": 0.0, ""fish"": 0.0, ""meat"": 0.05, ""other"": 0.95, ""soy"": 0.0, ""vegetable"": 0.0}, ""type"": ""choice""}, ""staple"": {""choice"": ""noodle"", ""confidence"": 1.0, ""probabilities"": {""bread"": 0.0, ""noodle"": 1.0, ""other"": 0.0, ""rice"": 0.0}, ""type"": ""choice""}, ""taste_tag"": {""choice"": ""rich"", ""confidence"": 0.47, ""probabilities"": {""light"": 0.0, ""rich"": 0.6, ""semi_light"": 0.01, ""semi_rich"": 0.39}, ""type"": ""choice""}}, ""workload"": {""temperature_tag"": {""choice"": ""warm"", ""confidence"": 1.0, ""probabilities"": {""cold"": 0.0, ""warm"": 1.0}, ""type"": ""choice""}, ""time_tag"": {""choice"": ""within_15"", ""confidence"": 1.0, ""probabilities"": {""min_15_30"": 0.0, ""over_30"": 0.0, ""within_15"": 1.0}, ""type"": ""choice""}, ""uses_frying_pan"": {""noul"": 0.14, ""type"": ""noul""}, ""uses_heat_tag"": {""noul"": 0.97, ""type"": ""noul""}, ""uses_knife_tag"": {""noul"": 0.14, ""type"": ""noul""}, ""uses_microwave"": {""noul"": 0.83, ""type"": ""noul""}}}",
Y04Yuhpkeuw,かすうどんを作ろう #shorts,https://www.youtube.com/watch?v=Y04Yuhpkeuw,ok,needs_review,true,0.84,和食,1.00,麺,1.00,麺料理,1.00,肉,0.41,ガッツリ,0.93,温かい,0.96,15分以内,0.94,true,0.59,true,0.98,true,0.95,false,0.96,main_ingredient;uses_knife_tag,2706,"{""core"": {""dish_shape"": {""choice"": ""noodle"", ""confidence"": 1.0, ""probabilities"": {""bowl"": 0.0, ""bread"": 0.0, ""main"": 0.0, ""noodle"": 1.0, ""other"": 0.0, ""rice_other"": 0.0, ""stew"": 0.0}, ""type"": ""choice""}, ""genre"": {""choice"": ""washoku"", ""confidence"": 1.0, ""probabilities"": {""chuka"": 0.0, ""korean"": 0.0, ""other"": 0.0, ""washoku"": 1.0, ""yoshoku"": 0.0}, ""type"": ""choice""}, ""is_single_recipe"": {""noul"": 0.84, ""type"": ""noul""}, ""main_ingredient"": {""choice"": ""meat"", ""confidence"": 0.41, ""probabilities"": {""egg"": 0.0, ""fish"": 0.0, ""meat"": 0.52, ""other"": 0.48, ""soy"": 0.0, ""vegetable"": 0.0}, ""type"": ""choice""}, ""staple"": {""choice"": ""noodle"", ""confidence"": 1.0, ""probabilities"": {""bread"": 0.0, ""noodle"": 1.0, ""other"": 0.0, ""rice"": 0.0}, ""type"": ""choice""}, ""taste_tag"": {""choice"": ""rich"", ""confidence"": 0.93, ""probabilities"": {""light"": 0.0, ""rich"": 0.95, ""semi_light"": 0.0, ""semi_rich"": 0.05}, ""type"": ""choice""}}, ""workload"": {""temperature_tag"": {""choice"": ""warm"", ""confidence"": 0.96, ""probabilities"": {""cold"": 0.02, ""warm"": 0.98}, ""type"": ""choice""}, ""time_tag"": {""choice"": ""within_15"", ""confidence"": 0.94, ""probabilities"": {""min_15_30"": 0.03, ""over_30"": 0.01, ""within_15"": 0.96}, ""type"": ""choice""}, ""uses_frying_pan"": {""noul"": 0.95, ""type"": ""noul""}, ""uses_heat_tag"": {""noul"": 0.98, ""type"": ""noul""}, ""uses_knife_tag"": {""noul"": 0.59, ""type"": ""noul""}, ""uses_microwave"": {""noul"": 0.04, ""type"": ""noul""}}}",
cxCRoGvsDOY,レンジで簡単！梅しらすうどん🌸 #簡単レシピ #胃袋泥棒レシピ,https://www.youtube.com/watch?v=cxCRoGvsDOY,ok,needs_review,true,0.84,和食,1.00,麺,1.00,麺料理,1.00,その他,0.69,ややあっさり,0.56,温かい,0.91,15分以内,1.00,false,0.76,true,0.98,false,0.92,true,0.97,main_ingredient;taste_tag,2550,"{""core"": {""dish_shape"": {""choice"": ""noodle"", ""confidence"": 1.0, ""probabilities"": {""bowl"": 0.0, ""bread"": 0.0, ""main"": 0.0, ""noodle"": 1.0, ""other"": 0.0, ""rice_other"": 0.0, ""stew"": 0.0}, ""type"": ""choice""}, ""genre"": {""choice"": ""washoku"", ""confidence"": 1.0, ""probabilities"": {""chuka"": 0.0, ""korean"": 0.0, ""other"": 0.0, ""washoku"": 1.0, ""yoshoku"": 0.0}, ""type"": ""choice""}, ""is_single_recipe"": {""noul"": 0.84, ""type"": ""noul""}, ""main_ingredient"": {""choice"": ""other"", ""confidence"": 0.69, ""probabilities"": {""egg"": 0.0, ""fish"": 0.24, ""meat"": 0.0, ""other"": 0.75, ""soy"": 0.0, ""vegetable"": 0.01}, ""type"": ""choice""}, ""staple"": {""choice"": ""noodle"", ""confidence"": 1.0, ""probabilities"": {""bread"": 0.0, ""noodle"": 1.0, ""other"": 0.0, ""rice"": 0.0}, ""type"": ""choice""}, ""taste_tag"": {""choice"": ""semi_light"", ""confidence"": 0.56, ""probabilities"": {""light"": 0.21, ""rich"": 0.0, ""semi_light"": 0.67, ""semi_rich"": 0.12}, ""type"": ""choice""}}, ""workload"": {""temperature_tag"": {""choice"": ""warm"", ""confidence"": 0.91, ""probabilities"": {""cold"": 0.05, ""warm"": 0.95}, ""type"": ""choice""}, ""time_tag"": {""choice"": ""within_15"", ""confidence"": 1.0, ""probabilities"": {""min_15_30"": 0.0, ""over_30"": 0.0, ""within_15"": 1.0}, ""type"": ""choice""}, ""uses_frying_pan"": {""noul"": 0.08, ""type"": ""noul""}, ""uses_heat_tag"": {""noul"": 0.98, ""type"": ""noul""}, ""uses_knife_tag"": {""noul"": 0.24, ""type"": ""noul""}, ""uses_microwave"": {""noul"": 0.97, ""type"": ""noul""}}}",
UBUYRq9Bx7s,冷凍うどんで作る！笠原流【豆乳担々うどん】,https://www.youtube.com/watch?v=UBUYRq9Bx7s,ok,needs_review,true,0.80,中華,0.63,麺,1.00,麺料理,1.00,豆腐・大豆,0.45,ややガッツリ,0.45,温かい,0.95,15分以内,0.92,true,0.58,true,0.95,false,0.63,false,0.90,genre;main_ingredient;taste_tag;uses_knife_tag;uses_frying_pan,2910,"{""core"": {""dish_shape"": {""choice"": ""noodle"", ""confidence"": 1.0, ""probabilities"": {""bowl"": 0.0, ""bread"": 0.0, ""main"": 0.0, ""noodle"": 1.0, ""other"": 0.0, ""rice_other"": 0.0, ""stew"": 0.0}, ""type"": ""choice""}, ""genre"": {""choice"": ""chuka"", ""confidence"": 0.63, ""probabilities"": {""chuka"": 0.7, ""korean"": 0.0, ""other"": 0.01, ""washoku"": 0.29, ""yoshoku"": 0.0}, ""type"": ""choice""}, ""is_single_recipe"": {""noul"": 0.8, ""type"": ""noul""}, ""main_ingredient"": {""choice"": ""soy"", ""confidence"": 0.45, ""probabilities"": {""egg"": 0.0, ""fish"": 0.0, ""meat"": 0.01, ""other"": 0.44, ""soy"": 0.55, ""vegetable"": 0.0}, ""type"": ""choice""}, ""staple"": {""choice"": ""noodle"", ""confidence"": 1.0, ""probabilities"": {""bread"": 0.0, ""noodle"": 1.0, ""other"": 0.0, ""rice"": 0.0}, ""type"": ""choice""}, ""taste_tag"": {""choice"": ""semi_rich"", ""confidence"": 0.45, ""probabilities"": {""light"": 0.0, ""rich"": 0.41, ""semi_light"": 0.0, ""semi_rich"": 0.59}, ""type"": ""choice""}}, ""workload"": {""temperature_tag"": {""choice"": ""warm"", ""confidence"": 0.95, ""probabilities"": {""cold"": 0.02, ""warm"": 0.98}, ""type"": ""choice""}, ""time_tag"": {""choice"": ""within_15"", ""confidence"": 0.92, ""probabilities"": {""min_15_30"": 0.05, ""over_30"": 0.0, ""within_15"": 0.95}, ""type"": ""choice""}, ""uses_frying_pan"": {""noul"": 0.37, ""type"": ""noul""}, ""uses_heat_tag"": {""noul"": 0.95, ""type"": ""noul""}, ""uses_knife_tag"": {""noul"": 0.58, ""type"": ""noul""}, ""uses_microwave"": {""noul"": 0.1, ""type"": ""noul""}}}",
QQfu_guh2ao,カレーうどんの美味しい作り方#shorts,https://www.youtube.com/watch?v=QQfu_guh2ao,ok,needs_review,true,0.79,和食,0.39,麺,1.00,麺料理,1.00,その他,0.98,ややガッツリ,0.60,温かい,1.00,15分以内,0.98,false,0.56,true,0.96,false,0.72,false,0.93,genre;taste_tag;uses_knife_tag;uses_frying_pan,2516,"{""core"": {""dish_shape"": {""choice"": ""noodle"", ""confidence"": 1.0, ""probabilities"": {""bowl"": 0.0, ""bread"": 0.0, ""main"": 0.0, ""noodle"": 1.0, ""other"": 0.0, ""rice_other"": 0.0, ""stew"": 0.0}, ""type"": ""choice""}, ""genre"": {""choice"": ""washoku"", ""confidence"": 0.39, ""probabilities"": {""chuka"": 0.0, ""korean"": 0.0, ""other"": 0.01, ""washoku"": 0.51, ""yoshoku"": 0.48}, ""type"": ""choice""}, ""is_single_recipe"": {""noul"": 0.79, ""type"": ""noul""}, ""main_ingredient"": {""choice"": ""other"", ""confidence"": 0.98, ""probabilities"": {""egg"": 0.0, ""fish"": 0.0, ""meat"": 0.01, ""other"": 0.99, ""soy"": 0.0, ""vegetable"": 0.0}, ""type"": ""choice""}, ""staple"": {""choice"": ""noodle"", ""confidence"": 1.0, ""probabilities"": {""bread"": 0.0, ""noodle"": 1.0, ""other"": 0.0, ""rice"": 0.0}, ""type"": ""choice""}, ""taste_tag"": {""choice"": ""semi_rich"", ""confidence"": 0.6, ""probabilities"": {""light"": 0.0, ""rich"": 0.29, ""semi_light"": 0.0, ""semi_rich"": 0.71}, ""type"": ""choice""}}, ""workload"": {""temperature_tag"": {""choice"": ""warm"", ""confidence"": 1.0, ""probabilities"": {""cold"": 0.0, ""warm"": 1.0}, ""type"": ""choice""}, ""time_tag"": {""choice"": ""within_15"", ""confidence"": 0.98, ""probabilities"": {""min_15_30"": 0.01, ""over_30"": 0.0, ""within_15"": 0.99}, ""type"": ""choice""}, ""uses_frying_pan"": {""noul"": 0.28, ""type"": ""noul""}, ""uses_heat_tag"": {""noul"": 0.96, ""type"": ""noul""}, ""uses_knife_tag"": {""noul"": 0.44, ""type"": ""noul""}, ""uses_microwave"": {""noul"": 0.07, ""type"": ""noul""}}}",
vmM5UbStNYs,1食180円汁なし坦々うどん弁当#shorts#簡単レシピ#節約レシピ,https://www.youtube.com/watch?v=vmM5UbStNYs,ok,needs_review,true,0.93,中華,0.49,麺,1.00,麺料理,1.00,その他,0.53,ガッツリ,0.66,温かい,0.99,15分以内,0.96,true,0.57,true,0.99,false,0.88,true,0.99,genre;main_ingredient;taste_tag;uses_knife_tag,3756,"{""core"": {""dish_shape"": {""choice"": ""noodle"", ""confidence"": 1.0, ""probabilities"": {""bowl"": 0.0, ""bread"": 0.0, ""main"": 0.0, ""noodle"": 1.0, ""other"": 0.0, ""rice_other"": 0.0, ""stew"": 0.0}, ""type"": ""choice""}, ""genre"": {""choice"": ""chuka"", ""confidence"": 0.49, ""probabilities"": {""chuka"": 0.6, ""korean"": 0.0, ""other"": 0.0, ""washoku"": 0.4, ""yoshoku"": 0.0}, ""type"": ""choice""}, ""is_single_recipe"": {""noul"": 0.93, ""type"": ""noul""}, ""main_ingredient"": {""choice"": ""other"", ""confidence"": 0.53, ""probabilities"": {""egg"": 0.0, ""fish"": 0.0, ""meat"": 0.39, ""other"": 0.61, ""soy"": 0.0, ""vegetable"": 0.0}, ""type"": ""choice""}, ""staple"": {""choice"": ""noodle"", ""confidence"": 1.0, ""probabilities"": {""bread"": 0.0, ""noodle"": 1.0, ""other"": 0.0, ""rice"": 0.0}, ""type"": ""choice""}, ""taste_tag"": {""choice"": ""rich"", ""confidence"": 0.66, ""probabilities"": {""light"": 0.0, ""rich"": 0.74, ""semi_light"": 0.0, ""semi_rich"": 0.26}, ""type"": ""choice""}}, ""workload"": {""temperature_tag"": {""choice"": ""warm"", ""confidence"": 0.99, ""probabilities"": {""cold"": 0.0, ""warm"": 1.0}, ""type"": ""choice""}, ""time_tag"": {""choice"": ""within_15"", ""confidence"": 0.96, ""probabilities"": {""min_15_30"": 0.03, ""over_30"": 0.0, ""within_15"": 0.97}, ""type"": ""choice""}, ""uses_frying_pan"": {""noul"": 0.12, ""type"": ""noul""}, ""uses_heat_tag"": {""noul"": 0.99, ""type"": ""noul""}, ""uses_knife_tag"": {""noul"": 0.57, ""type"": ""noul""}, ""uses_microwave"": {""noul"": 0.99, ""type"": ""noul""}}}",
ovf28kJJR6s,絶品！讃岐うどんスープの作り方。いりこ出汁がたまらん！簡単で美味しいレシピ公開。#簡単レシピ #讃岐うどんスープ#shorts,https://www.youtube.com/watch?v=ovf28kJJR6s,ok,needs_review,true,0.93,和食,1.00,麺,1.00,麺料理,1.00,その他,0.66,あっさり,0.24,温かい,0.97,15分以内,0.30,false,0.52,true,0.98,false,0.90,false,0.97,main_ingredient;taste_tag;time_tag;uses_knife_tag,3154,"{""core"": {""dish_shape"": {""choice"": ""noodle"", ""confidence"": 1.0, ""probabilities"": {""bowl"": 0.0, ""bread"": 0.0, ""main"": 0.0, ""noodle"": 1.0, ""other"": 0.0, ""rice_other"": 0.0, ""stew"": 0.0}, ""type"": ""choice""}, ""genre"": {""choice"": ""washoku"", ""confidence"": 1.0, ""probabilities"": {""chuka"": 0.0, ""korean"": 0.0, ""other"": 0.0, ""washoku"": 1.0, ""yoshoku"": 0.0}, ""type"": ""choice""}, ""is_single_recipe"": {""noul"": 0.93, ""type"": ""noul""}, ""main_ingredient"": {""choice"": ""other"", ""confidence"": 0.66, ""probabilities"": {""egg"": 0.0, ""fish"": 0.28, ""meat"": 0.0, ""other"": 0.72, ""soy"": 0.0, ""vegetable"": 0.0}, ""type"": ""choice""}, ""staple"": {""choice"": ""noodle"", ""confidence"": 1.0, ""probabilities"": {""bread"": 0.0, ""noodle"": 1.0, ""other"": 0.0, ""rice"": 0.0}, ""type"": ""choice""}, ""taste_tag"": {""choice"": ""light"", ""confidence"": 0.24, ""probabilities"": {""light"": 0.43, ""rich"": 0.01, ""semi_light"": 0.4, ""semi_rich"": 0.16}, ""type"": ""choice""}}, ""workload"": {""temperature_tag"": {""choice"": ""warm"", ""confidence"": 0.97, ""probabilities"": {""cold"": 0.01, ""warm"": 0.99}, ""type"": ""choice""}, ""time_tag"": {""choice"": ""within_15"", ""confidence"": 0.3, ""probabilities"": {""min_15_30"": 0.12, ""over_30"": 0.34, ""within_15"": 0.54}, ""type"": ""choice""}, ""uses_frying_pan"": {""noul"": 0.1, ""type"": ""noul""}, ""uses_heat_tag"": {""noul"": 0.98, ""type"": ""noul""}, ""uses_knife_tag"": {""noul"": 0.48, ""type"": ""noul""}, ""uses_microwave"": {""noul"": 0.03, ""type"": ""noul""}}}",
k7dIrpBbubI,【簡単節約】仕事終わりでも作れる冷凍うどんのレシピ📍レシピはコメント欄へ#簡単レシピ #japanesefood,https://www.youtube.com/watch?v=k7dIrpBbubI,ok,needs_review,true,0.74,和食,1.00,麺,1.00,麺料理,1.00,その他,1.00,ややあっさり,0.39,温かい,0.90,15分以内,0.99,false,0.71,true,0.95,false,0.82,false,0.89,is_single_recipe;taste_tag;uses_knife_tag,2592,"{""core"": {""dish_shape"": {""choice"": ""noodle"", ""confidence"": 1.0, ""probabilities"": {""bowl"": 0.0, ""bread"": 0.0, ""main"": 0.0, ""noodle"": 1.0, ""other"": 0.0, ""rice_other"": 0.0, ""stew"": 0.0}, ""type"": ""choice""}, ""genre"": {""choice"": ""washoku"", ""confidence"": 1.0, ""probabilities"": {""chuka"": 0.0, ""korean"": 0.0, ""other"": 0.0, ""washoku"": 1.0, ""yoshoku"": 0.0}, ""type"": ""choice""}, ""is_single_recipe"": {""noul"": 0.74, ""type"": ""noul""}, ""main_ingredient"": {""choice"": ""other"", ""confidence"": 1.0, ""probabilities"": {""egg"": 0.0, ""fish"": 0.0, ""meat"": 0.0, ""other"": 1.0, ""soy"": 0.0, ""vegetable"": 0.0}, ""type"": ""choice""}, ""staple"": {""choice"": ""noodle"", ""confidence"": 1.0, ""probabilities"": {""bread"": 0.0, ""noodle"": 1.0, ""other"": 0.0, ""rice"": 0.0}, ""type"": ""choice""}, ""taste_tag"": {""choice"": ""semi_light"", ""confidence"": 0.39, ""probabilities"": {""light"": 0.38, ""rich"": 0.0, ""semi_light"": 0.55, ""semi_rich"": 0.07}, ""type"": ""choice""}}, ""workload"": {""temperature_tag"": {""choice"": ""warm"", ""confidence"": 0.9, ""probabilities"": {""cold"": 0.05, ""warm"": 0.95}, ""type"": ""choice""}, ""time_tag"": {""choice"": ""within_15"", ""confidence"": 0.99, ""probabilities"": {""min_15_30"": 0.01, ""over_30"": 0.0, ""within_15"": 0.99}, ""type"": ""choice""}, ""uses_frying_pan"": {""noul"": 0.18, ""type"": ""noul""}, ""uses_heat_tag"": {""noul"": 0.95, ""type"": ""noul""}, ""uses_knife_tag"": {""noul"": 0.29, ""type"": ""noul""}, ""uses_microwave"": {""noul"": 0.11, ""type"": ""noul""}}}",
03D0rn_kR-U,【超簡単】美味しいうどんだしの作り方！ #shorts #簡単レシピ #うどん,https://www.youtube.com/watch?v=03D0rn_kR-U,ok,needs_review,true,0.89,和食,1.00,麺,0.98,麺料理,0.91,その他,0.91,あっさり,0.74,温かい,0.98,15分以内,1.00,false,0.91,true,0.91,false,0.93,false,0.96,taste_tag,2656,"{""core"": {""dish_shape"": {""choice"": ""noodle"", ""confidence"": 0.91, ""probabilities"": {""bowl"": 0.0, ""bread"": 0.0, ""main"": 0.01, ""noodle"": 0.92, ""other"": 0.07, ""rice_other"": 0.0, ""stew"": 0.0}, ""type"": ""choice""}, ""genre"": {""choice"": ""washoku"", ""confidence"": 1.0, ""probabilities"": {""chuka"": 0.0, ""korean"": 0.0, ""other"": 0.0, ""washoku"": 1.0, ""yoshoku"": 0.0}, ""type"": ""choice""}, ""is_single_recipe"": {""noul"": 0.89, ""type"": ""noul""}, ""main_ingredient"": {""choice"": ""other"", ""confidence"": 0.91, ""probabilities"": {""egg"": 0.0, ""fish"": 0.06, ""meat"": 0.0, ""other"": 0.93, ""soy"": 0.01, ""vegetable"": 0.0}, ""type"": ""choice""}, ""staple"": {""choice"": ""noodle"", ""confidence"": 0.98, ""probabilities"": {""bread"": 0.0, ""noodle"": 0.98, ""other"": 0.02, ""rice"": 0.0}, ""type"": ""choice""}, ""taste_tag"": {""choice"": ""light"", ""confidence"": 0.74, ""probabilities"": {""light"": 0.8, ""rich"": 0.0, ""semi_light"": 0.19, ""semi_rich"": 0.01}, ""type"": ""choice""}}, ""workload"": {""temperature_tag"": {""choice"": ""warm"", ""confidence"": 0.98, ""probabilities"": {""cold"": 0.01, ""warm"": 0.99}, ""type"": ""choice""}, ""time_tag"": {""choice"": ""within_15"", ""confidence"": 1.0, ""probabilities"": {""min_15_30"": 0.0, ""over_30"": 0.0, ""within_15"": 1.0}, ""type"": ""choice""}, ""uses_frying_pan"": {""noul"": 0.07, ""type"": ""noul""}, ""uses_heat_tag"": {""noul"": 0.91, ""type"": ""noul""}, ""uses_knife_tag"": {""noul"": 0.09, ""type"": ""noul""}, ""uses_microwave"": {""noul"": 0.04, ""type"": ""noul""}}}",
PY8CJt4aZtg,【コスパ◎】5分で完成、麻辣湯うどんレシピ。 #簡単レシピ #麻辣湯 #おうちごはん #節約レシピ #時短レシピ #料理動画,https://www.youtube.com/watch?v=PY8CJt4aZtg,ok,needs_review,true,0.84,中華,0.42,麺,1.00,麺料理,1.00,その他,0.99,ややガッツリ,0.58,温かい,1.00,15分以内,1.00,false,0.62,true,0.96,false,0.79,false,0.93,genre;taste_tag;uses_knife_tag,2592,"{""core"": {""dish_shape"": {""choice"": ""noodle"", ""confidence"": 1.0, ""probabilities"": {""bowl"": 0.0, ""bread"": 0.0, ""main"": 0.0, ""noodle"": 1.0, ""other"": 0.0, ""rice_other"": 0.0, ""stew"": 0.0}, ""type"": ""choice""}, ""genre"": {""choice"": ""chuka"", ""confidence"": 0.42, ""probabilities"": {""chuka"": 0.55, ""korean"": 0.0, ""other"": 0.02, ""washoku"": 0.43, ""yoshoku"": 0.0}, ""type"": ""choice""}, ""is_single_recipe"": {""noul"": 0.84, ""type"": ""noul""}, ""main_ingredient"": {""choice"": ""other"", ""confidence"": 0.99, ""probabilities"": {""egg"": 0.0, ""fish"": 0.0, ""meat"": 0.0, ""other"": 1.0, ""soy"": 0.0, ""vegetable"": 0.0}, ""type"": ""choice""}, ""staple"": {""choice"": ""noodle"", ""confidence"": 1.0, ""probabilities"": {""bread"": 0.0, ""noodle"": 1.0, ""other"": 0.0, ""rice"": 0.0}, ""type"": ""choice""}, ""taste_tag"": {""choice"": ""semi_rich"", ""confidence"": 0.58, ""probabilities"": {""light"": 0.01, ""rich"": 0.3, ""semi_light"": 0.01, ""semi_rich"": 0.6799999999999999}, ""type"": ""choice""}}, ""workload"": {""temperature_tag"": {""choice"": ""warm"", ""confidence"": 1.0, ""probabilities"": {""cold"": 0.0, ""warm"": 1.0}, ""type"": ""choice""}, ""time_tag"": {""choice"": ""within_15"", ""confidence"": 1.0, ""probabilities"": {""min_15_30"": 0.0, ""over_30"": 0.0, ""within_15"": 1.0}, ""type"": ""choice""}, ""uses_frying_pan"": {""noul"": 0.21, ""type"": ""noul""}, ""uses_heat_tag"": {""noul"": 0.96, ""type"": ""noul""}, ""uses_knife_tag"": {""noul"": 0.38, ""type"": ""noul""}, ""uses_microwave"": {""noul"": 0.07, ""type"": ""noul""}}}",
gHqqKlakmSk,【たった100円】金無きゃこれくってろうどん#PR #JOYL,https://www.youtube.com/watch?v=gHqqKlakmSk,ok,needs_review,true,0.56,中華,0.73,麺,1.00,麺料理,1.00,その他,0.95,ガッツリ,0.64,温かい,0.99,15分以内,0.98,false,0.64,true,0.99,true,0.98,true,0.98,is_single_recipe;genre;taste_tag;uses_knife_tag,5262,"{""core"": {""dish_shape"": {""choice"": ""noodle"", ""confidence"": 1.0, ""probabilities"": {""bowl"": 0.0, ""bread"": 0.0, ""main"": 0.0, ""noodle"": 1.0, ""other"": 0.0, ""rice_other"": 0.0, ""stew"": 0.0}, ""type"": ""choice""}, ""genre"": {""choice"": ""chuka"", ""confidence"": 0.73, ""probabilities"": {""chuka"": 0.78, ""korean"": 0.0, ""other"": 0.01, ""washoku"": 0.21, ""yoshoku"": 0.0}, ""type"": ""choice""}, ""is_single_recipe"": {""noul"": 0.56, ""type"": ""noul""}, ""main_ingredient"": {""choice"": ""other"", ""confidence"": 0.95, ""probabilities"": {""egg"": 0.03, ""fish"": 0.0, ""meat"": 0.0, ""other"": 0.96, ""soy"": 0.0, ""vegetable"": 0.01}, ""type"": ""choice""}, ""staple"": {""choice"": ""noodle"", ""confidence"": 1.0, ""probabilities"": {""bread"": 0.0, ""noodle"": 1.0, ""other"": 0.0, ""rice"": 0.0}, ""type"": ""choice""}, ""taste_tag"": {""choice"": ""rich"", ""confidence"": 0.64, ""probabilities"": {""light"": 0.0, ""rich"": 0.73, ""semi_light"": 0.0, ""semi_rich"": 0.27}, ""type"": ""choice""}}, ""workload"": {""temperature_tag"": {""choice"": ""warm"", ""confidence"": 0.99, ""probabilities"": {""cold"": 0.0, ""warm"": 1.0}, ""type"": ""choice""}, ""time_tag"": {""choice"": ""within_15"", ""confidence"": 0.98, ""probabilities"": {""min_15_30"": 0.01, ""over_30"": 0.0, ""within_15"": 0.99}, ""type"": ""choice""}, ""uses_frying_pan"": {""noul"": 0.98, ""type"": ""noul""}, ""uses_heat_tag"": {""noul"": 0.99, ""type"": ""noul""}, ""uses_knife_tag"": {""noul"": 0.36, ""type"": ""noul""}, ""uses_microwave"": {""noul"": 0.98, ""type"": ""noul""}}}",
H8HgegPJbEE,【リピ確】5分で作れる油そば！悪魔的に旨い…#簡単レシピ #冷凍うどん #油そば,https://www.youtube.com/watch?v=H8HgegPJbEE,ok,needs_review,true,0.85,和食,0.65,麺,1.00,麺料理,1.00,その他,0.99,ガッツリ,0.64,温かい,0.93,15分以内,1.00,false,0.69,true,0.95,false,0.53,false,0.88,genre;taste_tag;uses_knife_tag;uses_frying_pan,2556,"{""core"": {""dish_shape"": {""choice"": ""noodle"", ""confidence"": 1.0, ""probabilities"": {""bowl"": 0.0, ""bread"": 0.0, ""main"": 0.0, ""noodle"": 1.0, ""other"": 0.0, ""rice_other"": 0.0, ""stew"": 0.0}, ""type"": ""choice""}, ""genre"": {""choice"": ""washoku"", ""confidence"": 0.65, ""probabilities"": {""chuka"": 0.27, ""korean"": 0.0, ""other"": 0.01, ""washoku"": 0.72, ""yoshoku"": 0.0}, ""type"": ""choice""}, ""is_single_recipe"": {""noul"": 0.85, ""type"": ""noul""}, ""main_ingredient"": {""choice"": ""other"", ""confidence"": 0.99, ""probabilities"": {""egg"": 0.0, ""fish"": 0.0, ""meat"": 0.0, ""other"": 1.0, ""soy"": 0.0, ""vegetable"": 0.0}, ""type"": ""choice""}, ""staple"": {""choice"": ""noodle"", ""confidence"": 1.0, ""probabilities"": {""bread"": 0.0, ""noodle"": 1.0, ""other"": 0.0, ""rice"": 0.0}, ""type"": ""choice""}, ""taste_tag"": {""choice"": ""rich"", ""confidence"": 0.64, ""probabilities"": {""light"": 0.0, ""rich"": 0.73, ""semi_light"": 0.0, ""semi_rich"": 0.27}, ""type"": ""choice""}}, ""workload"": {""temperature_tag"": {""choice"": ""warm"", ""confidence"": 0.93, ""probabilities"": {""cold"": 0.03, ""warm"": 0.97}, ""type"": ""choice""}, ""time_tag"": {""choice"": ""within_15"", ""confidence"": 1.0, ""probabilities"": {""min_15_30"": 0.0, ""over_30"": 0.0, ""within_15"": 1.0}, ""type"": ""choice""}, ""uses_frying_pan"": {""noul"": 0.47, ""type"": ""noul""}, ""uses_heat_tag"": {""noul"": 0.95, ""type"": ""noul""}, ""uses_knife_tag"": {""noul"": 0.31, ""type"": ""noul""}, ""uses_microwave"": {""noul"": 0.12, ""type"": ""noul""}}}",
fO3LxlCsccs,簡単絶品レシピ！たらこバターうどん,https://www.youtube.com/watch?v=fO3LxlCsccs,ok,needs_review,true,0.95,和食,1.00,麺,1.00,麺料理,1.00,魚,0.96,ややガッツリ,0.68,温かい,0.96,15分以内,1.00,false,0.81,true,0.98,false,0.93,false,0.97,taste_tag,2850,"{""core"": {""dish_shape"": {""choice"": ""noodle"", ""confidence"": 1.0, ""probabilities"": {""bowl"": 0.0, ""bread"": 0.0, ""main"": 0.0, ""noodle"": 1.0, ""other"": 0.0, ""rice_other"": 0.0, ""stew"": 0.0}, ""type"": ""choice""}, ""genre"": {""choice"": ""washoku"", ""confidence"": 1.0, ""probabilities"": {""chuka"": 0.0, ""korean"": 0.0, ""other"": 0.0, ""washoku"": 1.0, ""yoshoku"": 0.0}, ""type"": ""choice""}, ""is_single_recipe"": {""noul"": 0.95, ""type"": ""noul""}, ""main_ingredient"": {""choice"": ""fish"", ""confidence"": 0.96, ""probabilities"": {""egg"": 0.0, ""fish"": 0.97, ""meat"": 0.0, ""other"": 0.03, ""soy"": 0.0, ""vegetable"": 0.0}, ""type"": ""choice""}, ""staple"": {""choice"": ""noodle"", ""confidence"": 1.0, ""probabilities"": {""bread"": 0.0, ""noodle"": 1.0, ""other"": 0.0, ""rice"": 0.0}, ""type"": ""choice""}, ""taste_tag"": {""choice"": ""semi_rich"", ""confidence"": 0.68, ""probabilities"": {""light"": 0.0, ""rich"": 0.22, ""semi_light"": 0.02, ""semi_rich"": 0.76}, ""type"": ""choice""}}, ""workload"": {""temperature_tag"": {""choice"": ""warm"", ""confidence"": 0.96, ""probabilities"": {""cold"": 0.02, ""warm"": 0.98}, ""type"": ""choice""}, ""time_tag"": {""choice"": ""within_15"", ""confidence"": 1.0, ""probabilities"": {""min_15_30"": 0.0, ""over_30"": 0.0, ""within_15"": 1.0}, ""type"": ""choice""}, ""uses_frying_pan"": {""noul"": 0.07, ""type"": ""noul""}, ""uses_heat_tag"": {""noul"": 0.98, ""type"": ""noul""}, ""uses_knife_tag"": {""noul"": 0.19, ""type"": ""noul""}, ""uses_microwave"": {""noul"": 0.03, ""type"": ""noul""}}}",
GkZglARh6ps,絶品カレーうどんの作り方！手軽な材料でうどん屋さんの味！箸が止まらなくなる旨さです！上手に作るコツをご紹介！-How to make Curry Udon-【料理研究家ゆかり】,https://www.youtube.com/watch?v=GkZglARh6ps,ok,needs_review,true,0.93,和食,0.88,麺,1.00,麺料理,1.00,その他,0.75,ややガッツリ,0.47,温かい,1.00,15分以内,0.67,true,0.94,true,0.98,true,0.61,false,0.96,taste_tag;time_tag;uses_frying_pan,4298,"{""core"": {""dish_shape"": {""choice"": ""noodle"", ""confidence"": 1.0, ""probabilities"": {""bowl"": 0.0, ""bread"": 0.0, ""main"": 0.0, ""noodle"": 1.0, ""other"": 0.0, ""rice_other"": 0.0, ""stew"": 0.0}, ""type"": ""choice""}, ""genre"": {""choice"": ""washoku"", ""confidence"": 0.88, ""probabilities"": {""chuka"": 0.0, ""korean"": 0.0, ""other"": 0.0, ""washoku"": 0.91, ""yoshoku"": 0.09}, ""type"": ""choice""}, ""is_single_recipe"": {""noul"": 0.93, ""type"": ""noul""}, ""main_ingredient"": {""choice"": ""other"", ""confidence"": 0.75, ""probabilities"": {""egg"": 0.0, ""fish"": 0.0, ""meat"": 0.2, ""other"": 0.79, ""soy"": 0.01, ""vegetable"": 0.0}, ""type"": ""choice""}, ""staple"": {""choice"": ""noodle"", ""confidence"": 1.0, ""probabilities"": {""bread"": 0.0, ""noodle"": 1.0, ""other"": 0.0, ""rice"": 0.0}, ""type"": ""choice""}, ""taste_tag"": {""choice"": ""semi_rich"", ""confidence"": 0.47, ""probabilities"": {""light"": 0.0, ""rich"": 0.39, ""semi_light"": 0.0, ""semi_rich"": 0.61}, ""type"": ""choice""}}, ""workload"": {""temperature_tag"": {""choice"": ""warm"", ""confidence"": 1.0, ""probabilities"": {""cold"": 0.0, ""warm"": 1.0}, ""type"": ""choice""}, ""time_tag"": {""choice"": ""within_15"", ""confidence"": 0.67, ""probabilities"": {""min_15_30"": 0.21, ""over_30"": 0.02, ""within_15"": 0.77}, ""type"": ""choice""}, ""uses_frying_pan"": {""noul"": 0.61, ""type"": ""noul""}, ""uses_heat_tag"": {""noul"": 0.98, ""type"": ""noul""}, ""uses_knife_tag"": {""noul"": 0.94, ""type"": ""noul""}, ""uses_microwave"": {""noul"": 0.04, ""type"": ""noul""}}}",
qP-xaa-CUSI,プチットうどんの便利さをみんなに伝えたい🥺✨#プチットうどん#お弁当作り#お弁当#food#lunch#料理,https://www.youtube.com/watch?v=qP-xaa-CUSI,ok,needs_review,true,0.60,和食,1.00,麺,1.00,麺料理,1.00,その他,1.00,ややあっさり,0.30,温かい,0.67,15分以内,0.98,false,0.75,true,0.92,false,0.81,false,0.91,is_single_recipe;taste_tag;temperature_tag,2580,"{""core"": {""dish_shape"": {""choice"": ""noodle"", ""confidence"": 1.0, ""probabilities"": {""bowl"": 0.0, ""bread"": 0.0, ""main"": 0.0, ""noodle"": 1.0, ""other"": 0.0, ""rice_other"": 0.0, ""stew"": 0.0}, ""type"": ""choice""}, ""genre"": {""choice"": ""washoku"", ""confidence"": 1.0, ""probabilities"": {""chuka"": 0.0, ""korean"": 0.0, ""other"": 0.0, ""washoku"": 1.0, ""yoshoku"": 0.0}, ""type"": ""choice""}, ""is_single_recipe"": {""noul"": 0.6, ""type"": ""noul""}, ""main_ingredient"": {""choice"": ""other"", ""confidence"": 1.0, ""probabilities"": {""egg"": 0.0, ""fish"": 0.0, ""meat"": 0.0, ""other"": 1.0, ""soy"": 0.0, ""vegetable"": 0.0}, ""type"": ""choice""}, ""staple"": {""choice"": ""noodle"", ""confidence"": 1.0, ""probabilities"": {""bread"": 0.0, ""noodle"": 1.0, ""other"": 0.0, ""rice"": 0.0}, ""type"": ""choice""}, ""taste_tag"": {""choice"": ""semi_light"", ""confidence"": 0.3, ""probabilities"": {""light"": 0.47, ""rich"": 0.0, ""semi_light"": 0.47, ""semi_rich"": 0.06}, ""type"": ""choice""}}, ""workload"": {""temperature_tag"": {""choice"": ""warm"", ""confidence"": 0.67, ""probabilities"": {""cold"": 0.16, ""warm"": 0.84}, ""type"": ""choice""}, ""time_tag"": {""choice"": ""within_15"", ""confidence"": 0.98, ""probabilities"": {""min_15_30"": 0.01, ""over_30"": 0.0, ""within_15"": 0.99}, ""type"": ""choice""}, ""uses_frying_pan"": {""noul"": 0.19, ""type"": ""noul""}, ""uses_heat_tag"": {""noul"": 0.92, ""type"": ""noul""}, ""uses_knife_tag"": {""noul"": 0.25, ""type"": ""noul""}, ""uses_microwave"": {""noul"": 0.09, ""type"": ""noul""}}}",
XJSL7TU0fjU,爆速バター醤油うどん#うどん#バター#醤油#料理#shorts,https://www.youtube.com/watch?v=XJSL7TU0fjU,ok,needs_review,true,0.95,和食,1.00,麺,1.00,麺料理,1.00,その他,0.96,ガッツリ,0.55,温かい,1.00,15分以内,1.00,false,0.95,true,0.99,false,0.94,true,0.99,taste_tag,2908,"{""core"": {""dish_shape"": {""choice"": ""noodle"", ""confidence"": 1.0, ""probabilities"": {""bowl"": 0.0, ""bread"": 0.0, ""main"": 0.0, ""noodle"": 1.0, ""other"": 0.0, ""rice_other"": 0.0, ""stew"": 0.0}, ""type"": ""choice""}, ""genre"": {""choice"": ""washoku"", ""confidence"": 1.0, ""probabilities"": {""chuka"": 0.0, ""korean"": 0.0, ""other"": 0.0, ""washoku"": 1.0, ""yoshoku"": 0.0}, ""type"": ""choice""}, ""is_single_recipe"": {""noul"": 0.95, ""type"": ""noul""}, ""main_ingredient"": {""choice"": ""other"", ""confidence"": 0.96, ""probabilities"": {""egg"": 0.0, ""fish"": 0.0, ""meat"": 0.0, ""other"": 0.97, ""soy"": 0.03, ""vegetable"": 0.0}, ""type"": ""choice""}, ""staple"": {""choice"": ""noodle"", ""confidence"": 1.0, ""probabilities"": {""bread"": 0.0, ""noodle"": 1.0, ""other"": 0.0, ""rice"": 0.0}, ""type"": ""choice""}, ""taste_tag"": {""choice"": ""rich"", ""confidence"": 0.55, ""probabilities"": {""light"": 0.0, ""rich"": 0.66, ""semi_light"": 0.0, ""semi_rich"": 0.34}, ""type"": ""choice""}}, ""workload"": {""temperature_tag"": {""choice"": ""warm"", ""confidence"": 1.0, ""probabilities"": {""cold"": 0.0, ""warm"": 1.0}, ""type"": ""choice""}, ""time_tag"": {""choice"": ""within_15"", ""confidence"": 1.0, ""probabilities"": {""min_15_30"": 0.0, ""over_30"": 0.0, ""within_15"": 1.0}, ""type"": ""choice""}, ""uses_frying_pan"": {""noul"": 0.06, ""type"": ""noul""}, ""uses_heat_tag"": {""noul"": 0.99, ""type"": ""noul""}, ""uses_knife_tag"": {""noul"": 0.05, ""type"": ""noul""}, ""uses_microwave"": {""noul"": 0.99, ""type"": ""noul""}}}",
GIMYieI6bTQ,[町中華]元ラーメン屋が作る坦々うどん#ラーメン#shorts,https://www.youtube.com/watch?v=GIMYieI6bTQ,ok,needs_review,true,0.95,中華,0.91,麺,1.00,麺料理,1.00,その他,0.99,ややガッツリ,0.42,温かい,1.00,15分以内,1.00,false,0.67,true,0.98,false,0.86,false,0.96,taste_tag;uses_knife_tag,3156,"{""core"": {""dish_shape"": {""choice"": ""noodle"", ""confidence"": 1.0, ""probabilities"": {""bowl"": 0.0, ""bread"": 0.0, ""main"": 0.0, ""noodle"": 1.0, ""other"": 0.0, ""rice_other"": 0.0, ""stew"": 0.0}, ""type"": ""choice""}, ""genre"": {""choice"": ""chuka"", ""confidence"": 0.91, ""probabilities"": {""chuka"": 0.93, ""korean"": 0.0, ""other"": 0.0, ""washoku"": 0.07, ""yoshoku"": 0.0}, ""type"": ""choice""}, ""is_single_recipe"": {""noul"": 0.95, ""type"": ""noul""}, ""main_ingredient"": {""choice"": ""other"", ""confidence"": 0.99, ""probabilities"": {""egg"": 0.0, ""fish"": 0.0, ""meat"": 0.0, ""other"": 0.99, ""soy"": 0.01, ""vegetable"": 0.0}, ""type"": ""choice""}, ""staple"": {""choice"": ""noodle"", ""confidence"": 1.0, ""probabilities"": {""bread"": 0.0, ""noodle"": 1.0, ""other"": 0.0, ""rice"": 0.0}, ""type"": ""choice""}, ""taste_tag"": {""choice"": ""semi_rich"", ""confidence"": 0.42, ""probabilities"": {""light"": 0.0, ""rich"": 0.44, ""semi_light"": 0.0, ""semi_rich"": 0.56}, ""type"": ""choice""}}, ""workload"": {""temperature_tag"": {""choice"": ""warm"", ""confidence"": 1.0, ""probabilities"": {""cold"": 0.0, ""warm"": 1.0}, ""type"": ""choice""}, ""time_tag"": {""choice"": ""within_15"", ""confidence"": 1.0, ""probabilities"": {""min_15_30"": 0.0, ""over_30"": 0.0, ""within_15"": 1.0}, ""type"": ""choice""}, ""uses_frying_pan"": {""noul"": 0.14, ""type"": ""noul""}, ""uses_heat_tag"": {""noul"": 0.98, ""type"": ""noul""}, ""uses_knife_tag"": {""noul"": 0.33, ""type"": ""noul""}, ""uses_microwave"": {""noul"": 0.04, ""type"": ""noul""}}}",
CcExSBD2JWY,断言しますがこれが世界で一番旨いうどんの食べ方です。#shorts #リュウジ #山形 #納豆 #うどん #ひっぱりうどん #レシピ #料理,https://www.youtube.com/watch?v=CcExSBD2JWY,ok,needs_review,false,0.55,和食,1.00,麺,1.00,麺料理,1.00,魚,0.38,ややガッツリ,0.78,冷たい,0.72,15〜30分,0.88,true,0.70,true,0.97,false,0.76,false,0.77,is_single_recipe;main_ingredient;temperature_tag;uses_knife_tag,5200,"{""core"": {""dish_shape"": {""choice"": ""noodle"", ""confidence"": 1.0, ""probabilities"": {""bowl"": 0.0, ""bread"": 0.0, ""main"": 0.0, ""noodle"": 1.0, ""other"": 0.0, ""rice_other"": 0.0, ""stew"": 0.0}, ""type"": ""choice""}, ""genre"": {""choice"": ""washoku"", ""confidence"": 1.0, ""probabilities"": {""chuka"": 0.0, ""korean"": 0.0, ""other"": 0.0, ""washoku"": 1.0, ""yoshoku"": 0.0}, ""type"": ""choice""}, ""is_single_recipe"": {""noul"": 0.45, ""type"": ""noul""}, ""main_ingredient"": {""choice"": ""fish"", ""confidence"": 0.38, ""probabilities"": {""egg"": 0.0, ""fish"": 0.48, ""meat"": 0.0, ""other"": 0.4, ""soy"": 0.12, ""vegetable"": 0.0}, ""type"": ""choice""}, ""staple"": {""choice"": ""noodle"", ""confidence"": 1.0, ""probabilities"": {""bread"": 0.0, ""noodle"": 1.0, ""other"": 0.0, ""rice"": 0.0}, ""type"": ""choice""}, ""taste_tag"": {""choice"": ""semi_rich"", ""confidence"": 0.78, ""probabilities"": {""light"": 0.02, ""rich"": 0.08, ""semi_light"": 0.06, ""semi_rich"": 0.84}, ""type"": ""choice""}}, ""workload"": {""temperature_tag"": {""choice"": ""cold"", ""confidence"": 0.72, ""probabilities"": {""cold"": 0.86, ""warm"": 0.14}, ""type"": ""choice""}, ""time_tag"": {""choice"": ""min_15_30"", ""confidence"": 0.88, ""probabilities"": {""min_15_30"": 0.92, ""over_30"": 0.01, ""within_15"": 0.07}, ""type"": ""choice""}, ""uses_frying_pan"": {""noul"": 0.24, ""type"": ""noul""}, ""uses_heat_tag"": {""noul"": 0.97, ""type"": ""noul""}, ""uses_knife_tag"": {""noul"": 0.7, ""type"": ""noul""}, ""uses_microwave"": {""noul"": 0.23, ""type"": ""noul""}}}",
-p5M9HlVaaw,【プロ直伝】 お家で簡単！本格【手打ちうどん】の作り方 初心者でも失敗しないうどんの打ち方 安い粉でも美味しいうどんが作れます！,https://www.youtube.com/watch?v=-p5M9HlVaaw,ok,needs_review,true,0.94,和食,1.00,麺,1.00,麺料理,1.00,その他,1.00,ややあっさり,0.31,温かい,0.89,30分以上,0.58,true,0.96,true,0.98,false,0.84,false,0.97,taste_tag;time_tag,5718,"{""core"": {""dish_shape"": {""choice"": ""noodle"", ""confidence"": 1.0, ""probabilities"": {""bowl"": 0.0, ""bread"": 0.0, ""main"": 0.0, ""noodle"": 1.0, ""other"": 0.0, ""rice_other"": 0.0, ""stew"": 0.0}, ""type"": ""choice""}, ""genre"": {""choice"": ""washoku"", ""confidence"": 1.0, ""probabilities"": {""chuka"": 0.0, ""korean"": 0.0, ""other"": 0.0, ""washoku"": 1.0, ""yoshoku"": 0.0}, ""type"": ""choice""}, ""is_single_recipe"": {""noul"": 0.94, ""type"": ""noul""}, ""main_ingredient"": {""choice"": ""other"", ""confidence"": 1.0, ""probabilities"": {""egg"": 0.0, ""fish"": 0.0, ""meat"": 0.0, ""other"": 1.0, ""soy"": 0.0, ""vegetable"": 0.0}, ""type"": ""choice""}, ""staple"": {""choice"": ""noodle"", ""confidence"": 1.0, ""probabilities"": {""bread"": 0.0, ""noodle"": 1.0, ""other"": 0.0, ""rice"": 0.0}, ""type"": ""choice""}, ""taste_tag"": {""choice"": ""semi_light"", ""confidence"": 0.31, ""probabilities"": {""light"": 0.4, ""rich"": 0.0, ""semi_light"": 0.48, ""semi_rich"": 0.12}, ""type"": ""choice""}}, ""workload"": {""temperature_tag"": {""choice"": ""warm"", ""confidence"": 0.89, ""probabilities"": {""cold"": 0.05, ""warm"": 0.95}, ""type"": ""choice""}, ""time_tag"": {""choice"": ""over_30"", ""confidence"": 0.58, ""probabilities"": {""min_15_30"": 0.08, ""over_30"": 0.72, ""within_15"": 0.2}, ""type"": ""choice""}, ""uses_frying_pan"": {""noul"": 0.16, ""type"": ""noul""}, ""uses_heat_tag"": {""noul"": 0.98, ""type"": ""noul""}, ""uses_knife_tag"": {""noul"": 0.96, ""type"": ""noul""}, ""uses_microwave"": {""noul"": 0.03, ""type"": ""noul""}}}",
bCeYSaFAXOA,懐かしの昭和の味！笠原流【焼きうどん】の作り方,https://www.youtube.com/watch?v=bCeYSaFAXOA,ok,ai_tagged,true,0.96,和食,0.91,麺,1.00,麺料理,1.00,その他,0.95,ややガッツリ,0.99,温かい,1.00,15分以内,0.90,true,0.98,true,0.99,true,0.99,false,0.97,,4450,"{""core"": {""dish_shape"": {""choice"": ""noodle"", ""confidence"": 1.0, ""probabilities"": {""bowl"": 0.0, ""bread"": 0.0, ""main"": 0.0, ""noodle"": 1.0, ""other"": 0.0, ""rice_other"": 0.0, ""stew"": 0.0}, ""type"": ""choice""}, ""genre"": {""choice"": ""washoku"", ""confidence"": 0.91, ""probabilities"": {""chuka"": 0.07, ""korean"": 0.0, ""other"": 0.0, ""washoku"": 0.93, ""yoshoku"": 0.0}, ""type"": ""choice""}, ""is_single_recipe"": {""noul"": 0.96, ""type"": ""noul""}, ""main_ingredient"": {""choice"": ""other"", ""confidence"": 0.95, ""probabilities"": {""egg"": 0.0, ""fish"": 0.0, ""meat"": 0.02, ""other"": 0.96, ""soy"": 0.0, ""vegetable"": 0.02}, ""type"": ""choice""}, ""staple"": {""choice"": ""noodle"", ""confidence"": 1.0, ""probabilities"": {""bread"": 0.0, ""noodle"": 1.0, ""other"": 0.0, ""rice"": 0.0}, ""type"": ""choice""}, ""taste_tag"": {""choice"": ""semi_rich"", ""confidence"": 0.99, ""probabilities"": {""light"": 0.0, ""rich"": 0.0, ""semi_light"": 0.0, ""semi_rich"": 1.0}, ""type"": ""choice""}}, ""workload"": {""temperature_tag"": {""choice"": ""warm"", ""confidence"": 1.0, ""probabilities"": {""cold"": 0.0, ""warm"": 1.0}, ""type"": ""choice""}, ""time_tag"": {""choice"": ""within_15"", ""confidence"": 0.9, ""probabilities"": {""min_15_30"": 0.07, ""over_30"": 0.0, ""within_15"": 0.93}, ""type"": ""choice""}, ""uses_frying_pan"": {""noul"": 0.99, ""type"": ""noul""}, ""uses_heat_tag"": {""noul"": 0.99, ""type"": ""noul""}, ""uses_knife_tag"": {""noul"": 0.98, ""type"": ""noul""}, ""uses_microwave"": {""noul"": 0.03, ""type"": ""noul""}}}",
09SVwnTsD74,〜丸亀超えた明太クリームうどん〜#簡単レシピ #料理 #おうちご飯 #自炊 #shorts,https://www.youtube.com/watch?v=09SVwnTsD74,ok,needs_review,true,0.95,和食,0.98,麺,1.00,麺料理,1.00,魚,0.92,ガッツリ,0.99,温かい,1.00,15分以内,1.00,true,0.67,true,0.99,true,0.98,true,0.98,uses_knife_tag,3238,"{""core"": {""dish_shape"": {""choice"": ""noodle"", ""confidence"": 1.0, ""probabilities"": {""bowl"": 0.0, ""bread"": 0.0, ""main"": 0.0, ""noodle"": 1.0, ""other"": 0.0, ""rice_other"": 0.0, ""stew"": 0.0}, ""type"": ""choice""}, ""genre"": {""choice"": ""washoku"", ""confidence"": 0.98, ""probabilities"": {""chuka"": 0.0, ""korean"": 0.0, ""other"": 0.0, ""washoku"": 0.99, ""yoshoku"": 0.01}, ""type"": ""choice""}, ""is_single_recipe"": {""noul"": 0.95, ""type"": ""noul""}, ""main_ingredient"": {""choice"": ""fish"", ""confidence"": 0.92, ""probabilities"": {""egg"": 0.0, ""fish"": 0.93, ""meat"": 0.0, ""other"": 0.07, ""soy"": 0.0, ""vegetable"": 0.0}, ""type"": ""choice""}, ""staple"": {""choice"": ""noodle"", ""confidence"": 1.0, ""probabilities"": {""bread"": 0.0, ""noodle"": 1.0, ""other"": 0.0, ""rice"": 0.0}, ""type"": ""choice""}, ""taste_tag"": {""choice"": ""rich"", ""confidence"": 0.99, ""probabilities"": {""light"": 0.0, ""rich"": 0.99, ""semi_light"": 0.0, ""semi_rich"": 0.01}, ""type"": ""choice""}}, ""workload"": {""temperature_tag"": {""choice"": ""warm"", ""confidence"": 1.0, ""probabilities"": {""cold"": 0.0, ""warm"": 1.0}, ""type"": ""choice""}, ""time_tag"": {""choice"": ""within_15"", ""confidence"": 1.0, ""probabilities"": {""min_15_30"": 0.0, ""over_30"": 0.0, ""within_15"": 1.0}, ""type"": ""choice""}, ""uses_frying_pan"": {""noul"": 0.98, ""type"": ""noul""}, ""uses_heat_tag"": {""noul"": 0.99, ""type"": ""noul""}, ""uses_knife_tag"": {""noul"": 0.67, ""type"": ""noul""}, ""uses_microwave"": {""noul"": 0.98, ""type"": ""noul""}}}",
zBdJncNEKGg,スープジャーで冷たいうどん弁当#同棲ご飯 #簡単レシピ #毎日弁当 #同棲弁当,https://www.youtube.com/watch?v=zBdJncNEKGg,ok,needs_review,false,0.51,和食,1.00,麺,1.00,麺料理,1.00,その他,1.00,あっさり,0.90,冷たい,0.99,15分以内,0.83,false,0.53,true,0.73,false,0.77,false,0.90,is_single_recipe;uses_knife_tag;uses_heat_tag,2576,"{""core"": {""dish_shape"": {""choice"": ""noodle"", ""confidence"": 1.0, ""probabilities"": {""bowl"": 0.0, ""bread"": 0.0, ""main"": 0.0, ""noodle"": 1.0, ""other"": 0.0, ""rice_other"": 0.0, ""stew"": 0.0}, ""type"": ""choice""}, ""genre"": {""choice"": ""washoku"", ""confidence"": 1.0, ""probabilities"": {""chuka"": 0.0, ""korean"": 0.0, ""other"": 0.0, ""washoku"": 1.0, ""yoshoku"": 0.0}, ""type"": ""choice""}, ""is_single_recipe"": {""noul"": 0.49, ""type"": ""noul""}, ""main_ingredient"": {""choice"": ""other"", ""confidence"": 1.0, ""probabilities"": {""egg"": 0.0, ""fish"": 0.0, ""meat"": 0.0, ""other"": 1.0, ""soy"": 0.0, ""vegetable"": 0.0}, ""type"": ""choice""}, ""staple"": {""choice"": ""noodle"", ""confidence"": 1.0, ""probabilities"": {""bread"": 0.0, ""noodle"": 1.0, ""other"": 0.0, ""rice"": 0.0}, ""type"": ""choice""}, ""taste_tag"": {""choice"": ""light"", ""confidence"": 0.9, ""probabilities"": {""light"": 0.92, ""rich"": 0.0, ""semi_light"": 0.07, ""semi_rich"": 0.01}, ""type"": ""choice""}}, ""workload"": {""temperature_tag"": {""choice"": ""cold"", ""confidence"": 0.99, ""probabilities"": {""cold"": 0.99, ""warm"": 0.01}, ""type"": ""choice""}, ""time_tag"": {""choice"": ""within_15"", ""confidence"": 0.83, ""probabilities"": {""min_15_30"": 0.09, ""over_30"": 0.03, ""within_15"": 0.88}, ""type"": ""choice""}, ""uses_frying_pan"": {""noul"": 0.23, ""type"": ""noul""}, ""uses_heat_tag"": {""noul"": 0.73, ""type"": ""noul""}, ""uses_knife_tag"": {""noul"": 0.47, ""type"": ""noul""}, ""uses_microwave"": {""noul"": 0.1, ""type"": ""noul""}}}",
qJYpaRnwTfk,おいしいうどんの作り方【こむぎ粉くらぶ｜日清製粉グループ】,https://www.youtube.com/watch?v=qJYpaRnwTfk,ok,needs_review,true,0.89,和食,1.00,麺,1.00,麺料理,1.00,その他,1.00,あっさり,0.47,温かい,0.93,15分以内,0.76,false,0.52,true,0.97,false,0.87,false,0.95,taste_tag;uses_knife_tag,2646,"{""core"": {""dish_shape"": {""choice"": ""noodle"", ""confidence"": 1.0, ""probabilities"": {""bowl"": 0.0, ""bread"": 0.0, ""main"": 0.0, ""noodle"": 1.0, ""other"": 0.0, ""rice_other"": 0.0, ""stew"": 0.0}, ""type"": ""choice""}, ""genre"": {""choice"": ""washoku"", ""confidence"": 1.0, ""probabilities"": {""chuka"": 0.0, ""korean"": 0.0, ""other"": 0.0, ""washoku"": 1.0, ""yoshoku"": 0.0}, ""type"": ""choice""}, ""is_single_recipe"": {""noul"": 0.89, ""type"": ""noul""}, ""main_ingredient"": {""choice"": ""other"", ""confidence"": 1.0, ""probabilities"": {""egg"": 0.0, ""fish"": 0.0, ""meat"": 0.0, ""other"": 1.0, ""soy"": 0.0, ""vegetable"": 0.0}, ""type"": ""choice""}, ""staple"": {""choice"": ""noodle"", ""confidence"": 1.0, ""probabilities"": {""bread"": 0.0, ""noodle"": 1.0, ""other"": 0.0, ""rice"": 0.0}, ""type"": ""choice""}, ""taste_tag"": {""choice"": ""light"", ""confidence"": 0.47, ""probabilities"": {""light"": 0.6, ""rich"": 0.0, ""semi_light"": 0.38, ""semi_rich"": 0.02}, ""type"": ""choice""}}, ""workload"": {""temperature_tag"": {""choice"": ""warm"", ""confidence"": 0.93, ""probabilities"": {""cold"": 0.04, ""warm"": 0.96}, ""type"": ""choice""}, ""time_tag"": {""choice"": ""within_15"", ""confidence"": 0.76, ""probabilities"": {""min_15_30"": 0.06, ""over_30"": 0.1, ""within_15"": 0.84}, ""type"": ""choice""}, ""uses_frying_pan"": {""noul"": 0.13, ""type"": ""noul""}, ""uses_heat_tag"": {""noul"": 0.97, ""type"": ""noul""}, ""uses_knife_tag"": {""noul"": 0.48, ""type"": ""noul""}, ""uses_microwave"": {""noul"": 0.05, ""type"": ""noul""}}}",
Bc3ZAs9Zp3k,【永久保存版】3分あればうどん屋さん並みに美味しいうどんつゆが作れます『爆速かけうどん』の作り方,https://www.youtube.com/watch?v=Bc3ZAs9Zp3k,ok,needs_review,true,0.91,和食,1.00,麺,1.00,麺料理,1.00,その他,0.98,ややあっさり,0.40,温かい,0.95,15分以内,1.00,false,0.89,true,0.97,false,0.52,false,0.95,taste_tag;uses_frying_pan,4618,"{""core"": {""dish_shape"": {""choice"": ""noodle"", ""confidence"": 1.0, ""probabilities"": {""bowl"": 0.0, ""bread"": 0.0, ""main"": 0.0, ""noodle"": 1.0, ""other"": 0.0, ""rice_other"": 0.0, ""stew"": 0.0}, ""type"": ""choice""}, ""genre"": {""choice"": ""washoku"", ""confidence"": 1.0, ""probabilities"": {""chuka"": 0.0, ""korean"": 0.0, ""other"": 0.0, ""washoku"": 1.0, ""yoshoku"": 0.0}, ""type"": ""choice""}, ""is_single_recipe"": {""noul"": 0.91, ""type"": ""noul""}, ""main_ingredient"": {""choice"": ""other"", ""confidence"": 0.98, ""probabilities"": {""egg"": 0.0, ""fish"": 0.0, ""meat"": 0.0, ""other"": 0.99, ""soy"": 0.01, ""vegetable"": 0.0}, ""type"": ""choice""}, ""staple"": {""choice"": ""noodle"", ""confidence"": 1.0, ""probabilities"": {""bread"": 0.0, ""noodle"": 1.0, ""other"": 0.0, ""rice"": 0.0}, ""type"": ""choice""}, ""taste_tag"": {""choice"": ""semi_light"", ""confidence"": 0.4, ""probabilities"": {""light"": 0.33, ""rich"": 0.0, ""semi_light"": 0.55, ""semi_rich"": 0.11}, ""type"": ""choice""}}, ""workload"": {""temperature_tag"": {""choice"": ""warm"", ""confidence"": 0.95, ""probabilities"": {""cold"": 0.02, ""warm"": 0.98}, ""type"": ""choice""}, ""time_tag"": {""choice"": ""within_15"", ""confidence"": 1.0, ""probabilities"": {""min_15_30"": 0.0, ""over_30"": 0.0, ""within_15"": 1.0}, ""type"": ""choice""}, ""uses_frying_pan"": {""noul"": 0.48, ""type"": ""noul""}, ""uses_heat_tag"": {""noul"": 0.97, ""type"": ""noul""}, ""uses_knife_tag"": {""noul"": 0.11, ""type"": ""noul""}, ""uses_microwave"": {""noul"": 0.05, ""type"": ""noul""}}}",
ZFpXwg_SKAQ,簡単なのに本格的！冷凍うどんで作る【豆乳担々うどん】,https://www.youtube.com/watch?v=ZFpXwg_SKAQ,ok,needs_review,true,0.96,中華,0.84,麺,1.00,麺料理,1.00,豆腐・大豆,0.45,ややガッツリ,0.54,温かい,1.00,15分以内,0.91,true,0.98,true,0.99,true,0.99,false,0.97,main_ingredient;taste_tag,4164,"{""core"": {""dish_shape"": {""choice"": ""noodle"", ""confidence"": 1.0, ""probabilities"": {""bowl"": 0.0, ""bread"": 0.0, ""main"": 0.0, ""noodle"": 1.0, ""other"": 0.0, ""rice_other"": 0.0, ""stew"": 0.0}, ""type"": ""choice""}, ""genre"": {""choice"": ""chuka"", ""confidence"": 0.84, ""probabilities"": {""chuka"": 0.88, ""korean"": 0.0, ""other"": 0.0, ""washoku"": 0.12, ""yoshoku"": 0.0}, ""type"": ""choice""}, ""is_single_recipe"": {""noul"": 0.96, ""type"": ""noul""}, ""main_ingredient"": {""choice"": ""soy"", ""confidence"": 0.45, ""probabilities"": {""egg"": 0.0, ""fish"": 0.0, ""meat"": 0.18, ""other"": 0.28, ""soy"": 0.54, ""vegetable"": 0.0}, ""type"": ""choice""}, ""staple"": {""choice"": ""noodle"", ""confidence"": 1.0, ""probabilities"": {""bread"": 0.0, ""noodle"": 1.0, ""other"": 0.0, ""rice"": 0.0}, ""type"": ""choice""}, ""taste_tag"": {""choice"": ""semi_rich"", ""confidence"": 0.54, ""probabilities"": {""light"": 0.0, ""rich"": 0.34, ""semi_light"": 0.0, ""semi_rich"": 0.66}, ""type"": ""choice""}}, ""workload"": {""temperature_tag"": {""choice"": ""warm"", ""confidence"": 1.0, ""probabilities"": {""cold"": 0.0, ""warm"": 1.0}, ""type"": ""choice""}, ""time_tag"": {""choice"": ""within_15"", ""confidence"": 0.91, ""probabilities"": {""min_15_30"": 0.06, ""over_30"": 0.0, ""within_15"": 0.94}, ""type"": ""choice""}, ""uses_frying_pan"": {""noul"": 0.99, ""type"": ""noul""}, ""uses_heat_tag"": {""noul"": 0.99, ""type"": ""noul""}, ""uses_knife_tag"": {""noul"": 0.98, ""type"": ""noul""}, ""uses_microwave"": {""noul"": 0.03, ""type"": ""noul""}}}",
Jr_9dU9Ybbg,【レシピ】明太クリームうどんの作り方 #簡単レシピ #cooking #料理 #おうちごはん #ランチ #晩御飯,https://www.youtube.com/watch?v=Jr_9dU9Ybbg,ok,needs_review,true,0.83,和食,0.93,麺,1.00,麺料理,1.00,魚,0.92,ややガッツリ,0.36,温かい,1.00,15分以内,0.95,true,0.55,true,0.96,false,0.71,false,0.92,taste_tag;uses_knife_tag;uses_frying_pan,2572,"{""core"": {""dish_shape"": {""choice"": ""noodle"", ""confidence"": 1.0, ""probabilities"": {""bowl"": 0.0, ""bread"": 0.0, ""main"": 0.0, ""noodle"": 1.0, ""other"": 0.0, ""rice_other"": 0.0, ""stew"": 0.0}, ""type"": ""choice""}, ""genre"": {""choice"": ""washoku"", ""confidence"": 0.93, ""probabilities"": {""chuka"": 0.0, ""korean"": 0.0, ""other"": 0.0, ""washoku"": 0.95, ""yoshoku"": 0.05}, ""type"": ""choice""}, ""is_single_recipe"": {""noul"": 0.83, ""type"": ""noul""}, ""main_ingredient"": {""choice"": ""fish"", ""confidence"": 0.92, ""probabilities"": {""egg"": 0.0, ""fish"": 0.93, ""meat"": 0.0, ""other"": 0.07, ""soy"": 0.0, ""vegetable"": 0.0}, ""type"": ""choice""}, ""staple"": {""choice"": ""noodle"", ""confidence"": 1.0, ""probabilities"": {""bread"": 0.0, ""noodle"": 1.0, ""other"": 0.0, ""rice"": 0.0}, ""type"": ""choice""}, ""taste_tag"": {""choice"": ""semi_rich"", ""confidence"": 0.36, ""probabilities"": {""light"": 0.0, ""rich"": 0.48, ""semi_light"": 0.0, ""semi_rich"": 0.52}, ""type"": ""choice""}}, ""workload"": {""temperature_tag"": {""choice"": ""warm"", ""confidence"": 1.0, ""probabilities"": {""cold"": 0.0, ""warm"": 1.0}, ""type"": ""choice""}, ""time_tag"": {""choice"": ""within_15"", ""confidence"": 0.95, ""probabilities"": {""min_15_30"": 0.03, ""over_30"": 0.0, ""within_15"": 0.97}, ""type"": ""choice""}, ""uses_frying_pan"": {""noul"": 0.29, ""type"": ""noul""}, ""uses_heat_tag"": {""noul"": 0.96, ""type"": ""noul""}, ""uses_knife_tag"": {""noul"": 0.55, ""type"": ""noul""}, ""uses_microwave"": {""noul"": 0.08, ""type"": ""noul""}}}",
ChPautrjRxM,ばり美味い冷凍うどんレシピ,https://www.youtube.com/watch?v=ChPautrjRxM,ok,needs_review,true,0.74,和食,1.00,麺,1.00,麺料理,1.00,その他,0.86,ややガッツリ,0.33,温かい,0.92,15分以内,0.99,false,0.64,true,0.94,false,0.72,false,0.86,is_single_recipe;taste_tag;uses_knife_tag;uses_frying_pan,2670,"{""core"": {""dish_shape"": {""choice"": ""noodle"", ""confidence"": 1.0, ""probabilities"": {""bowl"": 0.0, ""bread"": 0.0, ""main"": 0.0, ""noodle"": 1.0, ""other"": 0.0, ""rice_other"": 0.0, ""stew"": 0.0}, ""type"": ""choice""}, ""genre"": {""choice"": ""washoku"", ""confidence"": 1.0, ""probabilities"": {""chuka"": 0.0, ""korean"": 0.0, ""other"": 0.0, ""washoku"": 1.0, ""yoshoku"": 0.0}, ""type"": ""choice""}, ""is_single_recipe"": {""noul"": 0.74, ""type"": ""noul""}, ""main_ingredient"": {""choice"": ""other"", ""confidence"": 0.86, ""probabilities"": {""egg"": 0.0, ""fish"": 0.0, ""meat"": 0.0, ""other"": 0.89, ""soy"": 0.11, ""vegetable"": 0.0}, ""type"": ""choice""}, ""staple"": {""choice"": ""noodle"", ""confidence"": 1.0, ""probabilities"": {""bread"": 0.0, ""noodle"": 1.0, ""other"": 0.0, ""rice"": 0.0}, ""type"": ""choice""}, ""taste_tag"": {""choice"": ""semi_rich"", ""confidence"": 0.33, ""probabilities"": {""light"": 0.08, ""rich"": 0.02, ""semi_light"": 0.4, ""semi_rich"": 0.5}, ""type"": ""choice""}}, ""workload"": {""temperature_tag"": {""choice"": ""warm"", ""confidence"": 0.92, ""probabilities"": {""cold"": 0.04, ""warm"": 0.96}, ""type"": ""choice""}, ""time_tag"": {""choice"": ""within_15"", ""confidence"": 0.99, ""probabilities"": {""min_15_30"": 0.01, ""over_30"": 0.0, ""within_15"": 0.99}, ""type"": ""choice""}, ""uses_frying_pan"": {""noul"": 0.28, ""type"": ""noul""}, ""uses_heat_tag"": {""noul"": 0.94, ""type"": ""noul""}, ""uses_knife_tag"": {""noul"": 0.36, ""type"": ""noul""}, ""uses_microwave"": {""noul"": 0.14, ""type"": ""noul""}}}",
ryZluQ2V2nw,つるとん○ん越えました。生クリームを使わない超濃厚明太クリームうどんの作り方#shorts,https://www.youtube.com/watch?v=ryZluQ2V2nw,ok,needs_review,true,0.86,和食,0.99,麺,1.00,麺料理,1.00,魚,0.92,ガッツリ,0.99,温かい,0.93,15分以内,0.96,true,0.50,true,0.96,false,0.76,true,0.67,uses_knife_tag;uses_microwave,3870,"{""core"": {""dish_shape"": {""choice"": ""noodle"", ""confidence"": 1.0, ""probabilities"": {""bowl"": 0.0, ""bread"": 0.0, ""main"": 0.0, ""noodle"": 1.0, ""other"": 0.0, ""rice_other"": 0.0, ""stew"": 0.0}, ""type"": ""choice""}, ""genre"": {""choice"": ""washoku"", ""confidence"": 0.99, ""probabilities"": {""chuka"": 0.0, ""korean"": 0.0, ""other"": 0.0, ""washoku"": 1.0, ""yoshoku"": 0.0}, ""type"": ""choice""}, ""is_single_recipe"": {""noul"": 0.86, ""type"": ""noul""}, ""main_ingredient"": {""choice"": ""fish"", ""confidence"": 0.92, ""probabilities"": {""egg"": 0.0, ""fish"": 0.94, ""meat"": 0.0, ""other"": 0.06, ""soy"": 0.0, ""vegetable"": 0.0}, ""type"": ""choice""}, ""staple"": {""choice"": ""noodle"", ""confidence"": 1.0, ""probabilities"": {""bread"": 0.0, ""noodle"": 1.0, ""other"": 0.0, ""rice"": 0.0}, ""type"": ""choice""}, ""taste_tag"": {""choice"": ""rich"", ""confidence"": 0.99, ""probabilities"": {""light"": 0.0, ""rich"": 0.99, ""semi_light"": 0.0, ""semi_rich"": 0.01}, ""type"": ""choice""}}, ""workload"": {""temperature_tag"": {""choice"": ""warm"", ""confidence"": 0.93, ""probabilities"": {""cold"": 0.03, ""warm"": 0.97}, ""type"": ""choice""}, ""time_tag"": {""choice"": ""within_15"", ""confidence"": 0.96, ""probabilities"": {""min_15_30"": 0.02, ""over_30"": 0.0, ""within_15"": 0.98}, ""type"": ""choice""}, ""uses_frying_pan"": {""noul"": 0.24, ""type"": ""noul""}, ""uses_heat_tag"": {""noul"": 0.96, ""type"": ""noul""}, ""uses_knife_tag"": {""noul"": 0.5, ""type"": ""noul""}, ""uses_microwave"": {""noul"": 0.67, ""type"": ""noul""}}}",
OIdMOLqRoAs,【簡単昼食】釜玉バター醤油うどんの作り方 #shorts,https://www.youtube.com/watch?v=OIdMOLqRoAs,ok,needs_review,true,0.97,和食,1.00,麺,1.00,麺料理,1.00,その他,0.47,ややガッツリ,0.49,温かい,0.98,15分以内,1.00,true,0.78,true,0.99,false,0.92,false,0.97,main_ingredient;taste_tag,4344,"{""core"": {""dish_shape"": {""choice"": ""noodle"", ""confidence"": 1.0, ""probabilities"": {""bowl"": 0.0, ""bread"": 0.0, ""main"": 0.0, ""noodle"": 1.0, ""other"": 0.0, ""rice_other"": 0.0, ""stew"": 0.0}, ""type"": ""choice""}, ""genre"": {""choice"": ""washoku"", ""confidence"": 1.0, ""probabilities"": {""chuka"": 0.0, ""korean"": 0.0, ""other"": 0.0, ""washoku"": 1.0, ""yoshoku"": 0.0}, ""type"": ""choice""}, ""is_single_recipe"": {""noul"": 0.97, ""type"": ""noul""}, ""main_ingredient"": {""choice"": ""other"", ""confidence"": 0.47, ""probabilities"": {""egg"": 0.43, ""fish"": 0.0, ""meat"": 0.0, ""other"": 0.56, ""soy"": 0.01, ""vegetable"": 0.0}, ""type"": ""choice""}, ""staple"": {""choice"": ""noodle"", ""confidence"": 1.0, ""probabilities"": {""bread"": 0.0, ""noodle"": 1.0, ""other"": 0.0, ""rice"": 0.0}, ""type"": ""choice""}, ""taste_tag"": {""choice"": ""semi_rich"", ""confidence"": 0.49, ""probabilities"": {""light"": 0.0, ""rich"": 0.38, ""semi_light"": 0.0, ""semi_rich"": 0.62}, ""type"": ""choice""}}, ""workload"": {""temperature_tag"": {""choice"": ""warm"", ""confidence"": 0.98, ""probabilities"": {""cold"": 0.01, ""warm"": 0.99}, ""type"": ""choice""}, ""time_tag"": {""choice"": ""within_15"", ""confidence"": 1.0, ""probabilities"": {""min_15_30"": 0.0, ""over_30"": 0.0, ""within_15"": 1.0}, ""type"": ""choice""}, ""uses_frying_pan"": {""noul"": 0.08, ""type"": ""noul""}, ""uses_heat_tag"": {""noul"": 0.99, ""type"": ""noul""}, ""uses_knife_tag"": {""noul"": 0.78, ""type"": ""noul""}, ""uses_microwave"": {""noul"": 0.03, ""type"": ""noul""}}}",
yTjDiaF8iOs,3分でうどん屋さんの『かけうどん』が作れます,https://www.youtube.com/watch?v=yTjDiaF8iOs,ok,needs_review,true,0.92,和食,1.00,麺,1.00,麺料理,1.00,その他,0.99,ややあっさり,0.47,温かい,0.98,15分以内,1.00,false,0.88,true,0.97,true,0.64,false,0.94,taste_tag;uses_frying_pan,4538,"{""core"": {""dish_shape"": {""choice"": ""noodle"", ""confidence"": 1.0, ""probabilities"": {""bowl"": 0.0, ""bread"": 0.0, ""main"": 0.0, ""noodle"": 1.0, ""other"": 0.0, ""rice_other"": 0.0, ""stew"": 0.0}, ""type"": ""choice""}, ""genre"": {""choice"": ""washoku"", ""confidence"": 1.0, ""probabilities"": {""chuka"": 0.0, ""korean"": 0.0, ""other"": 0.0, ""washoku"": 1.0, ""yoshoku"": 0.0}, ""type"": ""choice""}, ""is_single_recipe"": {""noul"": 0.92, ""type"": ""noul""}, ""main_ingredient"": {""choice"": ""other"", ""confidence"": 0.99, ""probabilities"": {""egg"": 0.0, ""fish"": 0.0, ""meat"": 0.0, ""other"": 1.0, ""soy"": 0.0, ""vegetable"": 0.0}, ""type"": ""choice""}, ""staple"": {""choice"": ""noodle"", ""confidence"": 1.0, ""probabilities"": {""bread"": 0.0, ""noodle"": 1.0, ""other"": 0.0, ""rice"": 0.0}, ""type"": ""choice""}, ""taste_tag"": {""choice"": ""semi_light"", ""confidence"": 0.47, ""probabilities"": {""light"": 0.33, ""rich"": 0.0, ""semi_light"": 0.6, ""semi_rich"": 0.07}, ""type"": ""choice""}}, ""workload"": {""temperature_tag"": {""choice"": ""warm"", ""confidence"": 0.98, ""probabilities"": {""cold"": 0.01, ""warm"": 0.99}, ""type"": ""choice""}, ""time_tag"": {""choice"": ""within_15"", ""confidence"": 1.0, ""probabilities"": {""min_15_30"": 0.0, ""over_30"": 0.0, ""within_15"": 1.0}, ""type"": ""choice""}, ""uses_frying_pan"": {""noul"": 0.64, ""type"": ""noul""}, ""uses_heat_tag"": {""noul"": 0.97, ""type"": ""noul""}, ""uses_knife_tag"": {""noul"": 0.12, ""type"": ""noul""}, ""uses_microwave"": {""noul"": 0.06, ""type"": ""noul""}}}",
Ci3Rt_An_NI,出汁パックでつくる！お手軽素うどんのレシピ｜やすまるだし｜簡単｜#shorts,https://www.youtube.com/watch?v=Ci3Rt_An_NI,ok,ai_tagged,true,0.78,和食,1.00,麺,1.00,麺料理,1.00,その他,0.99,あっさり,0.78,温かい,0.89,15分以内,0.98,false,0.78,true,0.96,false,0.86,false,0.96,,4390,"{""core"": {""dish_shape"": {""choice"": ""noodle"", ""confidence"": 1.0, ""probabilities"": {""bowl"": 0.0, ""bread"": 0.0, ""main"": 0.0, ""noodle"": 1.0, ""other"": 0.0, ""rice_other"": 0.0, ""stew"": 0.0}, ""type"": ""choice""}, ""genre"": {""choice"": ""washoku"", ""confidence"": 1.0, ""probabilities"": {""chuka"": 0.0, ""korean"": 0.0, ""other"": 0.0, ""washoku"": 1.0, ""yoshoku"": 0.0}, ""type"": ""choice""}, ""is_single_recipe"": {""noul"": 0.78, ""type"": ""noul""}, ""main_ingredient"": {""choice"": ""other"", ""confidence"": 0.99, ""probabilities"": {""egg"": 0.0, ""fish"": 0.0, ""meat"": 0.0, ""other"": 1.0, ""soy"": 0.0, ""vegetable"": 0.0}, ""type"": ""choice""}, ""staple"": {""choice"": ""noodle"", ""confidence"": 1.0, ""probabilities"": {""bread"": 0.0, ""noodle"": 1.0, ""other"": 0.0, ""rice"": 0.0}, ""type"": ""choice""}, ""taste_tag"": {""choice"": ""light"", ""confidence"": 0.78, ""probabilities"": {""light"": 0.84, ""rich"": 0.0, ""semi_light"": 0.16, ""semi_rich"": 0.0}, ""type"": ""choice""}}, ""workload"": {""temperature_tag"": {""choice"": ""warm"", ""confidence"": 0.89, ""probabilities"": {""cold"": 0.06, ""warm"": 0.94}, ""type"": ""choice""}, ""time_tag"": {""choice"": ""within_15"", ""confidence"": 0.98, ""probabilities"": {""min_15_30"": 0.01, ""over_30"": 0.0, ""within_15"": 0.99}, ""type"": ""choice""}, ""uses_frying_pan"": {""noul"": 0.14, ""type"": ""noul""}, ""uses_heat_tag"": {""noul"": 0.96, ""type"": ""noul""}, ""uses_knife_tag"": {""noul"": 0.22, ""type"": ""noul""}, ""uses_microwave"": {""noul"": 0.04, ""type"": ""noul""}}}",
P4AAXcpLPoY,やみつきになるモチモチ食感！フライドうどん ｜ How To Make Fried Japanese Wheat Noodle,https://www.youtube.com/watch?v=P4AAXcpLPoY,ok,ai_tagged,true,0.95,和食,0.88,麺,1.00,麺料理,1.00,その他,1.00,ガッツリ,0.93,温かい,1.00,15分以内,0.96,true,0.85,true,0.99,true,0.96,false,0.93,,4520,"{""core"": {""dish_shape"": {""choice"": ""noodle"", ""confidence"": 1.0, ""probabilities"": {""bowl"": 0.0, ""bread"": 0.0, ""main"": 0.0, ""noodle"": 1.0, ""other"": 0.0, ""rice_other"": 0.0, ""stew"": 0.0}, ""type"": ""choice""}, ""genre"": {""choice"": ""washoku"", ""confidence"": 0.88, ""probabilities"": {""chuka"": 0.02, ""korean"": 0.0, ""other"": 0.0, ""washoku"": 0.91, ""yoshoku"": 0.07}, ""type"": ""choice""}, ""is_single_recipe"": {""noul"": 0.95, ""type"": ""noul""}, ""main_ingredient"": {""choice"": ""other"", ""confidence"": 1.0, ""probabilities"": {""egg"": 0.0, ""fish"": 0.0, ""meat"": 0.0, ""other"": 1.0, ""soy"": 0.0, ""vegetable"": 0.0}, ""type"": ""choice""}, ""staple"": {""choice"": ""noodle"", ""confidence"": 1.0, ""probabilities"": {""bread"": 0.0, ""noodle"": 1.0, ""other"": 0.0, ""rice"": 0.0}, ""type"": ""choice""}, ""taste_tag"": {""choice"": ""rich"", ""confidence"": 0.93, ""probabilities"": {""light"": 0.0, ""rich"": 0.95, ""semi_light"": 0.0, ""semi_rich"": 0.05}, ""type"": ""choice""}}, ""workload"": {""temperature_tag"": {""choice"": ""warm"", ""confidence"": 1.0, ""probabilities"": {""cold"": 0.0, ""warm"": 1.0}, ""type"": ""choice""}, ""time_tag"": {""choice"": ""within_15"", ""confidence"": 0.96, ""probabilities"": {""min_15_30"": 0.02, ""over_30"": 0.0, ""within_15"": 0.98}, ""type"": ""choice""}, ""uses_frying_pan"": {""noul"": 0.96, ""type"": ""noul""}, ""uses_heat_tag"": {""noul"": 0.99, ""type"": ""noul""}, ""uses_knife_tag"": {""noul"": 0.85, ""type"": ""noul""}, ""uses_microwave"": {""noul"": 0.07, ""type"": ""noul""}}}",
lZL7VJq2Ta4,焼きうどんの作り方！パパッと簡単！冷凍うどんがモッチモチになる方法をご紹介！手軽な調味料だけで、激旨な焼きうどんに仕上がりに。-How to make Fried Udon-【料理研究家ゆかり】,https://www.youtube.com/watch?v=lZL7VJq2Ta4,ok,needs_review,true,0.93,和食,0.83,麺,1.00,麺料理,1.00,その他,0.98,ややガッツリ,0.37,温かい,1.00,15分以内,0.97,true,0.94,true,0.99,true,0.98,false,0.96,taste_tag,4440,"{""core"": {""dish_shape"": {""choice"": ""noodle"", ""confidence"": 1.0, ""probabilities"": {""bowl"": 0.0, ""bread"": 0.0, ""main"": 0.0, ""noodle"": 1.0, ""other"": 0.0, ""rice_other"": 0.0, ""stew"": 0.0}, ""type"": ""choice""}, ""genre"": {""choice"": ""washoku"", ""confidence"": 0.83, ""probabilities"": {""chuka"": 0.11, ""korean"": 0.0, ""other"": 0.0, ""washoku"": 0.87, ""yoshoku"": 0.02}, ""type"": ""choice""}, ""is_single_recipe"": {""noul"": 0.93, ""type"": ""noul""}, ""main_ingredient"": {""choice"": ""other"", ""confidence"": 0.98, ""probabilities"": {""egg"": 0.0, ""fish"": 0.0, ""meat"": 0.02, ""other"": 0.98, ""soy"": 0.0, ""vegetable"": 0.0}, ""type"": ""choice""}, ""staple"": {""choice"": ""noodle"", ""confidence"": 1.0, ""probabilities"": {""bread"": 0.0, ""noodle"": 1.0, ""other"": 0.0, ""rice"": 0.0}, ""type"": ""choice""}, ""taste_tag"": {""choice"": ""semi_rich"", ""confidence"": 0.37, ""probabilities"": {""light"": 0.0, ""rich"": 0.47, ""semi_light"": 0.0, ""semi_rich"": 0.53}, ""type"": ""choice""}}, ""workload"": {""temperature_tag"": {""choice"": ""warm"", ""confidence"": 1.0, ""probabilities"": {""cold"": 0.0, ""warm"": 1.0}, ""type"": ""choice""}, ""time_tag"": {""choice"": ""within_15"", ""confidence"": 0.97, ""probabilities"": {""min_15_30"": 0.02, ""over_30"": 0.0, ""within_15"": 0.98}, ""type"": ""choice""}, ""uses_frying_pan"": {""noul"": 0.98, ""type"": ""noul""}, ""uses_heat_tag"": {""noul"": 0.99, ""type"": ""noul""}, ""uses_knife_tag"": {""noul"": 0.94, ""type"": ""noul""}, ""uses_microwave"": {""noul"": 0.04, ""type"": ""noul""}}}",
6NAIxSK6fqE,【味噌煮込みうどん】濃い味がやみつき！自宅で簡単な名古屋名物の作り方！！,https://www.youtube.com/watch?v=6NAIxSK6fqE,ok,needs_review,true,0.88,和食,1.00,麺,1.00,麺料理,0.81,その他,0.96,ガッツリ,0.38,温かい,1.00,15分以内,0.98,false,0.55,true,0.98,false,0.78,false,0.95,taste_tag;uses_knife_tag,2718,"{""core"": {""dish_shape"": {""choice"": ""noodle"", ""confidence"": 0.81, ""probabilities"": {""bowl"": 0.0, ""bread"": 0.0, ""main"": 0.0, ""noodle"": 0.84, ""other"": 0.0, ""rice_other"": 0.0, ""stew"": 0.16}, ""type"": ""choice""}, ""genre"": {""choice"": ""washoku"", ""confidence"": 1.0, ""probabilities"": {""chuka"": 0.0, ""korean"": 0.0, ""other"": 0.0, ""washoku"": 1.0, ""yoshoku"": 0.0}, ""type"": ""choice""}, ""is_single_recipe"": {""noul"": 0.88, ""type"": ""noul""}, ""main_ingredient"": {""choice"": ""other"", ""confidence"": 0.96, ""probabilities"": {""egg"": 0.0, ""fish"": 0.0, ""meat"": 0.0, ""other"": 0.97, ""soy"": 0.03, ""vegetable"": 0.0}, ""type"": ""choice""}, ""staple"": {""choice"": ""noodle"", ""confidence"": 1.0, ""probabilities"": {""bread"": 0.0, ""noodle"": 1.0, ""other"": 0.0, ""rice"": 0.0}, ""type"": ""choice""}, ""taste_tag"": {""choice"": ""rich"", ""confidence"": 0.38, ""probabilities"": {""light"": 0.0, ""rich"": 0.54, ""semi_light"": 0.0, ""semi_rich"": 0.46}, ""type"": ""choice""}}, ""workload"": {""temperature_tag"": {""choice"": ""warm"", ""confidence"": 1.0, ""probabilities"": {""cold"": 0.0, ""warm"": 1.0}, ""type"": ""choice""}, ""time_tag"": {""choice"": ""within_15"", ""confidence"": 0.98, ""probabilities"": {""min_15_30"": 0.01, ""over_30"": 0.0, ""within_15"": 0.99}, ""type"": ""choice""}, ""uses_frying_pan"": {""noul"": 0.22, ""type"": ""noul""}, ""uses_heat_tag"": {""noul"": 0.98, ""type"": ""noul""}, ""uses_knife_tag"": {""noul"": 0.45, ""type"": ""noul""}, ""uses_microwave"": {""noul"": 0.05, ""type"": ""noul""}}}",
humfL17sX2k,うどんの美味しい作り方。,https://www.youtube.com/watch?v=humfL17sX2k,ok,needs_review,true,0.76,和食,1.00,麺,1.00,麺料理,1.00,その他,1.00,あっさり,0.39,温かい,0.95,15分以内,0.92,false,0.55,true,0.96,false,0.86,false,0.94,taste_tag;uses_knife_tag,2512,"{""core"": {""dish_shape"": {""choice"": ""noodle"", ""confidence"": 1.0, ""probabilities"": {""bowl"": 0.0, ""bread"": 0.0, ""main"": 0.0, ""noodle"": 1.0, ""other"": 0.0, ""rice_other"": 0.0, ""stew"": 0.0}, ""type"": ""choice""}, ""genre"": {""choice"": ""washoku"", ""confidence"": 1.0, ""probabilities"": {""chuka"": 0.0, ""korean"": 0.0, ""other"": 0.0, ""washoku"": 1.0, ""yoshoku"": 0.0}, ""type"": ""choice""}, ""is_single_recipe"": {""noul"": 0.76, ""type"": ""noul""}, ""main_ingredient"": {""choice"": ""other"", ""confidence"": 1.0, ""probabilities"": {""egg"": 0.0, ""fish"": 0.0, ""meat"": 0.0, ""other"": 1.0, ""soy"": 0.0, ""vegetable"": 0.0}, ""type"": ""choice""}, ""staple"": {""choice"": ""noodle"", ""confidence"": 1.0, ""probabilities"": {""bread"": 0.0, ""noodle"": 1.0, ""other"": 0.0, ""rice"": 0.0}, ""type"": ""choice""}, ""taste_tag"": {""choice"": ""light"", ""confidence"": 0.39, ""probabilities"": {""light"": 0.55, ""rich"": 0.0, ""semi_light"": 0.43, ""semi_rich"": 0.02}, ""type"": ""choice""}}, ""workload"": {""temperature_tag"": {""choice"": ""warm"", ""confidence"": 0.95, ""probabilities"": {""cold"": 0.02, ""warm"": 0.98}, ""type"": ""choice""}, ""time_tag"": {""choice"": ""within_15"", ""confidence"": 0.92, ""probabilities"": {""min_15_30"": 0.03, ""over_30"": 0.02, ""within_15"": 0.95}, ""type"": ""choice""}, ""uses_frying_pan"": {""noul"": 0.14, ""type"": ""noul""}, ""uses_heat_tag"": {""noul"": 0.96, ""type"": ""noul""}, ""uses_knife_tag"": {""noul"": 0.45, ""type"": ""noul""}, ""uses_microwave"": {""noul"": 0.06, ""type"": ""noul""}}}",
DtGB2W5_UUs,ふわトロかき玉うどん(レシピはコメント欄🪄),https://www.youtube.com/watch?v=DtGB2W5_UUs,ok,needs_review,true,0.79,和食,1.00,麺,1.00,麺料理,1.00,卵,0.55,ややガッツリ,0.34,温かい,1.00,15分以内,0.98,false,0.55,true,0.96,false,0.67,false,0.94,main_ingredient;taste_tag;uses_knife_tag;uses_frying_pan,2560,"{""core"": {""dish_shape"": {""choice"": ""noodle"", ""confidence"": 1.0, ""probabilities"": {""bowl"": 0.0, ""bread"": 0.0, ""main"": 0.0, ""noodle"": 1.0, ""other"": 0.0, ""rice_other"": 0.0, ""stew"": 0.0}, ""type"": ""choice""}, ""genre"": {""choice"": ""washoku"", ""confidence"": 1.0, ""probabilities"": {""chuka"": 0.0, ""korean"": 0.0, ""other"": 0.0, ""washoku"": 1.0, ""yoshoku"": 0.0}, ""type"": ""choice""}, ""is_single_recipe"": {""noul"": 0.79, ""type"": ""noul""}, ""main_ingredient"": {""choice"": ""egg"", ""confidence"": 0.55, ""probabilities"": {""egg"": 0.63, ""fish"": 0.0, ""meat"": 0.0, ""other"": 0.37, ""soy"": 0.0, ""vegetable"": 0.0}, ""type"": ""choice""}, ""staple"": {""choice"": ""noodle"", ""confidence"": 1.0, ""probabilities"": {""bread"": 0.0, ""noodle"": 1.0, ""other"": 0.0, ""rice"": 0.0}, ""type"": ""choice""}, ""taste_tag"": {""choice"": ""semi_rich"", ""confidence"": 0.34, ""probabilities"": {""light"": 0.06, ""rich"": 0.0, ""semi_light"": 0.44, ""semi_rich"": 0.5}, ""type"": ""choice""}}, ""workload"": {""temperature_tag"": {""choice"": ""warm"", ""confidence"": 1.0, ""probabilities"": {""cold"": 0.0, ""warm"": 1.0}, ""type"": ""choice""}, ""time_tag"": {""choice"": ""within_15"", ""confidence"": 0.98, ""probabilities"": {""min_15_30"": 0.01, ""over_30"": 0.0, ""within_15"": 0.99}, ""type"": ""choice""}, ""uses_frying_pan"": {""noul"": 0.33, ""type"": ""noul""}, ""uses_heat_tag"": {""noul"": 0.96, ""type"": ""noul""}, ""uses_knife_tag"": {""noul"": 0.45, ""type"": ""noul""}, ""uses_microwave"": {""noul"": 0.06, ""type"": ""noul""}}}",
mVLS1yfV_qI,これ以外のうどんのことを忘れてしまうほどウマいです。肉うどんの価値観が変わる【至高の肉うどん】,https://www.youtube.com/watch?v=mVLS1yfV_qI,ok,needs_review,true,0.93,和食,1.00,麺,1.00,麺料理,1.00,肉,0.96,ややガッツリ,0.53,温かい,1.00,15分以内,0.98,true,0.62,true,0.97,false,0.62,false,0.52,taste_tag;uses_knife_tag;uses_frying_pan;uses_microwave,4280,"{""core"": {""dish_shape"": {""choice"": ""noodle"", ""confidence"": 1.0, ""probabilities"": {""bowl"": 0.0, ""bread"": 0.0, ""main"": 0.0, ""noodle"": 1.0, ""other"": 0.0, ""rice_other"": 0.0, ""stew"": 0.0}, ""type"": ""choice""}, ""genre"": {""choice"": ""washoku"", ""confidence"": 1.0, ""probabilities"": {""chuka"": 0.0, ""korean"": 0.0, ""other"": 0.0, ""washoku"": 1.0, ""yoshoku"": 0.0}, ""type"": ""choice""}, ""is_single_recipe"": {""noul"": 0.93, ""type"": ""noul""}, ""main_ingredient"": {""choice"": ""meat"", ""confidence"": 0.96, ""probabilities"": {""egg"": 0.0, ""fish"": 0.0, ""meat"": 0.96, ""other"": 0.04, ""soy"": 0.0, ""vegetable"": 0.0}, ""type"": ""choice""}, ""staple"": {""choice"": ""noodle"", ""confidence"": 1.0, ""probabilities"": {""bread"": 0.0, ""noodle"": 1.0, ""other"": 0.0, ""rice"": 0.0}, ""type"": ""choice""}, ""taste_tag"": {""choice"": ""semi_rich"", ""confidence"": 0.53, ""probabilities"": {""light"": 0.0, ""rich"": 0.35, ""semi_light"": 0.0, ""semi_rich"": 0.65}, ""type"": ""choice""}}, ""workload"": {""temperature_tag"": {""choice"": ""warm"", ""confidence"": 1.0, ""probabilities"": {""cold"": 0.0, ""warm"": 1.0}, ""type"": ""choice""}, ""time_tag"": {""choice"": ""within_15"", ""confidence"": 0.98, ""probabilities"": {""min_15_30"": 0.01, ""over_30"": 0.0, ""within_15"": 0.99}, ""type"": ""choice""}, ""uses_frying_pan"": {""noul"": 0.38, ""type"": ""noul""}, ""uses_heat_tag"": {""noul"": 0.97, ""type"": ""noul""}, ""uses_knife_tag"": {""noul"": 0.62, ""type"": ""noul""}, ""uses_microwave"": {""noul"": 0.48, ""type"": ""noul""}}}",
pEC8VZrDbgE,年明けうどんに！牛すきうどん #簡単レシピ #胃袋泥棒レシピ,https://www.youtube.com/watch?v=pEC8VZrDbgE,ok,needs_review,true,0.82,和食,1.00,麺,1.00,麺料理,1.00,肉,0.77,ややガッツリ,0.87,温かい,1.00,15分以内,0.98,true,0.55,true,0.97,false,0.65,false,0.93,uses_knife_tag;uses_frying_pan,2546,"{""core"": {""dish_shape"": {""choice"": ""noodle"", ""confidence"": 1.0, ""probabilities"": {""bowl"": 0.0, ""bread"": 0.0, ""main"": 0.0, ""noodle"": 1.0, ""other"": 0.0, ""rice_other"": 0.0, ""stew"": 0.0}, ""type"": ""choice""}, ""genre"": {""choice"": ""washoku"", ""confidence"": 1.0, ""probabilities"": {""chuka"": 0.0, ""korean"": 0.0, ""other"": 0.0, ""washoku"": 1.0, ""yoshoku"": 0.0}, ""type"": ""choice""}, ""is_single_recipe"": {""noul"": 0.82, ""type"": ""noul""}, ""main_ingredient"": {""choice"": ""meat"", ""confidence"": 0.77, ""probabilities"": {""egg"": 0.0, ""fish"": 0.0, ""meat"": 0.81, ""other"": 0.19, ""soy"": 0.0, ""vegetable"": 0.0}, ""type"": ""choice""}, ""staple"": {""choice"": ""noodle"", ""confidence"": 1.0, ""probabilities"": {""bread"": 0.0, ""noodle"": 1.0, ""other"": 0.0, ""rice"": 0.0}, ""type"": ""choice""}, ""taste_tag"": {""choice"": ""semi_rich"", ""confidence"": 0.87, ""probabilities"": {""light"": 0.01, ""rich"": 0.03, ""semi_light"": 0.07, ""semi_rich"": 0.89}, ""type"": ""choice""}}, ""workload"": {""temperature_tag"": {""choice"": ""warm"", ""confidence"": 1.0, ""probabilities"": {""cold"": 0.0, ""warm"": 1.0}, ""type"": ""choice""}, ""time_tag"": {""choice"": ""within_15"", ""confidence"": 0.98, ""probabilities"": {""min_15_30"": 0.01, ""over_30"": 0.0, ""within_15"": 0.99}, ""type"": ""choice""}, ""uses_frying_pan"": {""noul"": 0.35, ""type"": ""noul""}, ""uses_heat_tag"": {""noul"": 0.97, ""type"": ""noul""}, ""uses_knife_tag"": {""noul"": 0.55, ""type"": ""noul""}, ""uses_microwave"": {""noul"": 0.07, ""type"": ""noul""}}}",
ATy5cPML-W8,これはすげぇえ！！火も包丁も使わない激旨焼きうどんの作り方 簡単レシピ ライフハック 裏ワザ,https://www.youtube.com/watch?v=ATy5cPML-W8,ok,ai_tagged,true,0.83,和食,0.96,麺,1.00,麺料理,1.00,その他,1.00,ややガッツリ,0.82,温かい,1.00,15分以内,0.99,false,0.88,true,0.96,true,0.87,true,0.91,,2868,"{""core"": {""dish_shape"": {""choice"": ""noodle"", ""confidence"": 1.0, ""probabilities"": {""bowl"": 0.0, ""bread"": 0.0, ""main"": 0.0, ""noodle"": 1.0, ""other"": 0.0, ""rice_other"": 0.0, ""stew"": 0.0}, ""type"": ""choice""}, ""genre"": {""choice"": ""washoku"", ""confidence"": 0.96, ""probabilities"": {""chuka"": 0.03, ""korean"": 0.0, ""other"": 0.0, ""washoku"": 0.97, ""yoshoku"": 0.0}, ""type"": ""choice""}, ""is_single_recipe"": {""noul"": 0.83, ""type"": ""noul""}, ""main_ingredient"": {""choice"": ""other"", ""confidence"": 1.0, ""probabilities"": {""egg"": 0.0, ""fish"": 0.0, ""meat"": 0.0, ""other"": 1.0, ""soy"": 0.0, ""vegetable"": 0.0}, ""type"": ""choice""}, ""staple"": {""choice"": ""noodle"", ""confidence"": 1.0, ""probabilities"": {""bread"": 0.0, ""noodle"": 1.0, ""other"": 0.0, ""rice"": 0.0}, ""type"": ""choice""}, ""taste_tag"": {""choice"": ""semi_rich"", ""confidence"": 0.82, ""probabilities"": {""light"": 0.0, ""rich"": 0.12, ""semi_light"": 0.01, ""semi_rich"": 0.87}, ""type"": ""choice""}}, ""workload"": {""temperature_tag"": {""choice"": ""warm"", ""confidence"": 1.0, ""probabilities"": {""cold"": 0.0, ""warm"": 1.0}, ""type"": ""choice""}, ""time_tag"": {""choice"": ""within_15"", ""confidence"": 0.99, ""probabilities"": {""min_15_30"": 0.0, ""over_30"": 0.0, ""within_15"": 1.0}, ""type"": ""choice""}, ""uses_frying_pan"": {""noul"": 0.87, ""type"": ""noul""}, ""uses_heat_tag"": {""noul"": 0.96, ""type"": ""noul""}, ""uses_knife_tag"": {""noul"": 0.12, ""type"": ""noul""}, ""uses_microwave"": {""noul"": 0.91, ""type"": ""noul""}}}",
uGTJWZuvfdQ,［レンチン旨辛ビビンうどん］#うどん#ビビンうどん#レンチンレシピ#簡単レシピ#料理#自炊#高校生#うどんレシピ#旨辛レシピ#韓国料理#韓国風,https://www.youtube.com/watch?v=uGTJWZuvfdQ,ok,needs_review,true,0.80,韓国,0.99,麺,1.00,麺料理,1.00,その他,0.98,ややガッツリ,0.85,温かい,0.98,15分以内,1.00,false,0.69,true,0.98,false,0.90,true,0.96,uses_knife_tag,2614,"{""core"": {""dish_shape"": {""choice"": ""noodle"", ""confidence"": 1.0, ""probabilities"": {""bowl"": 0.0, ""bread"": 0.0, ""main"": 0.0, ""noodle"": 1.0, ""other"": 0.0, ""rice_other"": 0.0, ""stew"": 0.0}, ""type"": ""choice""}, ""genre"": {""choice"": ""korean"", ""confidence"": 0.99, ""probabilities"": {""chuka"": 0.0, ""korean"": 0.99, ""other"": 0.0, ""washoku"": 0.01, ""yoshoku"": 0.0}, ""type"": ""choice""}, ""is_single_recipe"": {""noul"": 0.8, ""type"": ""noul""}, ""main_ingredient"": {""choice"": ""other"", ""confidence"": 0.98, ""probabilities"": {""egg"": 0.0, ""fish"": 0.0, ""meat"": 0.0, ""other"": 0.99, ""soy"": 0.0, ""vegetable"": 0.01}, ""type"": ""choice""}, ""staple"": {""choice"": ""noodle"", ""confidence"": 1.0, ""probabilities"": {""bread"": 0.0, ""noodle"": 1.0, ""other"": 0.0, ""rice"": 0.0}, ""type"": ""choice""}, ""taste_tag"": {""choice"": ""semi_rich"", ""confidence"": 0.85, ""probabilities"": {""light"": 0.0, ""rich"": 0.1, ""semi_light"": 0.01, ""semi_rich"": 0.89}, ""type"": ""choice""}}, ""workload"": {""temperature_tag"": {""choice"": ""warm"", ""confidence"": 0.98, ""probabilities"": {""cold"": 0.01, ""warm"": 0.99}, ""type"": ""choice""}, ""time_tag"": {""choice"": ""within_15"", ""confidence"": 1.0, ""probabilities"": {""min_15_30"": 0.0, ""over_30"": 0.0, ""within_15"": 1.0}, ""type"": ""choice""}, ""uses_frying_pan"": {""noul"": 0.1, ""type"": ""noul""}, ""uses_heat_tag"": {""noul"": 0.98, ""type"": ""noul""}, ""uses_knife_tag"": {""noul"": 0.31, ""type"": ""noul""}, ""uses_microwave"": {""noul"": 0.96, ""type"": ""noul""}}}",
8gSGVRIypVo,これやばい…タレが最高の太らない鶏胸焼鳥丼！#鶏胸肉 #簡単レシピ #料理 #short,https://www.youtube.com/watch?v=8gSGVRIypVo,ok,ai_tagged,true,0.94,和食,1.00,ご飯,1.00,丼,1.00,肉,1.00,ややガッツリ,0.98,温かい,1.00,15分以内,0.97,true,0.87,true,0.99,true,0.97,false,0.84,,4386,"{""core"": {""dish_shape"": {""choice"": ""bowl"", ""confidence"": 1.0, ""probabilities"": {""bowl"": 1.0, ""bread"": 0.0, ""main"": 0.0, ""noodle"": 0.0, ""other"": 0.0, ""rice_other"": 0.0, ""stew"": 0.0}, ""type"": ""choice""}, ""genre"": {""choice"": ""washoku"", ""confidence"": 1.0, ""probabilities"": {""chuka"": 0.0, ""korean"": 0.0, ""other"": 0.0, ""washoku"": 1.0, ""yoshoku"": 0.0}, ""type"": ""choice""}, ""is_single_recipe"": {""noul"": 0.94, ""type"": ""noul""}, ""main_ingredient"": {""choice"": ""meat"", ""confidence"": 1.0, ""probabilities"": {""egg"": 0.0, ""fish"": 0.0, ""meat"": 1.0, ""other"": 0.0, ""soy"": 0.0, ""vegetable"": 0.0}, ""type"": ""choice""}, ""staple"": {""choice"": ""rice"", ""confidence"": 1.0, ""probabilities"": {""bread"": 0.0, ""noodle"": 0.0, ""other"": 0.0, ""rice"": 1.0}, ""type"": ""choice""}, ""taste_tag"": {""choice"": ""semi_rich"", ""confidence"": 0.98, ""probabilities"": {""light"": 0.0, ""rich"": 0.0, ""semi_light"": 0.01, ""semi_rich"": 0.99}, ""type"": ""choice""}}, ""workload"": {""temperature_tag"": {""choice"": ""warm"", ""confidence"": 1.0, ""probabilities"": {""cold"": 0.0, ""warm"": 1.0}, ""type"": ""choice""}, ""time_tag"": {""choice"": ""within_15"", ""confidence"": 0.97, ""probabilities"": {""min_15_30"": 0.02, ""over_30"": 0.0, ""within_15"": 0.98}, ""type"": ""choice""}, ""uses_frying_pan"": {""noul"": 0.97, ""type"": ""noul""}, ""uses_heat_tag"": {""noul"": 0.99, ""type"": ""noul""}, ""uses_knife_tag"": {""noul"": 0.87, ""type"": ""noul""}, ""uses_microwave"": {""noul"": 0.16, ""type"": ""noul""}}}",
_7rtEu2HGJE,確実に1番美味しい豚丼の作り方。正直お店超えてます。,https://www.youtube.com/watch?v=_7rtEu2HGJE,ok,needs_review,true,0.80,和食,1.00,ご飯,1.00,丼,1.00,肉,0.99,ややガッツリ,0.91,温かい,1.00,15分以内,0.96,true,0.63,true,0.96,false,0.52,false,0.92,uses_knife_tag;uses_frying_pan,2582,"{""core"": {""dish_shape"": {""choice"": ""bowl"", ""confidence"": 1.0, ""probabilities"": {""bowl"": 1.0, ""bread"": 0.0, ""main"": 0.0, ""noodle"": 0.0, ""other"": 0.0, ""rice_other"": 0.0, ""stew"": 0.0}, ""type"": ""choice""}, ""genre"": {""choice"": ""washoku"", ""confidence"": 1.0, ""probabilities"": {""chuka"": 0.0, ""korean"": 0.0, ""other"": 0.0, ""washoku"": 1.0, ""yoshoku"": 0.0}, ""type"": ""choice""}, ""is_single_recipe"": {""noul"": 0.8, ""type"": ""noul""}, ""main_ingredient"": {""choice"": ""meat"", ""confidence"": 0.99, ""probabilities"": {""egg"": 0.0, ""fish"": 0.0, ""meat"": 0.99, ""other"": 0.01, ""soy"": 0.0, ""vegetable"": 0.0}, ""type"": ""choice""}, ""staple"": {""choice"": ""rice"", ""confidence"": 1.0, ""probabilities"": {""bread"": 0.0, ""noodle"": 0.0, ""other"": 0.0, ""rice"": 1.0}, ""type"": ""choice""}, ""taste_tag"": {""choice"": ""semi_rich"", ""confidence"": 0.91, ""probabilities"": {""light"": 0.0, ""rich"": 0.06, ""semi_light"": 0.01, ""semi_rich"": 0.93}, ""type"": ""choice""}}, ""workload"": {""temperature_tag"": {""choice"": ""warm"", ""confidence"": 1.0, ""probabilities"": {""cold"": 0.0, ""warm"": 1.0}, ""type"": ""choice""}, ""time_tag"": {""choice"": ""within_15"", ""confidence"": 0.96, ""probabilities"": {""min_15_30"": 0.02, ""over_30"": 0.0, ""within_15"": 0.98}, ""type"": ""choice""}, ""uses_frying_pan"": {""noul"": 0.48, ""type"": ""noul""}, ""uses_heat_tag"": {""noul"": 0.96, ""type"": ""noul""}, ""uses_knife_tag"": {""noul"": 0.63, ""type"": ""noul""}, ""uses_microwave"": {""noul"": 0.08, ""type"": ""noul""}}}",
WhNtDLLD06c,肉汁に溺れるガチで1番美味しい鶏胸肉の食べ方,https://www.youtube.com/watch?v=WhNtDLLD06c,ok,needs_review,true,0.86,洋食,0.74,その他,1.00,主菜,0.99,肉,1.00,ガッツリ,0.57,温かい,1.00,15〜30分,0.89,true,0.56,true,0.97,true,0.84,false,0.97,genre;taste_tag;uses_knife_tag,3868,"{""core"": {""dish_shape"": {""choice"": ""main"", ""confidence"": 0.99, ""probabilities"": {""bowl"": 0.0, ""bread"": 0.0, ""main"": 1.0, ""noodle"": 0.0, ""other"": 0.0, ""rice_other"": 0.0, ""stew"": 0.0}, ""type"": ""choice""}, ""genre"": {""choice"": ""yoshoku"", ""confidence"": 0.74, ""probabilities"": {""chuka"": 0.0, ""korean"": 0.0, ""other"": 0.02, ""washoku"": 0.18, ""yoshoku"": 0.8}, ""type"": ""choice""}, ""is_single_recipe"": {""noul"": 0.86, ""type"": ""noul""}, ""main_ingredient"": {""choice"": ""meat"", ""confidence"": 1.0, ""probabilities"": {""egg"": 0.0, ""fish"": 0.0, ""meat"": 1.0, ""other"": 0.0, ""soy"": 0.0, ""vegetable"": 0.0}, ""type"": ""choice""}, ""staple"": {""choice"": ""other"", ""confidence"": 1.0, ""probabilities"": {""bread"": 0.0, ""noodle"": 0.0, ""other"": 1.0, ""rice"": 0.0}, ""type"": ""choice""}, ""taste_tag"": {""choice"": ""rich"", ""confidence"": 0.57, ""probabilities"": {""light"": 0.0, ""rich"": 0.68, ""semi_light"": 0.0, ""semi_rich"": 0.32}, ""type"": ""choice""}}, ""workload"": {""temperature_tag"": {""choice"": ""warm"", ""confidence"": 1.0, ""probabilities"": {""cold"": 0.0, ""warm"": 1.0}, ""type"": ""choice""}, ""time_tag"": {""choice"": ""min_15_30"", ""confidence"": 0.89, ""probabilities"": {""min_15_30"": 0.93, ""over_30"": 0.0, ""within_15"": 0.07}, ""type"": ""choice""}, ""uses_frying_pan"": {""noul"": 0.84, ""type"": ""noul""}, ""uses_heat_tag"": {""noul"": 0.97, ""type"": ""noul""}, ""uses_knife_tag"": {""noul"": 0.56, ""type"": ""noul""}, ""uses_microwave"": {""noul"": 0.03, ""type"": ""noul""}}}",
GSSfceTqtYo,夫の大好物！ガーリックステーキライス☺️🧄 #簡単レシピ #おうちごはん #自炊 #cooking,https://www.youtube.com/watch?v=GSSfceTqtYo,ok,needs_review,true,0.78,洋食,0.96,ご飯,1.00,丼,0.44,肉,0.98,ややガッツリ,0.49,温かい,1.00,15〜30分,0.99,true,0.70,true,0.95,true,0.69,false,0.91,dish_shape;taste_tag;uses_knife_tag;uses_frying_pan,2578,"{""core"": {""dish_shape"": {""choice"": ""bowl"", ""confidence"": 0.44, ""probabilities"": {""bowl"": 0.53, ""bread"": 0.0, ""main"": 0.01, ""noodle"": 0.0, ""other"": 0.0, ""rice_other"": 0.46, ""stew"": 0.0}, ""type"": ""choice""}, ""genre"": {""choice"": ""yoshoku"", ""confidence"": 0.96, ""probabilities"": {""chuka"": 0.0, ""korean"": 0.0, ""other"": 0.01, ""washoku"": 0.02, ""yoshoku"": 0.97}, ""type"": ""choice""}, ""is_single_recipe"": {""noul"": 0.78, ""type"": ""noul""}, ""main_ingredient"": {""choice"": ""meat"", ""confidence"": 0.98, ""probabilities"": {""egg"": 0.0, ""fish"": 0.0, ""meat"": 0.99, ""other"": 0.01, ""soy"": 0.0, ""vegetable"": 0.0}, ""type"": ""choice""}, ""staple"": {""choice"": ""rice"", ""confidence"": 1.0, ""probabilities"": {""bread"": 0.0, ""noodle"": 0.0, ""other"": 0.0, ""rice"": 1.0}, ""type"": ""choice""}, ""taste_tag"": {""choice"": ""semi_rich"", ""confidence"": 0.49, ""probabilities"": {""light"": 0.0, ""rich"": 0.38, ""semi_light"": 0.0, ""semi_rich"": 0.62}, ""type"": ""choice""}}, ""workload"": {""temperature_tag"": {""choice"": ""warm"", ""confidence"": 1.0, ""probabilities"": {""cold"": 0.0, ""warm"": 1.0}, ""type"": ""choice""}, ""time_tag"": {""choice"": ""min_15_30"", ""confidence"": 0.99, ""probabilities"": {""min_15_30"": 1.0, ""over_30"": 0.0, ""within_15"": 0.0}, ""type"": ""choice""}, ""uses_frying_pan"": {""noul"": 0.69, ""type"": ""noul""}, ""uses_heat_tag"": {""noul"": 0.95, ""type"": ""noul""}, ""uses_knife_tag"": {""noul"": 0.7, ""type"": ""noul""}, ""uses_microwave"": {""noul"": 0.09, ""type"": ""noul""}}}",
NoR0aLxT3WI,元高級ホテル料理人が教える、最高峰しょうが焼きの作り方!!,https://www.youtube.com/watch?v=NoR0aLxT3WI,ok,ai_tagged,true,0.82,和食,0.93,その他,0.80,主菜,0.93,肉,0.87,ややガッツリ,0.91,温かい,1.00,15〜30分,0.82,true,0.87,true,0.97,true,0.95,false,0.96,,4472,"{""core"": {""dish_shape"": {""choice"": ""main"", ""confidence"": 0.93, ""probabilities"": {""bowl"": 0.06, ""bread"": 0.0, ""main"": 0.94, ""noodle"": 0.0, ""other"": 0.0, ""rice_other"": 0.0, ""stew"": 0.0}, ""type"": ""choice""}, ""genre"": {""choice"": ""washoku"", ""confidence"": 0.93, ""probabilities"": {""chuka"": 0.0, ""korean"": 0.0, ""other"": 0.0, ""washoku"": 0.95, ""yoshoku"": 0.05}, ""type"": ""choice""}, ""is_single_recipe"": {""noul"": 0.82, ""type"": ""noul""}, ""main_ingredient"": {""choice"": ""meat"", ""confidence"": 0.87, ""probabilities"": {""egg"": 0.0, ""fish"": 0.0, ""meat"": 0.9, ""other"": 0.04, ""soy"": 0.0, ""vegetable"": 0.06}, ""type"": ""choice""}, ""staple"": {""choice"": ""other"", ""confidence"": 0.8, ""probabilities"": {""bread"": 0.0, ""noodle"": 0.01, ""other"": 0.85, ""rice"": 0.14}, ""type"": ""choice""}, ""taste_tag"": {""choice"": ""semi_rich"", ""confidence"": 0.91, ""probabilities"": {""light"": 0.0, ""rich"": 0.07, ""semi_light"": 0.0, ""semi_rich"": 0.93}, ""type"": ""choice""}}, ""workload"": {""temperature_tag"": {""choice"": ""warm"", ""confidence"": 1.0, ""probabilities"": {""cold"": 0.0, ""warm"": 1.0}, ""type"": ""choice""}, ""time_tag"": {""choice"": ""min_15_30"", ""confidence"": 0.82, ""probabilities"": {""min_15_30"": 0.88, ""over_30"": 0.01, ""within_15"": 0.11}, ""type"": ""choice""}, ""uses_frying_pan"": {""noul"": 0.95, ""type"": ""noul""}, ""uses_heat_tag"": {""noul"": 0.97, ""type"": ""noul""}, ""uses_knife_tag"": {""noul"": 0.87, ""type"": ""noul""}, ""uses_microwave"": {""noul"": 0.04, ""type"": ""noul""}}}",
hH5K-E1VgbQ,へとへとでも作れる ワンパンひとくちチーズカツ,https://www.youtube.com/watch?v=hH5K-E1VgbQ,ok,needs_review,true,0.83,洋食,0.90,その他,0.92,主菜,0.96,その他,0.99,ガッツリ,1.00,温かい,1.00,15〜30分,0.98,false,0.59,true,0.98,true,0.97,false,0.95,uses_knife_tag,2574,"{""core"": {""dish_shape"": {""choice"": ""main"", ""confidence"": 0.96, ""probabilities"": {""bowl"": 0.0, ""bread"": 0.01, ""main"": 0.97, ""noodle"": 0.0, ""other"": 0.02, ""rice_other"": 0.0, ""stew"": 0.0}, ""type"": ""choice""}, ""genre"": {""choice"": ""yoshoku"", ""confidence"": 0.9, ""probabilities"": {""chuka"": 0.0, ""korean"": 0.0, ""other"": 0.05, ""washoku"": 0.02, ""yoshoku"": 0.93}, ""type"": ""choice""}, ""is_single_recipe"": {""noul"": 0.83, ""type"": ""noul""}, ""main_ingredient"": {""choice"": ""other"", ""confidence"": 0.99, ""probabilities"": {""egg"": 0.0, ""fish"": 0.0, ""meat"": 0.0, ""other"": 1.0, ""soy"": 0.0, ""vegetable"": 0.0}, ""type"": ""choice""}, ""staple"": {""choice"": ""other"", ""confidence"": 0.92, ""probabilities"": {""bread"": 0.06, ""noodle"": 0.0, ""other"": 0.94, ""rice"": 0.0}, ""type"": ""choice""}, ""taste_tag"": {""choice"": ""rich"", ""confidence"": 1.0, ""probabilities"": {""light"": 0.0, ""rich"": 1.0, ""semi_light"": 0.0, ""semi_rich"": 0.0}, ""type"": ""choice""}}, ""workload"": {""temperature_tag"": {""choice"": ""warm"", ""confidence"": 1.0, ""probabilities"": {""cold"": 0.0, ""warm"": 1.0}, ""type"": ""choice""}, ""time_tag"": {""choice"": ""min_15_30"", ""confidence"": 0.98, ""probabilities"": {""min_15_30"": 0.99, ""over_30"": 0.0, ""within_15"": 0.01}, ""type"": ""choice""}, ""uses_frying_pan"": {""noul"": 0.97, ""type"": ""noul""}, ""uses_heat_tag"": {""noul"": 0.98, ""type"": ""noul""}, ""uses_knife_tag"": {""noul"": 0.41, ""type"": ""noul""}, ""uses_microwave"": {""noul"": 0.05, ""type"": ""noul""}}}",
M89ptk-alYw,仕事終わり30分で作る2人暮らしの夜ごはん✨牛マヨカルビつくね編 #簡単レシピ #自炊料理 #料理 #自炊 #2人暮らし,https://www.youtube.com/watch?v=M89ptk-alYw,ok,needs_review,true,0.80,和食,0.58,ご飯,0.50,主菜,0.63,肉,1.00,ガッツリ,0.96,温かい,1.00,15〜30分,0.99,true,0.66,true,0.93,true,0.59,false,0.93,genre;staple;dish_shape;uses_knife_tag;uses_frying_pan,2618,"{""core"": {""dish_shape"": {""choice"": ""main"", ""confidence"": 0.63, ""probabilities"": {""bowl"": 0.08, ""bread"": 0.0, ""main"": 0.68, ""noodle"": 0.0, ""other"": 0.01, ""rice_other"": 0.22, ""stew"": 0.0}, ""type"": ""choice""}, ""genre"": {""choice"": ""washoku"", ""confidence"": 0.58, ""probabilities"": {""chuka"": 0.0, ""korean"": 0.0, ""other"": 0.13, ""washoku"": 0.67, ""yoshoku"": 0.2}, ""type"": ""choice""}, ""is_single_recipe"": {""noul"": 0.8, ""type"": ""noul""}, ""main_ingredient"": {""choice"": ""meat"", ""confidence"": 1.0, ""probabilities"": {""egg"": 0.0, ""fish"": 0.0, ""meat"": 1.0, ""other"": 0.0, ""soy"": 0.0, ""vegetable"": 0.0}, ""type"": ""choice""}, ""staple"": {""choice"": ""rice"", ""confidence"": 0.5, ""probabilities"": {""bread"": 0.0, ""noodle"": 0.0, ""other"": 0.38, ""rice"": 0.62}, ""type"": ""choice""}, ""taste_tag"": {""choice"": ""rich"", ""confidence"": 0.96, ""probabilities"": {""light"": 0.0, ""rich"": 0.97, ""semi_light"": 0.0, ""semi_rich"": 0.03}, ""type"": ""choice""}}, ""workload"": {""temperature_tag"": {""choice"": ""warm"", ""confidence"": 1.0, ""probabilities"": {""cold"": 0.0, ""warm"": 1.0}, ""type"": ""choice""}, ""time_tag"": {""choice"": ""min_15_30"", ""confidence"": 0.99, ""probabilities"": {""min_15_30"": 1.0, ""over_30"": 0.0, ""within_15"": 0.0}, ""type"": ""choice""}, ""uses_frying_pan"": {""noul"": 0.59, ""type"": ""noul""}, ""uses_heat_tag"": {""noul"": 0.93, ""type"": ""noul""}, ""uses_knife_tag"": {""noul"": 0.66, ""type"": ""noul""}, ""uses_microwave"": {""noul"": 0.07, ""type"": ""noul""}}}",
gtL6xWQUa-M,まるで高級ステーキ？元高級ホテル料理人が教える、最高のエリンギバターの作り方‼︎,https://www.youtube.com/watch?v=gtL6xWQUa-M,ok,needs_review,true,0.78,洋食,0.79,その他,0.99,主菜,0.95,野菜中心,0.76,ガッツリ,0.99,温かい,0.99,15〜30分,0.69,true,0.69,true,0.96,true,0.95,false,0.95,time_tag;uses_knife_tag,4504,"{""core"": {""dish_shape"": {""choice"": ""main"", ""confidence"": 0.95, ""probabilities"": {""bowl"": 0.0, ""bread"": 0.0, ""main"": 0.96, ""noodle"": 0.0, ""other"": 0.04, ""rice_other"": 0.0, ""stew"": 0.0}, ""type"": ""choice""}, ""genre"": {""choice"": ""yoshoku"", ""confidence"": 0.79, ""probabilities"": {""chuka"": 0.0, ""korean"": 0.0, ""other"": 0.13, ""washoku"": 0.04, ""yoshoku"": 0.83}, ""type"": ""choice""}, ""is_single_recipe"": {""noul"": 0.78, ""type"": ""noul""}, ""main_ingredient"": {""choice"": ""vegetable"", ""confidence"": 0.76, ""probabilities"": {""egg"": 0.0, ""fish"": 0.0, ""meat"": 0.0, ""other"": 0.19, ""soy"": 0.0, ""vegetable"": 0.81}, ""type"": ""choice""}, ""staple"": {""choice"": ""other"", ""confidence"": 0.99, ""probabilities"": {""bread"": 0.0, ""noodle"": 0.01, ""other"": 0.99, ""rice"": 0.0}, ""type"": ""choice""}, ""taste_tag"": {""choice"": ""rich"", ""confidence"": 0.99, ""probabilities"": {""light"": 0.0, ""rich"": 1.0, ""semi_light"": 0.0, ""semi_rich"": 0.0}, ""type"": ""choice""}}, ""workload"": {""temperature_tag"": {""choice"": ""warm"", ""confidence"": 0.99, ""probabilities"": {""cold"": 0.01, ""warm"": 0.99}, ""type"": ""choice""}, ""time_tag"": {""choice"": ""min_15_30"", ""confidence"": 0.69, ""probabilities"": {""min_15_30"": 0.79, ""over_30"": 0.0, ""within_15"": 0.21}, ""type"": ""choice""}, ""uses_frying_pan"": {""noul"": 0.95, ""type"": ""noul""}, ""uses_heat_tag"": {""noul"": 0.96, ""type"": ""noul""}, ""uses_knife_tag"": {""noul"": 0.69, ""type"": ""noul""}, ""uses_microwave"": {""noul"": 0.05, ""type"": ""noul""}}}",
1H1wNPQhnEg,【鶏の唐揚げ】10分漬け込むだけ☆ごはんもお酒もススムやみつきレシピ,https://www.youtube.com/watch?v=1H1wNPQhnEg,ok,needs_review,true,0.96,和食,0.98,その他,0.91,主菜,0.99,肉,1.00,ガッツリ,0.88,温かい,1.00,15分以内,0.56,true,0.97,true,0.99,true,0.99,false,0.97,time_tag,3224,"{""core"": {""dish_shape"": {""choice"": ""main"", ""confidence"": 0.99, ""probabilities"": {""bowl"": 0.0, ""bread"": 0.0, ""main"": 0.99, ""noodle"": 0.0, ""other"": 0.0, ""rice_other"": 0.01, ""stew"": 0.0}, ""type"": ""choice""}, ""genre"": {""choice"": ""washoku"", ""confidence"": 0.98, ""probabilities"": {""chuka"": 0.0, ""korean"": 0.0, ""other"": 0.0, ""washoku"": 0.99, ""yoshoku"": 0.01}, ""type"": ""choice""}, ""is_single_recipe"": {""noul"": 0.96, ""type"": ""noul""}, ""main_ingredient"": {""choice"": ""meat"", ""confidence"": 1.0, ""probabilities"": {""egg"": 0.0, ""fish"": 0.0, ""meat"": 1.0, ""other"": 0.0, ""soy"": 0.0, ""vegetable"": 0.0}, ""type"": ""choice""}, ""staple"": {""choice"": ""other"", ""confidence"": 0.91, ""probabilities"": {""bread"": 0.0, ""noodle"": 0.0, ""other"": 0.93, ""rice"": 0.07}, ""type"": ""choice""}, ""taste_tag"": {""choice"": ""rich"", ""confidence"": 0.88, ""probabilities"": {""light"": 0.0, ""rich"": 0.91, ""semi_light"": 0.0, ""semi_rich"": 0.09}, ""type"": ""choice""}}, ""workload"": {""temperature_tag"": {""choice"": ""warm"", ""confidence"": 1.0, ""probabilities"": {""cold"": 0.0, ""warm"": 1.0}, ""type"": ""choice""}, ""time_tag"": {""choice"": ""within_15"", ""confidence"": 0.56, ""probabilities"": {""min_15_30"": 0.28, ""over_30"": 0.01, ""within_15"": 0.71}, ""type"": ""choice""}, ""uses_frying_pan"": {""noul"": 0.99, ""type"": ""noul""}, ""uses_heat_tag"": {""noul"": 0.99, ""type"": ""noul""}, ""uses_knife_tag"": {""noul"": 0.97, ""type"": ""noul""}, ""uses_microwave"": {""noul"": 0.03, ""type"": ""noul""}}}",
V7qgdCf1kuY,＼秒でやみつき！最強オクラ／ #副菜レシピ#簡単レシピ#時短レシピ#火を使わない#秒でやみつき#無限オクラ,https://www.youtube.com/watch?v=V7qgdCf1kuY,ok,needs_review,true,0.95,和食,1.00,その他,0.84,主菜,0.98,野菜中心,1.00,ややあっさり,0.43,冷たい,0.85,15分以内,1.00,true,0.83,true,0.96,false,0.93,true,0.99,taste_tag,3414,"{""core"": {""dish_shape"": {""choice"": ""main"", ""confidence"": 0.98, ""probabilities"": {""bowl"": 0.0, ""bread"": 0.0, ""main"": 0.99, ""noodle"": 0.0, ""other"": 0.0, ""rice_other"": 0.01, ""stew"": 0.0}, ""type"": ""choice""}, ""genre"": {""choice"": ""washoku"", ""confidence"": 1.0, ""probabilities"": {""chuka"": 0.0, ""korean"": 0.0, ""other"": 0.0, ""washoku"": 1.0, ""yoshoku"": 0.0}, ""type"": ""choice""}, ""is_single_recipe"": {""noul"": 0.95, ""type"": ""noul""}, ""main_ingredient"": {""choice"": ""vegetable"", ""confidence"": 1.0, ""probabilities"": {""egg"": 0.0, ""fish"": 0.0, ""meat"": 0.0, ""other"": 0.0, ""soy"": 0.0, ""vegetable"": 1.0}, ""type"": ""choice""}, ""staple"": {""choice"": ""other"", ""confidence"": 0.84, ""probabilities"": {""bread"": 0.0, ""noodle"": 0.0, ""other"": 0.88, ""rice"": 0.12}, ""type"": ""choice""}, ""taste_tag"": {""choice"": ""semi_light"", ""confidence"": 0.43, ""probabilities"": {""light"": 0.27, ""rich"": 0.0, ""semi_light"": 0.58, ""semi_rich"": 0.15}, ""type"": ""choice""}}, ""workload"": {""temperature_tag"": {""choice"": ""cold"", ""confidence"": 0.85, ""probabilities"": {""cold"": 0.92, ""warm"": 0.08}, ""type"": ""choice""}, ""time_tag"": {""choice"": ""within_15"", ""confidence"": 1.0, ""probabilities"": {""min_15_30"": 0.0, ""over_30"": 0.0, ""within_15"": 1.0}, ""type"": ""choice""}, ""uses_frying_pan"": {""noul"": 0.07, ""type"": ""noul""}, ""uses_heat_tag"": {""noul"": 0.96, ""type"": ""noul""}, ""uses_knife_tag"": {""noul"": 0.83, ""type"": ""noul""}, ""uses_microwave"": {""noul"": 0.99, ""type"": ""noul""}}}",
xnS6Q5hWaos,味付け簡単‼️めんつゆで親子丼 #簡単レシピ #まいにちごはん #料理 #おうちごはん #グルメ好き #料理動画 #今日の晩ごはん #おつまみ #アウトドアグルメ #時短レシピ,https://www.youtube.com/watch?v=xnS6Q5hWaos,ok,needs_review,true,0.84,和食,1.00,ご飯,1.00,丼,1.00,卵,0.46,ややガッツリ,0.87,温かい,1.00,15分以内,0.99,true,0.58,true,0.97,false,0.58,false,0.95,main_ingredient;uses_knife_tag;uses_frying_pan,2630,"{""core"": {""dish_shape"": {""choice"": ""bowl"", ""confidence"": 1.0, ""probabilities"": {""bowl"": 1.0, ""bread"": 0.0, ""main"": 0.0, ""noodle"": 0.0, ""other"": 0.0, ""rice_other"": 0.0, ""stew"": 0.0}, ""type"": ""choice""}, ""genre"": {""choice"": ""washoku"", ""confidence"": 1.0, ""probabilities"": {""chuka"": 0.0, ""korean"": 0.0, ""other"": 0.0, ""washoku"": 1.0, ""yoshoku"": 0.0}, ""type"": ""choice""}, ""is_single_recipe"": {""noul"": 0.84, ""type"": ""noul""}, ""main_ingredient"": {""choice"": ""egg"", ""confidence"": 0.46, ""probabilities"": {""egg"": 0.56, ""fish"": 0.0, ""meat"": 0.42, ""other"": 0.02, ""soy"": 0.0, ""vegetable"": 0.0}, ""type"": ""choice""}, ""staple"": {""choice"": ""rice"", ""confidence"": 1.0, ""probabilities"": {""bread"": 0.0, ""noodle"": 0.0, ""other"": 0.0, ""rice"": 1.0}, ""type"": ""choice""}, ""taste_tag"": {""choice"": ""semi_rich"", ""confidence"": 0.87, ""probabilities"": {""light"": 0.0, ""rich"": 0.0, ""semi_light"": 0.1, ""semi_rich"": 0.9}, ""type"": ""choice""}}, ""workload"": {""temperature_tag"": {""choice"": ""warm"", ""confidence"": 1.0, ""probabilities"": {""cold"": 0.0, ""warm"": 1.0}, ""type"": ""choice""}, ""time_tag"": {""choice"": ""within_15"", ""confidence"": 0.99, ""probabilities"": {""min_15_30"": 0.01, ""over_30"": 0.0, ""within_15"": 0.99}, ""type"": ""choice""}, ""uses_frying_pan"": {""noul"": 0.42, ""type"": ""noul""}, ""uses_heat_tag"": {""noul"": 0.97, ""type"": ""noul""}, ""uses_knife_tag"": {""noul"": 0.58, ""type"": ""noul""}, ""uses_microwave"": {""noul"": 0.05, ""type"": ""noul""}}}",
pxgNTZOvXFk,【簡単ビビンバ丼】の作り方 #おうちごはん #料理 #レシピ #cookingchannel #cooking,https://www.youtube.com/watch?v=pxgNTZOvXFk,ok,ai_tagged,true,0.95,韓国,1.00,ご飯,1.00,丼,1.00,肉,0.89,ややガッツリ,0.99,温かい,1.00,15分以内,0.93,true,0.97,true,0.99,true,0.99,true,0.98,,4774,"{""core"": {""dish_shape"": {""choice"": ""bowl"", ""confidence"": 1.0, ""probabilities"": {""bowl"": 1.0, ""bread"": 0.0, ""main"": 0.0, ""noodle"": 0.0, ""other"": 0.0, ""rice_other"": 0.0, ""stew"": 0.0}, ""type"": ""choice""}, ""genre"": {""choice"": ""korean"", ""confidence"": 1.0, ""probabilities"": {""chuka"": 0.0, ""korean"": 1.0, ""other"": 0.0, ""washoku"": 0.0, ""yoshoku"": 0.0}, ""type"": ""choice""}, ""is_single_recipe"": {""noul"": 0.95, ""type"": ""noul""}, ""main_ingredient"": {""choice"": ""meat"", ""confidence"": 0.89, ""probabilities"": {""egg"": 0.0, ""fish"": 0.0, ""meat"": 0.91, ""other"": 0.02, ""soy"": 0.0, ""vegetable"": 0.07}, ""type"": ""choice""}, ""staple"": {""choice"": ""rice"", ""confidence"": 1.0, ""probabilities"": {""bread"": 0.0, ""noodle"": 0.0, ""other"": 0.0, ""rice"": 1.0}, ""type"": ""choice""}, ""taste_tag"": {""choice"": ""semi_rich"", ""confidence"": 0.99, ""probabilities"": {""light"": 0.0, ""rich"": 0.01, ""semi_light"": 0.0, ""semi_rich"": 0.99}, ""type"": ""choice""}}, ""workload"": {""temperature_tag"": {""choice"": ""warm"", ""confidence"": 1.0, ""probabilities"": {""cold"": 0.0, ""warm"": 1.0}, ""type"": ""choice""}, ""time_tag"": {""choice"": ""within_15"", ""confidence"": 0.93, ""probabilities"": {""min_15_30"": 0.04, ""over_30"": 0.0, ""within_15"": 0.96}, ""type"": ""choice""}, ""uses_frying_pan"": {""noul"": 0.99, ""type"": ""noul""}, ""uses_heat_tag"": {""noul"": 0.99, ""type"": ""noul""}, ""uses_knife_tag"": {""noul"": 0.97, ""type"": ""noul""}, ""uses_microwave"": {""noul"": 0.98, ""type"": ""noul""}}}",
zQFSuqleZF4,簡単にできる食パン絶品レシピ！ #ずんだもん #簡単レシピ #料理,https://www.youtube.com/watch?v=zQFSuqleZF4,ok,needs_review,true,0.70,洋食,0.68,パン,0.99,パン料理,1.00,その他,1.00,ややあっさり,0.18,温かい,1.00,15〜30分,0.99,false,0.59,true,0.90,false,0.79,false,0.90,is_single_recipe;genre;taste_tag;uses_knife_tag,2556,"{""core"": {""dish_shape"": {""choice"": ""bread"", ""confidence"": 1.0, ""probabilities"": {""bowl"": 0.0, ""bread"": 1.0, ""main"": 0.0, ""noodle"": 0.0, ""other"": 0.0, ""rice_other"": 0.0, ""stew"": 0.0}, ""type"": ""choice""}, ""genre"": {""choice"": ""yoshoku"", ""confidence"": 0.68, ""probabilities"": {""chuka"": 0.0, ""korean"": 0.0, ""other"": 0.23, ""washoku"": 0.02, ""yoshoku"": 0.75}, ""type"": ""choice""}, ""is_single_recipe"": {""noul"": 0.7, ""type"": ""noul""}, ""main_ingredient"": {""choice"": ""other"", ""confidence"": 1.0, ""probabilities"": {""egg"": 0.0, ""fish"": 0.0, ""meat"": 0.0, ""other"": 1.0, ""soy"": 0.0, ""vegetable"": 0.0}, ""type"": ""choice""}, ""staple"": {""choice"": ""bread"", ""confidence"": 0.99, ""probabilities"": {""bread"": 1.0, ""noodle"": 0.0, ""other"": 0.0, ""rice"": 0.0}, ""type"": ""choice""}, ""taste_tag"": {""choice"": ""semi_light"", ""confidence"": 0.18, ""probabilities"": {""light"": 0.16, ""rich"": 0.08, ""semi_light"": 0.38, ""semi_rich"": 0.38}, ""type"": ""choice""}}, ""workload"": {""temperature_tag"": {""choice"": ""warm"", ""confidence"": 1.0, ""probabilities"": {""cold"": 0.0, ""warm"": 1.0}, ""type"": ""choice""}, ""time_tag"": {""choice"": ""min_15_30"", ""confidence"": 0.99, ""probabilities"": {""min_15_30"": 0.99, ""over_30"": 0.0, ""within_15"": 0.01}, ""type"": ""choice""}, ""uses_frying_pan"": {""noul"": 0.21, ""type"": ""noul""}, ""uses_heat_tag"": {""noul"": 0.9, ""type"": ""noul""}, ""uses_knife_tag"": {""noul"": 0.41, ""type"": ""noul""}, ""uses_microwave"": {""noul"": 0.1, ""type"": ""noul""}}}",
6PxAXplr1y4,サクサクちくわ｜10分で簡単！衣サクサクで止まらないおつまみおかず【料理研究家ゆかり】#ちくわレシピ #簡単レシピ #shorts,https://www.youtube.com/watch?v=6PxAXplr1y4,ok,needs_review,true,0.90,和食,0.98,その他,0.99,主菜,0.79,魚,0.87,ガッツリ,0.96,温かい,1.00,15分以内,1.00,false,0.72,true,0.98,false,0.78,false,0.97,uses_knife_tag,3304,"{""core"": {""dish_shape"": {""choice"": ""main"", ""confidence"": 0.79, ""probabilities"": {""bowl"": 0.0, ""bread"": 0.0, ""main"": 0.82, ""noodle"": 0.0, ""other"": 0.18, ""rice_other"": 0.0, ""stew"": 0.0}, ""type"": ""choice""}, ""genre"": {""choice"": ""washoku"", ""confidence"": 0.98, ""probabilities"": {""chuka"": 0.0, ""korean"": 0.0, ""other"": 0.01, ""washoku"": 0.98, ""yoshoku"": 0.01}, ""type"": ""choice""}, ""is_single_recipe"": {""noul"": 0.9, ""type"": ""noul""}, ""main_ingredient"": {""choice"": ""fish"", ""confidence"": 0.87, ""probabilities"": {""egg"": 0.0, ""fish"": 0.88, ""meat"": 0.01, ""other"": 0.1, ""soy"": 0.01, ""vegetable"": 0.0}, ""type"": ""choice""}, ""staple"": {""choice"": ""other"", ""confidence"": 0.99, ""probabilities"": {""bread"": 0.0, ""noodle"": 0.0, ""other"": 0.99, ""rice"": 0.01}, ""type"": ""choice""}, ""taste_tag"": {""choice"": ""rich"", ""confidence"": 0.96, ""probabilities"": {""light"": 0.0, ""rich"": 0.97, ""semi_light"": 0.0, ""semi_rich"": 0.03}, ""type"": ""choice""}}, ""workload"": {""temperature_tag"": {""choice"": ""warm"", ""confidence"": 1.0, ""probabilities"": {""cold"": 0.0, ""warm"": 1.0}, ""type"": ""choice""}, ""time_tag"": {""choice"": ""within_15"", ""confidence"": 1.0, ""probabilities"": {""min_15_30"": 0.0, ""over_30"": 0.0, ""within_15"": 1.0}, ""type"": ""choice""}, ""uses_frying_pan"": {""noul"": 0.22, ""type"": ""noul""}, ""uses_heat_tag"": {""noul"": 0.98, ""type"": ""noul""}, ""uses_knife_tag"": {""noul"": 0.28, ""type"": ""noul""}, ""uses_microwave"": {""noul"": 0.03, ""type"": ""noul""}}}",
H6w92_xUHWI,シェフのガーリックレシピがやばい…。 #shorts,https://www.youtube.com/watch?v=H6w92_xUHWI,ok,needs_review,true,0.55,その他,0.95,その他,0.99,その他,0.69,野菜中心,0.51,ややガッツリ,0.39,温かい,1.00,15〜30分,0.98,true,0.67,true,0.90,false,0.55,false,0.94,is_single_recipe;dish_shape;main_ingredient;taste_tag;uses_knife_tag;uses_frying_pan,3194,"{""core"": {""dish_shape"": {""choice"": ""other"", ""confidence"": 0.69, ""probabilities"": {""bowl"": 0.01, ""bread"": 0.0, ""main"": 0.25, ""noodle"": 0.0, ""other"": 0.74, ""rice_other"": 0.0, ""stew"": 0.0}, ""type"": ""choice""}, ""genre"": {""choice"": ""other"", ""confidence"": 0.95, ""probabilities"": {""chuka"": 0.0, ""korean"": 0.0, ""other"": 0.96, ""washoku"": 0.01, ""yoshoku"": 0.03}, ""type"": ""choice""}, ""is_single_recipe"": {""noul"": 0.55, ""type"": ""noul""}, ""main_ingredient"": {""choice"": ""vegetable"", ""confidence"": 0.51, ""probabilities"": {""egg"": 0.0, ""fish"": 0.0, ""meat"": 0.0, ""other"": 0.41, ""soy"": 0.0, ""vegetable"": 0.59}, ""type"": ""choice""}, ""staple"": {""choice"": ""other"", ""confidence"": 0.99, ""probabilities"": {""bread"": 0.0, ""noodle"": 0.0, ""other"": 1.0, ""rice"": 0.0}, ""type"": ""choice""}, ""taste_tag"": {""choice"": ""semi_rich"", ""confidence"": 0.39, ""probabilities"": {""light"": 0.01, ""rich"": 0.32, ""semi_light"": 0.12, ""semi_rich"": 0.55}, ""type"": ""choice""}}, ""workload"": {""temperature_tag"": {""choice"": ""warm"", ""confidence"": 1.0, ""probabilities"": {""cold"": 0.0, ""warm"": 1.0}, ""type"": ""choice""}, ""time_tag"": {""choice"": ""min_15_30"", ""confidence"": 0.98, ""probabilities"": {""min_15_30"": 0.99, ""over_30"": 0.0, ""within_15"": 0.01}, ""type"": ""choice""}, ""uses_frying_pan"": {""noul"": 0.45, ""type"": ""noul""}, ""uses_heat_tag"": {""noul"": 0.9, ""type"": ""noul""}, ""uses_knife_tag"": {""noul"": 0.67, ""type"": ""noul""}, ""uses_microwave"": {""noul"": 0.06, ""type"": ""noul""}}}",
mZSH2scbCUA,【一人暮らしご飯】簡単料理~カレーライス~,https://www.youtube.com/watch?v=mZSH2scbCUA,ok,needs_review,true,0.75,洋食,1.00,ご飯,1.00,煮込み,0.61,その他,0.46,ややガッツリ,0.61,温かい,1.00,15〜30分,0.89,true,0.72,true,0.97,false,0.51,false,0.93,dish_shape;main_ingredient;taste_tag;uses_knife_tag;uses_frying_pan,2656,"{""core"": {""dish_shape"": {""choice"": ""stew"", ""confidence"": 0.61, ""probabilities"": {""bowl"": 0.26, ""bread"": 0.0, ""main"": 0.0, ""noodle"": 0.0, ""other"": 0.0, ""rice_other"": 0.07, ""stew"": 0.67}, ""type"": ""choice""}, ""genre"": {""choice"": ""yoshoku"", ""confidence"": 1.0, ""probabilities"": {""chuka"": 0.0, ""korean"": 0.0, ""other"": 0.0, ""washoku"": 0.0, ""yoshoku"": 1.0}, ""type"": ""choice""}, ""is_single_recipe"": {""noul"": 0.75, ""type"": ""noul""}, ""main_ingredient"": {""choice"": ""other"", ""confidence"": 0.46, ""probabilities"": {""egg"": 0.0, ""fish"": 0.0, ""meat"": 0.03, ""other"": 0.55, ""soy"": 0.0, ""vegetable"": 0.42}, ""type"": ""choice""}, ""staple"": {""choice"": ""rice"", ""confidence"": 1.0, ""probabilities"": {""bread"": 0.0, ""noodle"": 0.0, ""other"": 0.0, ""rice"": 1.0}, ""type"": ""choice""}, ""taste_tag"": {""choice"": ""semi_rich"", ""confidence"": 0.61, ""probabilities"": {""light"": 0.0, ""rich"": 0.29, ""semi_light"": 0.0, ""semi_rich"": 0.71}, ""type"": ""choice""}}, ""workload"": {""temperature_tag"": {""choice"": ""warm"", ""confidence"": 1.0, ""probabilities"": {""cold"": 0.0, ""warm"": 1.0}, ""type"": ""choice""}, ""time_tag"": {""choice"": ""min_15_30"", ""confidence"": 0.89, ""probabilities"": {""min_15_30"": 0.93, ""over_30"": 0.07, ""within_15"": 0.0}, ""type"": ""choice""}, ""uses_frying_pan"": {""noul"": 0.49, ""type"": ""noul""}, ""uses_heat_tag"": {""noul"": 0.97, ""type"": ""noul""}, ""uses_knife_tag"": {""noul"": 0.72, ""type"": ""noul""}, ""uses_microwave"": {""noul"": 0.07, ""type"": ""noul""}}}",
jmJ-JhjwL_M,#自炊 #レシピ #レシピ動画 #レンチンレシピ #うどん #一人暮らし #簡単レシピ,https://www.youtube.com/watch?v=jmJ-JhjwL_M,ok,needs_review,true,0.74,和食,1.00,麺,1.00,麺料理,1.00,その他,1.00,あっさり,0.28,温かい,0.99,15分以内,1.00,false,0.73,true,0.97,false,0.90,true,0.94,is_single_recipe;taste_tag;uses_knife_tag,2570,"{""core"": {""dish_shape"": {""choice"": ""noodle"", ""confidence"": 1.0, ""probabilities"": {""bowl"": 0.0, ""bread"": 0.0, ""main"": 0.0, ""noodle"": 1.0, ""other"": 0.0, ""rice_other"": 0.0, ""stew"": 0.0}, ""type"": ""choice""}, ""genre"": {""choice"": ""washoku"", ""confidence"": 1.0, ""probabilities"": {""chuka"": 0.0, ""korean"": 0.0, ""other"": 0.0, ""washoku"": 1.0, ""yoshoku"": 0.0}, ""type"": ""choice""}, ""is_single_recipe"": {""noul"": 0.74, ""type"": ""noul""}, ""main_ingredient"": {""choice"": ""other"", ""confidence"": 1.0, ""probabilities"": {""egg"": 0.0, ""fish"": 0.0, ""meat"": 0.0, ""other"": 1.0, ""soy"": 0.0, ""vegetable"": 0.0}, ""type"": ""choice""}, ""staple"": {""choice"": ""noodle"", ""confidence"": 1.0, ""probabilities"": {""bread"": 0.0, ""noodle"": 1.0, ""other"": 0.0, ""rice"": 0.0}, ""type"": ""choice""}, ""taste_tag"": {""choice"": ""light"", ""confidence"": 0.28, ""probabilities"": {""light"": 0.46, ""rich"": 0.0, ""semi_light"": 0.44, ""semi_rich"": 0.1}, ""type"": ""choice""}}, ""workload"": {""temperature_tag"": {""choice"": ""warm"", ""confidence"": 0.99, ""probabilities"": {""cold"": 0.01, ""warm"": 0.99}, ""type"": ""choice""}, ""time_tag"": {""choice"": ""within_15"", ""confidence"": 1.0, ""probabilities"": {""min_15_30"": 0.0, ""over_30"": 0.0, ""within_15"": 1.0}, ""type"": ""choice""}, ""uses_frying_pan"": {""noul"": 0.1, ""type"": ""noul""}, ""uses_heat_tag"": {""noul"": 0.97, ""type"": ""noul""}, ""uses_knife_tag"": {""noul"": 0.27, ""type"": ""noul""}, ""uses_microwave"": {""noul"": 0.94, ""type"": ""noul""}}}",
oZ58bvmIfwU,とうもろこし冷やしラーメン🌽 #節約レシピ #cooking #時短節約 #一人暮らしごはん #japanesefood #暮らしチャンネル #ramen #簡単レシピ #とうもろこしラーメン,https://www.youtube.com/watch?v=oZ58bvmIfwU,ok,needs_review,true,0.76,中華,0.97,麺,1.00,麺料理,1.00,野菜中心,0.55,あっさり,0.28,冷たい,0.99,15〜30分,0.95,true,0.57,true,0.88,false,0.73,false,0.88,main_ingredient;taste_tag;uses_knife_tag;uses_frying_pan,2652,"{""core"": {""dish_shape"": {""choice"": ""noodle"", ""confidence"": 1.0, ""probabilities"": {""bowl"": 0.0, ""bread"": 0.0, ""main"": 0.0, ""noodle"": 1.0, ""other"": 0.0, ""rice_other"": 0.0, ""stew"": 0.0}, ""type"": ""choice""}, ""genre"": {""choice"": ""chuka"", ""confidence"": 0.97, ""probabilities"": {""chuka"": 0.97, ""korean"": 0.0, ""other"": 0.01, ""washoku"": 0.02, ""yoshoku"": 0.0}, ""type"": ""choice""}, ""is_single_recipe"": {""noul"": 0.76, ""type"": ""noul""}, ""main_ingredient"": {""choice"": ""vegetable"", ""confidence"": 0.55, ""probabilities"": {""egg"": 0.0, ""fish"": 0.0, ""meat"": 0.0, ""other"": 0.37, ""soy"": 0.0, ""vegetable"": 0.63}, ""type"": ""choice""}, ""staple"": {""choice"": ""noodle"", ""confidence"": 1.0, ""probabilities"": {""bread"": 0.0, ""noodle"": 1.0, ""other"": 0.0, ""rice"": 0.0}, ""type"": ""choice""}, ""taste_tag"": {""choice"": ""light"", ""confidence"": 0.28, ""probabilities"": {""light"": 0.46, ""rich"": 0.0, ""semi_light"": 0.3, ""semi_rich"": 0.24}, ""type"": ""choice""}}, ""workload"": {""temperature_tag"": {""choice"": ""cold"", ""confidence"": 0.99, ""probabilities"": {""cold"": 0.99, ""warm"": 0.01}, ""type"": ""choice""}, ""time_tag"": {""choice"": ""min_15_30"", ""confidence"": 0.95, ""probabilities"": {""min_15_30"": 0.97, ""over_30"": 0.01, ""within_15"": 0.02}, ""type"": ""choice""}, ""uses_frying_pan"": {""noul"": 0.27, ""type"": ""noul""}, ""uses_heat_tag"": {""noul"": 0.88, ""type"": ""noul""}, ""uses_knife_tag"": {""noul"": 0.57, ""type"": ""noul""}, ""uses_microwave"": {""noul"": 0.12, ""type"": ""noul""}}}",
o-BOhQlr7TM,とろ旨カルボナーラうどん🍳 #簡単レシピ#節約レシピ#カルボナーラ#ワンパン#一人暮らしレシピ#うどん #cooking #時短節約 →レシピ詳細はInstagramへ🍳,https://www.youtube.com/watch?v=o-BOhQlr7TM,ok,needs_review,true,0.84,洋食,0.92,麺,1.00,麺料理,1.00,その他,0.67,ガッツリ,0.88,温かい,1.00,15分以内,0.98,false,0.56,true,0.98,true,0.96,false,0.94,main_ingredient;uses_knife_tag,2650,"{""core"": {""dish_shape"": {""choice"": ""noodle"", ""confidence"": 1.0, ""probabilities"": {""bowl"": 0.0, ""bread"": 0.0, ""main"": 0.0, ""noodle"": 1.0, ""other"": 0.0, ""rice_other"": 0.0, ""stew"": 0.0}, ""type"": ""choice""}, ""genre"": {""choice"": ""yoshoku"", ""confidence"": 0.92, ""probabilities"": {""chuka"": 0.0, ""korean"": 0.0, ""other"": 0.01, ""washoku"": 0.05, ""yoshoku"": 0.94}, ""type"": ""choice""}, ""is_single_recipe"": {""noul"": 0.84, ""type"": ""noul""}, ""main_ingredient"": {""choice"": ""other"", ""confidence"": 0.67, ""probabilities"": {""egg"": 0.18, ""fish"": 0.0, ""meat"": 0.09, ""other"": 0.73, ""soy"": 0.0, ""vegetable"": 0.0}, ""type"": ""choice""}, ""staple"": {""choice"": ""noodle"", ""confidence"": 1.0, ""probabilities"": {""bread"": 0.0, ""noodle"": 1.0, ""other"": 0.0, ""rice"": 0.0}, ""type"": ""choice""}, ""taste_tag"": {""choice"": ""rich"", ""confidence"": 0.88, ""probabilities"": {""light"": 0.0, ""rich"": 0.91, ""semi_light"": 0.0, ""semi_rich"": 0.09}, ""type"": ""choice""}}, ""workload"": {""temperature_tag"": {""choice"": ""warm"", ""confidence"": 1.0, ""probabilities"": {""cold"": 0.0, ""warm"": 1.0}, ""type"": ""choice""}, ""time_tag"": {""choice"": ""within_15"", ""confidence"": 0.98, ""probabilities"": {""min_15_30"": 0.01, ""over_30"": 0.0, ""within_15"": 0.99}, ""type"": ""choice""}, ""uses_frying_pan"": {""noul"": 0.96, ""type"": ""noul""}, ""uses_heat_tag"": {""noul"": 0.98, ""type"": ""noul""}, ""uses_knife_tag"": {""noul"": 0.44, ""type"": ""noul""}, ""uses_microwave"": {""noul"": 0.06, ""type"": ""noul""}}}",
tqQcxg5GUb0,スタミナ韓国風まぜ油蕎麦#shorts #料理#レシピ#蕎麦#自炊#一人暮らし,https://www.youtube.com/watch?v=tqQcxg5GUb0,ok,needs_review,true,0.80,韓国,0.96,麺,1.00,麺料理,1.00,その他,0.99,ややガッツリ,0.80,温かい,0.61,15〜30分,0.99,false,0.59,true,0.95,false,0.83,false,0.94,temperature_tag;uses_knife_tag,2566,"{""core"": {""dish_shape"": {""choice"": ""noodle"", ""confidence"": 1.0, ""probabilities"": {""bowl"": 0.0, ""bread"": 0.0, ""main"": 0.0, ""noodle"": 1.0, ""other"": 0.0, ""rice_other"": 0.0, ""stew"": 0.0}, ""type"": ""choice""}, ""genre"": {""choice"": ""korean"", ""confidence"": 0.96, ""probabilities"": {""chuka"": 0.0, ""korean"": 0.97, ""other"": 0.0, ""washoku"": 0.03, ""yoshoku"": 0.0}, ""type"": ""choice""}, ""is_single_recipe"": {""noul"": 0.8, ""type"": ""noul""}, ""main_ingredient"": {""choice"": ""other"", ""confidence"": 0.99, ""probabilities"": {""egg"": 0.0, ""fish"": 0.0, ""meat"": 0.01, ""other"": 0.99, ""soy"": 0.0, ""vegetable"": 0.0}, ""type"": ""choice""}, ""staple"": {""choice"": ""noodle"", ""confidence"": 1.0, ""probabilities"": {""bread"": 0.0, ""noodle"": 1.0, ""other"": 0.0, ""rice"": 0.0}, ""type"": ""choice""}, ""taste_tag"": {""choice"": ""semi_rich"", ""confidence"": 0.8, ""probabilities"": {""light"": 0.0, ""rich"": 0.14, ""semi_light"": 0.01, ""semi_rich"": 0.85}, ""type"": ""choice""}}, ""workload"": {""temperature_tag"": {""choice"": ""warm"", ""confidence"": 0.61, ""probabilities"": {""cold"": 0.19, ""warm"": 0.81}, ""type"": ""choice""}, ""time_tag"": {""choice"": ""min_15_30"", ""confidence"": 0.99, ""probabilities"": {""min_15_30"": 1.0, ""over_30"": 0.0, ""within_15"": 0.0}, ""type"": ""choice""}, ""uses_frying_pan"": {""noul"": 0.17, ""type"": ""noul""}, ""uses_heat_tag"": {""noul"": 0.95, ""type"": ""noul""}, ""uses_knife_tag"": {""noul"": 0.41, ""type"": ""noul""}, ""uses_microwave"": {""noul"": 0.06, ""type"": ""noul""}}}",
Z49InvAzWPY,辛ラーメン肉味噌カルボナーラ🍜#一人暮らしごはん #cooking #簡単レシピ #料理#辛ラーメン #辛ラーメンアレンジ #shinramen #신라면,https://www.youtube.com/watch?v=Z49InvAzWPY,ok,needs_review,true,0.80,中華,0.30,麺,1.00,麺料理,1.00,その他,0.67,ガッツリ,0.89,温かい,1.00,15〜30分,0.96,false,0.55,true,0.96,false,0.56,true,0.63,genre;main_ingredient;uses_knife_tag;uses_frying_pan;uses_microwave,2632,"{""core"": {""dish_shape"": {""choice"": ""noodle"", ""confidence"": 1.0, ""probabilities"": {""bowl"": 0.0, ""bread"": 0.0, ""main"": 0.0, ""noodle"": 1.0, ""other"": 0.0, ""rice_other"": 0.0, ""stew"": 0.0}, ""type"": ""choice""}, ""genre"": {""choice"": ""chuka"", ""confidence"": 0.3, ""probabilities"": {""chuka"": 0.43, ""korean"": 0.33, ""other"": 0.03, ""washoku"": 0.01, ""yoshoku"": 0.2}, ""type"": ""choice""}, ""is_single_recipe"": {""noul"": 0.8, ""type"": ""noul""}, ""main_ingredient"": {""choice"": ""other"", ""confidence"": 0.67, ""probabilities"": {""egg"": 0.0, ""fish"": 0.0, ""meat"": 0.27, ""other"": 0.73, ""soy"": 0.0, ""vegetable"": 0.0}, ""type"": ""choice""}, ""staple"": {""choice"": ""noodle"", ""confidence"": 1.0, ""probabilities"": {""bread"": 0.0, ""noodle"": 1.0, ""other"": 0.0, ""rice"": 0.0}, ""type"": ""choice""}, ""taste_tag"": {""choice"": ""rich"", ""confidence"": 0.89, ""probabilities"": {""light"": 0.0, ""rich"": 0.92, ""semi_light"": 0.0, ""semi_rich"": 0.08}, ""type"": ""choice""}}, ""workload"": {""temperature_tag"": {""choice"": ""warm"", ""confidence"": 1.0, ""probabilities"": {""cold"": 0.0, ""warm"": 1.0}, ""type"": ""choice""}, ""time_tag"": {""choice"": ""min_15_30"", ""confidence"": 0.96, ""probabilities"": {""min_15_30"": 0.98, ""over_30"": 0.0, ""within_15"": 0.02}, ""type"": ""choice""}, ""uses_frying_pan"": {""noul"": 0.44, ""type"": ""noul""}, ""uses_heat_tag"": {""noul"": 0.96, ""type"": ""noul""}, ""uses_knife_tag"": {""noul"": 0.45, ""type"": ""noul""}, ""uses_microwave"": {""noul"": 0.63, ""type"": ""noul""}}}",
jqOi8ZLr1JE,濃厚坦々辛そうめん🍜#節約レシピ #時短節約 #一人暮らしごはん #cooking #料理 #暮らしチャンネル #担々麺#汁なし担々麺,https://www.youtube.com/watch?v=jqOi8ZLr1JE,ok,needs_review,true,0.79,中華,1.00,麺,1.00,麺料理,1.00,その他,0.81,ガッツリ,0.89,冷たい,0.25,15〜30分,0.99,false,0.59,true,0.96,false,0.77,false,0.92,temperature_tag;uses_knife_tag,2632,"{""core"": {""dish_shape"": {""choice"": ""noodle"", ""confidence"": 1.0, ""probabilities"": {""bowl"": 0.0, ""bread"": 0.0, ""main"": 0.0, ""noodle"": 1.0, ""other"": 0.0, ""rice_other"": 0.0, ""stew"": 0.0}, ""type"": ""choice""}, ""genre"": {""choice"": ""chuka"", ""confidence"": 1.0, ""probabilities"": {""chuka"": 1.0, ""korean"": 0.0, ""other"": 0.0, ""washoku"": 0.0, ""yoshoku"": 0.0}, ""type"": ""choice""}, ""is_single_recipe"": {""noul"": 0.79, ""type"": ""noul""}, ""main_ingredient"": {""choice"": ""other"", ""confidence"": 0.81, ""probabilities"": {""egg"": 0.0, ""fish"": 0.0, ""meat"": 0.15, ""other"": 0.85, ""soy"": 0.0, ""vegetable"": 0.0}, ""type"": ""choice""}, ""staple"": {""choice"": ""noodle"", ""confidence"": 1.0, ""probabilities"": {""bread"": 0.0, ""noodle"": 1.0, ""other"": 0.0, ""rice"": 0.0}, ""type"": ""choice""}, ""taste_tag"": {""choice"": ""rich"", ""confidence"": 0.89, ""probabilities"": {""light"": 0.0, ""rich"": 0.92, ""semi_light"": 0.0, ""semi_rich"": 0.08}, ""type"": ""choice""}}, ""workload"": {""temperature_tag"": {""choice"": ""cold"", ""confidence"": 0.25, ""probabilities"": {""cold"": 0.62, ""warm"": 0.38}, ""type"": ""choice""}, ""time_tag"": {""choice"": ""min_15_30"", ""confidence"": 0.99, ""probabilities"": {""min_15_30"": 0.99, ""over_30"": 0.0, ""within_15"": 0.01}, ""type"": ""choice""}, ""uses_frying_pan"": {""noul"": 0.23, ""type"": ""noul""}, ""uses_heat_tag"": {""noul"": 0.96, ""type"": ""noul""}, ""uses_knife_tag"": {""noul"": 0.41, ""type"": ""noul""}, ""uses_microwave"": {""noul"": 0.08, ""type"": ""noul""}}}",
mPnfzjy0Q6c,海苔とろろ肉素麺🍜 #cooking #時短節約 #一人暮らしごはん #料理 #簡単レシピ #とろろ #そうめんレシピ,https://www.youtube.com/watch?v=mPnfzjy0Q6c,ok,needs_review,true,0.81,和食,0.96,麺,1.00,麺料理,1.00,その他,0.58,ややあっさり,0.25,冷たい,0.72,15〜30分,0.98,true,0.52,true,0.91,false,0.83,false,0.92,main_ingredient;taste_tag;temperature_tag;uses_knife_tag,2604,"{""core"": {""dish_shape"": {""choice"": ""noodle"", ""confidence"": 1.0, ""probabilities"": {""bowl"": 0.0, ""bread"": 0.0, ""main"": 0.0, ""noodle"": 1.0, ""other"": 0.0, ""rice_other"": 0.0, ""stew"": 0.0}, ""type"": ""choice""}, ""genre"": {""choice"": ""washoku"", ""confidence"": 0.96, ""probabilities"": {""chuka"": 0.0, ""korean"": 0.0, ""other"": 0.03, ""washoku"": 0.97, ""yoshoku"": 0.0}, ""type"": ""choice""}, ""is_single_recipe"": {""noul"": 0.81, ""type"": ""noul""}, ""main_ingredient"": {""choice"": ""other"", ""confidence"": 0.58, ""probabilities"": {""egg"": 0.0, ""fish"": 0.07, ""meat"": 0.18, ""other"": 0.65, ""soy"": 0.0, ""vegetable"": 0.1}, ""type"": ""choice""}, ""staple"": {""choice"": ""noodle"", ""confidence"": 1.0, ""probabilities"": {""bread"": 0.0, ""noodle"": 1.0, ""other"": 0.0, ""rice"": 0.0}, ""type"": ""choice""}, ""taste_tag"": {""choice"": ""semi_light"", ""confidence"": 0.25, ""probabilities"": {""light"": 0.31, ""rich"": 0.01, ""semi_light"": 0.43, ""semi_rich"": 0.25}, ""type"": ""choice""}}, ""workload"": {""temperature_tag"": {""choice"": ""cold"", ""confidence"": 0.72, ""probabilities"": {""cold"": 0.86, ""warm"": 0.14}, ""type"": ""choice""}, ""time_tag"": {""choice"": ""min_15_30"", ""confidence"": 0.98, ""probabilities"": {""min_15_30"": 0.99, ""over_30"": 0.0, ""within_15"": 0.01}, ""type"": ""choice""}, ""uses_frying_pan"": {""noul"": 0.17, ""type"": ""noul""}, ""uses_heat_tag"": {""noul"": 0.91, ""type"": ""noul""}, ""uses_knife_tag"": {""noul"": 0.52, ""type"": ""noul""}, ""uses_microwave"": {""noul"": 0.08, ""type"": ""noul""}}}",
VmjKUNZO-bg,【14日/100日】パスタって一人暮らしの味方だよね✨炊飯器はボタンひとつでできて簡単だし空いた時間を有効活用できるからいいよね#一人暮らし#料理,https://www.youtube.com/watch?v=VmjKUNZO-bg,ok,needs_review,true,0.51,洋食,1.00,麺,0.98,麺料理,0.99,その他,1.00,ややガッツリ,0.98,温かい,1.00,15〜30分,0.99,false,0.75,true,0.93,false,0.78,false,0.93,is_single_recipe,2640,"{""core"": {""dish_shape"": {""choice"": ""noodle"", ""confidence"": 0.99, ""probabilities"": {""bowl"": 0.0, ""bread"": 0.0, ""main"": 0.0, ""noodle"": 1.0, ""other"": 0.0, ""rice_other"": 0.0, ""stew"": 0.0}, ""type"": ""choice""}, ""genre"": {""choice"": ""yoshoku"", ""confidence"": 1.0, ""probabilities"": {""chuka"": 0.0, ""korean"": 0.0, ""other"": 0.0, ""washoku"": 0.0, ""yoshoku"": 1.0}, ""type"": ""choice""}, ""is_single_recipe"": {""noul"": 0.51, ""type"": ""noul""}, ""main_ingredient"": {""choice"": ""other"", ""confidence"": 1.0, ""probabilities"": {""egg"": 0.0, ""fish"": 0.0, ""meat"": 0.0, ""other"": 1.0, ""soy"": 0.0, ""vegetable"": 0.0}, ""type"": ""choice""}, ""staple"": {""choice"": ""noodle"", ""confidence"": 0.98, ""probabilities"": {""bread"": 0.0, ""noodle"": 0.99, ""other"": 0.0, ""rice"": 0.01}, ""type"": ""choice""}, ""taste_tag"": {""choice"": ""semi_rich"", ""confidence"": 0.98, ""probabilities"": {""light"": 0.0, ""rich"": 0.0, ""semi_light"": 0.01, ""semi_rich"": 0.99}, ""type"": ""choice""}}, ""workload"": {""temperature_tag"": {""choice"": ""warm"", ""confidence"": 1.0, ""probabilities"": {""cold"": 0.0, ""warm"": 1.0}, ""type"": ""choice""}, ""time_tag"": {""choice"": ""min_15_30"", ""confidence"": 0.99, ""probabilities"": {""min_15_30"": 0.99, ""over_30"": 0.01, ""within_15"": 0.0}, ""type"": ""choice""}, ""uses_frying_pan"": {""noul"": 0.22, ""type"": ""noul""}, ""uses_heat_tag"": {""noul"": 0.93, ""type"": ""noul""}, ""uses_knife_tag"": {""noul"": 0.25, ""type"": ""noul""}, ""uses_microwave"": {""noul"": 0.07, ""type"": ""noul""}}}",
oz7_NQ_OU2Y,包まないワンタンスープ #スープレシピ #簡単レシピ #一人暮らしレシピ #アラフォー独身女子,https://www.youtube.com/watch?v=oz7_NQ_OU2Y,ok,needs_review,true,0.71,中華,0.35,麺,0.72,麺料理,0.80,その他,0.95,あっさり,0.92,温かい,1.00,15〜30分,0.96,false,0.68,true,0.94,false,0.84,false,0.88,is_single_recipe;genre;staple;uses_knife_tag,2598,"{""core"": {""dish_shape"": {""choice"": ""noodle"", ""confidence"": 0.8, ""probabilities"": {""bowl"": 0.01, ""bread"": 0.0, ""main"": 0.01, ""noodle"": 0.83, ""other"": 0.06, ""rice_other"": 0.0, ""stew"": 0.09}, ""type"": ""choice""}, ""genre"": {""choice"": ""chuka"", ""confidence"": 0.35, ""probabilities"": {""chuka"": 0.49, ""korean"": 0.0, ""other"": 0.3, ""washoku"": 0.21, ""yoshoku"": 0.0}, ""type"": ""choice""}, ""is_single_recipe"": {""noul"": 0.71, ""type"": ""noul""}, ""main_ingredient"": {""choice"": ""other"", ""confidence"": 0.95, ""probabilities"": {""egg"": 0.0, ""fish"": 0.01, ""meat"": 0.02, ""other"": 0.96, ""soy"": 0.01, ""vegetable"": 0.0}, ""type"": ""choice""}, ""staple"": {""choice"": ""noodle"", ""confidence"": 0.72, ""probabilities"": {""bread"": 0.0, ""noodle"": 0.79, ""other"": 0.21, ""rice"": 0.0}, ""type"": ""choice""}, ""taste_tag"": {""choice"": ""light"", ""confidence"": 0.92, ""probabilities"": {""light"": 0.94, ""rich"": 0.0, ""semi_light"": 0.05, ""semi_rich"": 0.01}, ""type"": ""choice""}}, ""workload"": {""temperature_tag"": {""choice"": ""warm"", ""confidence"": 1.0, ""probabilities"": {""cold"": 0.0, ""warm"": 1.0}, ""type"": ""choice""}, ""time_tag"": {""choice"": ""min_15_30"", ""confidence"": 0.96, ""probabilities"": {""min_15_30"": 0.97, ""over_30"": 0.0, ""within_15"": 0.03}, ""type"": ""choice""}, ""uses_frying_pan"": {""noul"": 0.16, ""type"": ""noul""}, ""uses_heat_tag"": {""noul"": 0.94, ""type"": ""noul""}, ""uses_knife_tag"": {""noul"": 0.32, ""type"": ""noul""}, ""uses_microwave"": {""noul"": 0.12, ""type"": ""noul""}}}",
LBdoJN4S0eM,一人暮らし男が作る無限ペペロンチーノ！？ #イタリア料理 #ペペロンチーノ #一人暮らし #男子 #siramekitchen,https://www.youtube.com/watch?v=LBdoJN4S0eM,ok,exclude_candidate,false,0.89,洋食,0.56,その他,0.72,主菜,0.57,肉,0.47,ややガッツリ,0.56,温かい,0.35,15分以内,0.93,true,0.79,true,0.90,true,0.56,false,0.94,genre;staple;dish_shape;main_ingredient;taste_tag;temperature_tag;uses_frying_pan,3556,"{""core"": {""dish_shape"": {""choice"": ""main"", ""confidence"": 0.57, ""probabilities"": {""bowl"": 0.0, ""bread"": 0.0, ""main"": 0.63, ""noodle"": 0.23, ""other"": 0.14, ""rice_other"": 0.0, ""stew"": 0.0}, ""type"": ""choice""}, ""genre"": {""choice"": ""yoshoku"", ""confidence"": 0.56, ""probabilities"": {""chuka"": 0.0, ""korean"": 0.0, ""other"": 0.09, ""washoku"": 0.26, ""yoshoku"": 0.65}, ""type"": ""choice""}, ""is_single_recipe"": {""noul"": 0.11, ""type"": ""noul""}, ""main_ingredient"": {""choice"": ""meat"", ""confidence"": 0.47, ""probabilities"": {""egg"": 0.0, ""fish"": 0.0, ""meat"": 0.56, ""other"": 0.23, ""soy"": 0.0, ""vegetable"": 0.21}, ""type"": ""choice""}, ""staple"": {""choice"": ""other"", ""confidence"": 0.72, ""probabilities"": {""bread"": 0.0, ""noodle"": 0.2, ""other"": 0.8, ""rice"": 0.0}, ""type"": ""choice""}, ""taste_tag"": {""choice"": ""semi_rich"", ""confidence"": 0.56, ""probabilities"": {""light"": 0.0, ""rich"": 0.31, ""semi_light"": 0.01, ""semi_rich"": 0.68}, ""type"": ""choice""}}, ""workload"": {""temperature_tag"": {""choice"": ""warm"", ""confidence"": 0.35, ""probabilities"": {""cold"": 0.32, ""warm"": 0.68}, ""type"": ""choice""}, ""time_tag"": {""choice"": ""within_15"", ""confidence"": 0.93, ""probabilities"": {""min_15_30"": 0.04, ""over_30"": 0.01, ""within_15"": 0.95}, ""type"": ""choice""}, ""uses_frying_pan"": {""noul"": 0.56, ""type"": ""noul""}, ""uses_heat_tag"": {""noul"": 0.9, ""type"": ""noul""}, ""uses_knife_tag"": {""noul"": 0.79, ""type"": ""noul""}, ""uses_microwave"": {""noul"": 0.06, ""type"": ""noul""}}}",
ZAUWNHj36IQ,ミートソースパスタ🍝 #節約レシピ #パスタ #時短節約 #一人暮らしごはん #cooking #料理 #暮らしチャンネル #簡単レシピ #ミートソース,https://www.youtube.com/watch?v=ZAUWNHj36IQ,ok,needs_review,true,0.78,洋食,1.00,麺,1.00,麺料理,1.00,肉,0.76,ややガッツリ,0.96,温かい,1.00,15〜30分,0.98,true,0.59,true,0.96,true,0.62,false,0.91,uses_knife_tag;uses_frying_pan,2630,"{""core"": {""dish_shape"": {""choice"": ""noodle"", ""confidence"": 1.0, ""probabilities"": {""bowl"": 0.0, ""bread"": 0.0, ""main"": 0.0, ""noodle"": 1.0, ""other"": 0.0, ""rice_other"": 0.0, ""stew"": 0.0}, ""type"": ""choice""}, ""genre"": {""choice"": ""yoshoku"", ""confidence"": 1.0, ""probabilities"": {""chuka"": 0.0, ""korean"": 0.0, ""other"": 0.0, ""washoku"": 0.0, ""yoshoku"": 1.0}, ""type"": ""choice""}, ""is_single_recipe"": {""noul"": 0.78, ""type"": ""noul""}, ""main_ingredient"": {""choice"": ""meat"", ""confidence"": 0.76, ""probabilities"": {""egg"": 0.0, ""fish"": 0.0, ""meat"": 0.81, ""other"": 0.19, ""soy"": 0.0, ""vegetable"": 0.0}, ""type"": ""choice""}, ""staple"": {""choice"": ""noodle"", ""confidence"": 1.0, ""probabilities"": {""bread"": 0.0, ""noodle"": 1.0, ""other"": 0.0, ""rice"": 0.0}, ""type"": ""choice""}, ""taste_tag"": {""choice"": ""semi_rich"", ""confidence"": 0.96, ""probabilities"": {""light"": 0.0, ""rich"": 0.03, ""semi_light"": 0.0, ""semi_rich"": 0.97}, ""type"": ""choice""}}, ""workload"": {""temperature_tag"": {""choice"": ""warm"", ""confidence"": 1.0, ""probabilities"": {""cold"": 0.0, ""warm"": 1.0}, ""type"": ""choice""}, ""time_tag"": {""choice"": ""min_15_30"", ""confidence"": 0.98, ""probabilities"": {""min_15_30"": 0.99, ""over_30"": 0.01, ""within_15"": 0.0}, ""type"": ""choice""}, ""uses_frying_pan"": {""noul"": 0.62, ""type"": ""noul""}, ""uses_heat_tag"": {""noul"": 0.96, ""type"": ""noul""}, ""uses_knife_tag"": {""noul"": 0.59, ""type"": ""noul""}, ""uses_microwave"": {""noul"": 0.09, ""type"": ""noul""}}}",
nAr2LEW44Rc,【そば】おうちで簡単！美味しいつゆで温かいそばの作り方レシピ！,https://www.youtube.com/watch?v=nAr2LEW44Rc,ok,needs_review,true,0.92,和食,1.00,麺,1.00,麺料理,1.00,その他,0.96,ややあっさり,0.74,温かい,0.93,15分以内,0.98,true,0.51,true,0.98,false,0.86,false,0.97,taste_tag;uses_knife_tag,3266,"{""core"": {""dish_shape"": {""choice"": ""noodle"", ""confidence"": 1.0, ""probabilities"": {""bowl"": 0.0, ""bread"": 0.0, ""main"": 0.0, ""noodle"": 1.0, ""other"": 0.0, ""rice_other"": 0.0, ""stew"": 0.0}, ""type"": ""choice""}, ""genre"": {""choice"": ""washoku"", ""confidence"": 1.0, ""probabilities"": {""chuka"": 0.0, ""korean"": 0.0, ""other"": 0.0, ""washoku"": 1.0, ""yoshoku"": 0.0}, ""type"": ""choice""}, ""is_single_recipe"": {""noul"": 0.92, ""type"": ""noul""}, ""main_ingredient"": {""choice"": ""other"", ""confidence"": 0.96, ""probabilities"": {""egg"": 0.0, ""fish"": 0.02, ""meat"": 0.0, ""other"": 0.97, ""soy"": 0.01, ""vegetable"": 0.0}, ""type"": ""choice""}, ""staple"": {""choice"": ""noodle"", ""confidence"": 1.0, ""probabilities"": {""bread"": 0.0, ""noodle"": 1.0, ""other"": 0.0, ""rice"": 0.0}, ""type"": ""choice""}, ""taste_tag"": {""choice"": ""semi_light"", ""confidence"": 0.74, ""probabilities"": {""light"": 0.13, ""rich"": 0.0, ""semi_light"": 0.81, ""semi_rich"": 0.06}, ""type"": ""choice""}}, ""workload"": {""temperature_tag"": {""choice"": ""warm"", ""confidence"": 0.93, ""probabilities"": {""cold"": 0.03, ""warm"": 0.97}, ""type"": ""choice""}, ""time_tag"": {""choice"": ""within_15"", ""confidence"": 0.98, ""probabilities"": {""min_15_30"": 0.01, ""over_30"": 0.0, ""within_15"": 0.99}, ""type"": ""choice""}, ""uses_frying_pan"": {""noul"": 0.14, ""type"": ""noul""}, ""uses_heat_tag"": {""noul"": 0.98, ""type"": ""noul""}, ""uses_knife_tag"": {""noul"": 0.51, ""type"": ""noul""}, ""uses_microwave"": {""noul"": 0.03, ""type"": ""noul""}}}",
8fL8XD7kZUo,【みんな大好き】白身フライのチーズ焼き #一人暮らし #自炊 #料理 #asmr,https://www.youtube.com/watch?v=8fL8XD7kZUo,ok,needs_review,true,0.73,洋食,0.88,その他,1.00,主菜,0.97,魚,0.89,ガッツリ,1.00,温かい,1.00,15〜30分,1.00,true,0.55,true,0.97,true,0.93,false,0.94,is_single_recipe;uses_knife_tag,2576,"{""core"": {""dish_shape"": {""choice"": ""main"", ""confidence"": 0.97, ""probabilities"": {""bowl"": 0.0, ""bread"": 0.0, ""main"": 0.97, ""noodle"": 0.0, ""other"": 0.02, ""rice_other"": 0.01, ""stew"": 0.0}, ""type"": ""choice""}, ""genre"": {""choice"": ""yoshoku"", ""confidence"": 0.88, ""probabilities"": {""chuka"": 0.0, ""korean"": 0.0, ""other"": 0.08, ""washoku"": 0.02, ""yoshoku"": 0.9}, ""type"": ""choice""}, ""is_single_recipe"": {""noul"": 0.73, ""type"": ""noul""}, ""main_ingredient"": {""choice"": ""fish"", ""confidence"": 0.89, ""probabilities"": {""egg"": 0.0, ""fish"": 0.91, ""meat"": 0.0, ""other"": 0.09, ""soy"": 0.0, ""vegetable"": 0.0}, ""type"": ""choice""}, ""staple"": {""choice"": ""other"", ""confidence"": 1.0, ""probabilities"": {""bread"": 0.0, ""noodle"": 0.0, ""other"": 1.0, ""rice"": 0.0}, ""type"": ""choice""}, ""taste_tag"": {""choice"": ""rich"", ""confidence"": 1.0, ""probabilities"": {""light"": 0.0, ""rich"": 1.0, ""semi_light"": 0.0, ""semi_rich"": 0.0}, ""type"": ""choice""}}, ""workload"": {""temperature_tag"": {""choice"": ""warm"", ""confidence"": 1.0, ""probabilities"": {""cold"": 0.0, ""warm"": 1.0}, ""type"": ""choice""}, ""time_tag"": {""choice"": ""min_15_30"", ""confidence"": 1.0, ""probabilities"": {""min_15_30"": 1.0, ""over_30"": 0.0, ""within_15"": 0.0}, ""type"": ""choice""}, ""uses_frying_pan"": {""noul"": 0.93, ""type"": ""noul""}, ""uses_heat_tag"": {""noul"": 0.97, ""type"": ""noul""}, ""uses_knife_tag"": {""noul"": 0.55, ""type"": ""noul""}, ""uses_microwave"": {""noul"": 0.06, ""type"": ""noul""}}}",
K5IbRMlsXME,絶望パスタ #リメイク料理 #絶望 #パスタレシピ #スパゲティ #pastarecipes #一人暮らし #自炊 #晩酌 #料理動画,https://www.youtube.com/watch?v=K5IbRMlsXME,ok,needs_review,true,0.68,洋食,0.99,麺,1.00,麺料理,1.00,その他,1.00,ややガッツリ,0.95,温かい,1.00,15〜30分,0.99,false,0.65,true,0.95,false,0.67,false,0.91,is_single_recipe;uses_knife_tag;uses_frying_pan,2586,"{""core"": {""dish_shape"": {""choice"": ""noodle"", ""confidence"": 1.0, ""probabilities"": {""bowl"": 0.0, ""bread"": 0.0, ""main"": 0.0, ""noodle"": 1.0, ""other"": 0.0, ""rice_other"": 0.0, ""stew"": 0.0}, ""type"": ""choice""}, ""genre"": {""choice"": ""yoshoku"", ""confidence"": 0.99, ""probabilities"": {""chuka"": 0.0, ""korean"": 0.0, ""other"": 0.0, ""washoku"": 0.0, ""yoshoku"": 1.0}, ""type"": ""choice""}, ""is_single_recipe"": {""noul"": 0.68, ""type"": ""noul""}, ""main_ingredient"": {""choice"": ""other"", ""confidence"": 1.0, ""probabilities"": {""egg"": 0.0, ""fish"": 0.0, ""meat"": 0.0, ""other"": 1.0, ""soy"": 0.0, ""vegetable"": 0.0}, ""type"": ""choice""}, ""staple"": {""choice"": ""noodle"", ""confidence"": 1.0, ""probabilities"": {""bread"": 0.0, ""noodle"": 1.0, ""other"": 0.0, ""rice"": 0.0}, ""type"": ""choice""}, ""taste_tag"": {""choice"": ""semi_rich"", ""confidence"": 0.95, ""probabilities"": {""light"": 0.01, ""rich"": 0.01, ""semi_light"": 0.03, ""semi_rich"": 0.95}, ""type"": ""choice""}}, ""workload"": {""temperature_tag"": {""choice"": ""warm"", ""confidence"": 1.0, ""probabilities"": {""cold"": 0.0, ""warm"": 1.0}, ""type"": ""choice""}, ""time_tag"": {""choice"": ""min_15_30"", ""confidence"": 0.99, ""probabilities"": {""min_15_30"": 1.0, ""over_30"": 0.0, ""within_15"": 0.0}, ""type"": ""choice""}, ""uses_frying_pan"": {""noul"": 0.33, ""type"": ""noul""}, ""uses_heat_tag"": {""noul"": 0.95, ""type"": ""noul""}, ""uses_knife_tag"": {""noul"": 0.35, ""type"": ""noul""}, ""uses_microwave"": {""noul"": 0.09, ""type"": ""noul""}}}",
De6RbVIotLw,秋に食べたい【きのこクリームパスタ】 #簡単レシピ,https://www.youtube.com/watch?v=De6RbVIotLw,ok,needs_review,true,0.83,洋食,1.00,麺,1.00,麺料理,1.00,野菜中心,0.54,ガッツリ,0.38,温かい,1.00,15〜30分,0.99,true,0.65,true,0.96,true,0.61,false,0.93,main_ingredient;taste_tag;uses_knife_tag;uses_frying_pan,2540,"{""core"": {""dish_shape"": {""choice"": ""noodle"", ""confidence"": 1.0, ""probabilities"": {""bowl"": 0.0, ""bread"": 0.0, ""main"": 0.0, ""noodle"": 1.0, ""other"": 0.0, ""rice_other"": 0.0, ""stew"": 0.0}, ""type"": ""choice""}, ""genre"": {""choice"": ""yoshoku"", ""confidence"": 1.0, ""probabilities"": {""chuka"": 0.0, ""korean"": 0.0, ""other"": 0.0, ""washoku"": 0.0, ""yoshoku"": 1.0}, ""type"": ""choice""}, ""is_single_recipe"": {""noul"": 0.83, ""type"": ""noul""}, ""main_ingredient"": {""choice"": ""vegetable"", ""confidence"": 0.54, ""probabilities"": {""egg"": 0.0, ""fish"": 0.0, ""meat"": 0.0, ""other"": 0.38, ""soy"": 0.0, ""vegetable"": 0.62}, ""type"": ""choice""}, ""staple"": {""choice"": ""noodle"", ""confidence"": 1.0, ""probabilities"": {""bread"": 0.0, ""noodle"": 1.0, ""other"": 0.0, ""rice"": 0.0}, ""type"": ""choice""}, ""taste_tag"": {""choice"": ""rich"", ""confidence"": 0.38, ""probabilities"": {""light"": 0.0, ""rich"": 0.54, ""semi_light"": 0.0, ""semi_rich"": 0.46}, ""type"": ""choice""}}, ""workload"": {""temperature_tag"": {""choice"": ""warm"", ""confidence"": 1.0, ""probabilities"": {""cold"": 0.0, ""warm"": 1.0}, ""type"": ""choice""}, ""time_tag"": {""choice"": ""min_15_30"", ""confidence"": 0.99, ""probabilities"": {""min_15_30"": 1.0, ""over_30"": 0.0, ""within_15"": 0.0}, ""type"": ""choice""}, ""uses_frying_pan"": {""noul"": 0.61, ""type"": ""noul""}, ""uses_heat_tag"": {""noul"": 0.96, ""type"": ""noul""}, ""uses_knife_tag"": {""noul"": 0.65, ""type"": ""noul""}, ""uses_microwave"": {""noul"": 0.07, ""type"": ""noul""}}}",
YF3faff2zis,チーズカツ大量生産#時短レシピ #ライフハック #shorts,https://www.youtube.com/watch?v=YF3faff2zis,ok,needs_review,true,0.72,洋食,0.90,その他,0.87,主菜,0.89,その他,0.97,ガッツリ,1.00,温かい,1.00,15〜30分,0.99,true,0.58,true,0.94,false,0.61,false,0.93,is_single_recipe;uses_knife_tag;uses_frying_pan,2558,"{""core"": {""dish_shape"": {""choice"": ""main"", ""confidence"": 0.89, ""probabilities"": {""bowl"": 0.0, ""bread"": 0.02, ""main"": 0.91, ""noodle"": 0.0, ""other"": 0.07, ""rice_other"": 0.0, ""stew"": 0.0}, ""type"": ""choice""}, ""genre"": {""choice"": ""yoshoku"", ""confidence"": 0.9, ""probabilities"": {""chuka"": 0.0, ""korean"": 0.0, ""other"": 0.04, ""washoku"": 0.04, ""yoshoku"": 0.92}, ""type"": ""choice""}, ""is_single_recipe"": {""noul"": 0.72, ""type"": ""noul""}, ""main_ingredient"": {""choice"": ""other"", ""confidence"": 0.97, ""probabilities"": {""egg"": 0.0, ""fish"": 0.0, ""meat"": 0.02, ""other"": 0.98, ""soy"": 0.0, ""vegetable"": 0.0}, ""type"": ""choice""}, ""staple"": {""choice"": ""other"", ""confidence"": 0.87, ""probabilities"": {""bread"": 0.1, ""noodle"": 0.0, ""other"": 0.9, ""rice"": 0.0}, ""type"": ""choice""}, ""taste_tag"": {""choice"": ""rich"", ""confidence"": 1.0, ""probabilities"": {""light"": 0.0, ""rich"": 1.0, ""semi_light"": 0.0, ""semi_rich"": 0.0}, ""type"": ""choice""}}, ""workload"": {""temperature_tag"": {""choice"": ""warm"", ""confidence"": 1.0, ""probabilities"": {""cold"": 0.0, ""warm"": 1.0}, ""type"": ""choice""}, ""time_tag"": {""choice"": ""min_15_30"", ""confidence"": 0.99, ""probabilities"": {""min_15_30"": 1.0, ""over_30"": 0.0, ""within_15"": 0.0}, ""type"": ""choice""}, ""uses_frying_pan"": {""noul"": 0.39, ""type"": ""noul""}, ""uses_heat_tag"": {""noul"": 0.94, ""type"": ""noul""}, ""uses_knife_tag"": {""noul"": 0.58, ""type"": ""noul""}, ""uses_microwave"": {""noul"": 0.07, ""type"": ""noul""}}}",
IQt6v7asmKM,懐かしい給食の味！【中華風春雨サラダ】#ズボラレシピ #簡単レシピ #料理 #春雨サラダ,https://www.youtube.com/watch?v=IQt6v7asmKM,ok,needs_review,true,0.95,中華,0.99,麺,1.00,麺料理,0.97,その他,0.78,あっさり,0.25,冷たい,1.00,15分以内,1.00,true,0.97,true,0.99,false,0.91,true,0.99,taste_tag,3628,"{""core"": {""dish_shape"": {""choice"": ""noodle"", ""confidence"": 0.97, ""probabilities"": {""bowl"": 0.0, ""bread"": 0.0, ""main"": 0.03, ""noodle"": 0.97, ""other"": 0.0, ""rice_other"": 0.0, ""stew"": 0.0}, ""type"": ""choice""}, ""genre"": {""choice"": ""chuka"", ""confidence"": 0.99, ""probabilities"": {""chuka"": 0.99, ""korean"": 0.0, ""other"": 0.0, ""washoku"": 0.01, ""yoshoku"": 0.0}, ""type"": ""choice""}, ""is_single_recipe"": {""noul"": 0.95, ""type"": ""noul""}, ""main_ingredient"": {""choice"": ""other"", ""confidence"": 0.78, ""probabilities"": {""egg"": 0.0, ""fish"": 0.0, ""meat"": 0.0, ""other"": 0.8200000000000001, ""soy"": 0.0, ""vegetable"": 0.18}, ""type"": ""choice""}, ""staple"": {""choice"": ""noodle"", ""confidence"": 1.0, ""probabilities"": {""bread"": 0.0, ""noodle"": 1.0, ""other"": 0.0, ""rice"": 0.0}, ""type"": ""choice""}, ""taste_tag"": {""choice"": ""light"", ""confidence"": 0.25, ""probabilities"": {""light"": 0.43, ""rich"": 0.0, ""semi_light"": 0.33, ""semi_rich"": 0.24}, ""type"": ""choice""}}, ""workload"": {""temperature_tag"": {""choice"": ""cold"", ""confidence"": 1.0, ""probabilities"": {""cold"": 1.0, ""warm"": 0.0}, ""type"": ""choice""}, ""time_tag"": {""choice"": ""within_15"", ""confidence"": 1.0, ""probabilities"": {""min_15_30"": 0.0, ""over_30"": 0.0, ""within_15"": 1.0}, ""type"": ""choice""}, ""uses_frying_pan"": {""noul"": 0.09, ""type"": ""noul""}, ""uses_heat_tag"": {""noul"": 0.99, ""type"": ""noul""}, ""uses_knife_tag"": {""noul"": 0.97, ""type"": ""noul""}, ""uses_microwave"": {""noul"": 0.99, ""type"": ""noul""}}}",
Zs54y_yowxE,【時短料理】ワンパンレシピ激うま『カルボナーラ』を紹介！！#ワンパンパスタ #時短レシピ #カルボナーラ #せりちゃん食堂,https://www.youtube.com/watch?v=Zs54y_yowxE,ok,needs_review,true,0.97,洋食,1.00,麺,1.00,麺料理,1.00,その他,0.82,ガッツリ,0.80,温かい,1.00,15分以内,0.98,false,0.74,true,0.99,true,0.99,false,0.98,uses_knife_tag,4392,"{""core"": {""dish_shape"": {""choice"": ""noodle"", ""confidence"": 1.0, ""probabilities"": {""bowl"": 0.0, ""bread"": 0.0, ""main"": 0.0, ""noodle"": 1.0, ""other"": 0.0, ""rice_other"": 0.0, ""stew"": 0.0}, ""type"": ""choice""}, ""genre"": {""choice"": ""yoshoku"", ""confidence"": 1.0, ""probabilities"": {""chuka"": 0.0, ""korean"": 0.0, ""other"": 0.0, ""washoku"": 0.0, ""yoshoku"": 1.0}, ""type"": ""choice""}, ""is_single_recipe"": {""noul"": 0.97, ""type"": ""noul""}, ""main_ingredient"": {""choice"": ""other"", ""confidence"": 0.82, ""probabilities"": {""egg"": 0.06, ""fish"": 0.0, ""meat"": 0.08, ""other"": 0.86, ""soy"": 0.0, ""vegetable"": 0.0}, ""type"": ""choice""}, ""staple"": {""choice"": ""noodle"", ""confidence"": 1.0, ""probabilities"": {""bread"": 0.0, ""noodle"": 1.0, ""other"": 0.0, ""rice"": 0.0}, ""type"": ""choice""}, ""taste_tag"": {""choice"": ""rich"", ""confidence"": 0.8, ""probabilities"": {""light"": 0.0, ""rich"": 0.85, ""semi_light"": 0.0, ""semi_rich"": 0.15}, ""type"": ""choice""}}, ""workload"": {""temperature_tag"": {""choice"": ""warm"", ""confidence"": 1.0, ""probabilities"": {""cold"": 0.0, ""warm"": 1.0}, ""type"": ""choice""}, ""time_tag"": {""choice"": ""within_15"", ""confidence"": 0.98, ""probabilities"": {""min_15_30"": 0.01, ""over_30"": 0.0, ""within_15"": 0.99}, ""type"": ""choice""}, ""uses_frying_pan"": {""noul"": 0.99, ""type"": ""noul""}, ""uses_heat_tag"": {""noul"": 0.99, ""type"": ""noul""}, ""uses_knife_tag"": {""noul"": 0.26, ""type"": ""noul""}, ""uses_microwave"": {""noul"": 0.02, ""type"": ""noul""}}}",
zY8uBv7HZnc,レンジで90秒！腸活チョコパン #簡単レシピ #無添加 #時短レシピ #腸活 #米粉パン,https://www.youtube.com/watch?v=zY8uBv7HZnc,ok,needs_review,true,0.95,洋食,0.68,パン,0.98,パン料理,0.93,その他,0.98,ややガッツリ,0.88,温かい,1.00,15分以内,1.00,false,0.94,true,0.99,false,0.95,true,0.99,genre,3164,"{""core"": {""dish_shape"": {""choice"": ""bread"", ""confidence"": 0.93, ""probabilities"": {""bowl"": 0.0, ""bread"": 0.95, ""main"": 0.0, ""noodle"": 0.0, ""other"": 0.05, ""rice_other"": 0.0, ""stew"": 0.0}, ""type"": ""choice""}, ""genre"": {""choice"": ""yoshoku"", ""confidence"": 0.68, ""probabilities"": {""chuka"": 0.0, ""korean"": 0.0, ""other"": 0.16, ""washoku"": 0.1, ""yoshoku"": 0.74}, ""type"": ""choice""}, ""is_single_recipe"": {""noul"": 0.95, ""type"": ""noul""}, ""main_ingredient"": {""choice"": ""other"", ""confidence"": 0.98, ""probabilities"": {""egg"": 0.01, ""fish"": 0.0, ""meat"": 0.0, ""other"": 0.99, ""soy"": 0.0, ""vegetable"": 0.0}, ""type"": ""choice""}, ""staple"": {""choice"": ""bread"", ""confidence"": 0.98, ""probabilities"": {""bread"": 0.99, ""noodle"": 0.0, ""other"": 0.01, ""rice"": 0.0}, ""type"": ""choice""}, ""taste_tag"": {""choice"": ""semi_rich"", ""confidence"": 0.88, ""probabilities"": {""light"": 0.01, ""rich"": 0.04, ""semi_light"": 0.04, ""semi_rich"": 0.91}, ""type"": ""choice""}}, ""workload"": {""temperature_tag"": {""choice"": ""warm"", ""confidence"": 1.0, ""probabilities"": {""cold"": 0.0, ""warm"": 1.0}, ""type"": ""choice""}, ""time_tag"": {""choice"": ""within_15"", ""confidence"": 1.0, ""probabilities"": {""min_15_30"": 0.0, ""over_30"": 0.0, ""within_15"": 1.0}, ""type"": ""choice""}, ""uses_frying_pan"": {""noul"": 0.05, ""type"": ""noul""}, ""uses_heat_tag"": {""noul"": 0.99, ""type"": ""noul""}, ""uses_knife_tag"": {""noul"": 0.06, ""type"": ""noul""}, ""uses_microwave"": {""noul"": 0.99, ""type"": ""noul""}}}",
T7-qw1DUkpk,マジ快便！！梅ながし！！ #料理 #レシピ #ラーメン#時短 #簡単レシピ #時短レシピ#ダイエット,https://www.youtube.com/watch?v=T7-qw1DUkpk,ok,needs_review,true,0.72,中華,0.96,麺,1.00,麺料理,1.00,その他,0.97,ややガッツリ,0.73,温かい,0.96,15〜30分,0.98,false,0.56,true,0.94,false,0.80,false,0.92,is_single_recipe;taste_tag;uses_knife_tag,3026,"{""core"": {""dish_shape"": {""choice"": ""noodle"", ""confidence"": 1.0, ""probabilities"": {""bowl"": 0.0, ""bread"": 0.0, ""main"": 0.0, ""noodle"": 1.0, ""other"": 0.0, ""rice_other"": 0.0, ""stew"": 0.0}, ""type"": ""choice""}, ""genre"": {""choice"": ""chuka"", ""confidence"": 0.96, ""probabilities"": {""chuka"": 0.96, ""korean"": 0.0, ""other"": 0.01, ""washoku"": 0.03, ""yoshoku"": 0.0}, ""type"": ""choice""}, ""is_single_recipe"": {""noul"": 0.72, ""type"": ""noul""}, ""main_ingredient"": {""choice"": ""other"", ""confidence"": 0.97, ""probabilities"": {""egg"": 0.0, ""fish"": 0.01, ""meat"": 0.0, ""other"": 0.98, ""soy"": 0.0, ""vegetable"": 0.01}, ""type"": ""choice""}, ""staple"": {""choice"": ""noodle"", ""confidence"": 1.0, ""probabilities"": {""bread"": 0.0, ""noodle"": 1.0, ""other"": 0.0, ""rice"": 0.0}, ""type"": ""choice""}, ""taste_tag"": {""choice"": ""semi_rich"", ""confidence"": 0.73, ""probabilities"": {""light"": 0.1, ""rich"": 0.04, ""semi_light"": 0.07, ""semi_rich"": 0.79}, ""type"": ""choice""}}, ""workload"": {""temperature_tag"": {""choice"": ""warm"", ""confidence"": 0.96, ""probabilities"": {""cold"": 0.02, ""warm"": 0.98}, ""type"": ""choice""}, ""time_tag"": {""choice"": ""min_15_30"", ""confidence"": 0.98, ""probabilities"": {""min_15_30"": 0.99, ""over_30"": 0.0, ""within_15"": 0.01}, ""type"": ""choice""}, ""uses_frying_pan"": {""noul"": 0.2, ""type"": ""noul""}, ""uses_heat_tag"": {""noul"": 0.94, ""type"": ""noul""}, ""uses_knife_tag"": {""noul"": 0.44, ""type"": ""noul""}, ""uses_microwave"": {""noul"": 0.08, ""type"": ""noul""}}}",
xq08Pu_GQFc,【管理栄養士の15分ラクうま料理】ワンパン濃厚ボロネーゼ#時短節約#簡単レシピ#夜ご飯#今日の晩ごはん#パスタ#ワンパン,https://www.youtube.com/watch?v=xq08Pu_GQFc,ok,needs_review,true,0.86,洋食,1.00,麺,1.00,麺料理,1.00,肉,0.74,ガッツリ,0.81,温かい,1.00,15分以内,0.99,true,0.51,true,0.98,true,0.97,false,0.95,main_ingredient;uses_knife_tag,2602,"{""core"": {""dish_shape"": {""choice"": ""noodle"", ""confidence"": 1.0, ""probabilities"": {""bowl"": 0.0, ""bread"": 0.0, ""main"": 0.0, ""noodle"": 1.0, ""other"": 0.0, ""rice_other"": 0.0, ""stew"": 0.0}, ""type"": ""choice""}, ""genre"": {""choice"": ""yoshoku"", ""confidence"": 1.0, ""probabilities"": {""chuka"": 0.0, ""korean"": 0.0, ""other"": 0.0, ""washoku"": 0.0, ""yoshoku"": 1.0}, ""type"": ""choice""}, ""is_single_recipe"": {""noul"": 0.86, ""type"": ""noul""}, ""main_ingredient"": {""choice"": ""meat"", ""confidence"": 0.74, ""probabilities"": {""egg"": 0.0, ""fish"": 0.0, ""meat"": 0.79, ""other"": 0.21, ""soy"": 0.0, ""vegetable"": 0.0}, ""type"": ""choice""}, ""staple"": {""choice"": ""noodle"", ""confidence"": 1.0, ""probabilities"": {""bread"": 0.0, ""noodle"": 1.0, ""other"": 0.0, ""rice"": 0.0}, ""type"": ""choice""}, ""taste_tag"": {""choice"": ""rich"", ""confidence"": 0.81, ""probabilities"": {""light"": 0.0, ""rich"": 0.86, ""semi_light"": 0.0, ""semi_rich"": 0.14}, ""type"": ""choice""}}, ""workload"": {""temperature_tag"": {""choice"": ""warm"", ""confidence"": 1.0, ""probabilities"": {""cold"": 0.0, ""warm"": 1.0}, ""type"": ""choice""}, ""time_tag"": {""choice"": ""within_15"", ""confidence"": 0.99, ""probabilities"": {""min_15_30"": 0.01, ""over_30"": 0.0, ""within_15"": 0.99}, ""type"": ""choice""}, ""uses_frying_pan"": {""noul"": 0.97, ""type"": ""noul""}, ""uses_heat_tag"": {""noul"": 0.98, ""type"": ""noul""}, ""uses_knife_tag"": {""noul"": 0.51, ""type"": ""noul""}, ""uses_microwave"": {""noul"": 0.05, ""type"": ""noul""}}}",
qRVXS8I1iuY,もちもちせいろ蒸し辛ラーメン🌶️ #cooking #時短節約 #料理 #今日の晩ごはん #一人暮らしごはん #food #辛ラーメン #辛ラーメンアレンジ,https://www.youtube.com/watch?v=qRVXS8I1iuY,ok,needs_review,true,0.79,中華,1.00,麺,1.00,麺料理,1.00,その他,1.00,ややガッツリ,0.79,温かい,1.00,15〜30分,0.98,false,0.69,true,0.97,false,0.82,true,0.76,uses_knife_tag,2634,"{""core"": {""dish_shape"": {""choice"": ""noodle"", ""confidence"": 1.0, ""probabilities"": {""bowl"": 0.0, ""bread"": 0.0, ""main"": 0.0, ""noodle"": 1.0, ""other"": 0.0, ""rice_other"": 0.0, ""stew"": 0.0}, ""type"": ""choice""}, ""genre"": {""choice"": ""chuka"", ""confidence"": 1.0, ""probabilities"": {""chuka"": 1.0, ""korean"": 0.0, ""other"": 0.0, ""washoku"": 0.0, ""yoshoku"": 0.0}, ""type"": ""choice""}, ""is_single_recipe"": {""noul"": 0.79, ""type"": ""noul""}, ""main_ingredient"": {""choice"": ""other"", ""confidence"": 1.0, ""probabilities"": {""egg"": 0.0, ""fish"": 0.0, ""meat"": 0.0, ""other"": 1.0, ""soy"": 0.0, ""vegetable"": 0.0}, ""type"": ""choice""}, ""staple"": {""choice"": ""noodle"", ""confidence"": 1.0, ""probabilities"": {""bread"": 0.0, ""noodle"": 1.0, ""other"": 0.0, ""rice"": 0.0}, ""type"": ""choice""}, ""taste_tag"": {""choice"": ""semi_rich"", ""confidence"": 0.79, ""probabilities"": {""light"": 0.01, ""rich"": 0.14, ""semi_light"": 0.01, ""semi_rich"": 0.84}, ""type"": ""choice""}}, ""workload"": {""temperature_tag"": {""choice"": ""warm"", ""confidence"": 1.0, ""probabilities"": {""cold"": 0.0, ""warm"": 1.0}, ""type"": ""choice""}, ""time_tag"": {""choice"": ""min_15_30"", ""confidence"": 0.98, ""probabilities"": {""min_15_30"": 0.99, ""over_30"": 0.0, ""within_15"": 0.01}, ""type"": ""choice""}, ""uses_frying_pan"": {""noul"": 0.18, ""type"": ""noul""}, ""uses_heat_tag"": {""noul"": 0.97, ""type"": ""noul""}, ""uses_knife_tag"": {""noul"": 0.31, ""type"": ""noul""}, ""uses_microwave"": {""noul"": 0.76, ""type"": ""noul""}}}",
URM94uYKbqk,\煮込まない/チャーシュー✨ #チャーシュー #レンチン #時短 #簡単レシピ #晩ご飯,https://www.youtube.com/watch?v=URM94uYKbqk,ok,needs_review,true,0.95,和食,0.81,その他,0.86,主菜,0.90,肉,1.00,ややガッツリ,0.59,温かい,1.00,15分以内,1.00,false,0.83,true,0.99,false,0.93,true,0.99,taste_tag,3774,"{""core"": {""dish_shape"": {""choice"": ""main"", ""confidence"": 0.9, ""probabilities"": {""bowl"": 0.05, ""bread"": 0.0, ""main"": 0.93, ""noodle"": 0.0, ""other"": 0.0, ""rice_other"": 0.02, ""stew"": 0.0}, ""type"": ""choice""}, ""genre"": {""choice"": ""washoku"", ""confidence"": 0.81, ""probabilities"": {""chuka"": 0.13, ""korean"": 0.0, ""other"": 0.02, ""washoku"": 0.85, ""yoshoku"": 0.0}, ""type"": ""choice""}, ""is_single_recipe"": {""noul"": 0.95, ""type"": ""noul""}, ""main_ingredient"": {""choice"": ""meat"", ""confidence"": 1.0, ""probabilities"": {""egg"": 0.0, ""fish"": 0.0, ""meat"": 1.0, ""other"": 0.0, ""soy"": 0.0, ""vegetable"": 0.0}, ""type"": ""choice""}, ""staple"": {""choice"": ""other"", ""confidence"": 0.86, ""probabilities"": {""bread"": 0.0, ""noodle"": 0.0, ""other"": 0.89, ""rice"": 0.11}, ""type"": ""choice""}, ""taste_tag"": {""choice"": ""semi_rich"", ""confidence"": 0.59, ""probabilities"": {""light"": 0.0, ""rich"": 0.3, ""semi_light"": 0.0, ""semi_rich"": 0.7}, ""type"": ""choice""}}, ""workload"": {""temperature_tag"": {""choice"": ""warm"", ""confidence"": 1.0, ""probabilities"": {""cold"": 0.0, ""warm"": 1.0}, ""type"": ""choice""}, ""time_tag"": {""choice"": ""within_15"", ""confidence"": 1.0, ""probabilities"": {""min_15_30"": 0.0, ""over_30"": 0.0, ""within_15"": 1.0}, ""type"": ""choice""}, ""uses_frying_pan"": {""noul"": 0.07, ""type"": ""noul""}, ""uses_heat_tag"": {""noul"": 0.99, ""type"": ""noul""}, ""uses_knife_tag"": {""noul"": 0.17, ""type"": ""noul""}, ""uses_microwave"": {""noul"": 0.99, ""type"": ""noul""}}}",
Xb9BDaB5mQM,レンジで２分！沼るライスペーパー麺 #簡単レシピ #時短レシピ #無添加 #グルテンフリー #ライスペーパー,https://www.youtube.com/watch?v=Xb9BDaB5mQM,ok,needs_review,true,0.95,和食,0.64,麺,0.99,麺料理,1.00,その他,1.00,ややあっさり,0.45,温かい,0.97,15分以内,1.00,true,0.64,true,0.99,false,0.94,true,0.99,genre;taste_tag;uses_knife_tag,3318,"{""core"": {""dish_shape"": {""choice"": ""noodle"", ""confidence"": 1.0, ""probabilities"": {""bowl"": 0.0, ""bread"": 0.0, ""main"": 0.0, ""noodle"": 1.0, ""other"": 0.0, ""rice_other"": 0.0, ""stew"": 0.0}, ""type"": ""choice""}, ""genre"": {""choice"": ""washoku"", ""confidence"": 0.64, ""probabilities"": {""chuka"": 0.02, ""korean"": 0.0, ""other"": 0.27, ""washoku"": 0.71, ""yoshoku"": 0.0}, ""type"": ""choice""}, ""is_single_recipe"": {""noul"": 0.95, ""type"": ""noul""}, ""main_ingredient"": {""choice"": ""other"", ""confidence"": 1.0, ""probabilities"": {""egg"": 0.0, ""fish"": 0.0, ""meat"": 0.0, ""other"": 1.0, ""soy"": 0.0, ""vegetable"": 0.0}, ""type"": ""choice""}, ""staple"": {""choice"": ""noodle"", ""confidence"": 0.99, ""probabilities"": {""bread"": 0.0, ""noodle"": 0.99, ""other"": 0.0, ""rice"": 0.01}, ""type"": ""choice""}, ""taste_tag"": {""choice"": ""semi_light"", ""confidence"": 0.45, ""probabilities"": {""light"": 0.15, ""rich"": 0.0, ""semi_light"": 0.59, ""semi_rich"": 0.26}, ""type"": ""choice""}}, ""workload"": {""temperature_tag"": {""choice"": ""warm"", ""confidence"": 0.97, ""probabilities"": {""cold"": 0.01, ""warm"": 0.99}, ""type"": ""choice""}, ""time_tag"": {""choice"": ""within_15"", ""confidence"": 1.0, ""probabilities"": {""min_15_30"": 0.0, ""over_30"": 0.0, ""within_15"": 1.0}, ""type"": ""choice""}, ""uses_frying_pan"": {""noul"": 0.06, ""type"": ""noul""}, ""uses_heat_tag"": {""noul"": 0.99, ""type"": ""noul""}, ""uses_knife_tag"": {""noul"": 0.64, ""type"": ""noul""}, ""uses_microwave"": {""noul"": 0.99, ""type"": ""noul""}}}",
w4SQW1gOE4A,元祖台湾ラーメン再現！！#時短#ラーメン#簡単レシピ#時短レシピ#レシピ#時短料理,https://www.youtube.com/watch?v=w4SQW1gOE4A,ok,needs_review,true,0.81,中華,0.98,麺,1.00,麺料理,1.00,その他,0.98,ややガッツリ,0.81,温かい,1.00,15〜30分,0.98,false,0.55,true,0.97,false,0.79,false,0.93,uses_knife_tag,2610,"{""core"": {""dish_shape"": {""choice"": ""noodle"", ""confidence"": 1.0, ""probabilities"": {""bowl"": 0.0, ""bread"": 0.0, ""main"": 0.0, ""noodle"": 1.0, ""other"": 0.0, ""rice_other"": 0.0, ""stew"": 0.0}, ""type"": ""choice""}, ""genre"": {""choice"": ""chuka"", ""confidence"": 0.98, ""probabilities"": {""chuka"": 0.99, ""korean"": 0.0, ""other"": 0.0, ""washoku"": 0.01, ""yoshoku"": 0.0}, ""type"": ""choice""}, ""is_single_recipe"": {""noul"": 0.81, ""type"": ""noul""}, ""main_ingredient"": {""choice"": ""other"", ""confidence"": 0.98, ""probabilities"": {""egg"": 0.0, ""fish"": 0.0, ""meat"": 0.01, ""other"": 0.99, ""soy"": 0.0, ""vegetable"": 0.0}, ""type"": ""choice""}, ""staple"": {""choice"": ""noodle"", ""confidence"": 1.0, ""probabilities"": {""bread"": 0.0, ""noodle"": 1.0, ""other"": 0.0, ""rice"": 0.0}, ""type"": ""choice""}, ""taste_tag"": {""choice"": ""semi_rich"", ""confidence"": 0.81, ""probabilities"": {""light"": 0.01, ""rich"": 0.12, ""semi_light"": 0.01, ""semi_rich"": 0.86}, ""type"": ""choice""}}, ""workload"": {""temperature_tag"": {""choice"": ""warm"", ""confidence"": 1.0, ""probabilities"": {""cold"": 0.0, ""warm"": 1.0}, ""type"": ""choice""}, ""time_tag"": {""choice"": ""min_15_30"", ""confidence"": 0.98, ""probabilities"": {""min_15_30"": 0.99, ""over_30"": 0.0, ""within_15"": 0.01}, ""type"": ""choice""}, ""uses_frying_pan"": {""noul"": 0.21, ""type"": ""noul""}, ""uses_heat_tag"": {""noul"": 0.97, ""type"": ""noul""}, ""uses_knife_tag"": {""noul"": 0.45, ""type"": ""noul""}, ""uses_microwave"": {""noul"": 0.07, ""type"": ""noul""}}}",
evUKCtQOaIU,【残念】簡単失敗焼きそばアレンジレシピ #料理 #料理初心者 #自炊 #一人暮らし #food #社会人 #マルちゃん,https://www.youtube.com/watch?v=evUKCtQOaIU,ok,needs_review,true,0.76,中華,0.99,麺,1.00,麺料理,1.00,その他,1.00,ややガッツリ,0.78,温かい,1.00,15分以内,0.99,false,0.72,true,0.98,true,0.95,true,0.77,uses_knife_tag,2618,"{""core"": {""dish_shape"": {""choice"": ""noodle"", ""confidence"": 1.0, ""probabilities"": {""bowl"": 0.0, ""bread"": 0.0, ""main"": 0.0, ""noodle"": 1.0, ""other"": 0.0, ""rice_other"": 0.0, ""stew"": 0.0}, ""type"": ""choice""}, ""genre"": {""choice"": ""chuka"", ""confidence"": 0.99, ""probabilities"": {""chuka"": 1.0, ""korean"": 0.0, ""other"": 0.0, ""washoku"": 0.0, ""yoshoku"": 0.0}, ""type"": ""choice""}, ""is_single_recipe"": {""noul"": 0.76, ""type"": ""noul""}, ""main_ingredient"": {""choice"": ""other"", ""confidence"": 1.0, ""probabilities"": {""egg"": 0.0, ""fish"": 0.0, ""meat"": 0.0, ""other"": 1.0, ""soy"": 0.0, ""vegetable"": 0.0}, ""type"": ""choice""}, ""staple"": {""choice"": ""noodle"", ""confidence"": 1.0, ""probabilities"": {""bread"": 0.0, ""noodle"": 1.0, ""other"": 0.0, ""rice"": 0.0}, ""type"": ""choice""}, ""taste_tag"": {""choice"": ""semi_rich"", ""confidence"": 0.78, ""probabilities"": {""light"": 0.0, ""rich"": 0.16, ""semi_light"": 0.0, ""semi_rich"": 0.84}, ""type"": ""choice""}}, ""workload"": {""temperature_tag"": {""choice"": ""warm"", ""confidence"": 1.0, ""probabilities"": {""cold"": 0.0, ""warm"": 1.0}, ""type"": ""choice""}, ""time_tag"": {""choice"": ""within_15"", ""confidence"": 0.99, ""probabilities"": {""min_15_30"": 0.0, ""over_30"": 0.0, ""within_15"": 1.0}, ""type"": ""choice""}, ""uses_frying_pan"": {""noul"": 0.95, ""type"": ""noul""}, ""uses_heat_tag"": {""noul"": 0.98, ""type"": ""noul""}, ""uses_knife_tag"": {""noul"": 0.28, ""type"": ""noul""}, ""uses_microwave"": {""noul"": 0.77, ""type"": ""noul""}}}",
cXaDFB2zI-0,＼ストックで爆速／肉団子パスタ🍝 #レンジレシピ #簡単レシピ #一人暮らしレシピ #パスタレシピ #レンチンレシピ #ズボラレシピ #高タンパク質メニュー,https://www.youtube.com/watch?v=cXaDFB2zI-0,ok,needs_review,true,0.79,洋食,1.00,麺,1.00,麺料理,1.00,肉,0.75,ややガッツリ,0.99,温かい,1.00,15〜30分,0.92,false,0.70,true,0.98,false,0.82,true,0.95,uses_knife_tag,2654,"{""core"": {""dish_shape"": {""choice"": ""noodle"", ""confidence"": 1.0, ""probabilities"": {""bowl"": 0.0, ""bread"": 0.0, ""main"": 0.0, ""noodle"": 1.0, ""other"": 0.0, ""rice_other"": 0.0, ""stew"": 0.0}, ""type"": ""choice""}, ""genre"": {""choice"": ""yoshoku"", ""confidence"": 1.0, ""probabilities"": {""chuka"": 0.0, ""korean"": 0.0, ""other"": 0.0, ""washoku"": 0.0, ""yoshoku"": 1.0}, ""type"": ""choice""}, ""is_single_recipe"": {""noul"": 0.79, ""type"": ""noul""}, ""main_ingredient"": {""choice"": ""meat"", ""confidence"": 0.75, ""probabilities"": {""egg"": 0.0, ""fish"": 0.0, ""meat"": 0.8, ""other"": 0.2, ""soy"": 0.0, ""vegetable"": 0.0}, ""type"": ""choice""}, ""staple"": {""choice"": ""noodle"", ""confidence"": 1.0, ""probabilities"": {""bread"": 0.0, ""noodle"": 1.0, ""other"": 0.0, ""rice"": 0.0}, ""type"": ""choice""}, ""taste_tag"": {""choice"": ""semi_rich"", ""confidence"": 0.99, ""probabilities"": {""light"": 0.0, ""rich"": 0.01, ""semi_light"": 0.0, ""semi_rich"": 0.99}, ""type"": ""choice""}}, ""workload"": {""temperature_tag"": {""choice"": ""warm"", ""confidence"": 1.0, ""probabilities"": {""cold"": 0.0, ""warm"": 1.0}, ""type"": ""choice""}, ""time_tag"": {""choice"": ""min_15_30"", ""confidence"": 0.92, ""probabilities"": {""min_15_30"": 0.95, ""over_30"": 0.0, ""within_15"": 0.05}, ""type"": ""choice""}, ""uses_frying_pan"": {""noul"": 0.18, ""type"": ""noul""}, ""uses_heat_tag"": {""noul"": 0.98, ""type"": ""noul""}, ""uses_knife_tag"": {""noul"": 0.3, ""type"": ""noul""}, ""uses_microwave"": {""noul"": 0.95, ""type"": ""noul""}}}",
qi8eQwTIwOw,米粉のチヂミ #混ぜて焼くだけ #米粉レシピ #簡単レシピ #一人暮らし料理 #shrots,https://www.youtube.com/watch?v=qi8eQwTIwOw,ok,needs_review,true,0.95,韓国,1.00,その他,0.68,主菜,0.50,その他,0.53,ややガッツリ,0.92,温かい,1.00,15分以内,0.98,true,0.96,true,0.99,true,0.99,false,0.97,staple;dish_shape;main_ingredient,3314,"{""core"": {""dish_shape"": {""choice"": ""main"", ""confidence"": 0.5, ""probabilities"": {""bowl"": 0.0, ""bread"": 0.0, ""main"": 0.58, ""noodle"": 0.0, ""other"": 0.07, ""rice_other"": 0.35000000000000003, ""stew"": 0.0}, ""type"": ""choice""}, ""genre"": {""choice"": ""korean"", ""confidence"": 1.0, ""probabilities"": {""chuka"": 0.0, ""korean"": 1.0, ""other"": 0.0, ""washoku"": 0.0, ""yoshoku"": 0.0}, ""type"": ""choice""}, ""is_single_recipe"": {""noul"": 0.95, ""type"": ""noul""}, ""main_ingredient"": {""choice"": ""other"", ""confidence"": 0.53, ""probabilities"": {""egg"": 0.01, ""fish"": 0.08, ""meat"": 0.0, ""other"": 0.6, ""soy"": 0.0, ""vegetable"": 0.31}, ""type"": ""choice""}, ""staple"": {""choice"": ""other"", ""confidence"": 0.68, ""probabilities"": {""bread"": 0.0, ""noodle"": 0.0, ""other"": 0.77, ""rice"": 0.23}, ""type"": ""choice""}, ""taste_tag"": {""choice"": ""semi_rich"", ""confidence"": 0.92, ""probabilities"": {""light"": 0.0, ""rich"": 0.06, ""semi_light"": 0.01, ""semi_rich"": 0.9299999999999999}, ""type"": ""choice""}}, ""workload"": {""temperature_tag"": {""choice"": ""warm"", ""confidence"": 1.0, ""probabilities"": {""cold"": 0.0, ""warm"": 1.0}, ""type"": ""choice""}, ""time_tag"": {""choice"": ""within_15"", ""confidence"": 0.98, ""probabilities"": {""min_15_30"": 0.01, ""over_30"": 0.0, ""within_15"": 0.99}, ""type"": ""choice""}, ""uses_frying_pan"": {""noul"": 0.99, ""type"": ""noul""}, ""uses_heat_tag"": {""noul"": 0.99, ""type"": ""noul""}, ""uses_knife_tag"": {""noul"": 0.96, ""type"": ""noul""}, ""uses_microwave"": {""noul"": 0.03, ""type"": ""noul""}}}",
UyV8fqtVyds,夏のスタミナやきそば🍜 #節約レシピ #cooking #時短節約 #一人暮らしごはん #暮らしチャンネル #料理 #やきそば #スタミナ料理,https://www.youtube.com/watch?v=UyV8fqtVyds,ok,needs_review,true,0.77,中華,0.89,麺,1.00,麺料理,1.00,その他,0.97,ややガッツリ,0.84,温かい,0.98,15分以内,0.94,true,0.50,true,0.96,true,0.74,false,0.92,uses_knife_tag;uses_frying_pan,2622,"{""core"": {""dish_shape"": {""choice"": ""noodle"", ""confidence"": 1.0, ""probabilities"": {""bowl"": 0.0, ""bread"": 0.0, ""main"": 0.0, ""noodle"": 1.0, ""other"": 0.0, ""rice_other"": 0.0, ""stew"": 0.0}, ""type"": ""choice""}, ""genre"": {""choice"": ""chuka"", ""confidence"": 0.89, ""probabilities"": {""chuka"": 0.91, ""korean"": 0.0, ""other"": 0.0, ""washoku"": 0.09, ""yoshoku"": 0.0}, ""type"": ""choice""}, ""is_single_recipe"": {""noul"": 0.77, ""type"": ""noul""}, ""main_ingredient"": {""choice"": ""other"", ""confidence"": 0.97, ""probabilities"": {""egg"": 0.0, ""fish"": 0.0, ""meat"": 0.02, ""other"": 0.98, ""soy"": 0.0, ""vegetable"": 0.0}, ""type"": ""choice""}, ""staple"": {""choice"": ""noodle"", ""confidence"": 1.0, ""probabilities"": {""bread"": 0.0, ""noodle"": 1.0, ""other"": 0.0, ""rice"": 0.0}, ""type"": ""choice""}, ""taste_tag"": {""choice"": ""semi_rich"", ""confidence"": 0.84, ""probabilities"": {""light"": 0.0, ""rich"": 0.11, ""semi_light"": 0.0, ""semi_rich"": 0.89}, ""type"": ""choice""}}, ""workload"": {""temperature_tag"": {""choice"": ""warm"", ""confidence"": 0.98, ""probabilities"": {""cold"": 0.01, ""warm"": 0.99}, ""type"": ""choice""}, ""time_tag"": {""choice"": ""within_15"", ""confidence"": 0.94, ""probabilities"": {""min_15_30"": 0.04, ""over_30"": 0.0, ""within_15"": 0.96}, ""type"": ""choice""}, ""uses_frying_pan"": {""noul"": 0.74, ""type"": ""noul""}, ""uses_heat_tag"": {""noul"": 0.96, ""type"": ""noul""}, ""uses_knife_tag"": {""noul"": 0.5, ""type"": ""noul""}, ""uses_microwave"": {""noul"": 0.08, ""type"": ""noul""}}}",
spbvhl6XenM,＼ズボラの救世主／しゃけマヨパスタ🍝 #レンジレシピ #簡単レシピ #一人暮らしレシピ #パスタレシピ #レンチンレシピ #ズボラレシピ #高タンパク質メニュー,https://www.youtube.com/watch?v=spbvhl6XenM,ok,needs_review,true,0.84,洋食,1.00,麺,1.00,麺料理,1.00,魚,0.87,ガッツリ,0.93,温かい,0.96,15〜30分,0.93,false,0.71,true,0.98,false,0.87,true,0.96,uses_knife_tag,2664,"{""core"": {""dish_shape"": {""choice"": ""noodle"", ""confidence"": 1.0, ""probabilities"": {""bowl"": 0.0, ""bread"": 0.0, ""main"": 0.0, ""noodle"": 1.0, ""other"": 0.0, ""rice_other"": 0.0, ""stew"": 0.0}, ""type"": ""choice""}, ""genre"": {""choice"": ""yoshoku"", ""confidence"": 1.0, ""probabilities"": {""chuka"": 0.0, ""korean"": 0.0, ""other"": 0.0, ""washoku"": 0.0, ""yoshoku"": 1.0}, ""type"": ""choice""}, ""is_single_recipe"": {""noul"": 0.84, ""type"": ""noul""}, ""main_ingredient"": {""choice"": ""fish"", ""confidence"": 0.87, ""probabilities"": {""egg"": 0.0, ""fish"": 0.89, ""meat"": 0.0, ""other"": 0.11, ""soy"": 0.0, ""vegetable"": 0.0}, ""type"": ""choice""}, ""staple"": {""choice"": ""noodle"", ""confidence"": 1.0, ""probabilities"": {""bread"": 0.0, ""noodle"": 1.0, ""other"": 0.0, ""rice"": 0.0}, ""type"": ""choice""}, ""taste_tag"": {""choice"": ""rich"", ""confidence"": 0.93, ""probabilities"": {""light"": 0.0, ""rich"": 0.95, ""semi_light"": 0.0, ""semi_rich"": 0.05}, ""type"": ""choice""}}, ""workload"": {""temperature_tag"": {""choice"": ""warm"", ""confidence"": 0.96, ""probabilities"": {""cold"": 0.02, ""warm"": 0.98}, ""type"": ""choice""}, ""time_tag"": {""choice"": ""min_15_30"", ""confidence"": 0.93, ""probabilities"": {""min_15_30"": 0.95, ""over_30"": 0.0, ""within_15"": 0.05}, ""type"": ""choice""}, ""uses_frying_pan"": {""noul"": 0.13, ""type"": ""noul""}, ""uses_heat_tag"": {""noul"": 0.98, ""type"": ""noul""}, ""uses_knife_tag"": {""noul"": 0.29, ""type"": ""noul""}, ""uses_microwave"": {""noul"": 0.96, ""type"": ""noul""}}}",
39zXcnTebfw,＼ズボラの救世主／楽ちんサラダパスタ🍝 #レンジレシピ #簡単レシピ #一人暮らしレシピ #パスタレシピ #レンチンレシピ #ズボラレシピ #高タンパク質メニュー,https://www.youtube.com/watch?v=39zXcnTebfw,ok,needs_review,true,0.80,洋食,1.00,麺,1.00,麺料理,1.00,その他,0.88,あっさり,0.28,冷たい,0.77,15分以内,0.99,false,0.66,true,0.96,false,0.88,true,0.96,taste_tag;uses_knife_tag,2658,"{""core"": {""dish_shape"": {""choice"": ""noodle"", ""confidence"": 1.0, ""probabilities"": {""bowl"": 0.0, ""bread"": 0.0, ""main"": 0.0, ""noodle"": 1.0, ""other"": 0.0, ""rice_other"": 0.0, ""stew"": 0.0}, ""type"": ""choice""}, ""genre"": {""choice"": ""yoshoku"", ""confidence"": 1.0, ""probabilities"": {""chuka"": 0.0, ""korean"": 0.0, ""other"": 0.0, ""washoku"": 0.0, ""yoshoku"": 1.0}, ""type"": ""choice""}, ""is_single_recipe"": {""noul"": 0.8, ""type"": ""noul""}, ""main_ingredient"": {""choice"": ""other"", ""confidence"": 0.88, ""probabilities"": {""egg"": 0.0, ""fish"": 0.0, ""meat"": 0.0, ""other"": 0.9, ""soy"": 0.0, ""vegetable"": 0.1}, ""type"": ""choice""}, ""staple"": {""choice"": ""noodle"", ""confidence"": 1.0, ""probabilities"": {""bread"": 0.0, ""noodle"": 1.0, ""other"": 0.0, ""rice"": 0.0}, ""type"": ""choice""}, ""taste_tag"": {""choice"": ""light"", ""confidence"": 0.28, ""probabilities"": {""light"": 0.47000000000000003, ""rich"": 0.0, ""semi_light"": 0.25, ""semi_rich"": 0.28}, ""type"": ""choice""}}, ""workload"": {""temperature_tag"": {""choice"": ""cold"", ""confidence"": 0.77, ""probabilities"": {""cold"": 0.88, ""warm"": 0.12}, ""type"": ""choice""}, ""time_tag"": {""choice"": ""within_15"", ""confidence"": 0.99, ""probabilities"": {""min_15_30"": 0.0, ""over_30"": 0.0, ""within_15"": 1.0}, ""type"": ""choice""}, ""uses_frying_pan"": {""noul"": 0.12, ""type"": ""noul""}, ""uses_heat_tag"": {""noul"": 0.96, ""type"": ""noul""}, ""uses_knife_tag"": {""noul"": 0.34, ""type"": ""noul""}, ""uses_microwave"": {""noul"": 0.96, ""type"": ""noul""}}}",
6GPyMQI7HuQ,チーズタッカルビ風うどん🍜 #節約レシピ #時短節約 #一人暮らしごはん #cooking #暮らしチャンネル #料理#うどん #韓国料理#チーズタッカルビ,https://www.youtube.com/watch?v=6GPyMQI7HuQ,ok,needs_review,true,0.79,韓国,0.94,麺,1.00,麺料理,1.00,その他,0.98,ガッツリ,0.93,温かい,1.00,15分以内,0.96,true,0.50,true,0.96,false,0.53,false,0.91,uses_knife_tag;uses_frying_pan,2644,"{""core"": {""dish_shape"": {""choice"": ""noodle"", ""confidence"": 1.0, ""probabilities"": {""bowl"": 0.0, ""bread"": 0.0, ""main"": 0.0, ""noodle"": 1.0, ""other"": 0.0, ""rice_other"": 0.0, ""stew"": 0.0}, ""type"": ""choice""}, ""genre"": {""choice"": ""korean"", ""confidence"": 0.94, ""probabilities"": {""chuka"": 0.0, ""korean"": 0.95, ""other"": 0.01, ""washoku"": 0.04, ""yoshoku"": 0.0}, ""type"": ""choice""}, ""is_single_recipe"": {""noul"": 0.79, ""type"": ""noul""}, ""main_ingredient"": {""choice"": ""other"", ""confidence"": 0.98, ""probabilities"": {""egg"": 0.0, ""fish"": 0.0, ""meat"": 0.01, ""other"": 0.99, ""soy"": 0.0, ""vegetable"": 0.0}, ""type"": ""choice""}, ""staple"": {""choice"": ""noodle"", ""confidence"": 1.0, ""probabilities"": {""bread"": 0.0, ""noodle"": 1.0, ""other"": 0.0, ""rice"": 0.0}, ""type"": ""choice""}, ""taste_tag"": {""choice"": ""rich"", ""confidence"": 0.93, ""probabilities"": {""light"": 0.0, ""rich"": 0.95, ""semi_light"": 0.0, ""semi_rich"": 0.05}, ""type"": ""choice""}}, ""workload"": {""temperature_tag"": {""choice"": ""warm"", ""confidence"": 1.0, ""probabilities"": {""cold"": 0.0, ""warm"": 1.0}, ""type"": ""choice""}, ""time_tag"": {""choice"": ""within_15"", ""confidence"": 0.96, ""probabilities"": {""min_15_30"": 0.03, ""over_30"": 0.0, ""within_15"": 0.97}, ""type"": ""choice""}, ""uses_frying_pan"": {""noul"": 0.47, ""type"": ""noul""}, ""uses_heat_tag"": {""noul"": 0.96, ""type"": ""noul""}, ""uses_knife_tag"": {""noul"": 0.5, ""type"": ""noul""}, ""uses_microwave"": {""noul"": 0.09, ""type"": ""noul""}}}",
bRyakmWngmk,お吸い物パスタ🍝 #レンジレシピ #高タンパクレシピ #簡単レシピ #一人暮らしレシピ #パスタレシピ,https://www.youtube.com/watch?v=bRyakmWngmk,ok,needs_review,true,0.79,洋食,0.96,麺,1.00,麺料理,1.00,その他,0.99,ややガッツリ,0.27,温かい,1.00,15〜30分,0.95,false,0.80,true,0.97,false,0.89,true,0.96,taste_tag,2600,"{""core"": {""dish_shape"": {""choice"": ""noodle"", ""confidence"": 1.0, ""probabilities"": {""bowl"": 0.0, ""bread"": 0.0, ""main"": 0.0, ""noodle"": 1.0, ""other"": 0.0, ""rice_other"": 0.0, ""stew"": 0.0}, ""type"": ""choice""}, ""genre"": {""choice"": ""yoshoku"", ""confidence"": 0.96, ""probabilities"": {""chuka"": 0.0, ""korean"": 0.0, ""other"": 0.0, ""washoku"": 0.03, ""yoshoku"": 0.97}, ""type"": ""choice""}, ""is_single_recipe"": {""noul"": 0.79, ""type"": ""noul""}, ""main_ingredient"": {""choice"": ""other"", ""confidence"": 0.99, ""probabilities"": {""egg"": 0.0, ""fish"": 0.0, ""meat"": 0.0, ""other"": 1.0, ""soy"": 0.0, ""vegetable"": 0.0}, ""type"": ""choice""}, ""staple"": {""choice"": ""noodle"", ""confidence"": 1.0, ""probabilities"": {""bread"": 0.0, ""noodle"": 1.0, ""other"": 0.0, ""rice"": 0.0}, ""type"": ""choice""}, ""taste_tag"": {""choice"": ""semi_rich"", ""confidence"": 0.27, ""probabilities"": {""light"": 0.34, ""rich"": 0.0, ""semi_light"": 0.21, ""semi_rich"": 0.45}, ""type"": ""choice""}}, ""workload"": {""temperature_tag"": {""choice"": ""warm"", ""confidence"": 1.0, ""probabilities"": {""cold"": 0.0, ""warm"": 1.0}, ""type"": ""choice""}, ""time_tag"": {""choice"": ""min_15_30"", ""confidence"": 0.95, ""probabilities"": {""min_15_30"": 0.96, ""over_30"": 0.0, ""within_15"": 0.04}, ""type"": ""choice""}, ""uses_frying_pan"": {""noul"": 0.11, ""type"": ""noul""}, ""uses_heat_tag"": {""noul"": 0.97, ""type"": ""noul""}, ""uses_knife_tag"": {""noul"": 0.2, ""type"": ""noul""}, ""uses_microwave"": {""noul"": 0.96, ""type"": ""noul""}}}",
NBkmAeQoN-A,塩ラーメンを汁無しラーメンにアレンジ！ダイエットは明日から、、😶 #ブラック企業 #料理 #cooking #塩ラーメン #レンチンレシピ,https://www.youtube.com/watch?v=NBkmAeQoN-A,ok,needs_review,true,0.76,中華,0.97,麺,1.00,麺料理,1.00,その他,1.00,ややガッツリ,0.57,温かい,0.99,15〜30分,0.92,false,0.81,true,0.97,false,0.89,true,0.93,taste_tag,2604,"{""core"": {""dish_shape"": {""choice"": ""noodle"", ""confidence"": 1.0, ""probabilities"": {""bowl"": 0.0, ""bread"": 0.0, ""main"": 0.0, ""noodle"": 1.0, ""other"": 0.0, ""rice_other"": 0.0, ""stew"": 0.0}, ""type"": ""choice""}, ""genre"": {""choice"": ""chuka"", ""confidence"": 0.97, ""probabilities"": {""chuka"": 0.98, ""korean"": 0.0, ""other"": 0.0, ""washoku"": 0.02, ""yoshoku"": 0.0}, ""type"": ""choice""}, ""is_single_recipe"": {""noul"": 0.76, ""type"": ""noul""}, ""main_ingredient"": {""choice"": ""other"", ""confidence"": 1.0, ""probabilities"": {""egg"": 0.0, ""fish"": 0.0, ""meat"": 0.0, ""other"": 1.0, ""soy"": 0.0, ""vegetable"": 0.0}, ""type"": ""choice""}, ""staple"": {""choice"": ""noodle"", ""confidence"": 1.0, ""probabilities"": {""bread"": 0.0, ""noodle"": 1.0, ""other"": 0.0, ""rice"": 0.0}, ""type"": ""choice""}, ""taste_tag"": {""choice"": ""semi_rich"", ""confidence"": 0.57, ""probabilities"": {""light"": 0.1, ""rich"": 0.04, ""semi_light"": 0.18, ""semi_rich"": 0.68}, ""type"": ""choice""}}, ""workload"": {""temperature_tag"": {""choice"": ""warm"", ""confidence"": 0.99, ""probabilities"": {""cold"": 0.01, ""warm"": 0.99}, ""type"": ""choice""}, ""time_tag"": {""choice"": ""min_15_30"", ""confidence"": 0.92, ""probabilities"": {""min_15_30"": 0.95, ""over_30"": 0.0, ""within_15"": 0.05}, ""type"": ""choice""}, ""uses_frying_pan"": {""noul"": 0.11, ""type"": ""noul""}, ""uses_heat_tag"": {""noul"": 0.97, ""type"": ""noul""}, ""uses_knife_tag"": {""noul"": 0.19, ""type"": ""noul""}, ""uses_microwave"": {""noul"": 0.93, ""type"": ""noul""}}}",
iRaEWaP-Utk,明太シーフードパスタ🍝 #レンジレシピ #高タンパクレシピ #簡単レシピ #一人暮らしレシピ #パスタレシピ,https://www.youtube.com/watch?v=iRaEWaP-Utk,ok,needs_review,true,0.81,洋食,1.00,麺,1.00,麺料理,1.00,魚,0.97,ややガッツリ,0.93,温かい,1.00,15〜30分,0.96,false,0.73,true,0.97,false,0.84,true,0.96,uses_knife_tag,2606,"{""core"": {""dish_shape"": {""choice"": ""noodle"", ""confidence"": 1.0, ""probabilities"": {""bowl"": 0.0, ""bread"": 0.0, ""main"": 0.0, ""noodle"": 1.0, ""other"": 0.0, ""rice_other"": 0.0, ""stew"": 0.0}, ""type"": ""choice""}, ""genre"": {""choice"": ""yoshoku"", ""confidence"": 1.0, ""probabilities"": {""chuka"": 0.0, ""korean"": 0.0, ""other"": 0.0, ""washoku"": 0.0, ""yoshoku"": 1.0}, ""type"": ""choice""}, ""is_single_recipe"": {""noul"": 0.81, ""type"": ""noul""}, ""main_ingredient"": {""choice"": ""fish"", ""confidence"": 0.97, ""probabilities"": {""egg"": 0.0, ""fish"": 0.98, ""meat"": 0.0, ""other"": 0.02, ""soy"": 0.0, ""vegetable"": 0.0}, ""type"": ""choice""}, ""staple"": {""choice"": ""noodle"", ""confidence"": 1.0, ""probabilities"": {""bread"": 0.0, ""noodle"": 1.0, ""other"": 0.0, ""rice"": 0.0}, ""type"": ""choice""}, ""taste_tag"": {""choice"": ""semi_rich"", ""confidence"": 0.93, ""probabilities"": {""light"": 0.0, ""rich"": 0.0, ""semi_light"": 0.05, ""semi_rich"": 0.95}, ""type"": ""choice""}}, ""workload"": {""temperature_tag"": {""choice"": ""warm"", ""confidence"": 1.0, ""probabilities"": {""cold"": 0.0, ""warm"": 1.0}, ""type"": ""choice""}, ""time_tag"": {""choice"": ""min_15_30"", ""confidence"": 0.96, ""probabilities"": {""min_15_30"": 0.97, ""over_30"": 0.0, ""within_15"": 0.03}, ""type"": ""choice""}, ""uses_frying_pan"": {""noul"": 0.16, ""type"": ""noul""}, ""uses_heat_tag"": {""noul"": 0.97, ""type"": ""noul""}, ""uses_knife_tag"": {""noul"": 0.27, ""type"": ""noul""}, ""uses_microwave"": {""noul"": 0.96, ""type"": ""noul""}}}",
-jEJ_ecnhd8,食費1週間2000円の私が毎日食べてる腸活丼🍚 #節約レシピ #腸活 #ダイエットレシピ,https://www.youtube.com/watch?v=-jEJ_ecnhd8,ok,needs_review,true,0.58,和食,0.98,ご飯,1.00,丼,1.00,その他,0.91,ややあっさり,0.78,温かい,1.00,15分以内,0.99,true,0.51,true,0.91,false,0.78,false,0.91,is_single_recipe;uses_knife_tag,2564,"{""core"": {""dish_shape"": {""choice"": ""bowl"", ""confidence"": 1.0, ""probabilities"": {""bowl"": 1.0, ""bread"": 0.0, ""main"": 0.0, ""noodle"": 0.0, ""other"": 0.0, ""rice_other"": 0.0, ""stew"": 0.0}, ""type"": ""choice""}, ""genre"": {""choice"": ""washoku"", ""confidence"": 0.98, ""probabilities"": {""chuka"": 0.0, ""korean"": 0.0, ""other"": 0.01, ""washoku"": 0.99, ""yoshoku"": 0.0}, ""type"": ""choice""}, ""is_single_recipe"": {""noul"": 0.58, ""type"": ""noul""}, ""main_ingredient"": {""choice"": ""other"", ""confidence"": 0.91, ""probabilities"": {""egg"": 0.0, ""fish"": 0.01, ""meat"": 0.0, ""other"": 0.93, ""soy"": 0.02, ""vegetable"": 0.04}, ""type"": ""choice""}, ""staple"": {""choice"": ""rice"", ""confidence"": 1.0, ""probabilities"": {""bread"": 0.0, ""noodle"": 0.0, ""other"": 0.0, ""rice"": 1.0}, ""type"": ""choice""}, ""taste_tag"": {""choice"": ""semi_light"", ""confidence"": 0.78, ""probabilities"": {""light"": 0.12, ""rich"": 0.0, ""semi_light"": 0.84, ""semi_rich"": 0.04}, ""type"": ""choice""}}, ""workload"": {""temperature_tag"": {""choice"": ""warm"", ""confidence"": 1.0, ""probabilities"": {""cold"": 0.0, ""warm"": 1.0}, ""type"": ""choice""}, ""time_tag"": {""choice"": ""within_15"", ""confidence"": 0.99, ""probabilities"": {""min_15_30"": 0.0, ""over_30"": 0.0, ""within_15"": 1.0}, ""type"": ""choice""}, ""uses_frying_pan"": {""noul"": 0.22, ""type"": ""noul""}, ""uses_heat_tag"": {""noul"": 0.91, ""type"": ""noul""}, ""uses_knife_tag"": {""noul"": 0.51, ""type"": ""noul""}, ""uses_microwave"": {""noul"": 0.09, ""type"": ""noul""}}}",
rbsxtpxkhzM,ダイエットにも！【春雨キムチスープ】 #簡単レシピ,https://www.youtube.com/watch?v=rbsxtpxkhzM,ok,needs_review,true,0.84,韓国,1.00,麺,1.00,麺料理,0.81,その他,0.73,あっさり,0.53,温かい,1.00,15〜30分,0.99,false,0.57,true,0.97,false,0.90,false,0.95,main_ingredient;taste_tag;uses_knife_tag,2540,"{""core"": {""dish_shape"": {""choice"": ""noodle"", ""confidence"": 0.81, ""probabilities"": {""bowl"": 0.0, ""bread"": 0.0, ""main"": 0.0, ""noodle"": 0.84, ""other"": 0.0, ""rice_other"": 0.0, ""stew"": 0.16}, ""type"": ""choice""}, ""genre"": {""choice"": ""korean"", ""confidence"": 1.0, ""probabilities"": {""chuka"": 0.0, ""korean"": 1.0, ""other"": 0.0, ""washoku"": 0.0, ""yoshoku"": 0.0}, ""type"": ""choice""}, ""is_single_recipe"": {""noul"": 0.84, ""type"": ""noul""}, ""main_ingredient"": {""choice"": ""other"", ""confidence"": 0.73, ""probabilities"": {""egg"": 0.0, ""fish"": 0.0, ""meat"": 0.0, ""other"": 0.77, ""soy"": 0.0, ""vegetable"": 0.23}, ""type"": ""choice""}, ""staple"": {""choice"": ""noodle"", ""confidence"": 1.0, ""probabilities"": {""bread"": 0.0, ""noodle"": 1.0, ""other"": 0.0, ""rice"": 0.0}, ""type"": ""choice""}, ""taste_tag"": {""choice"": ""light"", ""confidence"": 0.53, ""probabilities"": {""light"": 0.64, ""rich"": 0.0, ""semi_light"": 0.31, ""semi_rich"": 0.05}, ""type"": ""choice""}}, ""workload"": {""temperature_tag"": {""choice"": ""warm"", ""confidence"": 1.0, ""probabilities"": {""cold"": 0.0, ""warm"": 1.0}, ""type"": ""choice""}, ""time_tag"": {""choice"": ""min_15_30"", ""confidence"": 0.99, ""probabilities"": {""min_15_30"": 0.99, ""over_30"": 0.0, ""within_15"": 0.01}, ""type"": ""choice""}, ""uses_frying_pan"": {""noul"": 0.1, ""type"": ""noul""}, ""uses_heat_tag"": {""noul"": 0.97, ""type"": ""noul""}, ""uses_knife_tag"": {""noul"": 0.43, ""type"": ""noul""}, ""uses_microwave"": {""noul"": 0.05, ""type"": ""noul""}}}",
Qnj6kOMjtpc,ライスペーパーで太れないお好み焼き #簡単レシピ #料理 #時短料理 #おつまみ #shorts,https://www.youtube.com/watch?v=Qnj6kOMjtpc,ok,needs_review,true,0.95,和食,0.68,ご飯,0.34,主菜,0.51,その他,0.67,ガッツリ,0.53,温かい,1.00,15分以内,0.70,true,0.69,true,0.99,true,0.98,false,0.97,genre;staple;dish_shape;main_ingredient;taste_tag;time_tag;uses_knife_tag,4492,"{""core"": {""dish_shape"": {""choice"": ""main"", ""confidence"": 0.51, ""probabilities"": {""bowl"": 0.0, ""bread"": 0.0, ""main"": 0.59, ""noodle"": 0.0, ""other"": 0.15, ""rice_other"": 0.26, ""stew"": 0.0}, ""type"": ""choice""}, ""genre"": {""choice"": ""washoku"", ""confidence"": 0.68, ""probabilities"": {""chuka"": 0.0, ""korean"": 0.0, ""other"": 0.06, ""washoku"": 0.75, ""yoshoku"": 0.19}, ""type"": ""choice""}, ""is_single_recipe"": {""noul"": 0.95, ""type"": ""noul""}, ""main_ingredient"": {""choice"": ""other"", ""confidence"": 0.67, ""probabilities"": {""egg"": 0.13, ""fish"": 0.01, ""meat"": 0.0, ""other"": 0.72, ""soy"": 0.0, ""vegetable"": 0.14}, ""type"": ""choice""}, ""staple"": {""choice"": ""rice"", ""confidence"": 0.34, ""probabilities"": {""bread"": 0.0, ""noodle"": 0.0, ""other"": 0.49, ""rice"": 0.51}, ""type"": ""choice""}, ""taste_tag"": {""choice"": ""rich"", ""confidence"": 0.53, ""probabilities"": {""light"": 0.0, ""rich"": 0.65, ""semi_light"": 0.01, ""semi_rich"": 0.34}, ""type"": ""choice""}}, ""workload"": {""temperature_tag"": {""choice"": ""warm"", ""confidence"": 1.0, ""probabilities"": {""cold"": 0.0, ""warm"": 1.0}, ""type"": ""choice""}, ""time_tag"": {""choice"": ""within_15"", ""confidence"": 0.7, ""probabilities"": {""min_15_30"": 0.2, ""over_30"": 0.0, ""within_15"": 0.8}, ""type"": ""choice""}, ""uses_frying_pan"": {""noul"": 0.98, ""type"": ""noul""}, ""uses_heat_tag"": {""noul"": 0.99, ""type"": ""noul""}, ""uses_knife_tag"": {""noul"": 0.69, ""type"": ""noul""}, ""uses_microwave"": {""noul"": 0.03, ""type"": ""noul""}}}",
6wg5_6FruS0,【時短レシピ！】保育園栄養士彼氏が作った“疲れた日にでも食べたい簡単爆旨料理！韓国のり丼,https://www.youtube.com/watch?v=6wg5_6FruS0,ok,needs_review,true,0.95,韓国,0.51,ご飯,1.00,丼,1.00,魚,0.98,ややガッツリ,0.85,温かい,1.00,15分以内,0.94,true,0.96,true,0.99,true,0.98,false,0.97,genre,5812,"{""core"": {""dish_shape"": {""choice"": ""bowl"", ""confidence"": 1.0, ""probabilities"": {""bowl"": 1.0, ""bread"": 0.0, ""main"": 0.0, ""noodle"": 0.0, ""other"": 0.0, ""rice_other"": 0.0, ""stew"": 0.0}, ""type"": ""choice""}, ""genre"": {""choice"": ""korean"", ""confidence"": 0.51, ""probabilities"": {""chuka"": 0.0, ""korean"": 0.61, ""other"": 0.0, ""washoku"": 0.39, ""yoshoku"": 0.0}, ""type"": ""choice""}, ""is_single_recipe"": {""noul"": 0.95, ""type"": ""noul""}, ""main_ingredient"": {""choice"": ""fish"", ""confidence"": 0.98, ""probabilities"": {""egg"": 0.0, ""fish"": 0.98, ""meat"": 0.0, ""other"": 0.02, ""soy"": 0.0, ""vegetable"": 0.0}, ""type"": ""choice""}, ""staple"": {""choice"": ""rice"", ""confidence"": 1.0, ""probabilities"": {""bread"": 0.0, ""noodle"": 0.0, ""other"": 0.0, ""rice"": 1.0}, ""type"": ""choice""}, ""taste_tag"": {""choice"": ""semi_rich"", ""confidence"": 0.85, ""probabilities"": {""light"": 0.0, ""rich"": 0.08, ""semi_light"": 0.03, ""semi_rich"": 0.89}, ""type"": ""choice""}}, ""workload"": {""temperature_tag"": {""choice"": ""warm"", ""confidence"": 1.0, ""probabilities"": {""cold"": 0.0, ""warm"": 1.0}, ""type"": ""choice""}, ""time_tag"": {""choice"": ""within_15"", ""confidence"": 0.94, ""probabilities"": {""min_15_30"": 0.04, ""over_30"": 0.0, ""within_15"": 0.96}, ""type"": ""choice""}, ""uses_frying_pan"": {""noul"": 0.98, ""type"": ""noul""}, ""uses_heat_tag"": {""noul"": 0.99, ""type"": ""noul""}, ""uses_knife_tag"": {""noul"": 0.96, ""type"": ""noul""}, ""uses_microwave"": {""noul"": 0.03, ""type"": ""noul""}}}",
jxRnQC3KKP0,背徳感たっぷり、甘い夜食トースト【レシピは概要欄に】,https://www.youtube.com/watch?v=jxRnQC3KKP0,ok,ai_tagged,true,0.95,洋食,1.00,パン,1.00,パン料理,0.99,その他,1.00,ガッツリ,1.00,温かい,1.00,15分以内,1.00,false,0.87,true,0.99,true,0.99,false,0.97,,3562,"{""core"": {""dish_shape"": {""choice"": ""bread"", ""confidence"": 0.99, ""probabilities"": {""bowl"": 0.0, ""bread"": 0.99, ""main"": 0.0, ""noodle"": 0.0, ""other"": 0.01, ""rice_other"": 0.0, ""stew"": 0.0}, ""type"": ""choice""}, ""genre"": {""choice"": ""yoshoku"", ""confidence"": 1.0, ""probabilities"": {""chuka"": 0.0, ""korean"": 0.0, ""other"": 0.0, ""washoku"": 0.0, ""yoshoku"": 1.0}, ""type"": ""choice""}, ""is_single_recipe"": {""noul"": 0.95, ""type"": ""noul""}, ""main_ingredient"": {""choice"": ""other"", ""confidence"": 1.0, ""probabilities"": {""egg"": 0.0, ""fish"": 0.0, ""meat"": 0.0, ""other"": 1.0, ""soy"": 0.0, ""vegetable"": 0.0}, ""type"": ""choice""}, ""staple"": {""choice"": ""bread"", ""confidence"": 1.0, ""probabilities"": {""bread"": 1.0, ""noodle"": 0.0, ""other"": 0.0, ""rice"": 0.0}, ""type"": ""choice""}, ""taste_tag"": {""choice"": ""rich"", ""confidence"": 1.0, ""probabilities"": {""light"": 0.0, ""rich"": 1.0, ""semi_light"": 0.0, ""semi_rich"": 0.0}, ""type"": ""choice""}}, ""workload"": {""temperature_tag"": {""choice"": ""warm"", ""confidence"": 1.0, ""probabilities"": {""cold"": 0.0, ""warm"": 1.0}, ""type"": ""choice""}, ""time_tag"": {""choice"": ""within_15"", ""confidence"": 1.0, ""probabilities"": {""min_15_30"": 0.0, ""over_30"": 0.0, ""within_15"": 1.0}, ""type"": ""choice""}, ""uses_frying_pan"": {""noul"": 0.99, ""type"": ""noul""}, ""uses_heat_tag"": {""noul"": 0.99, ""type"": ""noul""}, ""uses_knife_tag"": {""noul"": 0.13, ""type"": ""noul""}, ""uses_microwave"": {""noul"": 0.03, ""type"": ""noul""}}}",
9t0w84T3HhU,【超簡単副菜】大葉香るちくわのマヨ和え #節約レシピ #簡単レシピ #時短節約 #shorts,https://www.youtube.com/watch?v=9t0w84T3HhU,ok,needs_review,true,0.95,和食,0.97,その他,1.00,主菜,1.00,魚,0.72,ややガッツリ,0.42,冷たい,1.00,15分以内,1.00,true,0.84,false,0.96,false,0.94,false,0.98,main_ingredient;taste_tag,3306,"{""core"": {""dish_shape"": {""choice"": ""main"", ""confidence"": 1.0, ""probabilities"": {""bowl"": 0.0, ""bread"": 0.0, ""main"": 1.0, ""noodle"": 0.0, ""other"": 0.0, ""rice_other"": 0.0, ""stew"": 0.0}, ""type"": ""choice""}, ""genre"": {""choice"": ""washoku"", ""confidence"": 0.97, ""probabilities"": {""chuka"": 0.0, ""korean"": 0.0, ""other"": 0.02, ""washoku"": 0.98, ""yoshoku"": 0.0}, ""type"": ""choice""}, ""is_single_recipe"": {""noul"": 0.95, ""type"": ""noul""}, ""main_ingredient"": {""choice"": ""fish"", ""confidence"": 0.72, ""probabilities"": {""egg"": 0.0, ""fish"": 0.77, ""meat"": 0.03, ""other"": 0.12, ""soy"": 0.0, ""vegetable"": 0.08}, ""type"": ""choice""}, ""staple"": {""choice"": ""other"", ""confidence"": 1.0, ""probabilities"": {""bread"": 0.0, ""noodle"": 0.0, ""other"": 1.0, ""rice"": 0.0}, ""type"": ""choice""}, ""taste_tag"": {""choice"": ""semi_rich"", ""confidence"": 0.42, ""probabilities"": {""light"": 0.01, ""rich"": 0.36, ""semi_light"": 0.06, ""semi_rich"": 0.5700000000000001}, ""type"": ""choice""}}, ""workload"": {""temperature_tag"": {""choice"": ""cold"", ""confidence"": 1.0, ""probabilities"": {""cold"": 1.0, ""warm"": 0.0}, ""type"": ""choice""}, ""time_tag"": {""choice"": ""within_15"", ""confidence"": 1.0, ""probabilities"": {""min_15_30"": 0.0, ""over_30"": 0.0, ""within_15"": 1.0}, ""type"": ""choice""}, ""uses_frying_pan"": {""noul"": 0.06, ""type"": ""noul""}, ""uses_heat_tag"": {""noul"": 0.04, ""type"": ""noul""}, ""uses_knife_tag"": {""noul"": 0.84, ""type"": ""noul""}, ""uses_microwave"": {""noul"": 0.02, ""type"": ""noul""}}}",
I8hAL29hU1w,節約‼️冷製肉ラーメン🍜🍜 #ブラック企業 #cooking #料理 #レンチンレシピ #節約レシピ,https://www.youtube.com/watch?v=I8hAL29hU1w,ok,needs_review,true,0.77,中華,0.99,麺,1.00,麺料理,1.00,その他,0.53,ややガッツリ,0.52,冷たい,0.99,15〜30分,0.99,false,0.69,true,0.94,false,0.85,true,0.92,main_ingredient;taste_tag;uses_knife_tag,2572,"{""core"": {""dish_shape"": {""choice"": ""noodle"", ""confidence"": 1.0, ""probabilities"": {""bowl"": 0.0, ""bread"": 0.0, ""main"": 0.0, ""noodle"": 1.0, ""other"": 0.0, ""rice_other"": 0.0, ""stew"": 0.0}, ""type"": ""choice""}, ""genre"": {""choice"": ""chuka"", ""confidence"": 0.99, ""probabilities"": {""chuka"": 1.0, ""korean"": 0.0, ""other"": 0.0, ""washoku"": 0.0, ""yoshoku"": 0.0}, ""type"": ""choice""}, ""is_single_recipe"": {""noul"": 0.77, ""type"": ""noul""}, ""main_ingredient"": {""choice"": ""other"", ""confidence"": 0.53, ""probabilities"": {""egg"": 0.0, ""fish"": 0.0, ""meat"": 0.39, ""other"": 0.61, ""soy"": 0.0, ""vegetable"": 0.0}, ""type"": ""choice""}, ""staple"": {""choice"": ""noodle"", ""confidence"": 1.0, ""probabilities"": {""bread"": 0.0, ""noodle"": 1.0, ""other"": 0.0, ""rice"": 0.0}, ""type"": ""choice""}, ""taste_tag"": {""choice"": ""semi_rich"", ""confidence"": 0.52, ""probabilities"": {""light"": 0.2, ""rich"": 0.01, ""semi_light"": 0.14, ""semi_rich"": 0.65}, ""type"": ""choice""}}, ""workload"": {""temperature_tag"": {""choice"": ""cold"", ""confidence"": 0.99, ""probabilities"": {""cold"": 1.0, ""warm"": 0.0}, ""type"": ""choice""}, ""time_tag"": {""choice"": ""min_15_30"", ""confidence"": 0.99, ""probabilities"": {""min_15_30"": 0.99, ""over_30"": 0.0, ""within_15"": 0.01}, ""type"": ""choice""}, ""uses_frying_pan"": {""noul"": 0.15, ""type"": ""noul""}, ""uses_heat_tag"": {""noul"": 0.94, ""type"": ""noul""}, ""uses_knife_tag"": {""noul"": 0.31, ""type"": ""noul""}, ""uses_microwave"": {""noul"": 0.92, ""type"": ""noul""}}}",
j9fJTH_TriE,【節約レシピ】ラーメン屋の魚介つけ麺おうちで作れるって知ってた？🐟,https://www.youtube.com/watch?v=j9fJTH_TriE,ok,needs_review,true,0.95,中華,0.92,麺,1.00,麺料理,1.00,魚,0.89,ガッツリ,0.61,温かい,0.91,15分以内,0.56,true,0.96,true,0.99,true,0.92,false,0.97,taste_tag;time_tag,4578,"{""core"": {""dish_shape"": {""choice"": ""noodle"", ""confidence"": 1.0, ""probabilities"": {""bowl"": 0.0, ""bread"": 0.0, ""main"": 0.0, ""noodle"": 1.0, ""other"": 0.0, ""rice_other"": 0.0, ""stew"": 0.0}, ""type"": ""choice""}, ""genre"": {""choice"": ""chuka"", ""confidence"": 0.92, ""probabilities"": {""chuka"": 0.94, ""korean"": 0.0, ""other"": 0.0, ""washoku"": 0.06, ""yoshoku"": 0.0}, ""type"": ""choice""}, ""is_single_recipe"": {""noul"": 0.95, ""type"": ""noul""}, ""main_ingredient"": {""choice"": ""fish"", ""confidence"": 0.89, ""probabilities"": {""egg"": 0.0, ""fish"": 0.92, ""meat"": 0.0, ""other"": 0.08, ""soy"": 0.0, ""vegetable"": 0.0}, ""type"": ""choice""}, ""staple"": {""choice"": ""noodle"", ""confidence"": 1.0, ""probabilities"": {""bread"": 0.0, ""noodle"": 1.0, ""other"": 0.0, ""rice"": 0.0}, ""type"": ""choice""}, ""taste_tag"": {""choice"": ""rich"", ""confidence"": 0.61, ""probabilities"": {""light"": 0.0, ""rich"": 0.71, ""semi_light"": 0.0, ""semi_rich"": 0.29}, ""type"": ""choice""}}, ""workload"": {""temperature_tag"": {""choice"": ""warm"", ""confidence"": 0.91, ""probabilities"": {""cold"": 0.04, ""warm"": 0.96}, ""type"": ""choice""}, ""time_tag"": {""choice"": ""within_15"", ""confidence"": 0.56, ""probabilities"": {""min_15_30"": 0.29, ""over_30"": 0.01, ""within_15"": 0.7}, ""type"": ""choice""}, ""uses_frying_pan"": {""noul"": 0.92, ""type"": ""noul""}, ""uses_heat_tag"": {""noul"": 0.99, ""type"": ""noul""}, ""uses_knife_tag"": {""noul"": 0.96, ""type"": ""noul""}, ""uses_microwave"": {""noul"": 0.03, ""type"": ""noul""}}}",
tLgYLljGiw0,茄子のトマクリームぺぺ🍆 #節約レシピ #パスタ #時短節約 #cooking #一人暮らしごはん #料理 #今日の晩ごはん #japanesefood #簡単レシピ #ペペロンチーノ,https://www.youtube.com/watch?v=tLgYLljGiw0,ok,needs_review,true,0.79,洋食,1.00,麺,1.00,麺料理,1.00,野菜中心,0.92,ややガッツリ,0.82,温かい,1.00,15〜30分,0.99,true,0.72,true,0.96,true,0.66,false,0.93,uses_knife_tag;uses_frying_pan,2650,"{""core"": {""dish_shape"": {""choice"": ""noodle"", ""confidence"": 1.0, ""probabilities"": {""bowl"": 0.0, ""bread"": 0.0, ""main"": 0.0, ""noodle"": 1.0, ""other"": 0.0, ""rice_other"": 0.0, ""stew"": 0.0}, ""type"": ""choice""}, ""genre"": {""choice"": ""yoshoku"", ""confidence"": 1.0, ""probabilities"": {""chuka"": 0.0, ""korean"": 0.0, ""other"": 0.0, ""washoku"": 0.0, ""yoshoku"": 1.0}, ""type"": ""choice""}, ""is_single_recipe"": {""noul"": 0.79, ""type"": ""noul""}, ""main_ingredient"": {""choice"": ""vegetable"", ""confidence"": 0.92, ""probabilities"": {""egg"": 0.0, ""fish"": 0.0, ""meat"": 0.0, ""other"": 0.07, ""soy"": 0.0, ""vegetable"": 0.93}, ""type"": ""choice""}, ""staple"": {""choice"": ""noodle"", ""confidence"": 1.0, ""probabilities"": {""bread"": 0.0, ""noodle"": 1.0, ""other"": 0.0, ""rice"": 0.0}, ""type"": ""choice""}, ""taste_tag"": {""choice"": ""semi_rich"", ""confidence"": 0.82, ""probabilities"": {""light"": 0.0, ""rich"": 0.12, ""semi_light"": 0.01, ""semi_rich"": 0.87}, ""type"": ""choice""}}, ""workload"": {""temperature_tag"": {""choice"": ""warm"", ""confidence"": 1.0, ""probabilities"": {""cold"": 0.0, ""warm"": 1.0}, ""type"": ""choice""}, ""time_tag"": {""choice"": ""min_15_30"", ""confidence"": 0.99, ""probabilities"": {""min_15_30"": 0.99, ""over_30"": 0.01, ""within_15"": 0.0}, ""type"": ""choice""}, ""uses_frying_pan"": {""noul"": 0.66, ""type"": ""noul""}, ""uses_heat_tag"": {""noul"": 0.96, ""type"": ""noul""}, ""uses_knife_tag"": {""noul"": 0.72, ""type"": ""noul""}, ""uses_microwave"": {""noul"": 0.07, ""type"": ""noul""}}}",
n2s9kqveAW8,31歳会社員が244円で作れる！ピリ辛麻婆あんかけ焼きそば！ #時短#節約#ワンパン#簡単レシピ#焼きそば,https://www.youtube.com/watch?v=n2s9kqveAW8,ok,needs_review,true,0.87,中華,1.00,麺,1.00,麺料理,1.00,その他,0.77,ややガッツリ,0.35,温かい,1.00,15分以内,1.00,false,0.55,true,0.98,true,0.98,false,0.95,taste_tag;uses_knife_tag,2612,"{""core"": {""dish_shape"": {""choice"": ""noodle"", ""confidence"": 1.0, ""probabilities"": {""bowl"": 0.0, ""bread"": 0.0, ""main"": 0.0, ""noodle"": 1.0, ""other"": 0.0, ""rice_other"": 0.0, ""stew"": 0.0}, ""type"": ""choice""}, ""genre"": {""choice"": ""chuka"", ""confidence"": 1.0, ""probabilities"": {""chuka"": 1.0, ""korean"": 0.0, ""other"": 0.0, ""washoku"": 0.0, ""yoshoku"": 0.0}, ""type"": ""choice""}, ""is_single_recipe"": {""noul"": 0.87, ""type"": ""noul""}, ""main_ingredient"": {""choice"": ""other"", ""confidence"": 0.77, ""probabilities"": {""egg"": 0.0, ""fish"": 0.0, ""meat"": 0.18, ""other"": 0.81, ""soy"": 0.01, ""vegetable"": 0.0}, ""type"": ""choice""}, ""staple"": {""choice"": ""noodle"", ""confidence"": 1.0, ""probabilities"": {""bread"": 0.0, ""noodle"": 1.0, ""other"": 0.0, ""rice"": 0.0}, ""type"": ""choice""}, ""taste_tag"": {""choice"": ""semi_rich"", ""confidence"": 0.35, ""probabilities"": {""light"": 0.0, ""rich"": 0.48, ""semi_light"": 0.0, ""semi_rich"": 0.52}, ""type"": ""choice""}}, ""workload"": {""temperature_tag"": {""choice"": ""warm"", ""confidence"": 1.0, ""probabilities"": {""cold"": 0.0, ""warm"": 1.0}, ""type"": ""choice""}, ""time_tag"": {""choice"": ""within_15"", ""confidence"": 1.0, ""probabilities"": {""min_15_30"": 0.0, ""over_30"": 0.0, ""within_15"": 1.0}, ""type"": ""choice""}, ""uses_frying_pan"": {""noul"": 0.98, ""type"": ""noul""}, ""uses_heat_tag"": {""noul"": 0.98, ""type"": ""noul""}, ""uses_knife_tag"": {""noul"": 0.45, ""type"": ""noul""}, ""uses_microwave"": {""noul"": 0.05, ""type"": ""noul""}}}",
k5_Dcw-Wu7E,胡瓜と肉の焼きそうめん🥒 #節約レシピ #パスタ #時短節約 #cooking #暮らしチャンネル #一人暮らしごはん #料理 #japanesefood #簡単レシピ #そうめんレシピ,https://www.youtube.com/watch?v=k5_Dcw-Wu7E,ok,needs_review,true,0.80,洋食,0.48,麺,1.00,麺料理,1.00,その他,0.49,ややガッツリ,0.96,温かい,0.54,15〜30分,0.98,true,0.69,true,0.97,true,0.94,false,0.93,genre;main_ingredient;temperature_tag;uses_knife_tag,2650,"{""core"": {""dish_shape"": {""choice"": ""noodle"", ""confidence"": 1.0, ""probabilities"": {""bowl"": 0.0, ""bread"": 0.0, ""main"": 0.0, ""noodle"": 1.0, ""other"": 0.0, ""rice_other"": 0.0, ""stew"": 0.0}, ""type"": ""choice""}, ""genre"": {""choice"": ""yoshoku"", ""confidence"": 0.48, ""probabilities"": {""chuka"": 0.14, ""korean"": 0.0, ""other"": 0.03, ""washoku"": 0.25, ""yoshoku"": 0.58}, ""type"": ""choice""}, ""is_single_recipe"": {""noul"": 0.8, ""type"": ""noul""}, ""main_ingredient"": {""choice"": ""other"", ""confidence"": 0.49, ""probabilities"": {""egg"": 0.0, ""fish"": 0.0, ""meat"": 0.18, ""other"": 0.58, ""soy"": 0.0, ""vegetable"": 0.24}, ""type"": ""choice""}, ""staple"": {""choice"": ""noodle"", ""confidence"": 1.0, ""probabilities"": {""bread"": 0.0, ""noodle"": 1.0, ""other"": 0.0, ""rice"": 0.0}, ""type"": ""choice""}, ""taste_tag"": {""choice"": ""semi_rich"", ""confidence"": 0.96, ""probabilities"": {""light"": 0.0, ""rich"": 0.0, ""semi_light"": 0.02, ""semi_rich"": 0.98}, ""type"": ""choice""}}, ""workload"": {""temperature_tag"": {""choice"": ""warm"", ""confidence"": 0.54, ""probabilities"": {""cold"": 0.23, ""warm"": 0.77}, ""type"": ""choice""}, ""time_tag"": {""choice"": ""min_15_30"", ""confidence"": 0.98, ""probabilities"": {""min_15_30"": 0.99, ""over_30"": 0.0, ""within_15"": 0.01}, ""type"": ""choice""}, ""uses_frying_pan"": {""noul"": 0.94, ""type"": ""noul""}, ""uses_heat_tag"": {""noul"": 0.97, ""type"": ""noul""}, ""uses_knife_tag"": {""noul"": 0.69, ""type"": ""noul""}, ""uses_microwave"": {""noul"": 0.07, ""type"": ""noul""}}}",
_xI2bgKb5Jk,焼きうどん#冷凍弁当 #節約#節約レシピ,https://www.youtube.com/watch?v=_xI2bgKb5Jk,ok,needs_review,true,0.73,和食,0.91,麺,1.00,麺料理,1.00,その他,1.00,ややガッツリ,0.93,温かい,1.00,15分以内,0.98,false,0.59,true,0.98,true,0.96,false,0.94,is_single_recipe;uses_knife_tag,2544,"{""core"": {""dish_shape"": {""choice"": ""noodle"", ""confidence"": 1.0, ""probabilities"": {""bowl"": 0.0, ""bread"": 0.0, ""main"": 0.0, ""noodle"": 1.0, ""other"": 0.0, ""rice_other"": 0.0, ""stew"": 0.0}, ""type"": ""choice""}, ""genre"": {""choice"": ""washoku"", ""confidence"": 0.91, ""probabilities"": {""chuka"": 0.06, ""korean"": 0.0, ""other"": 0.0, ""washoku"": 0.9400000000000001, ""yoshoku"": 0.0}, ""type"": ""choice""}, ""is_single_recipe"": {""noul"": 0.73, ""type"": ""noul""}, ""main_ingredient"": {""choice"": ""other"", ""confidence"": 1.0, ""probabilities"": {""egg"": 0.0, ""fish"": 0.0, ""meat"": 0.0, ""other"": 1.0, ""soy"": 0.0, ""vegetable"": 0.0}, ""type"": ""choice""}, ""staple"": {""choice"": ""noodle"", ""confidence"": 1.0, ""probabilities"": {""bread"": 0.0, ""noodle"": 1.0, ""other"": 0.0, ""rice"": 0.0}, ""type"": ""choice""}, ""taste_tag"": {""choice"": ""semi_rich"", ""confidence"": 0.93, ""probabilities"": {""light"": 0.0, ""rich"": 0.04, ""semi_light"": 0.01, ""semi_rich"": 0.95}, ""type"": ""choice""}}, ""workload"": {""temperature_tag"": {""choice"": ""warm"", ""confidence"": 1.0, ""probabilities"": {""cold"": 0.0, ""warm"": 1.0}, ""type"": ""choice""}, ""time_tag"": {""choice"": ""within_15"", ""confidence"": 0.98, ""probabilities"": {""min_15_30"": 0.01, ""over_30"": 0.0, ""within_15"": 0.99}, ""type"": ""choice""}, ""uses_frying_pan"": {""noul"": 0.96, ""type"": ""noul""}, ""uses_heat_tag"": {""noul"": 0.98, ""type"": ""noul""}, ""uses_knife_tag"": {""noul"": 0.41, ""type"": ""noul""}, ""uses_microwave"": {""noul"": 0.06, ""type"": ""noul""}}}",
zPRbDU9RrRg,【節約レシピ】おうちで再現！ミラノ風ドリア🥘🧀💕,https://www.youtube.com/watch?v=zPRbDU9RrRg,ok,needs_review,true,0.96,洋食,1.00,ご飯,1.00,丼以外のご飯もの,1.00,その他,0.83,ガッツリ,0.66,温かい,1.00,15分以内,0.57,false,0.88,true,0.99,false,0.84,true,0.98,taste_tag;time_tag,4160,"{""core"": {""dish_shape"": {""choice"": ""rice_other"", ""confidence"": 1.0, ""probabilities"": {""bowl"": 0.0, ""bread"": 0.0, ""main"": 0.0, ""noodle"": 0.0, ""other"": 0.0, ""rice_other"": 1.0, ""stew"": 0.0}, ""type"": ""choice""}, ""genre"": {""choice"": ""yoshoku"", ""confidence"": 1.0, ""probabilities"": {""chuka"": 0.0, ""korean"": 0.0, ""other"": 0.0, ""washoku"": 0.0, ""yoshoku"": 1.0}, ""type"": ""choice""}, ""is_single_recipe"": {""noul"": 0.96, ""type"": ""noul""}, ""main_ingredient"": {""choice"": ""other"", ""confidence"": 0.83, ""probabilities"": {""egg"": 0.01, ""fish"": 0.0, ""meat"": 0.13, ""other"": 0.86, ""soy"": 0.0, ""vegetable"": 0.0}, ""type"": ""choice""}, ""staple"": {""choice"": ""rice"", ""confidence"": 1.0, ""probabilities"": {""bread"": 0.0, ""noodle"": 0.0, ""other"": 0.0, ""rice"": 1.0}, ""type"": ""choice""}, ""taste_tag"": {""choice"": ""rich"", ""confidence"": 0.66, ""probabilities"": {""light"": 0.0, ""rich"": 0.75, ""semi_light"": 0.0, ""semi_rich"": 0.25}, ""type"": ""choice""}}, ""workload"": {""temperature_tag"": {""choice"": ""warm"", ""confidence"": 1.0, ""probabilities"": {""cold"": 0.0, ""warm"": 1.0}, ""type"": ""choice""}, ""time_tag"": {""choice"": ""within_15"", ""confidence"": 0.57, ""probabilities"": {""min_15_30"": 0.29, ""over_30"": 0.0, ""within_15"": 0.71}, ""type"": ""choice""}, ""uses_frying_pan"": {""noul"": 0.16, ""type"": ""noul""}, ""uses_heat_tag"": {""noul"": 0.99, ""type"": ""noul""}, ""uses_knife_tag"": {""noul"": 0.12, ""type"": ""noul""}, ""uses_microwave"": {""noul"": 0.98, ""type"": ""noul""}}}",
m9onF83XI0o,ズボラを極めたものが作るあかりマヨパスタ #shorts #節約レシピ #パスタ #ズボラ飯 #cooking,https://www.youtube.com/watch?v=m9onF83XI0o,ok,needs_review,true,0.88,洋食,0.99,麺,1.00,麺料理,1.00,魚,0.82,ガッツリ,0.93,温かい,0.95,15〜30分,0.96,false,0.63,true,0.95,false,0.62,false,0.94,uses_knife_tag;uses_frying_pan,2662,"{""core"": {""dish_shape"": {""choice"": ""noodle"", ""confidence"": 1.0, ""probabilities"": {""bowl"": 0.0, ""bread"": 0.0, ""main"": 0.0, ""noodle"": 1.0, ""other"": 0.0, ""rice_other"": 0.0, ""stew"": 0.0}, ""type"": ""choice""}, ""genre"": {""choice"": ""yoshoku"", ""confidence"": 0.99, ""probabilities"": {""chuka"": 0.0, ""korean"": 0.0, ""other"": 0.0, ""washoku"": 0.0, ""yoshoku"": 1.0}, ""type"": ""choice""}, ""is_single_recipe"": {""noul"": 0.88, ""type"": ""noul""}, ""main_ingredient"": {""choice"": ""fish"", ""confidence"": 0.82, ""probabilities"": {""egg"": 0.0, ""fish"": 0.86, ""meat"": 0.0, ""other"": 0.14, ""soy"": 0.0, ""vegetable"": 0.0}, ""type"": ""choice""}, ""staple"": {""choice"": ""noodle"", ""confidence"": 1.0, ""probabilities"": {""bread"": 0.0, ""noodle"": 1.0, ""other"": 0.0, ""rice"": 0.0}, ""type"": ""choice""}, ""taste_tag"": {""choice"": ""rich"", ""confidence"": 0.93, ""probabilities"": {""light"": 0.0, ""rich"": 0.95, ""semi_light"": 0.0, ""semi_rich"": 0.05}, ""type"": ""choice""}}, ""workload"": {""temperature_tag"": {""choice"": ""warm"", ""confidence"": 0.95, ""probabilities"": {""cold"": 0.02, ""warm"": 0.98}, ""type"": ""choice""}, ""time_tag"": {""choice"": ""min_15_30"", ""confidence"": 0.96, ""probabilities"": {""min_15_30"": 0.97, ""over_30"": 0.0, ""within_15"": 0.03}, ""type"": ""choice""}, ""uses_frying_pan"": {""noul"": 0.38, ""type"": ""noul""}, ""uses_heat_tag"": {""noul"": 0.95, ""type"": ""noul""}, ""uses_knife_tag"": {""noul"": 0.37, ""type"": ""noul""}, ""uses_microwave"": {""noul"": 0.06, ""type"": ""noul""}}}",
GjXAQADEV8o,家庭で本場の味を再現！笠原流【豚丼】,https://www.youtube.com/watch?v=GjXAQADEV8o,ok,needs_review,true,0.75,和食,1.00,ご飯,1.00,丼,1.00,肉,0.99,ややガッツリ,0.88,温かい,1.00,15分以内,0.92,true,0.72,true,0.95,true,0.50,false,0.93,uses_knife_tag;uses_frying_pan,2888,"{""core"": {""dish_shape"": {""choice"": ""bowl"", ""confidence"": 1.0, ""probabilities"": {""bowl"": 1.0, ""bread"": 0.0, ""main"": 0.0, ""noodle"": 0.0, ""other"": 0.0, ""rice_other"": 0.0, ""stew"": 0.0}, ""type"": ""choice""}, ""genre"": {""choice"": ""washoku"", ""confidence"": 1.0, ""probabilities"": {""chuka"": 0.0, ""korean"": 0.0, ""other"": 0.0, ""washoku"": 1.0, ""yoshoku"": 0.0}, ""type"": ""choice""}, ""is_single_recipe"": {""noul"": 0.75, ""type"": ""noul""}, ""main_ingredient"": {""choice"": ""meat"", ""confidence"": 0.99, ""probabilities"": {""egg"": 0.0, ""fish"": 0.0, ""meat"": 1.0, ""other"": 0.0, ""soy"": 0.0, ""vegetable"": 0.0}, ""type"": ""choice""}, ""staple"": {""choice"": ""rice"", ""confidence"": 1.0, ""probabilities"": {""bread"": 0.0, ""noodle"": 0.0, ""other"": 0.0, ""rice"": 1.0}, ""type"": ""choice""}, ""taste_tag"": {""choice"": ""semi_rich"", ""confidence"": 0.88, ""probabilities"": {""light"": 0.0, ""rich"": 0.08, ""semi_light"": 0.01, ""semi_rich"": 0.91}, ""type"": ""choice""}}, ""workload"": {""temperature_tag"": {""choice"": ""warm"", ""confidence"": 1.0, ""probabilities"": {""cold"": 0.0, ""warm"": 1.0}, ""type"": ""choice""}, ""time_tag"": {""choice"": ""within_15"", ""confidence"": 0.92, ""probabilities"": {""min_15_30"": 0.04, ""over_30"": 0.01, ""within_15"": 0.95}, ""type"": ""choice""}, ""uses_frying_pan"": {""noul"": 0.5, ""type"": ""noul""}, ""uses_heat_tag"": {""noul"": 0.95, ""type"": ""noul""}, ""uses_knife_tag"": {""noul"": 0.72, ""type"": ""noul""}, ""uses_microwave"": {""noul"": 0.07, ""type"": ""noul""}}}",
VdwjXbLDsk4,【吉野家風】誰でもカンタンに作れる！食べなきゃ損する豚丼,https://www.youtube.com/watch?v=VdwjXbLDsk4,ok,needs_review,true,0.95,和食,1.00,ご飯,1.00,丼,1.00,肉,1.00,ややガッツリ,0.90,温かい,1.00,15分以内,0.70,true,0.92,true,0.99,false,0.70,false,0.97,time_tag;uses_frying_pan,3304,"{""core"": {""dish_shape"": {""choice"": ""bowl"", ""confidence"": 1.0, ""probabilities"": {""bowl"": 1.0, ""bread"": 0.0, ""main"": 0.0, ""noodle"": 0.0, ""other"": 0.0, ""rice_other"": 0.0, ""stew"": 0.0}, ""type"": ""choice""}, ""genre"": {""choice"": ""washoku"", ""confidence"": 1.0, ""probabilities"": {""chuka"": 0.0, ""korean"": 0.0, ""other"": 0.0, ""washoku"": 1.0, ""yoshoku"": 0.0}, ""type"": ""choice""}, ""is_single_recipe"": {""noul"": 0.95, ""type"": ""noul""}, ""main_ingredient"": {""choice"": ""meat"", ""confidence"": 1.0, ""probabilities"": {""egg"": 0.0, ""fish"": 0.0, ""meat"": 1.0, ""other"": 0.0, ""soy"": 0.0, ""vegetable"": 0.0}, ""type"": ""choice""}, ""staple"": {""choice"": ""rice"", ""confidence"": 1.0, ""probabilities"": {""bread"": 0.0, ""noodle"": 0.0, ""other"": 0.0, ""rice"": 1.0}, ""type"": ""choice""}, ""taste_tag"": {""choice"": ""semi_rich"", ""confidence"": 0.9, ""probabilities"": {""light"": 0.0, ""rich"": 0.05, ""semi_light"": 0.03, ""semi_rich"": 0.92}, ""type"": ""choice""}}, ""workload"": {""temperature_tag"": {""choice"": ""warm"", ""confidence"": 1.0, ""probabilities"": {""cold"": 0.0, ""warm"": 1.0}, ""type"": ""choice""}, ""time_tag"": {""choice"": ""within_15"", ""confidence"": 0.7, ""probabilities"": {""min_15_30"": 0.17, ""over_30"": 0.03, ""within_15"": 0.8}, ""type"": ""choice""}, ""uses_frying_pan"": {""noul"": 0.3, ""type"": ""noul""}, ""uses_heat_tag"": {""noul"": 0.99, ""type"": ""noul""}, ""uses_knife_tag"": {""noul"": 0.92, ""type"": ""noul""}, ""uses_microwave"": {""noul"": 0.03, ""type"": ""noul""}}}",
xb8rFgdhNcs,思った以上に美味しくて毎日これでもいい。安いし。【ちくわ丼弁当】詳しいレシピはアプリで料理名を検索♪#ちくわ #弁当レシピ #おかず#簡単レシピ #レシピ動画 #料理動画 #shorts,https://www.youtube.com/watch?v=xb8rFgdhNcs,ok,needs_review,true,0.95,和食,1.00,ご飯,1.00,丼,1.00,魚,0.61,ややガッツリ,0.67,温かい,0.22,15分以内,0.97,true,0.82,true,0.99,true,0.98,false,0.97,main_ingredient;taste_tag;temperature_tag,3900,"{""core"": {""dish_shape"": {""choice"": ""bowl"", ""confidence"": 1.0, ""probabilities"": {""bowl"": 1.0, ""bread"": 0.0, ""main"": 0.0, ""noodle"": 0.0, ""other"": 0.0, ""rice_other"": 0.0, ""stew"": 0.0}, ""type"": ""choice""}, ""genre"": {""choice"": ""washoku"", ""confidence"": 1.0, ""probabilities"": {""chuka"": 0.0, ""korean"": 0.0, ""other"": 0.0, ""washoku"": 1.0, ""yoshoku"": 0.0}, ""type"": ""choice""}, ""is_single_recipe"": {""noul"": 0.95, ""type"": ""noul""}, ""main_ingredient"": {""choice"": ""fish"", ""confidence"": 0.61, ""probabilities"": {""egg"": 0.0, ""fish"": 0.67, ""meat"": 0.04, ""other"": 0.26, ""soy"": 0.02, ""vegetable"": 0.0}, ""type"": ""choice""}, ""staple"": {""choice"": ""rice"", ""confidence"": 1.0, ""probabilities"": {""bread"": 0.0, ""noodle"": 0.0, ""other"": 0.0, ""rice"": 1.0}, ""type"": ""choice""}, ""taste_tag"": {""choice"": ""semi_rich"", ""confidence"": 0.67, ""probabilities"": {""light"": 0.0, ""rich"": 0.0, ""semi_light"": 0.24, ""semi_rich"": 0.76}, ""type"": ""choice""}}, ""workload"": {""temperature_tag"": {""choice"": ""warm"", ""confidence"": 0.22, ""probabilities"": {""cold"": 0.39, ""warm"": 0.61}, ""type"": ""choice""}, ""time_tag"": {""choice"": ""within_15"", ""confidence"": 0.97, ""probabilities"": {""min_15_30"": 0.02, ""over_30"": 0.0, ""within_15"": 0.98}, ""type"": ""choice""}, ""uses_frying_pan"": {""noul"": 0.98, ""type"": ""noul""}, ""uses_heat_tag"": {""noul"": 0.99, ""type"": ""noul""}, ""uses_knife_tag"": {""noul"": 0.82, ""type"": ""noul""}, ""uses_microwave"": {""noul"": 0.03, ""type"": ""noul""}}}",
AAB6D1iWjEw,調味料は１つだけ！とろ〜りふわふわの絶品親子丼｜クラシル #shorts,https://www.youtube.com/watch?v=AAB6D1iWjEw,ok,needs_review,true,0.83,和食,1.00,ご飯,1.00,丼,1.00,卵,0.81,ややガッツリ,0.88,温かい,1.00,15分以内,1.00,false,0.56,true,0.97,false,0.65,false,0.95,uses_knife_tag;uses_frying_pan,2612,"{""core"": {""dish_shape"": {""choice"": ""bowl"", ""confidence"": 1.0, ""probabilities"": {""bowl"": 1.0, ""bread"": 0.0, ""main"": 0.0, ""noodle"": 0.0, ""other"": 0.0, ""rice_other"": 0.0, ""stew"": 0.0}, ""type"": ""choice""}, ""genre"": {""choice"": ""washoku"", ""confidence"": 1.0, ""probabilities"": {""chuka"": 0.0, ""korean"": 0.0, ""other"": 0.0, ""washoku"": 1.0, ""yoshoku"": 0.0}, ""type"": ""choice""}, ""is_single_recipe"": {""noul"": 0.83, ""type"": ""noul""}, ""main_ingredient"": {""choice"": ""egg"", ""confidence"": 0.81, ""probabilities"": {""egg"": 0.85, ""fish"": 0.0, ""meat"": 0.13, ""other"": 0.02, ""soy"": 0.0, ""vegetable"": 0.0}, ""type"": ""choice""}, ""staple"": {""choice"": ""rice"", ""confidence"": 1.0, ""probabilities"": {""bread"": 0.0, ""noodle"": 0.0, ""other"": 0.0, ""rice"": 1.0}, ""type"": ""choice""}, ""taste_tag"": {""choice"": ""semi_rich"", ""confidence"": 0.88, ""probabilities"": {""light"": 0.0, ""rich"": 0.0, ""semi_light"": 0.09, ""semi_rich"": 0.91}, ""type"": ""choice""}}, ""workload"": {""temperature_tag"": {""choice"": ""warm"", ""confidence"": 1.0, ""probabilities"": {""cold"": 0.0, ""warm"": 1.0}, ""type"": ""choice""}, ""time_tag"": {""choice"": ""within_15"", ""confidence"": 1.0, ""probabilities"": {""min_15_30"": 0.0, ""over_30"": 0.0, ""within_15"": 1.0}, ""type"": ""choice""}, ""uses_frying_pan"": {""noul"": 0.35, ""type"": ""noul""}, ""uses_heat_tag"": {""noul"": 0.97, ""type"": ""noul""}, ""uses_knife_tag"": {""noul"": 0.44, ""type"": ""noul""}, ""uses_microwave"": {""noul"": 0.05, ""type"": ""noul""}}}",
UKtkNq2vgSk,【すた丼】ご飯が消える！サッと炒めて作るすた丼&秘伝のタレの黄金比！【スタミナ丼】,https://www.youtube.com/watch?v=UKtkNq2vgSk,ok,needs_review,true,0.83,和食,0.99,ご飯,1.00,丼,1.00,その他,0.50,ややガッツリ,0.89,温かい,1.00,15分以内,1.00,true,0.54,true,0.98,true,0.97,false,0.95,main_ingredient;uses_knife_tag,2586,"{""core"": {""dish_shape"": {""choice"": ""bowl"", ""confidence"": 1.0, ""probabilities"": {""bowl"": 1.0, ""bread"": 0.0, ""main"": 0.0, ""noodle"": 0.0, ""other"": 0.0, ""rice_other"": 0.0, ""stew"": 0.0}, ""type"": ""choice""}, ""genre"": {""choice"": ""washoku"", ""confidence"": 0.99, ""probabilities"": {""chuka"": 0.0, ""korean"": 0.0, ""other"": 0.0, ""washoku"": 1.0, ""yoshoku"": 0.0}, ""type"": ""choice""}, ""is_single_recipe"": {""noul"": 0.83, ""type"": ""noul""}, ""main_ingredient"": {""choice"": ""other"", ""confidence"": 0.5, ""probabilities"": {""egg"": 0.27, ""fish"": 0.0, ""meat"": 0.13, ""other"": 0.59, ""soy"": 0.01, ""vegetable"": 0.0}, ""type"": ""choice""}, ""staple"": {""choice"": ""rice"", ""confidence"": 1.0, ""probabilities"": {""bread"": 0.0, ""noodle"": 0.0, ""other"": 0.0, ""rice"": 1.0}, ""type"": ""choice""}, ""taste_tag"": {""choice"": ""semi_rich"", ""confidence"": 0.89, ""probabilities"": {""light"": 0.0, ""rich"": 0.08, ""semi_light"": 0.0, ""semi_rich"": 0.92}, ""type"": ""choice""}}, ""workload"": {""temperature_tag"": {""choice"": ""warm"", ""confidence"": 1.0, ""probabilities"": {""cold"": 0.0, ""warm"": 1.0}, ""type"": ""choice""}, ""time_tag"": {""choice"": ""within_15"", ""confidence"": 1.0, ""probabilities"": {""min_15_30"": 0.0, ""over_30"": 0.0, ""within_15"": 1.0}, ""type"": ""choice""}, ""uses_frying_pan"": {""noul"": 0.97, ""type"": ""noul""}, ""uses_heat_tag"": {""noul"": 0.98, ""type"": ""noul""}, ""uses_knife_tag"": {""noul"": 0.54, ""type"": ""noul""}, ""uses_microwave"": {""noul"": 0.05, ""type"": ""noul""}}}",
8ZXQSJI258c,某有名チェーン店の牛丼を再現してみた,https://www.youtube.com/watch?v=8ZXQSJI258c,ok,needs_review,true,0.76,和食,1.00,ご飯,1.00,丼,1.00,肉,0.97,ややガッツリ,0.92,温かい,1.00,15分以内,0.92,true,0.65,true,0.96,true,0.51,false,0.92,uses_knife_tag;uses_frying_pan,2750,"{""core"": {""dish_shape"": {""choice"": ""bowl"", ""confidence"": 1.0, ""probabilities"": {""bowl"": 1.0, ""bread"": 0.0, ""main"": 0.0, ""noodle"": 0.0, ""other"": 0.0, ""rice_other"": 0.0, ""stew"": 0.0}, ""type"": ""choice""}, ""genre"": {""choice"": ""washoku"", ""confidence"": 1.0, ""probabilities"": {""chuka"": 0.0, ""korean"": 0.0, ""other"": 0.0, ""washoku"": 1.0, ""yoshoku"": 0.0}, ""type"": ""choice""}, ""is_single_recipe"": {""noul"": 0.76, ""type"": ""noul""}, ""main_ingredient"": {""choice"": ""meat"", ""confidence"": 0.97, ""probabilities"": {""egg"": 0.0, ""fish"": 0.0, ""meat"": 0.98, ""other"": 0.02, ""soy"": 0.0, ""vegetable"": 0.0}, ""type"": ""choice""}, ""staple"": {""choice"": ""rice"", ""confidence"": 1.0, ""probabilities"": {""bread"": 0.0, ""noodle"": 0.0, ""other"": 0.0, ""rice"": 1.0}, ""type"": ""choice""}, ""taste_tag"": {""choice"": ""semi_rich"", ""confidence"": 0.92, ""probabilities"": {""light"": 0.0, ""rich"": 0.01, ""semi_light"": 0.05, ""semi_rich"": 0.94}, ""type"": ""choice""}}, ""workload"": {""temperature_tag"": {""choice"": ""warm"", ""confidence"": 1.0, ""probabilities"": {""cold"": 0.0, ""warm"": 1.0}, ""type"": ""choice""}, ""time_tag"": {""choice"": ""within_15"", ""confidence"": 0.92, ""probabilities"": {""min_15_30"": 0.05, ""over_30"": 0.01, ""within_15"": 0.94}, ""type"": ""choice""}, ""uses_frying_pan"": {""noul"": 0.51, ""type"": ""noul""}, ""uses_heat_tag"": {""noul"": 0.96, ""type"": ""noul""}, ""uses_knife_tag"": {""noul"": 0.65, ""type"": ""noul""}, ""uses_microwave"": {""noul"": 0.08, ""type"": ""noul""}}}",
_ld5X2bWSCc,たった10分で牛丼屋を越える『極 牛丼』の作り方,https://www.youtube.com/watch?v=_ld5X2bWSCc,ok,needs_review,true,0.82,和食,1.00,ご飯,1.00,丼,1.00,肉,0.94,ややガッツリ,0.92,温かい,1.00,15分以内,1.00,true,0.58,true,0.95,false,0.54,false,0.91,uses_knife_tag;uses_frying_pan,2536,"{""core"": {""dish_shape"": {""choice"": ""bowl"", ""confidence"": 1.0, ""probabilities"": {""bowl"": 1.0, ""bread"": 0.0, ""main"": 0.0, ""noodle"": 0.0, ""other"": 0.0, ""rice_other"": 0.0, ""stew"": 0.0}, ""type"": ""choice""}, ""genre"": {""choice"": ""washoku"", ""confidence"": 1.0, ""probabilities"": {""chuka"": 0.0, ""korean"": 0.0, ""other"": 0.0, ""washoku"": 1.0, ""yoshoku"": 0.0}, ""type"": ""choice""}, ""is_single_recipe"": {""noul"": 0.82, ""type"": ""noul""}, ""main_ingredient"": {""choice"": ""meat"", ""confidence"": 0.94, ""probabilities"": {""egg"": 0.0, ""fish"": 0.0, ""meat"": 0.95, ""other"": 0.05, ""soy"": 0.0, ""vegetable"": 0.0}, ""type"": ""choice""}, ""staple"": {""choice"": ""rice"", ""confidence"": 1.0, ""probabilities"": {""bread"": 0.0, ""noodle"": 0.0, ""other"": 0.0, ""rice"": 1.0}, ""type"": ""choice""}, ""taste_tag"": {""choice"": ""semi_rich"", ""confidence"": 0.92, ""probabilities"": {""light"": 0.0, ""rich"": 0.05, ""semi_light"": 0.01, ""semi_rich"": 0.94}, ""type"": ""choice""}}, ""workload"": {""temperature_tag"": {""choice"": ""warm"", ""confidence"": 1.0, ""probabilities"": {""cold"": 0.0, ""warm"": 1.0}, ""type"": ""choice""}, ""time_tag"": {""choice"": ""within_15"", ""confidence"": 1.0, ""probabilities"": {""min_15_30"": 0.0, ""over_30"": 0.0, ""within_15"": 1.0}, ""type"": ""choice""}, ""uses_frying_pan"": {""noul"": 0.46, ""type"": ""noul""}, ""uses_heat_tag"": {""noul"": 0.95, ""type"": ""noul""}, ""uses_knife_tag"": {""noul"": 0.58, ""type"": ""noul""}, ""uses_microwave"": {""noul"": 0.09, ""type"": ""noul""}}}",
4LnJ36KUV40,【 知らなきゃ損!? 】フライパン1つで白飯が止まらない！スタミナそぼろ丼,https://www.youtube.com/watch?v=4LnJ36KUV40,ok,needs_review,true,0.96,和食,1.00,ご飯,1.00,丼,1.00,肉,1.00,ややガッツリ,0.92,温かい,1.00,15分以内,1.00,true,0.54,true,0.99,true,0.99,false,0.97,uses_knife_tag,4708,"{""core"": {""dish_shape"": {""choice"": ""bowl"", ""confidence"": 1.0, ""probabilities"": {""bowl"": 1.0, ""bread"": 0.0, ""main"": 0.0, ""noodle"": 0.0, ""other"": 0.0, ""rice_other"": 0.0, ""stew"": 0.0}, ""type"": ""choice""}, ""genre"": {""choice"": ""washoku"", ""confidence"": 1.0, ""probabilities"": {""chuka"": 0.0, ""korean"": 0.0, ""other"": 0.0, ""washoku"": 1.0, ""yoshoku"": 0.0}, ""type"": ""choice""}, ""is_single_recipe"": {""noul"": 0.96, ""type"": ""noul""}, ""main_ingredient"": {""choice"": ""meat"", ""confidence"": 1.0, ""probabilities"": {""egg"": 0.0, ""fish"": 0.0, ""meat"": 1.0, ""other"": 0.0, ""soy"": 0.0, ""vegetable"": 0.0}, ""type"": ""choice""}, ""staple"": {""choice"": ""rice"", ""confidence"": 1.0, ""probabilities"": {""bread"": 0.0, ""noodle"": 0.0, ""other"": 0.0, ""rice"": 1.0}, ""type"": ""choice""}, ""taste_tag"": {""choice"": ""semi_rich"", ""confidence"": 0.92, ""probabilities"": {""light"": 0.0, ""rich"": 0.06, ""semi_light"": 0.0, ""semi_rich"": 0.94}, ""type"": ""choice""}}, ""workload"": {""temperature_tag"": {""choice"": ""warm"", ""confidence"": 1.0, ""probabilities"": {""cold"": 0.0, ""warm"": 1.0}, ""type"": ""choice""}, ""time_tag"": {""choice"": ""within_15"", ""confidence"": 1.0, ""probabilities"": {""min_15_30"": 0.0, ""over_30"": 0.0, ""within_15"": 1.0}, ""type"": ""choice""}, ""uses_frying_pan"": {""noul"": 0.99, ""type"": ""noul""}, ""uses_heat_tag"": {""noul"": 0.99, ""type"": ""noul""}, ""uses_knife_tag"": {""noul"": 0.54, ""type"": ""noul""}, ""uses_microwave"": {""noul"": 0.03, ""type"": ""noul""}}}",
B5No5AKdUrw,プロが伝授！本当に美味しい至高の「カツ丼」の作り方,https://www.youtube.com/watch?v=B5No5AKdUrw,ok,needs_review,true,0.94,和食,0.98,ご飯,1.00,丼,1.00,肉,1.00,ガッツリ,0.59,温かい,1.00,15〜30分,1.00,true,0.84,true,0.98,true,0.62,false,0.97,taste_tag;uses_frying_pan,4412,"{""core"": {""dish_shape"": {""choice"": ""bowl"", ""confidence"": 1.0, ""probabilities"": {""bowl"": 1.0, ""bread"": 0.0, ""main"": 0.0, ""noodle"": 0.0, ""other"": 0.0, ""rice_other"": 0.0, ""stew"": 0.0}, ""type"": ""choice""}, ""genre"": {""choice"": ""washoku"", ""confidence"": 0.98, ""probabilities"": {""chuka"": 0.0, ""korean"": 0.0, ""other"": 0.0, ""washoku"": 0.98, ""yoshoku"": 0.02}, ""type"": ""choice""}, ""is_single_recipe"": {""noul"": 0.94, ""type"": ""noul""}, ""main_ingredient"": {""choice"": ""meat"", ""confidence"": 1.0, ""probabilities"": {""egg"": 0.0, ""fish"": 0.0, ""meat"": 1.0, ""other"": 0.0, ""soy"": 0.0, ""vegetable"": 0.0}, ""type"": ""choice""}, ""staple"": {""choice"": ""rice"", ""confidence"": 1.0, ""probabilities"": {""bread"": 0.0, ""noodle"": 0.0, ""other"": 0.0, ""rice"": 1.0}, ""type"": ""choice""}, ""taste_tag"": {""choice"": ""rich"", ""confidence"": 0.59, ""probabilities"": {""light"": 0.0, ""rich"": 0.69, ""semi_light"": 0.0, ""semi_rich"": 0.31}, ""type"": ""choice""}}, ""workload"": {""temperature_tag"": {""choice"": ""warm"", ""confidence"": 1.0, ""probabilities"": {""cold"": 0.0, ""warm"": 1.0}, ""type"": ""choice""}, ""time_tag"": {""choice"": ""min_15_30"", ""confidence"": 1.0, ""probabilities"": {""min_15_30"": 1.0, ""over_30"": 0.0, ""within_15"": 0.0}, ""type"": ""choice""}, ""uses_frying_pan"": {""noul"": 0.62, ""type"": ""noul""}, ""uses_heat_tag"": {""noul"": 0.98, ""type"": ""noul""}, ""uses_knife_tag"": {""noul"": 0.84, ""type"": ""noul""}, ""uses_microwave"": {""noul"": 0.03, ""type"": ""noul""}}}",
0tOSPZriYak,400円で作れる絶品ケバブ丼,https://www.youtube.com/watch?v=0tOSPZriYak,ok,needs_review,true,0.75,和食,0.46,ご飯,1.00,丼,1.00,肉,0.67,ややガッツリ,0.87,温かい,1.00,15分以内,0.97,true,0.63,true,0.93,false,0.58,false,0.92,genre;main_ingredient;uses_knife_tag;uses_frying_pan,2500,"{""core"": {""dish_shape"": {""choice"": ""bowl"", ""confidence"": 1.0, ""probabilities"": {""bowl"": 1.0, ""bread"": 0.0, ""main"": 0.0, ""noodle"": 0.0, ""other"": 0.0, ""rice_other"": 0.0, ""stew"": 0.0}, ""type"": ""choice""}, ""genre"": {""choice"": ""washoku"", ""confidence"": 0.46, ""probabilities"": {""chuka"": 0.0, ""korean"": 0.0, ""other"": 0.4, ""washoku"": 0.57, ""yoshoku"": 0.03}, ""type"": ""choice""}, ""is_single_recipe"": {""noul"": 0.75, ""type"": ""noul""}, ""main_ingredient"": {""choice"": ""meat"", ""confidence"": 0.67, ""probabilities"": {""egg"": 0.0, ""fish"": 0.0, ""meat"": 0.73, ""other"": 0.27, ""soy"": 0.0, ""vegetable"": 0.0}, ""type"": ""choice""}, ""staple"": {""choice"": ""rice"", ""confidence"": 1.0, ""probabilities"": {""bread"": 0.0, ""noodle"": 0.0, ""other"": 0.0, ""rice"": 1.0}, ""type"": ""choice""}, ""taste_tag"": {""choice"": ""semi_rich"", ""confidence"": 0.87, ""probabilities"": {""light"": 0.0, ""rich"": 0.09, ""semi_light"": 0.01, ""semi_rich"": 0.9}, ""type"": ""choice""}}, ""workload"": {""temperature_tag"": {""choice"": ""warm"", ""confidence"": 1.0, ""probabilities"": {""cold"": 0.0, ""warm"": 1.0}, ""type"": ""choice""}, ""time_tag"": {""choice"": ""within_15"", ""confidence"": 0.97, ""probabilities"": {""min_15_30"": 0.02, ""over_30"": 0.0, ""within_15"": 0.98}, ""type"": ""choice""}, ""uses_frying_pan"": {""noul"": 0.42, ""type"": ""noul""}, ""uses_heat_tag"": {""noul"": 0.93, ""type"": ""noul""}, ""uses_knife_tag"": {""noul"": 0.63, ""type"": ""noul""}, ""uses_microwave"": {""noul"": 0.08, ""type"": ""noul""}}}",
KWkHbWVH_yY,これ、ガチで本家よりうめえかもしれません。一度食べたら忘れられない【至高のすたみな丼】#shorts,https://www.youtube.com/watch?v=KWkHbWVH_yY,ok,needs_review,true,0.71,和食,0.99,ご飯,1.00,丼,1.00,その他,0.89,ややガッツリ,0.36,温かい,1.00,15分以内,0.99,false,0.60,true,0.96,false,0.85,true,0.83,is_single_recipe;taste_tag;uses_knife_tag,3870,"{""core"": {""dish_shape"": {""choice"": ""bowl"", ""confidence"": 1.0, ""probabilities"": {""bowl"": 1.0, ""bread"": 0.0, ""main"": 0.0, ""noodle"": 0.0, ""other"": 0.0, ""rice_other"": 0.0, ""stew"": 0.0}, ""type"": ""choice""}, ""genre"": {""choice"": ""washoku"", ""confidence"": 0.99, ""probabilities"": {""chuka"": 0.0, ""korean"": 0.0, ""other"": 0.01, ""washoku"": 0.99, ""yoshoku"": 0.0}, ""type"": ""choice""}, ""is_single_recipe"": {""noul"": 0.71, ""type"": ""noul""}, ""main_ingredient"": {""choice"": ""other"", ""confidence"": 0.89, ""probabilities"": {""egg"": 0.01, ""fish"": 0.02, ""meat"": 0.06, ""other"": 0.91, ""soy"": 0.0, ""vegetable"": 0.0}, ""type"": ""choice""}, ""staple"": {""choice"": ""rice"", ""confidence"": 1.0, ""probabilities"": {""bread"": 0.0, ""noodle"": 0.0, ""other"": 0.0, ""rice"": 1.0}, ""type"": ""choice""}, ""taste_tag"": {""choice"": ""semi_rich"", ""confidence"": 0.36, ""probabilities"": {""light"": 0.0, ""rich"": 0.46, ""semi_light"": 0.02, ""semi_rich"": 0.52}, ""type"": ""choice""}}, ""workload"": {""temperature_tag"": {""choice"": ""warm"", ""confidence"": 1.0, ""probabilities"": {""cold"": 0.0, ""warm"": 1.0}, ""type"": ""choice""}, ""time_tag"": {""choice"": ""within_15"", ""confidence"": 0.99, ""probabilities"": {""min_15_30"": 0.0, ""over_30"": 0.0, ""within_15"": 1.0}, ""type"": ""choice""}, ""uses_frying_pan"": {""noul"": 0.15, ""type"": ""noul""}, ""uses_heat_tag"": {""noul"": 0.96, ""type"": ""noul""}, ""uses_knife_tag"": {""noul"": 0.4, ""type"": ""noul""}, ""uses_microwave"": {""noul"": 0.83, ""type"": ""noul""}}}",
Mmwug0Slm9g,【明日も食べたくなる丼できた…】あんかけ仕立てたまらんやつ#ふたりごはん #簡単ごはん,https://www.youtube.com/watch?v=Mmwug0Slm9g,ok,needs_review,true,0.92,和食,1.00,ご飯,1.00,丼,1.00,豆腐・大豆,0.53,ややガッツリ,0.98,温かい,1.00,15分以内,1.00,false,0.60,true,0.99,true,0.99,false,0.97,main_ingredient;uses_knife_tag,4812,"{""core"": {""dish_shape"": {""choice"": ""bowl"", ""confidence"": 1.0, ""probabilities"": {""bowl"": 1.0, ""bread"": 0.0, ""main"": 0.0, ""noodle"": 0.0, ""other"": 0.0, ""rice_other"": 0.0, ""stew"": 0.0}, ""type"": ""choice""}, ""genre"": {""choice"": ""washoku"", ""confidence"": 1.0, ""probabilities"": {""chuka"": 0.0, ""korean"": 0.0, ""other"": 0.0, ""washoku"": 1.0, ""yoshoku"": 0.0}, ""type"": ""choice""}, ""is_single_recipe"": {""noul"": 0.92, ""type"": ""noul""}, ""main_ingredient"": {""choice"": ""soy"", ""confidence"": 0.53, ""probabilities"": {""egg"": 0.08, ""fish"": 0.0, ""meat"": 0.28, ""other"": 0.02, ""soy"": 0.62, ""vegetable"": 0.0}, ""type"": ""choice""}, ""staple"": {""choice"": ""rice"", ""confidence"": 1.0, ""probabilities"": {""bread"": 0.0, ""noodle"": 0.0, ""other"": 0.0, ""rice"": 1.0}, ""type"": ""choice""}, ""taste_tag"": {""choice"": ""semi_rich"", ""confidence"": 0.98, ""probabilities"": {""light"": 0.0, ""rich"": 0.0, ""semi_light"": 0.01, ""semi_rich"": 0.99}, ""type"": ""choice""}}, ""workload"": {""temperature_tag"": {""choice"": ""warm"", ""confidence"": 1.0, ""probabilities"": {""cold"": 0.0, ""warm"": 1.0}, ""type"": ""choice""}, ""time_tag"": {""choice"": ""within_15"", ""confidence"": 1.0, ""probabilities"": {""min_15_30"": 0.0, ""over_30"": 0.0, ""within_15"": 1.0}, ""type"": ""choice""}, ""uses_frying_pan"": {""noul"": 0.99, ""type"": ""noul""}, ""uses_heat_tag"": {""noul"": 0.99, ""type"": ""noul""}, ""uses_knife_tag"": {""noul"": 0.4, ""type"": ""noul""}, ""uses_microwave"": {""noul"": 0.03, ""type"": ""noul""}}}",
QwIdKZLC8DQ,【町中華】カンタン！【肉野菜あんかけ丼】#shorts,https://www.youtube.com/watch?v=QwIdKZLC8DQ,ok,ai_tagged,true,0.96,中華,0.96,ご飯,1.00,丼,1.00,肉,1.00,ややガッツリ,0.76,温かい,1.00,15分以内,0.96,true,0.83,true,0.99,true,0.99,false,0.97,,3316,"{""core"": {""dish_shape"": {""choice"": ""bowl"", ""confidence"": 1.0, ""probabilities"": {""bowl"": 1.0, ""bread"": 0.0, ""main"": 0.0, ""noodle"": 0.0, ""other"": 0.0, ""rice_other"": 0.0, ""stew"": 0.0}, ""type"": ""choice""}, ""genre"": {""choice"": ""chuka"", ""confidence"": 0.96, ""probabilities"": {""chuka"": 0.97, ""korean"": 0.0, ""other"": 0.0, ""washoku"": 0.03, ""yoshoku"": 0.0}, ""type"": ""choice""}, ""is_single_recipe"": {""noul"": 0.96, ""type"": ""noul""}, ""main_ingredient"": {""choice"": ""meat"", ""confidence"": 1.0, ""probabilities"": {""egg"": 0.0, ""fish"": 0.0, ""meat"": 1.0, ""other"": 0.0, ""soy"": 0.0, ""vegetable"": 0.0}, ""type"": ""choice""}, ""staple"": {""choice"": ""rice"", ""confidence"": 1.0, ""probabilities"": {""bread"": 0.0, ""noodle"": 0.0, ""other"": 0.0, ""rice"": 1.0}, ""type"": ""choice""}, ""taste_tag"": {""choice"": ""semi_rich"", ""confidence"": 0.76, ""probabilities"": {""light"": 0.0, ""rich"": 0.18, ""semi_light"": 0.0, ""semi_rich"": 0.82}, ""type"": ""choice""}}, ""workload"": {""temperature_tag"": {""choice"": ""warm"", ""confidence"": 1.0, ""probabilities"": {""cold"": 0.0, ""warm"": 1.0}, ""type"": ""choice""}, ""time_tag"": {""choice"": ""within_15"", ""confidence"": 0.96, ""probabilities"": {""min_15_30"": 0.03, ""over_30"": 0.0, ""within_15"": 0.97}, ""type"": ""choice""}, ""uses_frying_pan"": {""noul"": 0.99, ""type"": ""noul""}, ""uses_heat_tag"": {""noul"": 0.99, ""type"": ""noul""}, ""uses_knife_tag"": {""noul"": 0.83, ""type"": ""noul""}, ""uses_microwave"": {""noul"": 0.03, ""type"": ""noul""}}}",
U2yCqHjal-k,【カツ煮】#惣菜 #カツ丼 #レシピ #shorts,https://www.youtube.com/watch?v=U2yCqHjal-k,ok,needs_review,true,0.72,和食,0.95,ご飯,1.00,丼,0.98,肉,0.86,ガッツリ,0.60,温かい,1.00,15分以内,0.96,true,0.59,true,0.95,false,0.53,false,0.93,is_single_recipe;taste_tag;uses_knife_tag;uses_frying_pan,2520,"{""core"": {""dish_shape"": {""choice"": ""bowl"", ""confidence"": 0.98, ""probabilities"": {""bowl"": 0.99, ""bread"": 0.0, ""main"": 0.0, ""noodle"": 0.0, ""other"": 0.0, ""rice_other"": 0.0, ""stew"": 0.01}, ""type"": ""choice""}, ""genre"": {""choice"": ""washoku"", ""confidence"": 0.95, ""probabilities"": {""chuka"": 0.0, ""korean"": 0.0, ""other"": 0.0, ""washoku"": 0.96, ""yoshoku"": 0.04}, ""type"": ""choice""}, ""is_single_recipe"": {""noul"": 0.72, ""type"": ""noul""}, ""main_ingredient"": {""choice"": ""meat"", ""confidence"": 0.86, ""probabilities"": {""egg"": 0.0, ""fish"": 0.0, ""meat"": 0.89, ""other"": 0.11, ""soy"": 0.0, ""vegetable"": 0.0}, ""type"": ""choice""}, ""staple"": {""choice"": ""rice"", ""confidence"": 1.0, ""probabilities"": {""bread"": 0.0, ""noodle"": 0.0, ""other"": 0.0, ""rice"": 1.0}, ""type"": ""choice""}, ""taste_tag"": {""choice"": ""rich"", ""confidence"": 0.6, ""probabilities"": {""light"": 0.0, ""rich"": 0.7, ""semi_light"": 0.0, ""semi_rich"": 0.3}, ""type"": ""choice""}}, ""workload"": {""temperature_tag"": {""choice"": ""warm"", ""confidence"": 1.0, ""probabilities"": {""cold"": 0.0, ""warm"": 1.0}, ""type"": ""choice""}, ""time_tag"": {""choice"": ""within_15"", ""confidence"": 0.96, ""probabilities"": {""min_15_30"": 0.02, ""over_30"": 0.01, ""within_15"": 0.97}, ""type"": ""choice""}, ""uses_frying_pan"": {""noul"": 0.47, ""type"": ""noul""}, ""uses_heat_tag"": {""noul"": 0.95, ""type"": ""noul""}, ""uses_knife_tag"": {""noul"": 0.59, ""type"": ""noul""}, ""uses_microwave"": {""noul"": 0.07, ""type"": ""noul""}}}",
QR3NXOBtfog,元高級ホテル料理人が教える、究極親子丼の作り方!!#shorts,https://www.youtube.com/watch?v=QR3NXOBtfog,ok,needs_review,true,0.77,和食,1.00,ご飯,1.00,丼,1.00,肉,0.46,ややガッツリ,0.95,温かい,1.00,15分以内,0.87,true,0.81,true,0.97,true,0.92,false,0.96,main_ingredient,4446,"{""core"": {""dish_shape"": {""choice"": ""bowl"", ""confidence"": 1.0, ""probabilities"": {""bowl"": 1.0, ""bread"": 0.0, ""main"": 0.0, ""noodle"": 0.0, ""other"": 0.0, ""rice_other"": 0.0, ""stew"": 0.0}, ""type"": ""choice""}, ""genre"": {""choice"": ""washoku"", ""confidence"": 1.0, ""probabilities"": {""chuka"": 0.0, ""korean"": 0.0, ""other"": 0.0, ""washoku"": 1.0, ""yoshoku"": 0.0}, ""type"": ""choice""}, ""is_single_recipe"": {""noul"": 0.77, ""type"": ""noul""}, ""main_ingredient"": {""choice"": ""meat"", ""confidence"": 0.46, ""probabilities"": {""egg"": 0.42, ""fish"": 0.01, ""meat"": 0.55, ""other"": 0.02, ""soy"": 0.0, ""vegetable"": 0.0}, ""type"": ""choice""}, ""staple"": {""choice"": ""rice"", ""confidence"": 1.0, ""probabilities"": {""bread"": 0.0, ""noodle"": 0.0, ""other"": 0.0, ""rice"": 1.0}, ""type"": ""choice""}, ""taste_tag"": {""choice"": ""semi_rich"", ""confidence"": 0.95, ""probabilities"": {""light"": 0.0, ""rich"": 0.01, ""semi_light"": 0.03, ""semi_rich"": 0.96}, ""type"": ""choice""}}, ""workload"": {""temperature_tag"": {""choice"": ""warm"", ""confidence"": 1.0, ""probabilities"": {""cold"": 0.0, ""warm"": 1.0}, ""type"": ""choice""}, ""time_tag"": {""choice"": ""within_15"", ""confidence"": 0.87, ""probabilities"": {""min_15_30"": 0.08, ""over_30"": 0.01, ""within_15"": 0.91}, ""type"": ""choice""}, ""uses_frying_pan"": {""noul"": 0.92, ""type"": ""noul""}, ""uses_heat_tag"": {""noul"": 0.97, ""type"": ""noul""}, ""uses_knife_tag"": {""noul"": 0.81, ""type"": ""noul""}, ""uses_microwave"": {""noul"": 0.04, ""type"": ""noul""}}}",
4glLU8zLMR8,【2ヶ月で6キロ痩せた】食べ痩せ納豆キムチ丼#ダイエットレシピ #簡単レシピ,https://www.youtube.com/watch?v=4glLU8zLMR8,ok,needs_review,true,0.68,韓国,0.91,ご飯,1.00,丼,1.00,豆腐・大豆,0.94,ややあっさり,0.47,温かい,0.93,15分以内,1.00,false,0.57,true,0.81,false,0.74,false,0.92,is_single_recipe;taste_tag;uses_knife_tag;uses_frying_pan,2568,"{""core"": {""dish_shape"": {""choice"": ""bowl"", ""confidence"": 1.0, ""probabilities"": {""bowl"": 1.0, ""bread"": 0.0, ""main"": 0.0, ""noodle"": 0.0, ""other"": 0.0, ""rice_other"": 0.0, ""stew"": 0.0}, ""type"": ""choice""}, ""genre"": {""choice"": ""korean"", ""confidence"": 0.91, ""probabilities"": {""chuka"": 0.0, ""korean"": 0.92, ""other"": 0.01, ""washoku"": 0.07, ""yoshoku"": 0.0}, ""type"": ""choice""}, ""is_single_recipe"": {""noul"": 0.68, ""type"": ""noul""}, ""main_ingredient"": {""choice"": ""soy"", ""confidence"": 0.94, ""probabilities"": {""egg"": 0.0, ""fish"": 0.0, ""meat"": 0.0, ""other"": 0.04, ""soy"": 0.95, ""vegetable"": 0.01}, ""type"": ""choice""}, ""staple"": {""choice"": ""rice"", ""confidence"": 1.0, ""probabilities"": {""bread"": 0.0, ""noodle"": 0.0, ""other"": 0.0, ""rice"": 1.0}, ""type"": ""choice""}, ""taste_tag"": {""choice"": ""semi_light"", ""confidence"": 0.47, ""probabilities"": {""light"": 0.01, ""rich"": 0.01, ""semi_light"": 0.6, ""semi_rich"": 0.38}, ""type"": ""choice""}}, ""workload"": {""temperature_tag"": {""choice"": ""warm"", ""confidence"": 0.93, ""probabilities"": {""cold"": 0.03, ""warm"": 0.97}, ""type"": ""choice""}, ""time_tag"": {""choice"": ""within_15"", ""confidence"": 1.0, ""probabilities"": {""min_15_30"": 0.0, ""over_30"": 0.0, ""within_15"": 1.0}, ""type"": ""choice""}, ""uses_frying_pan"": {""noul"": 0.26, ""type"": ""noul""}, ""uses_heat_tag"": {""noul"": 0.81, ""type"": ""noul""}, ""uses_knife_tag"": {""noul"": 0.43, ""type"": ""noul""}, ""uses_microwave"": {""noul"": 0.08, ""type"": ""noul""}}}",
Y6yNV4AeZN4,令和最新版！笠原流【親子丼】の作り方,https://www.youtube.com/watch?v=Y6yNV4AeZN4,ok,needs_review,true,0.79,和食,1.00,ご飯,1.00,丼,1.00,卵,0.38,ややガッツリ,0.86,温かい,1.00,15分以内,0.97,true,0.68,true,0.96,false,0.53,false,0.94,main_ingredient;uses_knife_tag;uses_frying_pan,2754,"{""core"": {""dish_shape"": {""choice"": ""bowl"", ""confidence"": 1.0, ""probabilities"": {""bowl"": 1.0, ""bread"": 0.0, ""main"": 0.0, ""noodle"": 0.0, ""other"": 0.0, ""rice_other"": 0.0, ""stew"": 0.0}, ""type"": ""choice""}, ""genre"": {""choice"": ""washoku"", ""confidence"": 1.0, ""probabilities"": {""chuka"": 0.0, ""korean"": 0.0, ""other"": 0.0, ""washoku"": 1.0, ""yoshoku"": 0.0}, ""type"": ""choice""}, ""is_single_recipe"": {""noul"": 0.79, ""type"": ""noul""}, ""main_ingredient"": {""choice"": ""egg"", ""confidence"": 0.38, ""probabilities"": {""egg"": 0.48, ""fish"": 0.0, ""meat"": 0.48, ""other"": 0.04, ""soy"": 0.0, ""vegetable"": 0.0}, ""type"": ""choice""}, ""staple"": {""choice"": ""rice"", ""confidence"": 1.0, ""probabilities"": {""bread"": 0.0, ""noodle"": 0.0, ""other"": 0.0, ""rice"": 1.0}, ""type"": ""choice""}, ""taste_tag"": {""choice"": ""semi_rich"", ""confidence"": 0.86, ""probabilities"": {""light"": 0.0, ""rich"": 0.0, ""semi_light"": 0.1, ""semi_rich"": 0.9}, ""type"": ""choice""}}, ""workload"": {""temperature_tag"": {""choice"": ""warm"", ""confidence"": 1.0, ""probabilities"": {""cold"": 0.0, ""warm"": 1.0}, ""type"": ""choice""}, ""time_tag"": {""choice"": ""within_15"", ""confidence"": 0.97, ""probabilities"": {""min_15_30"": 0.02, ""over_30"": 0.0, ""within_15"": 0.98}, ""type"": ""choice""}, ""uses_frying_pan"": {""noul"": 0.47, ""type"": ""noul""}, ""uses_heat_tag"": {""noul"": 0.96, ""type"": ""noul""}, ""uses_knife_tag"": {""noul"": 0.68, ""type"": ""noul""}, ""uses_microwave"": {""noul"": 0.06, ""type"": ""noul""}}}",
2TFSlFKwCmI,30分でパパッと作れる！簡単すぎる基本の牛丼🤤 #牛丼レシピ#簡単レシピ#自炊#お昼ごはん#休日ごはん,https://www.youtube.com/watch?v=2TFSlFKwCmI,ok,needs_review,true,0.84,和食,1.00,ご飯,1.00,丼,1.00,肉,0.98,ややガッツリ,0.94,温かい,1.00,15〜30分,0.99,true,0.65,true,0.97,true,0.55,false,0.93,uses_knife_tag;uses_frying_pan,2582,"{""core"": {""dish_shape"": {""choice"": ""bowl"", ""confidence"": 1.0, ""probabilities"": {""bowl"": 1.0, ""bread"": 0.0, ""main"": 0.0, ""noodle"": 0.0, ""other"": 0.0, ""rice_other"": 0.0, ""stew"": 0.0}, ""type"": ""choice""}, ""genre"": {""choice"": ""washoku"", ""confidence"": 1.0, ""probabilities"": {""chuka"": 0.0, ""korean"": 0.0, ""other"": 0.0, ""washoku"": 1.0, ""yoshoku"": 0.0}, ""type"": ""choice""}, ""is_single_recipe"": {""noul"": 0.84, ""type"": ""noul""}, ""main_ingredient"": {""choice"": ""meat"", ""confidence"": 0.98, ""probabilities"": {""egg"": 0.0, ""fish"": 0.0, ""meat"": 0.98, ""other"": 0.02, ""soy"": 0.0, ""vegetable"": 0.0}, ""type"": ""choice""}, ""staple"": {""choice"": ""rice"", ""confidence"": 1.0, ""probabilities"": {""bread"": 0.0, ""noodle"": 0.0, ""other"": 0.0, ""rice"": 1.0}, ""type"": ""choice""}, ""taste_tag"": {""choice"": ""semi_rich"", ""confidence"": 0.94, ""probabilities"": {""light"": 0.0, ""rich"": 0.0, ""semi_light"": 0.04, ""semi_rich"": 0.96}, ""type"": ""choice""}}, ""workload"": {""temperature_tag"": {""choice"": ""warm"", ""confidence"": 1.0, ""probabilities"": {""cold"": 0.0, ""warm"": 1.0}, ""type"": ""choice""}, ""time_tag"": {""choice"": ""min_15_30"", ""confidence"": 0.99, ""probabilities"": {""min_15_30"": 1.0, ""over_30"": 0.0, ""within_15"": 0.0}, ""type"": ""choice""}, ""uses_frying_pan"": {""noul"": 0.55, ""type"": ""noul""}, ""uses_heat_tag"": {""noul"": 0.97, ""type"": ""noul""}, ""uses_knife_tag"": {""noul"": 0.65, ""type"": ""noul""}, ""uses_microwave"": {""noul"": 0.07, ""type"": ""noul""}}}",
6ne9gTiwrog,【元気の源】ポパイ丼,https://www.youtube.com/watch?v=6ne9gTiwrog,ok,needs_review,true,0.58,和食,0.96,ご飯,1.00,丼,1.00,野菜中心,0.49,ややあっさり,0.44,温かい,1.00,15分以内,0.98,true,0.55,true,0.94,false,0.69,false,0.93,is_single_recipe;main_ingredient;taste_tag;uses_knife_tag;uses_frying_pan,2752,"{""core"": {""dish_shape"": {""choice"": ""bowl"", ""confidence"": 1.0, ""probabilities"": {""bowl"": 1.0, ""bread"": 0.0, ""main"": 0.0, ""noodle"": 0.0, ""other"": 0.0, ""rice_other"": 0.0, ""stew"": 0.0}, ""type"": ""choice""}, ""genre"": {""choice"": ""washoku"", ""confidence"": 0.96, ""probabilities"": {""chuka"": 0.0, ""korean"": 0.0, ""other"": 0.01, ""washoku"": 0.97, ""yoshoku"": 0.02}, ""type"": ""choice""}, ""is_single_recipe"": {""noul"": 0.58, ""type"": ""noul""}, ""main_ingredient"": {""choice"": ""vegetable"", ""confidence"": 0.49, ""probabilities"": {""egg"": 0.0, ""fish"": 0.01, ""meat"": 0.0, ""other"": 0.41, ""soy"": 0.0, ""vegetable"": 0.58}, ""type"": ""choice""}, ""staple"": {""choice"": ""rice"", ""confidence"": 1.0, ""probabilities"": {""bread"": 0.0, ""noodle"": 0.0, ""other"": 0.0, ""rice"": 1.0}, ""type"": ""choice""}, ""taste_tag"": {""choice"": ""semi_light"", ""confidence"": 0.44, ""probabilities"": {""light"": 0.03, ""rich"": 0.01, ""semi_light"": 0.59, ""semi_rich"": 0.37}, ""type"": ""choice""}}, ""workload"": {""temperature_tag"": {""choice"": ""warm"", ""confidence"": 1.0, ""probabilities"": {""cold"": 0.0, ""warm"": 1.0}, ""type"": ""choice""}, ""time_tag"": {""choice"": ""within_15"", ""confidence"": 0.98, ""probabilities"": {""min_15_30"": 0.01, ""over_30"": 0.0, ""within_15"": 0.99}, ""type"": ""choice""}, ""uses_frying_pan"": {""noul"": 0.31, ""type"": ""noul""}, ""uses_heat_tag"": {""noul"": 0.94, ""type"": ""noul""}, ""uses_knife_tag"": {""noul"": 0.55, ""type"": ""noul""}, ""uses_microwave"": {""noul"": 0.07, ""type"": ""noul""}}}",
wVnfpnl_vlQ,【グランプリ受賞】 豚カルビ丼 ！ 揉んで焼くだけの超簡単レシピ 【 時短 簡単 節約 Mizuki 】,https://www.youtube.com/watch?v=wVnfpnl_vlQ,ok,needs_review,true,0.96,和食,0.94,ご飯,1.00,丼,1.00,肉,1.00,ガッツリ,0.56,温かい,1.00,15分以内,0.99,true,0.95,true,0.99,true,0.99,false,0.97,taste_tag,3384,"{""core"": {""dish_shape"": {""choice"": ""bowl"", ""confidence"": 1.0, ""probabilities"": {""bowl"": 1.0, ""bread"": 0.0, ""main"": 0.0, ""noodle"": 0.0, ""other"": 0.0, ""rice_other"": 0.0, ""stew"": 0.0}, ""type"": ""choice""}, ""genre"": {""choice"": ""washoku"", ""confidence"": 0.94, ""probabilities"": {""chuka"": 0.03, ""korean"": 0.02, ""other"": 0.0, ""washoku"": 0.95, ""yoshoku"": 0.0}, ""type"": ""choice""}, ""is_single_recipe"": {""noul"": 0.96, ""type"": ""noul""}, ""main_ingredient"": {""choice"": ""meat"", ""confidence"": 1.0, ""probabilities"": {""egg"": 0.0, ""fish"": 0.0, ""meat"": 1.0, ""other"": 0.0, ""soy"": 0.0, ""vegetable"": 0.0}, ""type"": ""choice""}, ""staple"": {""choice"": ""rice"", ""confidence"": 1.0, ""probabilities"": {""bread"": 0.0, ""noodle"": 0.0, ""other"": 0.0, ""rice"": 1.0}, ""type"": ""choice""}, ""taste_tag"": {""choice"": ""rich"", ""confidence"": 0.56, ""probabilities"": {""light"": 0.0, ""rich"": 0.67, ""semi_light"": 0.0, ""semi_rich"": 0.33}, ""type"": ""choice""}}, ""workload"": {""temperature_tag"": {""choice"": ""warm"", ""confidence"": 1.0, ""probabilities"": {""cold"": 0.0, ""warm"": 1.0}, ""type"": ""choice""}, ""time_tag"": {""choice"": ""within_15"", ""confidence"": 0.99, ""probabilities"": {""min_15_30"": 0.01, ""over_30"": 0.0, ""within_15"": 0.99}, ""type"": ""choice""}, ""uses_frying_pan"": {""noul"": 0.99, ""type"": ""noul""}, ""uses_heat_tag"": {""noul"": 0.99, ""type"": ""noul""}, ""uses_knife_tag"": {""noul"": 0.95, ""type"": ""noul""}, ""uses_microwave"": {""noul"": 0.03, ""type"": ""noul""}}}",
5WfyieYgurA,神コスパ！ちくわの蒲焼き丼,https://www.youtube.com/watch?v=5WfyieYgurA,ok,needs_review,true,0.95,和食,1.00,ご飯,1.00,丼,1.00,魚,0.60,ややガッツリ,0.88,温かい,1.00,15分以内,1.00,false,0.54,true,0.99,true,0.99,false,0.97,main_ingredient;uses_knife_tag,3524,"{""core"": {""dish_shape"": {""choice"": ""bowl"", ""confidence"": 1.0, ""probabilities"": {""bowl"": 1.0, ""bread"": 0.0, ""main"": 0.0, ""noodle"": 0.0, ""other"": 0.0, ""rice_other"": 0.0, ""stew"": 0.0}, ""type"": ""choice""}, ""genre"": {""choice"": ""washoku"", ""confidence"": 1.0, ""probabilities"": {""chuka"": 0.0, ""korean"": 0.0, ""other"": 0.0, ""washoku"": 1.0, ""yoshoku"": 0.0}, ""type"": ""choice""}, ""is_single_recipe"": {""noul"": 0.95, ""type"": ""noul""}, ""main_ingredient"": {""choice"": ""fish"", ""confidence"": 0.6, ""probabilities"": {""egg"": 0.0, ""fish"": 0.66, ""meat"": 0.0, ""other"": 0.28, ""soy"": 0.05, ""vegetable"": 0.0}, ""type"": ""choice""}, ""staple"": {""choice"": ""rice"", ""confidence"": 1.0, ""probabilities"": {""bread"": 0.0, ""noodle"": 0.0, ""other"": 0.0, ""rice"": 1.0}, ""type"": ""choice""}, ""taste_tag"": {""choice"": ""semi_rich"", ""confidence"": 0.88, ""probabilities"": {""light"": 0.0, ""rich"": 0.03, ""semi_light"": 0.06, ""semi_rich"": 0.91}, ""type"": ""choice""}}, ""workload"": {""temperature_tag"": {""choice"": ""warm"", ""confidence"": 1.0, ""probabilities"": {""cold"": 0.0, ""warm"": 1.0}, ""type"": ""choice""}, ""time_tag"": {""choice"": ""within_15"", ""confidence"": 1.0, ""probabilities"": {""min_15_30"": 0.0, ""over_30"": 0.0, ""within_15"": 1.0}, ""type"": ""choice""}, ""uses_frying_pan"": {""noul"": 0.99, ""type"": ""noul""}, ""uses_heat_tag"": {""noul"": 0.99, ""type"": ""noul""}, ""uses_knife_tag"": {""noul"": 0.46, ""type"": ""noul""}, ""uses_microwave"": {""noul"": 0.03, ""type"": ""noul""}}}",
0Xkk5fFp7fo,中華屋を超えるほど旨い飲める【極 中華丼】,https://www.youtube.com/watch?v=0Xkk5fFp7fo,ok,needs_review,true,0.91,中華,0.95,ご飯,1.00,丼,1.00,肉,0.78,ややガッツリ,0.71,温かい,1.00,15分以内,0.95,true,0.95,true,0.99,true,0.77,false,0.97,taste_tag,4852,"{""core"": {""dish_shape"": {""choice"": ""bowl"", ""confidence"": 1.0, ""probabilities"": {""bowl"": 1.0, ""bread"": 0.0, ""main"": 0.0, ""noodle"": 0.0, ""other"": 0.0, ""rice_other"": 0.0, ""stew"": 0.0}, ""type"": ""choice""}, ""genre"": {""choice"": ""chuka"", ""confidence"": 0.95, ""probabilities"": {""chuka"": 0.96, ""korean"": 0.0, ""other"": 0.0, ""washoku"": 0.04, ""yoshoku"": 0.0}, ""type"": ""choice""}, ""is_single_recipe"": {""noul"": 0.91, ""type"": ""noul""}, ""main_ingredient"": {""choice"": ""meat"", ""confidence"": 0.78, ""probabilities"": {""egg"": 0.0, ""fish"": 0.0, ""meat"": 0.82, ""other"": 0.15, ""soy"": 0.0, ""vegetable"": 0.03}, ""type"": ""choice""}, ""staple"": {""choice"": ""rice"", ""confidence"": 1.0, ""probabilities"": {""bread"": 0.0, ""noodle"": 0.0, ""other"": 0.0, ""rice"": 1.0}, ""type"": ""choice""}, ""taste_tag"": {""choice"": ""semi_rich"", ""confidence"": 0.71, ""probabilities"": {""light"": 0.0, ""rich"": 0.22, ""semi_light"": 0.0, ""semi_rich"": 0.78}, ""type"": ""choice""}}, ""workload"": {""temperature_tag"": {""choice"": ""warm"", ""confidence"": 1.0, ""probabilities"": {""cold"": 0.0, ""warm"": 1.0}, ""type"": ""choice""}, ""time_tag"": {""choice"": ""within_15"", ""confidence"": 0.95, ""probabilities"": {""min_15_30"": 0.03, ""over_30"": 0.0, ""within_15"": 0.97}, ""type"": ""choice""}, ""uses_frying_pan"": {""noul"": 0.77, ""type"": ""noul""}, ""uses_heat_tag"": {""noul"": 0.99, ""type"": ""noul""}, ""uses_knife_tag"": {""noul"": 0.95, ""type"": ""noul""}, ""uses_microwave"": {""noul"": 0.03, ""type"": ""noul""}}}",
D7nTbReUb_4,30kg痩せた男が食べている鶏そぼろ丼の作り方を紹介します！#shorts #short,https://www.youtube.com/watch?v=D7nTbReUb_4,ok,needs_review,true,0.69,和食,1.00,ご飯,1.00,丼,1.00,肉,1.00,ややガッツリ,0.49,温かい,1.00,15分以内,0.97,true,0.62,true,0.95,false,0.57,false,0.94,is_single_recipe;taste_tag;uses_knife_tag;uses_frying_pan,3120,"{""core"": {""dish_shape"": {""choice"": ""bowl"", ""confidence"": 1.0, ""probabilities"": {""bowl"": 1.0, ""bread"": 0.0, ""main"": 0.0, ""noodle"": 0.0, ""other"": 0.0, ""rice_other"": 0.0, ""stew"": 0.0}, ""type"": ""choice""}, ""genre"": {""choice"": ""washoku"", ""confidence"": 1.0, ""probabilities"": {""chuka"": 0.0, ""korean"": 0.0, ""other"": 0.0, ""washoku"": 1.0, ""yoshoku"": 0.0}, ""type"": ""choice""}, ""is_single_recipe"": {""noul"": 0.69, ""type"": ""noul""}, ""main_ingredient"": {""choice"": ""meat"", ""confidence"": 1.0, ""probabilities"": {""egg"": 0.0, ""fish"": 0.0, ""meat"": 1.0, ""other"": 0.0, ""soy"": 0.0, ""vegetable"": 0.0}, ""type"": ""choice""}, ""staple"": {""choice"": ""rice"", ""confidence"": 1.0, ""probabilities"": {""bread"": 0.0, ""noodle"": 0.0, ""other"": 0.0, ""rice"": 1.0}, ""type"": ""choice""}, ""taste_tag"": {""choice"": ""semi_rich"", ""confidence"": 0.49, ""probabilities"": {""light"": 0.01, ""rich"": 0.0, ""semi_light"": 0.37, ""semi_rich"": 0.62}, ""type"": ""choice""}}, ""workload"": {""temperature_tag"": {""choice"": ""warm"", ""confidence"": 1.0, ""probabilities"": {""cold"": 0.0, ""warm"": 1.0}, ""type"": ""choice""}, ""time_tag"": {""choice"": ""within_15"", ""confidence"": 0.97, ""probabilities"": {""min_15_30"": 0.02, ""over_30"": 0.0, ""within_15"": 0.98}, ""type"": ""choice""}, ""uses_frying_pan"": {""noul"": 0.43, ""type"": ""noul""}, ""uses_heat_tag"": {""noul"": 0.95, ""type"": ""noul""}, ""uses_knife_tag"": {""noul"": 0.62, ""type"": ""noul""}, ""uses_microwave"": {""noul"": 0.06, ""type"": ""noul""}}}",
vk2z391Jp38,オートクッカー ビストロでつくる親子丼（macaroni監修レシピ）【パナソニック公式】,https://www.youtube.com/watch?v=vk2z391Jp38,ok,needs_review,true,0.95,和食,1.00,ご飯,1.00,丼,1.00,肉,0.59,ややガッツリ,0.87,温かい,1.00,15分以内,0.80,true,0.96,true,0.97,false,0.78,false,0.96,main_ingredient,3780,"{""core"": {""dish_shape"": {""choice"": ""bowl"", ""confidence"": 1.0, ""probabilities"": {""bowl"": 1.0, ""bread"": 0.0, ""main"": 0.0, ""noodle"": 0.0, ""other"": 0.0, ""rice_other"": 0.0, ""stew"": 0.0}, ""type"": ""choice""}, ""genre"": {""choice"": ""washoku"", ""confidence"": 1.0, ""probabilities"": {""chuka"": 0.0, ""korean"": 0.0, ""other"": 0.0, ""washoku"": 1.0, ""yoshoku"": 0.0}, ""type"": ""choice""}, ""is_single_recipe"": {""noul"": 0.95, ""type"": ""noul""}, ""main_ingredient"": {""choice"": ""meat"", ""confidence"": 0.59, ""probabilities"": {""egg"": 0.33, ""fish"": 0.0, ""meat"": 0.66, ""other"": 0.01, ""soy"": 0.0, ""vegetable"": 0.0}, ""type"": ""choice""}, ""staple"": {""choice"": ""rice"", ""confidence"": 1.0, ""probabilities"": {""bread"": 0.0, ""noodle"": 0.0, ""other"": 0.0, ""rice"": 1.0}, ""type"": ""choice""}, ""taste_tag"": {""choice"": ""semi_rich"", ""confidence"": 0.87, ""probabilities"": {""light"": 0.0, ""rich"": 0.0, ""semi_light"": 0.1, ""semi_rich"": 0.9}, ""type"": ""choice""}}, ""workload"": {""temperature_tag"": {""choice"": ""warm"", ""confidence"": 1.0, ""probabilities"": {""cold"": 0.0, ""warm"": 1.0}, ""type"": ""choice""}, ""time_tag"": {""choice"": ""within_15"", ""confidence"": 0.8, ""probabilities"": {""min_15_30"": 0.12, ""over_30"": 0.02, ""within_15"": 0.86}, ""type"": ""choice""}, ""uses_frying_pan"": {""noul"": 0.22, ""type"": ""noul""}, ""uses_heat_tag"": {""noul"": 0.97, ""type"": ""noul""}, ""uses_knife_tag"": {""noul"": 0.96, ""type"": ""noul""}, ""uses_microwave"": {""noul"": 0.04, ""type"": ""noul""}}}",
R4cpZDMVTJU,8分で悶絶級に旨い肉あんかけ丼が作れます,https://www.youtube.com/watch?v=R4cpZDMVTJU,ok,ai_tagged,true,0.92,和食,0.83,ご飯,1.00,丼,1.00,肉,1.00,ややガッツリ,0.87,温かい,1.00,15分以内,1.00,true,0.77,true,0.98,true,0.75,false,0.97,,5176,"{""core"": {""dish_shape"": {""choice"": ""bowl"", ""confidence"": 1.0, ""probabilities"": {""bowl"": 1.0, ""bread"": 0.0, ""main"": 0.0, ""noodle"": 0.0, ""other"": 0.0, ""rice_other"": 0.0, ""stew"": 0.0}, ""type"": ""choice""}, ""genre"": {""choice"": ""washoku"", ""confidence"": 0.83, ""probabilities"": {""chuka"": 0.12, ""korean"": 0.0, ""other"": 0.0, ""washoku"": 0.88, ""yoshoku"": 0.0}, ""type"": ""choice""}, ""is_single_recipe"": {""noul"": 0.92, ""type"": ""noul""}, ""main_ingredient"": {""choice"": ""meat"", ""confidence"": 1.0, ""probabilities"": {""egg"": 0.0, ""fish"": 0.0, ""meat"": 1.0, ""other"": 0.0, ""soy"": 0.0, ""vegetable"": 0.0}, ""type"": ""choice""}, ""staple"": {""choice"": ""rice"", ""confidence"": 1.0, ""probabilities"": {""bread"": 0.0, ""noodle"": 0.0, ""other"": 0.0, ""rice"": 1.0}, ""type"": ""choice""}, ""taste_tag"": {""choice"": ""semi_rich"", ""confidence"": 0.87, ""probabilities"": {""light"": 0.0, ""rich"": 0.09, ""semi_light"": 0.0, ""semi_rich"": 0.91}, ""type"": ""choice""}}, ""workload"": {""temperature_tag"": {""choice"": ""warm"", ""confidence"": 1.0, ""probabilities"": {""cold"": 0.0, ""warm"": 1.0}, ""type"": ""choice""}, ""time_tag"": {""choice"": ""within_15"", ""confidence"": 1.0, ""probabilities"": {""min_15_30"": 0.0, ""over_30"": 0.0, ""within_15"": 1.0}, ""type"": ""choice""}, ""uses_frying_pan"": {""noul"": 0.75, ""type"": ""noul""}, ""uses_heat_tag"": {""noul"": 0.98, ""type"": ""noul""}, ""uses_knife_tag"": {""noul"": 0.77, ""type"": ""noul""}, ""uses_microwave"": {""noul"": 0.03, ""type"": ""noul""}}}",
XqAOHR-yVEo,30kg痩せた男が食べているササミ丼の作り方！#shorts #short,https://www.youtube.com/watch?v=XqAOHR-yVEo,ok,needs_review,true,0.67,和食,1.00,ご飯,1.00,丼,1.00,肉,0.99,ややあっさり,0.86,温かい,1.00,15分以内,0.99,true,0.61,true,0.91,false,0.73,false,0.93,is_single_recipe;uses_knife_tag;uses_frying_pan,3160,"{""core"": {""dish_shape"": {""choice"": ""bowl"", ""confidence"": 1.0, ""probabilities"": {""bowl"": 1.0, ""bread"": 0.0, ""main"": 0.0, ""noodle"": 0.0, ""other"": 0.0, ""rice_other"": 0.0, ""stew"": 0.0}, ""type"": ""choice""}, ""genre"": {""choice"": ""washoku"", ""confidence"": 1.0, ""probabilities"": {""chuka"": 0.0, ""korean"": 0.0, ""other"": 0.0, ""washoku"": 1.0, ""yoshoku"": 0.0}, ""type"": ""choice""}, ""is_single_recipe"": {""noul"": 0.67, ""type"": ""noul""}, ""main_ingredient"": {""choice"": ""meat"", ""confidence"": 0.99, ""probabilities"": {""egg"": 0.0, ""fish"": 0.0, ""meat"": 0.99, ""other"": 0.01, ""soy"": 0.0, ""vegetable"": 0.0}, ""type"": ""choice""}, ""staple"": {""choice"": ""rice"", ""confidence"": 1.0, ""probabilities"": {""bread"": 0.0, ""noodle"": 0.0, ""other"": 0.0, ""rice"": 1.0}, ""type"": ""choice""}, ""taste_tag"": {""choice"": ""semi_light"", ""confidence"": 0.86, ""probabilities"": {""light"": 0.08, ""rich"": 0.0, ""semi_light"": 0.89, ""semi_rich"": 0.03}, ""type"": ""choice""}}, ""workload"": {""temperature_tag"": {""choice"": ""warm"", ""confidence"": 1.0, ""probabilities"": {""cold"": 0.0, ""warm"": 1.0}, ""type"": ""choice""}, ""time_tag"": {""choice"": ""within_15"", ""confidence"": 0.99, ""probabilities"": {""min_15_30"": 0.01, ""over_30"": 0.0, ""within_15"": 0.99}, ""type"": ""choice""}, ""uses_frying_pan"": {""noul"": 0.27, ""type"": ""noul""}, ""uses_heat_tag"": {""noul"": 0.91, ""type"": ""noul""}, ""uses_knife_tag"": {""noul"": 0.61, ""type"": ""noul""}, ""uses_microwave"": {""noul"": 0.07, ""type"": ""noul""}}}",
ka6_Z62d0Q8,料理研究家が本気で吉野家を再現したらどれくらい美味しくなるのかお見せします #shorts #リュウジ #吉野家 #牛丼 #レシピ #再現レシピ #料理 #バズレシピ,https://www.youtube.com/watch?v=ka6_Z62d0Q8,ok,needs_review,true,0.92,和食,1.00,ご飯,1.00,丼,1.00,肉,1.00,ややガッツリ,0.84,温かい,1.00,15〜30分,0.89,true,0.74,true,0.99,true,0.56,false,0.90,uses_knife_tag;uses_frying_pan,5212,"{""core"": {""dish_shape"": {""choice"": ""bowl"", ""confidence"": 1.0, ""probabilities"": {""bowl"": 1.0, ""bread"": 0.0, ""main"": 0.0, ""noodle"": 0.0, ""other"": 0.0, ""rice_other"": 0.0, ""stew"": 0.0}, ""type"": ""choice""}, ""genre"": {""choice"": ""washoku"", ""confidence"": 1.0, ""probabilities"": {""chuka"": 0.0, ""korean"": 0.0, ""other"": 0.0, ""washoku"": 1.0, ""yoshoku"": 0.0}, ""type"": ""choice""}, ""is_single_recipe"": {""noul"": 0.92, ""type"": ""noul""}, ""main_ingredient"": {""choice"": ""meat"", ""confidence"": 1.0, ""probabilities"": {""egg"": 0.0, ""fish"": 0.0, ""meat"": 1.0, ""other"": 0.0, ""soy"": 0.0, ""vegetable"": 0.0}, ""type"": ""choice""}, ""staple"": {""choice"": ""rice"", ""confidence"": 1.0, ""probabilities"": {""bread"": 0.0, ""noodle"": 0.0, ""other"": 0.0, ""rice"": 1.0}, ""type"": ""choice""}, ""taste_tag"": {""choice"": ""semi_rich"", ""confidence"": 0.84, ""probabilities"": {""light"": 0.0, ""rich"": 0.11, ""semi_light"": 0.01, ""semi_rich"": 0.88}, ""type"": ""choice""}}, ""workload"": {""temperature_tag"": {""choice"": ""warm"", ""confidence"": 1.0, ""probabilities"": {""cold"": 0.0, ""warm"": 1.0}, ""type"": ""choice""}, ""time_tag"": {""choice"": ""min_15_30"", ""confidence"": 0.89, ""probabilities"": {""min_15_30"": 0.93, ""over_30"": 0.0, ""within_15"": 0.07}, ""type"": ""choice""}, ""uses_frying_pan"": {""noul"": 0.56, ""type"": ""noul""}, ""uses_heat_tag"": {""noul"": 0.99, ""type"": ""noul""}, ""uses_knife_tag"": {""noul"": 0.74, ""type"": ""noul""}, ""uses_microwave"": {""noul"": 0.1, ""type"": ""noul""}}}",
6jpxkZBJsUY,スタミナ丼レベル100の作り方 #shorts,https://www.youtube.com/watch?v=6jpxkZBJsUY,ok,needs_review,true,0.69,和食,0.99,ご飯,1.00,丼,1.00,その他,0.94,ややガッツリ,0.66,温かい,1.00,15分以内,0.99,false,0.55,true,0.91,false,0.78,false,0.93,is_single_recipe;taste_tag;uses_knife_tag,2516,"{""core"": {""dish_shape"": {""choice"": ""bowl"", ""confidence"": 1.0, ""probabilities"": {""bowl"": 1.0, ""bread"": 0.0, ""main"": 0.0, ""noodle"": 0.0, ""other"": 0.0, ""rice_other"": 0.0, ""stew"": 0.0}, ""type"": ""choice""}, ""genre"": {""choice"": ""washoku"", ""confidence"": 0.99, ""probabilities"": {""chuka"": 0.0, ""korean"": 0.0, ""other"": 0.01, ""washoku"": 0.99, ""yoshoku"": 0.0}, ""type"": ""choice""}, ""is_single_recipe"": {""noul"": 0.69, ""type"": ""noul""}, ""main_ingredient"": {""choice"": ""other"", ""confidence"": 0.94, ""probabilities"": {""egg"": 0.01, ""fish"": 0.01, ""meat"": 0.02, ""other"": 0.96, ""soy"": 0.0, ""vegetable"": 0.0}, ""type"": ""choice""}, ""staple"": {""choice"": ""rice"", ""confidence"": 1.0, ""probabilities"": {""bread"": 0.0, ""noodle"": 0.0, ""other"": 0.0, ""rice"": 1.0}, ""type"": ""choice""}, ""taste_tag"": {""choice"": ""semi_rich"", ""confidence"": 0.66, ""probabilities"": {""light"": 0.02, ""rich"": 0.16, ""semi_light"": 0.08, ""semi_rich"": 0.74}, ""type"": ""choice""}}, ""workload"": {""temperature_tag"": {""choice"": ""warm"", ""confidence"": 1.0, ""probabilities"": {""cold"": 0.0, ""warm"": 1.0}, ""type"": ""choice""}, ""time_tag"": {""choice"": ""within_15"", ""confidence"": 0.99, ""probabilities"": {""min_15_30"": 0.0, ""over_30"": 0.0, ""within_15"": 1.0}, ""type"": ""choice""}, ""uses_frying_pan"": {""noul"": 0.22, ""type"": ""noul""}, ""uses_heat_tag"": {""noul"": 0.91, ""type"": ""noul""}, ""uses_knife_tag"": {""noul"": 0.45, ""type"": ""noul""}, ""uses_microwave"": {""noul"": 0.07, ""type"": ""noul""}}}",
t4s73t6ZczU,【痩せる親子丼】の作り方！#shorts,https://www.youtube.com/watch?v=t4s73t6ZczU,ok,needs_review,true,0.71,和食,1.00,ご飯,1.00,丼,1.00,卵,0.54,ややガッツリ,0.52,温かい,1.00,15分以内,0.99,true,0.54,true,0.94,false,0.69,false,0.92,is_single_recipe;main_ingredient;taste_tag;uses_knife_tag;uses_frying_pan,2514,"{""core"": {""dish_shape"": {""choice"": ""bowl"", ""confidence"": 1.0, ""probabilities"": {""bowl"": 1.0, ""bread"": 0.0, ""main"": 0.0, ""noodle"": 0.0, ""other"": 0.0, ""rice_other"": 0.0, ""stew"": 0.0}, ""type"": ""choice""}, ""genre"": {""choice"": ""washoku"", ""confidence"": 1.0, ""probabilities"": {""chuka"": 0.0, ""korean"": 0.0, ""other"": 0.0, ""washoku"": 1.0, ""yoshoku"": 0.0}, ""type"": ""choice""}, ""is_single_recipe"": {""noul"": 0.71, ""type"": ""noul""}, ""main_ingredient"": {""choice"": ""egg"", ""confidence"": 0.54, ""probabilities"": {""egg"": 0.62, ""fish"": 0.0, ""meat"": 0.25, ""other"": 0.13, ""soy"": 0.0, ""vegetable"": 0.0}, ""type"": ""choice""}, ""staple"": {""choice"": ""rice"", ""confidence"": 1.0, ""probabilities"": {""bread"": 0.0, ""noodle"": 0.0, ""other"": 0.0, ""rice"": 1.0}, ""type"": ""choice""}, ""taste_tag"": {""choice"": ""semi_rich"", ""confidence"": 0.52, ""probabilities"": {""light"": 0.02, ""rich"": 0.0, ""semi_light"": 0.34, ""semi_rich"": 0.64}, ""type"": ""choice""}}, ""workload"": {""temperature_tag"": {""choice"": ""warm"", ""confidence"": 1.0, ""probabilities"": {""cold"": 0.0, ""warm"": 1.0}, ""type"": ""choice""}, ""time_tag"": {""choice"": ""within_15"", ""confidence"": 0.99, ""probabilities"": {""min_15_30"": 0.0, ""over_30"": 0.0, ""within_15"": 1.0}, ""type"": ""choice""}, ""uses_frying_pan"": {""noul"": 0.31, ""type"": ""noul""}, ""uses_heat_tag"": {""noul"": 0.94, ""type"": ""noul""}, ""uses_knife_tag"": {""noul"": 0.54, ""type"": ""noul""}, ""uses_microwave"": {""noul"": 0.08, ""type"": ""noul""}}}",
7mG-COx3b74,30kg痩せた男が食べているわさび鶏胸丼の作り方！#s#short,https://www.youtube.com/watch?v=7mG-COx3b74,ok,needs_review,true,0.68,和食,1.00,ご飯,1.00,丼,1.00,肉,0.99,ややあっさり,0.72,温かい,1.00,15分以内,0.98,true,0.61,true,0.93,false,0.63,false,0.94,is_single_recipe;taste_tag;uses_knife_tag;uses_frying_pan,3180,"{""core"": {""dish_shape"": {""choice"": ""bowl"", ""confidence"": 1.0, ""probabilities"": {""bowl"": 1.0, ""bread"": 0.0, ""main"": 0.0, ""noodle"": 0.0, ""other"": 0.0, ""rice_other"": 0.0, ""stew"": 0.0}, ""type"": ""choice""}, ""genre"": {""choice"": ""washoku"", ""confidence"": 1.0, ""probabilities"": {""chuka"": 0.0, ""korean"": 0.0, ""other"": 0.0, ""washoku"": 1.0, ""yoshoku"": 0.0}, ""type"": ""choice""}, ""is_single_recipe"": {""noul"": 0.68, ""type"": ""noul""}, ""main_ingredient"": {""choice"": ""meat"", ""confidence"": 0.99, ""probabilities"": {""egg"": 0.0, ""fish"": 0.0, ""meat"": 1.0, ""other"": 0.0, ""soy"": 0.0, ""vegetable"": 0.0}, ""type"": ""choice""}, ""staple"": {""choice"": ""rice"", ""confidence"": 1.0, ""probabilities"": {""bread"": 0.0, ""noodle"": 0.0, ""other"": 0.0, ""rice"": 1.0}, ""type"": ""choice""}, ""taste_tag"": {""choice"": ""semi_light"", ""confidence"": 0.72, ""probabilities"": {""light"": 0.02, ""rich"": 0.0, ""semi_light"": 0.79, ""semi_rich"": 0.19}, ""type"": ""choice""}}, ""workload"": {""temperature_tag"": {""choice"": ""warm"", ""confidence"": 1.0, ""probabilities"": {""cold"": 0.0, ""warm"": 1.0}, ""type"": ""choice""}, ""time_tag"": {""choice"": ""within_15"", ""confidence"": 0.98, ""probabilities"": {""min_15_30"": 0.01, ""over_30"": 0.0, ""within_15"": 0.99}, ""type"": ""choice""}, ""uses_frying_pan"": {""noul"": 0.37, ""type"": ""noul""}, ""uses_heat_tag"": {""noul"": 0.93, ""type"": ""noul""}, ""uses_knife_tag"": {""noul"": 0.61, ""type"": ""noul""}, ""uses_microwave"": {""noul"": 0.06, ""type"": ""noul""}}}",
BJC0BNYcKVA,10分でできる！極上豚丼の作り方,https://www.youtube.com/watch?v=BJC0BNYcKVA,ok,needs_review,true,0.93,和食,1.00,ご飯,1.00,丼,1.00,肉,1.00,ややガッツリ,0.91,温かい,1.00,15分以内,1.00,true,0.70,true,0.97,true,0.61,false,0.96,uses_knife_tag;uses_frying_pan,3020,"{""core"": {""dish_shape"": {""choice"": ""bowl"", ""confidence"": 1.0, ""probabilities"": {""bowl"": 1.0, ""bread"": 0.0, ""main"": 0.0, ""noodle"": 0.0, ""other"": 0.0, ""rice_other"": 0.0, ""stew"": 0.0}, ""type"": ""choice""}, ""genre"": {""choice"": ""washoku"", ""confidence"": 1.0, ""probabilities"": {""chuka"": 0.0, ""korean"": 0.0, ""other"": 0.0, ""washoku"": 1.0, ""yoshoku"": 0.0}, ""type"": ""choice""}, ""is_single_recipe"": {""noul"": 0.93, ""type"": ""noul""}, ""main_ingredient"": {""choice"": ""meat"", ""confidence"": 1.0, ""probabilities"": {""egg"": 0.0, ""fish"": 0.0, ""meat"": 1.0, ""other"": 0.0, ""soy"": 0.0, ""vegetable"": 0.0}, ""type"": ""choice""}, ""staple"": {""choice"": ""rice"", ""confidence"": 1.0, ""probabilities"": {""bread"": 0.0, ""noodle"": 0.0, ""other"": 0.0, ""rice"": 1.0}, ""type"": ""choice""}, ""taste_tag"": {""choice"": ""semi_rich"", ""confidence"": 0.91, ""probabilities"": {""light"": 0.0, ""rich"": 0.01, ""semi_light"": 0.06, ""semi_rich"": 0.93}, ""type"": ""choice""}}, ""workload"": {""temperature_tag"": {""choice"": ""warm"", ""confidence"": 1.0, ""probabilities"": {""cold"": 0.0, ""warm"": 1.0}, ""type"": ""choice""}, ""time_tag"": {""choice"": ""within_15"", ""confidence"": 1.0, ""probabilities"": {""min_15_30"": 0.0, ""over_30"": 0.0, ""within_15"": 1.0}, ""type"": ""choice""}, ""uses_frying_pan"": {""noul"": 0.61, ""type"": ""noul""}, ""uses_heat_tag"": {""noul"": 0.97, ""type"": ""noul""}, ""uses_knife_tag"": {""noul"": 0.7, ""type"": ""noul""}, ""uses_microwave"": {""noul"": 0.04, ""type"": ""noul""}}}",
NBymf4ZDUl4,【この動画を見れば失敗しなくなる！？】安定カルボナーラ #パスタ #料理 #元カレ #cooking #クッキング #マッチョ,https://www.youtube.com/watch?v=NBymf4ZDUl4,ok,needs_review,true,0.83,洋食,1.00,麺,1.00,麺料理,1.00,その他,0.72,ガッツリ,0.93,温かい,1.00,15〜30分,0.97,true,0.62,true,0.98,true,0.96,false,0.95,main_ingredient;uses_knife_tag,4104,"{""core"": {""dish_shape"": {""choice"": ""noodle"", ""confidence"": 1.0, ""probabilities"": {""bowl"": 0.0, ""bread"": 0.0, ""main"": 0.0, ""noodle"": 1.0, ""other"": 0.0, ""rice_other"": 0.0, ""stew"": 0.0}, ""type"": ""choice""}, ""genre"": {""choice"": ""yoshoku"", ""confidence"": 1.0, ""probabilities"": {""chuka"": 0.0, ""korean"": 0.0, ""other"": 0.0, ""washoku"": 0.0, ""yoshoku"": 1.0}, ""type"": ""choice""}, ""is_single_recipe"": {""noul"": 0.83, ""type"": ""noul""}, ""main_ingredient"": {""choice"": ""other"", ""confidence"": 0.72, ""probabilities"": {""egg"": 0.15, ""fish"": 0.0, ""meat"": 0.08, ""other"": 0.77, ""soy"": 0.0, ""vegetable"": 0.0}, ""type"": ""choice""}, ""staple"": {""choice"": ""noodle"", ""confidence"": 1.0, ""probabilities"": {""bread"": 0.0, ""noodle"": 1.0, ""other"": 0.0, ""rice"": 0.0}, ""type"": ""choice""}, ""taste_tag"": {""choice"": ""rich"", ""confidence"": 0.93, ""probabilities"": {""light"": 0.0, ""rich"": 0.94, ""semi_light"": 0.0, ""semi_rich"": 0.06}, ""type"": ""choice""}}, ""workload"": {""temperature_tag"": {""choice"": ""warm"", ""confidence"": 1.0, ""probabilities"": {""cold"": 0.0, ""warm"": 1.0}, ""type"": ""choice""}, ""time_tag"": {""choice"": ""min_15_30"", ""confidence"": 0.97, ""probabilities"": {""min_15_30"": 0.98, ""over_30"": 0.0, ""within_15"": 0.02}, ""type"": ""choice""}, ""uses_frying_pan"": {""noul"": 0.96, ""type"": ""noul""}, ""uses_heat_tag"": {""noul"": 0.98, ""type"": ""noul""}, ""uses_knife_tag"": {""noul"": 0.62, ""type"": ""noul""}, ""uses_microwave"": {""noul"": 0.05, ""type"": ""noul""}}}",
54aftv3LBCA,【ペペロンチーノ】プロが教える、フライパン１つで出来る絶品パスタ,https://www.youtube.com/watch?v=54aftv3LBCA,ok,ai_tagged,true,0.96,洋食,1.00,麺,1.00,麺料理,1.00,その他,0.86,ややガッツリ,0.93,温かい,1.00,15〜30分,0.80,true,0.97,true,0.99,true,0.99,false,0.98,,3838,"{""core"": {""dish_shape"": {""choice"": ""noodle"", ""confidence"": 1.0, ""probabilities"": {""bowl"": 0.0, ""bread"": 0.0, ""main"": 0.0, ""noodle"": 1.0, ""other"": 0.0, ""rice_other"": 0.0, ""stew"": 0.0}, ""type"": ""choice""}, ""genre"": {""choice"": ""yoshoku"", ""confidence"": 1.0, ""probabilities"": {""chuka"": 0.0, ""korean"": 0.0, ""other"": 0.0, ""washoku"": 0.0, ""yoshoku"": 1.0}, ""type"": ""choice""}, ""is_single_recipe"": {""noul"": 0.96, ""type"": ""noul""}, ""main_ingredient"": {""choice"": ""other"", ""confidence"": 0.86, ""probabilities"": {""egg"": 0.0, ""fish"": 0.0, ""meat"": 0.0, ""other"": 0.89, ""soy"": 0.0, ""vegetable"": 0.11}, ""type"": ""choice""}, ""staple"": {""choice"": ""noodle"", ""confidence"": 1.0, ""probabilities"": {""bread"": 0.0, ""noodle"": 1.0, ""other"": 0.0, ""rice"": 0.0}, ""type"": ""choice""}, ""taste_tag"": {""choice"": ""semi_rich"", ""confidence"": 0.93, ""probabilities"": {""light"": 0.0, ""rich"": 0.0, ""semi_light"": 0.04, ""semi_rich"": 0.96}, ""type"": ""choice""}}, ""workload"": {""temperature_tag"": {""choice"": ""warm"", ""confidence"": 1.0, ""probabilities"": {""cold"": 0.0, ""warm"": 1.0}, ""type"": ""choice""}, ""time_tag"": {""choice"": ""min_15_30"", ""confidence"": 0.8, ""probabilities"": {""min_15_30"": 0.87, ""over_30"": 0.0, ""within_15"": 0.13}, ""type"": ""choice""}, ""uses_frying_pan"": {""noul"": 0.99, ""type"": ""noul""}, ""uses_heat_tag"": {""noul"": 0.99, ""type"": ""noul""}, ""uses_knife_tag"": {""noul"": 0.97, ""type"": ""noul""}, ""uses_microwave"": {""noul"": 0.02, ""type"": ""noul""}}}",
lWJ9ml_tgYs,【ワンパンパスタ】ウインナーで簡単！マヨ醤油ときざみ海苔の絶品パスタ,https://www.youtube.com/watch?v=lWJ9ml_tgYs,ok,needs_review,true,0.96,洋食,0.96,麺,1.00,麺料理,1.00,肉,0.88,ガッツリ,0.69,温かい,1.00,15〜30分,0.85,true,0.59,true,0.99,true,0.99,false,0.97,taste_tag;uses_knife_tag,3370,"{""core"": {""dish_shape"": {""choice"": ""noodle"", ""confidence"": 1.0, ""probabilities"": {""bowl"": 0.0, ""bread"": 0.0, ""main"": 0.0, ""noodle"": 1.0, ""other"": 0.0, ""rice_other"": 0.0, ""stew"": 0.0}, ""type"": ""choice""}, ""genre"": {""choice"": ""yoshoku"", ""confidence"": 0.96, ""probabilities"": {""chuka"": 0.0, ""korean"": 0.0, ""other"": 0.0, ""washoku"": 0.03, ""yoshoku"": 0.97}, ""type"": ""choice""}, ""is_single_recipe"": {""noul"": 0.96, ""type"": ""noul""}, ""main_ingredient"": {""choice"": ""meat"", ""confidence"": 0.88, ""probabilities"": {""egg"": 0.0, ""fish"": 0.0, ""meat"": 0.9, ""other"": 0.1, ""soy"": 0.0, ""vegetable"": 0.0}, ""type"": ""choice""}, ""staple"": {""choice"": ""noodle"", ""confidence"": 1.0, ""probabilities"": {""bread"": 0.0, ""noodle"": 1.0, ""other"": 0.0, ""rice"": 0.0}, ""type"": ""choice""}, ""taste_tag"": {""choice"": ""rich"", ""confidence"": 0.69, ""probabilities"": {""light"": 0.0, ""rich"": 0.77, ""semi_light"": 0.0, ""semi_rich"": 0.23}, ""type"": ""choice""}}, ""workload"": {""temperature_tag"": {""choice"": ""warm"", ""confidence"": 1.0, ""probabilities"": {""cold"": 0.0, ""warm"": 1.0}, ""type"": ""choice""}, ""time_tag"": {""choice"": ""min_15_30"", ""confidence"": 0.85, ""probabilities"": {""min_15_30"": 0.9, ""over_30"": 0.0, ""within_15"": 0.1}, ""type"": ""choice""}, ""uses_frying_pan"": {""noul"": 0.99, ""type"": ""noul""}, ""uses_heat_tag"": {""noul"": 0.99, ""type"": ""noul""}, ""uses_knife_tag"": {""noul"": 0.59, ""type"": ""noul""}, ""uses_microwave"": {""noul"": 0.03, ""type"": ""noul""}}}",
FzCP4DS12zk,福岡の味！ぺぺたまが美味すぎて食卓大歓喜！#パスタ #時短レシピ #ぺぺたま #簡単料理,https://www.youtube.com/watch?v=FzCP4DS12zk,ok,needs_review,true,0.73,洋食,0.99,麺,1.00,麺料理,1.00,その他,0.58,ややガッツリ,0.95,温かい,1.00,15〜30分,0.98,false,0.60,true,0.94,false,0.61,false,0.93,is_single_recipe;main_ingredient;uses_knife_tag;uses_frying_pan,2568,"{""core"": {""dish_shape"": {""choice"": ""noodle"", ""confidence"": 1.0, ""probabilities"": {""bowl"": 0.0, ""bread"": 0.0, ""main"": 0.0, ""noodle"": 1.0, ""other"": 0.0, ""rice_other"": 0.0, ""stew"": 0.0}, ""type"": ""choice""}, ""genre"": {""choice"": ""yoshoku"", ""confidence"": 0.99, ""probabilities"": {""chuka"": 0.0, ""korean"": 0.0, ""other"": 0.0, ""washoku"": 0.0, ""yoshoku"": 1.0}, ""type"": ""choice""}, ""is_single_recipe"": {""noul"": 0.73, ""type"": ""noul""}, ""main_ingredient"": {""choice"": ""other"", ""confidence"": 0.58, ""probabilities"": {""egg"": 0.32, ""fish"": 0.02, ""meat"": 0.0, ""other"": 0.66, ""soy"": 0.0, ""vegetable"": 0.0}, ""type"": ""choice""}, ""staple"": {""choice"": ""noodle"", ""confidence"": 1.0, ""probabilities"": {""bread"": 0.0, ""noodle"": 1.0, ""other"": 0.0, ""rice"": 0.0}, ""type"": ""choice""}, ""taste_tag"": {""choice"": ""semi_rich"", ""confidence"": 0.95, ""probabilities"": {""light"": 0.0, ""rich"": 0.03, ""semi_light"": 0.01, ""semi_rich"": 0.96}, ""type"": ""choice""}}, ""workload"": {""temperature_tag"": {""choice"": ""warm"", ""confidence"": 1.0, ""probabilities"": {""cold"": 0.0, ""warm"": 1.0}, ""type"": ""choice""}, ""time_tag"": {""choice"": ""min_15_30"", ""confidence"": 0.98, ""probabilities"": {""min_15_30"": 0.99, ""over_30"": 0.0, ""within_15"": 0.01}, ""type"": ""choice""}, ""uses_frying_pan"": {""noul"": 0.39, ""type"": ""noul""}, ""uses_heat_tag"": {""noul"": 0.94, ""type"": ""noul""}, ""uses_knife_tag"": {""noul"": 0.4, ""type"": ""noul""}, ""uses_microwave"": {""noul"": 0.07, ""type"": ""noul""}}}",
nE5otX0rIC8,3分で作るパスタは最高に美味しかったです！,https://www.youtube.com/watch?v=nE5otX0rIC8,ok,needs_review,true,0.68,洋食,1.00,麺,1.00,麺料理,1.00,その他,1.00,ややガッツリ,0.99,温かい,1.00,15分以内,1.00,false,0.66,true,0.95,false,0.63,false,0.94,is_single_recipe;uses_knife_tag;uses_frying_pan,3256,"{""core"": {""dish_shape"": {""choice"": ""noodle"", ""confidence"": 1.0, ""probabilities"": {""bowl"": 0.0, ""bread"": 0.0, ""main"": 0.0, ""noodle"": 1.0, ""other"": 0.0, ""rice_other"": 0.0, ""stew"": 0.0}, ""type"": ""choice""}, ""genre"": {""choice"": ""yoshoku"", ""confidence"": 1.0, ""probabilities"": {""chuka"": 0.0, ""korean"": 0.0, ""other"": 0.0, ""washoku"": 0.0, ""yoshoku"": 1.0}, ""type"": ""choice""}, ""is_single_recipe"": {""noul"": 0.68, ""type"": ""noul""}, ""main_ingredient"": {""choice"": ""other"", ""confidence"": 1.0, ""probabilities"": {""egg"": 0.0, ""fish"": 0.0, ""meat"": 0.0, ""other"": 1.0, ""soy"": 0.0, ""vegetable"": 0.0}, ""type"": ""choice""}, ""staple"": {""choice"": ""noodle"", ""confidence"": 1.0, ""probabilities"": {""bread"": 0.0, ""noodle"": 1.0, ""other"": 0.0, ""rice"": 0.0}, ""type"": ""choice""}, ""taste_tag"": {""choice"": ""semi_rich"", ""confidence"": 0.99, ""probabilities"": {""light"": 0.0, ""rich"": 0.0, ""semi_light"": 0.0, ""semi_rich"": 1.0}, ""type"": ""choice""}}, ""workload"": {""temperature_tag"": {""choice"": ""warm"", ""confidence"": 1.0, ""probabilities"": {""cold"": 0.0, ""warm"": 1.0}, ""type"": ""choice""}, ""time_tag"": {""choice"": ""within_15"", ""confidence"": 1.0, ""probabilities"": {""min_15_30"": 0.0, ""over_30"": 0.0, ""within_15"": 1.0}, ""type"": ""choice""}, ""uses_frying_pan"": {""noul"": 0.37, ""type"": ""noul""}, ""uses_heat_tag"": {""noul"": 0.95, ""type"": ""noul""}, ""uses_knife_tag"": {""noul"": 0.34, ""type"": ""noul""}, ""uses_microwave"": {""noul"": 0.06, ""type"": ""noul""}}}",
z2L6jKoosZI,【絶賛の嵐】プロが8年かかって完成したナポリタン #ナポリタン #パスタ #ガンガンの料理塾,https://www.youtube.com/watch?v=z2L6jKoosZI,ok,needs_review,true,0.74,洋食,1.00,麺,1.00,麺料理,1.00,その他,0.95,ややガッツリ,0.83,温かい,1.00,15〜30分,0.92,true,0.54,true,0.96,true,0.74,false,0.94,is_single_recipe;uses_knife_tag;uses_frying_pan,2584,"{""core"": {""dish_shape"": {""choice"": ""noodle"", ""confidence"": 1.0, ""probabilities"": {""bowl"": 0.0, ""bread"": 0.0, ""main"": 0.0, ""noodle"": 1.0, ""other"": 0.0, ""rice_other"": 0.0, ""stew"": 0.0}, ""type"": ""choice""}, ""genre"": {""choice"": ""yoshoku"", ""confidence"": 1.0, ""probabilities"": {""chuka"": 0.0, ""korean"": 0.0, ""other"": 0.0, ""washoku"": 0.0, ""yoshoku"": 1.0}, ""type"": ""choice""}, ""is_single_recipe"": {""noul"": 0.74, ""type"": ""noul""}, ""main_ingredient"": {""choice"": ""other"", ""confidence"": 0.95, ""probabilities"": {""egg"": 0.0, ""fish"": 0.0, ""meat"": 0.03, ""other"": 0.97, ""soy"": 0.0, ""vegetable"": 0.0}, ""type"": ""choice""}, ""staple"": {""choice"": ""noodle"", ""confidence"": 1.0, ""probabilities"": {""bread"": 0.0, ""noodle"": 1.0, ""other"": 0.0, ""rice"": 0.0}, ""type"": ""choice""}, ""taste_tag"": {""choice"": ""semi_rich"", ""confidence"": 0.83, ""probabilities"": {""light"": 0.0, ""rich"": 0.13, ""semi_light"": 0.0, ""semi_rich"": 0.87}, ""type"": ""choice""}}, ""workload"": {""temperature_tag"": {""choice"": ""warm"", ""confidence"": 1.0, ""probabilities"": {""cold"": 0.0, ""warm"": 1.0}, ""type"": ""choice""}, ""time_tag"": {""choice"": ""min_15_30"", ""confidence"": 0.92, ""probabilities"": {""min_15_30"": 0.95, ""over_30"": 0.05, ""within_15"": 0.0}, ""type"": ""choice""}, ""uses_frying_pan"": {""noul"": 0.74, ""type"": ""noul""}, ""uses_heat_tag"": {""noul"": 0.96, ""type"": ""noul""}, ""uses_knife_tag"": {""noul"": 0.54, ""type"": ""noul""}, ""uses_microwave"": {""noul"": 0.06, ""type"": ""noul""}}}",
mcyOh_pnA7A,茹でて和えるだけ！何度でも作りたい【明太子パスタ】 #簡単レシピ #cooking #パスタ #明太子,https://www.youtube.com/watch?v=mcyOh_pnA7A,ok,needs_review,true,0.96,洋食,0.99,麺,1.00,麺料理,1.00,魚,1.00,ややガッツリ,0.50,温かい,0.99,15分以内,1.00,false,0.63,true,0.99,false,0.85,false,0.97,taste_tag;uses_knife_tag,3312,"{""core"": {""dish_shape"": {""choice"": ""noodle"", ""confidence"": 1.0, ""probabilities"": {""bowl"": 0.0, ""bread"": 0.0, ""main"": 0.0, ""noodle"": 1.0, ""other"": 0.0, ""rice_other"": 0.0, ""stew"": 0.0}, ""type"": ""choice""}, ""genre"": {""choice"": ""yoshoku"", ""confidence"": 0.99, ""probabilities"": {""chuka"": 0.0, ""korean"": 0.0, ""other"": 0.0, ""washoku"": 0.01, ""yoshoku"": 0.99}, ""type"": ""choice""}, ""is_single_recipe"": {""noul"": 0.96, ""type"": ""noul""}, ""main_ingredient"": {""choice"": ""fish"", ""confidence"": 1.0, ""probabilities"": {""egg"": 0.0, ""fish"": 1.0, ""meat"": 0.0, ""other"": 0.0, ""soy"": 0.0, ""vegetable"": 0.0}, ""type"": ""choice""}, ""staple"": {""choice"": ""noodle"", ""confidence"": 1.0, ""probabilities"": {""bread"": 0.0, ""noodle"": 1.0, ""other"": 0.0, ""rice"": 0.0}, ""type"": ""choice""}, ""taste_tag"": {""choice"": ""semi_rich"", ""confidence"": 0.5, ""probabilities"": {""light"": 0.0, ""rich"": 0.37, ""semi_light"": 0.0, ""semi_rich"": 0.63}, ""type"": ""choice""}}, ""workload"": {""temperature_tag"": {""choice"": ""warm"", ""confidence"": 0.99, ""probabilities"": {""cold"": 0.0, ""warm"": 1.0}, ""type"": ""choice""}, ""time_tag"": {""choice"": ""within_15"", ""confidence"": 1.0, ""probabilities"": {""min_15_30"": 0.0, ""over_30"": 0.0, ""within_15"": 1.0}, ""type"": ""choice""}, ""uses_frying_pan"": {""noul"": 0.15, ""type"": ""noul""}, ""uses_heat_tag"": {""noul"": 0.99, ""type"": ""noul""}, ""uses_knife_tag"": {""noul"": 0.37, ""type"": ""noul""}, ""uses_microwave"": {""noul"": 0.03, ""type"": ""noul""}}}",
iyBI516TCeo,【パスタ世界一が作る！】絶品ペペロンチーノ！ #弓削啓太 #パスタ,https://www.youtube.com/watch?v=iyBI516TCeo,ok,needs_review,true,0.82,洋食,1.00,麺,1.00,麺料理,1.00,その他,0.97,ややガッツリ,0.92,温かい,1.00,15〜30分,0.97,true,0.53,true,0.97,true,0.77,false,0.95,uses_knife_tag,3416,"{""core"": {""dish_shape"": {""choice"": ""noodle"", ""confidence"": 1.0, ""probabilities"": {""bowl"": 0.0, ""bread"": 0.0, ""main"": 0.0, ""noodle"": 1.0, ""other"": 0.0, ""rice_other"": 0.0, ""stew"": 0.0}, ""type"": ""choice""}, ""genre"": {""choice"": ""yoshoku"", ""confidence"": 1.0, ""probabilities"": {""chuka"": 0.0, ""korean"": 0.0, ""other"": 0.0, ""washoku"": 0.0, ""yoshoku"": 1.0}, ""type"": ""choice""}, ""is_single_recipe"": {""noul"": 0.82, ""type"": ""noul""}, ""main_ingredient"": {""choice"": ""other"", ""confidence"": 0.97, ""probabilities"": {""egg"": 0.0, ""fish"": 0.0, ""meat"": 0.0, ""other"": 0.97, ""soy"": 0.0, ""vegetable"": 0.03}, ""type"": ""choice""}, ""staple"": {""choice"": ""noodle"", ""confidence"": 1.0, ""probabilities"": {""bread"": 0.0, ""noodle"": 1.0, ""other"": 0.0, ""rice"": 0.0}, ""type"": ""choice""}, ""taste_tag"": {""choice"": ""semi_rich"", ""confidence"": 0.92, ""probabilities"": {""light"": 0.0, ""rich"": 0.02, ""semi_light"": 0.04, ""semi_rich"": 0.94}, ""type"": ""choice""}}, ""workload"": {""temperature_tag"": {""choice"": ""warm"", ""confidence"": 1.0, ""probabilities"": {""cold"": 0.0, ""warm"": 1.0}, ""type"": ""choice""}, ""time_tag"": {""choice"": ""min_15_30"", ""confidence"": 0.97, ""probabilities"": {""min_15_30"": 0.98, ""over_30"": 0.0, ""within_15"": 0.02}, ""type"": ""choice""}, ""uses_frying_pan"": {""noul"": 0.77, ""type"": ""noul""}, ""uses_heat_tag"": {""noul"": 0.97, ""type"": ""noul""}, ""uses_knife_tag"": {""noul"": 0.53, ""type"": ""noul""}, ""uses_microwave"": {""noul"": 0.05, ""type"": ""noul""}}}",
eGTwOdEJfqE,【10分で完成】濃厚きのこクリームパスタが旨すぎて幸。#パスタ #時短レシピ #キノコクリームパスタ,https://www.youtube.com/watch?v=eGTwOdEJfqE,ok,needs_review,true,0.83,洋食,1.00,麺,1.00,麺料理,1.00,野菜中心,0.81,ガッツリ,0.91,温かい,1.00,15分以内,1.00,true,0.60,true,0.96,true,0.66,false,0.93,uses_knife_tag;uses_frying_pan,2572,"{""core"": {""dish_shape"": {""choice"": ""noodle"", ""confidence"": 1.0, ""probabilities"": {""bowl"": 0.0, ""bread"": 0.0, ""main"": 0.0, ""noodle"": 1.0, ""other"": 0.0, ""rice_other"": 0.0, ""stew"": 0.0}, ""type"": ""choice""}, ""genre"": {""choice"": ""yoshoku"", ""confidence"": 1.0, ""probabilities"": {""chuka"": 0.0, ""korean"": 0.0, ""other"": 0.0, ""washoku"": 0.0, ""yoshoku"": 1.0}, ""type"": ""choice""}, ""is_single_recipe"": {""noul"": 0.83, ""type"": ""noul""}, ""main_ingredient"": {""choice"": ""vegetable"", ""confidence"": 0.81, ""probabilities"": {""egg"": 0.0, ""fish"": 0.0, ""meat"": 0.0, ""other"": 0.16, ""soy"": 0.0, ""vegetable"": 0.84}, ""type"": ""choice""}, ""staple"": {""choice"": ""noodle"", ""confidence"": 1.0, ""probabilities"": {""bread"": 0.0, ""noodle"": 1.0, ""other"": 0.0, ""rice"": 0.0}, ""type"": ""choice""}, ""taste_tag"": {""choice"": ""rich"", ""confidence"": 0.91, ""probabilities"": {""light"": 0.0, ""rich"": 0.93, ""semi_light"": 0.0, ""semi_rich"": 0.07}, ""type"": ""choice""}}, ""workload"": {""temperature_tag"": {""choice"": ""warm"", ""confidence"": 1.0, ""probabilities"": {""cold"": 0.0, ""warm"": 1.0}, ""type"": ""choice""}, ""time_tag"": {""choice"": ""within_15"", ""confidence"": 1.0, ""probabilities"": {""min_15_30"": 0.0, ""over_30"": 0.0, ""within_15"": 1.0}, ""type"": ""choice""}, ""uses_frying_pan"": {""noul"": 0.66, ""type"": ""noul""}, ""uses_heat_tag"": {""noul"": 0.96, ""type"": ""noul""}, ""uses_knife_tag"": {""noul"": 0.6, ""type"": ""noul""}, ""uses_microwave"": {""noul"": 0.07, ""type"": ""noul""}}}",
S8Sz9Y7YgUU,革命的！【ペペロンチーノ】牡蠣のパスタ#shorts,https://www.youtube.com/watch?v=S8Sz9Y7YgUU,ok,needs_review,true,0.92,洋食,1.00,麺,1.00,麺料理,1.00,魚,1.00,ややガッツリ,0.93,温かい,1.00,15〜30分,0.97,true,0.65,true,0.98,true,0.68,false,0.97,uses_knife_tag;uses_frying_pan,3140,"{""core"": {""dish_shape"": {""choice"": ""noodle"", ""confidence"": 1.0, ""probabilities"": {""bowl"": 0.0, ""bread"": 0.0, ""main"": 0.0, ""noodle"": 1.0, ""other"": 0.0, ""rice_other"": 0.0, ""stew"": 0.0}, ""type"": ""choice""}, ""genre"": {""choice"": ""yoshoku"", ""confidence"": 1.0, ""probabilities"": {""chuka"": 0.0, ""korean"": 0.0, ""other"": 0.0, ""washoku"": 0.0, ""yoshoku"": 1.0}, ""type"": ""choice""}, ""is_single_recipe"": {""noul"": 0.92, ""type"": ""noul""}, ""main_ingredient"": {""choice"": ""fish"", ""confidence"": 1.0, ""probabilities"": {""egg"": 0.0, ""fish"": 1.0, ""meat"": 0.0, ""other"": 0.0, ""soy"": 0.0, ""vegetable"": 0.0}, ""type"": ""choice""}, ""staple"": {""choice"": ""noodle"", ""confidence"": 1.0, ""probabilities"": {""bread"": 0.0, ""noodle"": 1.0, ""other"": 0.0, ""rice"": 0.0}, ""type"": ""choice""}, ""taste_tag"": {""choice"": ""semi_rich"", ""confidence"": 0.93, ""probabilities"": {""light"": 0.0, ""rich"": 0.04, ""semi_light"": 0.01, ""semi_rich"": 0.95}, ""type"": ""choice""}}, ""workload"": {""temperature_tag"": {""choice"": ""warm"", ""confidence"": 1.0, ""probabilities"": {""cold"": 0.0, ""warm"": 1.0}, ""type"": ""choice""}, ""time_tag"": {""choice"": ""min_15_30"", ""confidence"": 0.97, ""probabilities"": {""min_15_30"": 0.99, ""over_30"": 0.0, ""within_15"": 0.01}, ""type"": ""choice""}, ""uses_frying_pan"": {""noul"": 0.68, ""type"": ""noul""}, ""uses_heat_tag"": {""noul"": 0.98, ""type"": ""noul""}, ""uses_knife_tag"": {""noul"": 0.65, ""type"": ""noul""}, ""uses_microwave"": {""noul"": 0.03, ""type"": ""noul""}}}",
pdRsDFM6pl0,イタリア人シェフが本気で作るペペロンチーノ,https://www.youtube.com/watch?v=pdRsDFM6pl0,ok,needs_review,true,0.80,洋食,1.00,麺,1.00,麺料理,1.00,その他,0.91,ややガッツリ,0.97,温かい,1.00,15〜30分,0.97,true,0.57,true,0.97,true,0.75,false,0.95,uses_knife_tag,2628,"{""core"": {""dish_shape"": {""choice"": ""noodle"", ""confidence"": 1.0, ""probabilities"": {""bowl"": 0.0, ""bread"": 0.0, ""main"": 0.0, ""noodle"": 1.0, ""other"": 0.0, ""rice_other"": 0.0, ""stew"": 0.0}, ""type"": ""choice""}, ""genre"": {""choice"": ""yoshoku"", ""confidence"": 1.0, ""probabilities"": {""chuka"": 0.0, ""korean"": 0.0, ""other"": 0.0, ""washoku"": 0.0, ""yoshoku"": 1.0}, ""type"": ""choice""}, ""is_single_recipe"": {""noul"": 0.8, ""type"": ""noul""}, ""main_ingredient"": {""choice"": ""other"", ""confidence"": 0.91, ""probabilities"": {""egg"": 0.0, ""fish"": 0.04, ""meat"": 0.0, ""other"": 0.92, ""soy"": 0.0, ""vegetable"": 0.04}, ""type"": ""choice""}, ""staple"": {""choice"": ""noodle"", ""confidence"": 1.0, ""probabilities"": {""bread"": 0.0, ""noodle"": 1.0, ""other"": 0.0, ""rice"": 0.0}, ""type"": ""choice""}, ""taste_tag"": {""choice"": ""semi_rich"", ""confidence"": 0.97, ""probabilities"": {""light"": 0.0, ""rich"": 0.01, ""semi_light"": 0.01, ""semi_rich"": 0.98}, ""type"": ""choice""}}, ""workload"": {""temperature_tag"": {""choice"": ""warm"", ""confidence"": 1.0, ""probabilities"": {""cold"": 0.0, ""warm"": 1.0}, ""type"": ""choice""}, ""time_tag"": {""choice"": ""min_15_30"", ""confidence"": 0.97, ""probabilities"": {""min_15_30"": 0.99, ""over_30"": 0.0, ""within_15"": 0.01}, ""type"": ""choice""}, ""uses_frying_pan"": {""noul"": 0.75, ""type"": ""noul""}, ""uses_heat_tag"": {""noul"": 0.97, ""type"": ""noul""}, ""uses_knife_tag"": {""noul"": 0.57, ""type"": ""noul""}, ""uses_microwave"": {""noul"": 0.05, ""type"": ""noul""}}}",
jSZbu0N5w8U,笠原流【ミートソーススパゲッティ】懐かしの昭和の味,https://www.youtube.com/watch?v=jSZbu0N5w8U,ok,needs_review,true,0.94,洋食,1.00,麺,1.00,麺料理,1.00,肉,0.94,ややガッツリ,0.53,温かい,1.00,15〜30分,0.56,true,0.98,true,0.99,true,0.99,false,0.97,taste_tag;time_tag,4114,"{""core"": {""dish_shape"": {""choice"": ""noodle"", ""confidence"": 1.0, ""probabilities"": {""bowl"": 0.0, ""bread"": 0.0, ""main"": 0.0, ""noodle"": 1.0, ""other"": 0.0, ""rice_other"": 0.0, ""stew"": 0.0}, ""type"": ""choice""}, ""genre"": {""choice"": ""yoshoku"", ""confidence"": 1.0, ""probabilities"": {""chuka"": 0.0, ""korean"": 0.0, ""other"": 0.0, ""washoku"": 0.0, ""yoshoku"": 1.0}, ""type"": ""choice""}, ""is_single_recipe"": {""noul"": 0.94, ""type"": ""noul""}, ""main_ingredient"": {""choice"": ""meat"", ""confidence"": 0.94, ""probabilities"": {""egg"": 0.0, ""fish"": 0.0, ""meat"": 0.95, ""other"": 0.05, ""soy"": 0.0, ""vegetable"": 0.0}, ""type"": ""choice""}, ""staple"": {""choice"": ""noodle"", ""confidence"": 1.0, ""probabilities"": {""bread"": 0.0, ""noodle"": 1.0, ""other"": 0.0, ""rice"": 0.0}, ""type"": ""choice""}, ""taste_tag"": {""choice"": ""semi_rich"", ""confidence"": 0.53, ""probabilities"": {""light"": 0.0, ""rich"": 0.36, ""semi_light"": 0.0, ""semi_rich"": 0.64}, ""type"": ""choice""}}, ""workload"": {""temperature_tag"": {""choice"": ""warm"", ""confidence"": 1.0, ""probabilities"": {""cold"": 0.0, ""warm"": 1.0}, ""type"": ""choice""}, ""time_tag"": {""choice"": ""min_15_30"", ""confidence"": 0.56, ""probabilities"": {""min_15_30"": 0.71, ""over_30"": 0.29, ""within_15"": 0.0}, ""type"": ""choice""}, ""uses_frying_pan"": {""noul"": 0.99, ""type"": ""noul""}, ""uses_heat_tag"": {""noul"": 0.99, ""type"": ""noul""}, ""uses_knife_tag"": {""noul"": 0.98, ""type"": ""noul""}, ""uses_microwave"": {""noul"": 0.03, ""type"": ""noul""}}}",
A7E-odaKMsY,総再生500万回越え！瞬間芸【焦がしペペロンチーノ】 #shorts,https://www.youtube.com/watch?v=A7E-odaKMsY,ok,needs_review,true,0.71,洋食,1.00,麺,1.00,麺料理,1.00,その他,0.93,ややガッツリ,0.95,温かい,1.00,15〜30分,0.83,false,0.64,true,0.97,true,0.77,false,0.96,is_single_recipe;uses_knife_tag,2596,"{""core"": {""dish_shape"": {""choice"": ""noodle"", ""confidence"": 1.0, ""probabilities"": {""bowl"": 0.0, ""bread"": 0.0, ""main"": 0.0, ""noodle"": 1.0, ""other"": 0.0, ""rice_other"": 0.0, ""stew"": 0.0}, ""type"": ""choice""}, ""genre"": {""choice"": ""yoshoku"", ""confidence"": 1.0, ""probabilities"": {""chuka"": 0.0, ""korean"": 0.0, ""other"": 0.0, ""washoku"": 0.0, ""yoshoku"": 1.0}, ""type"": ""choice""}, ""is_single_recipe"": {""noul"": 0.71, ""type"": ""noul""}, ""main_ingredient"": {""choice"": ""other"", ""confidence"": 0.93, ""probabilities"": {""egg"": 0.0, ""fish"": 0.0, ""meat"": 0.0, ""other"": 0.94, ""soy"": 0.0, ""vegetable"": 0.06}, ""type"": ""choice""}, ""staple"": {""choice"": ""noodle"", ""confidence"": 1.0, ""probabilities"": {""bread"": 0.0, ""noodle"": 1.0, ""other"": 0.0, ""rice"": 0.0}, ""type"": ""choice""}, ""taste_tag"": {""choice"": ""semi_rich"", ""confidence"": 0.95, ""probabilities"": {""light"": 0.0, ""rich"": 0.03, ""semi_light"": 0.01, ""semi_rich"": 0.96}, ""type"": ""choice""}}, ""workload"": {""temperature_tag"": {""choice"": ""warm"", ""confidence"": 1.0, ""probabilities"": {""cold"": 0.0, ""warm"": 1.0}, ""type"": ""choice""}, ""time_tag"": {""choice"": ""min_15_30"", ""confidence"": 0.83, ""probabilities"": {""min_15_30"": 0.89, ""over_30"": 0.0, ""within_15"": 0.11}, ""type"": ""choice""}, ""uses_frying_pan"": {""noul"": 0.77, ""type"": ""noul""}, ""uses_heat_tag"": {""noul"": 0.97, ""type"": ""noul""}, ""uses_knife_tag"": {""noul"": 0.36, ""type"": ""noul""}, ""uses_microwave"": {""noul"": 0.04, ""type"": ""noul""}}}",
tLsvuFdhuGE,マジで一番再生されてるボロネーゼよりウマい。俺史上最強の肉パスタ、参上#shorts #リュウジ #パスタ,https://www.youtube.com/watch?v=tLsvuFdhuGE,ok,needs_review,true,0.74,洋食,1.00,麺,1.00,麺料理,1.00,肉,0.88,ガッツリ,0.67,温かい,1.00,15〜30分,0.91,true,0.63,true,0.96,false,0.52,true,0.59,is_single_recipe;taste_tag;uses_knife_tag;uses_frying_pan;uses_microwave,4076,"{""core"": {""dish_shape"": {""choice"": ""noodle"", ""confidence"": 1.0, ""probabilities"": {""bowl"": 0.0, ""bread"": 0.0, ""main"": 0.0, ""noodle"": 1.0, ""other"": 0.0, ""rice_other"": 0.0, ""stew"": 0.0}, ""type"": ""choice""}, ""genre"": {""choice"": ""yoshoku"", ""confidence"": 1.0, ""probabilities"": {""chuka"": 0.0, ""korean"": 0.0, ""other"": 0.0, ""washoku"": 0.0, ""yoshoku"": 1.0}, ""type"": ""choice""}, ""is_single_recipe"": {""noul"": 0.74, ""type"": ""noul""}, ""main_ingredient"": {""choice"": ""meat"", ""confidence"": 0.88, ""probabilities"": {""egg"": 0.0, ""fish"": 0.0, ""meat"": 0.9, ""other"": 0.1, ""soy"": 0.0, ""vegetable"": 0.0}, ""type"": ""choice""}, ""staple"": {""choice"": ""noodle"", ""confidence"": 1.0, ""probabilities"": {""bread"": 0.0, ""noodle"": 1.0, ""other"": 0.0, ""rice"": 0.0}, ""type"": ""choice""}, ""taste_tag"": {""choice"": ""rich"", ""confidence"": 0.67, ""probabilities"": {""light"": 0.0, ""rich"": 0.75, ""semi_light"": 0.0, ""semi_rich"": 0.25}, ""type"": ""choice""}}, ""workload"": {""temperature_tag"": {""choice"": ""warm"", ""confidence"": 1.0, ""probabilities"": {""cold"": 0.0, ""warm"": 1.0}, ""type"": ""choice""}, ""time_tag"": {""choice"": ""min_15_30"", ""confidence"": 0.91, ""probabilities"": {""min_15_30"": 0.94, ""over_30"": 0.05, ""within_15"": 0.01}, ""type"": ""choice""}, ""uses_frying_pan"": {""noul"": 0.48, ""type"": ""noul""}, ""uses_heat_tag"": {""noul"": 0.96, ""type"": ""noul""}, ""uses_knife_tag"": {""noul"": 0.63, ""type"": ""noul""}, ""uses_microwave"": {""noul"": 0.59, ""type"": ""noul""}}}",
YpSeYjkFcSE,今イタリアで流行ってるパスタはこれ！おこげパスタ【Spaghetti all'Assassina】 #shorts,https://www.youtube.com/watch?v=YpSeYjkFcSE,ok,needs_review,true,0.79,洋食,1.00,麺,1.00,麺料理,1.00,その他,0.98,ややガッツリ,0.79,温かい,1.00,15〜30分,0.97,false,0.55,true,0.99,true,0.98,false,0.97,uses_knife_tag,5576,"{""core"": {""dish_shape"": {""choice"": ""noodle"", ""confidence"": 1.0, ""probabilities"": {""bowl"": 0.0, ""bread"": 0.0, ""main"": 0.0, ""noodle"": 1.0, ""other"": 0.0, ""rice_other"": 0.0, ""stew"": 0.0}, ""type"": ""choice""}, ""genre"": {""choice"": ""yoshoku"", ""confidence"": 1.0, ""probabilities"": {""chuka"": 0.0, ""korean"": 0.0, ""other"": 0.0, ""washoku"": 0.0, ""yoshoku"": 1.0}, ""type"": ""choice""}, ""is_single_recipe"": {""noul"": 0.79, ""type"": ""noul""}, ""main_ingredient"": {""choice"": ""other"", ""confidence"": 0.98, ""probabilities"": {""egg"": 0.0, ""fish"": 0.0, ""meat"": 0.0, ""other"": 0.98, ""soy"": 0.0, ""vegetable"": 0.02}, ""type"": ""choice""}, ""staple"": {""choice"": ""noodle"", ""confidence"": 1.0, ""probabilities"": {""bread"": 0.0, ""noodle"": 1.0, ""other"": 0.0, ""rice"": 0.0}, ""type"": ""choice""}, ""taste_tag"": {""choice"": ""semi_rich"", ""confidence"": 0.79, ""probabilities"": {""light"": 0.0, ""rich"": 0.15, ""semi_light"": 0.0, ""semi_rich"": 0.85}, ""type"": ""choice""}}, ""workload"": {""temperature_tag"": {""choice"": ""warm"", ""confidence"": 1.0, ""probabilities"": {""cold"": 0.0, ""warm"": 1.0}, ""type"": ""choice""}, ""time_tag"": {""choice"": ""min_15_30"", ""confidence"": 0.97, ""probabilities"": {""min_15_30"": 0.98, ""over_30"": 0.01, ""within_15"": 0.01}, ""type"": ""choice""}, ""uses_frying_pan"": {""noul"": 0.98, ""type"": ""noul""}, ""uses_heat_tag"": {""noul"": 0.99, ""type"": ""noul""}, ""uses_knife_tag"": {""noul"": 0.45, ""type"": ""noul""}, ""uses_microwave"": {""noul"": 0.03, ""type"": ""noul""}}}",
wBJ4DuwCu80,業務スーパーの牛筋でボロネーゼ。これめっちゃ旨いヤツ #パスタ料理 #パスタ #まーやの料理ちゃんねる #cooking #イタリアン #イタリア家庭料理,https://www.youtube.com/watch?v=wBJ4DuwCu80,ok,needs_review,true,0.83,洋食,1.00,麺,1.00,麺料理,0.98,肉,0.98,ガッツリ,0.73,温かい,1.00,15〜30分,0.69,true,0.72,true,0.97,true,0.72,false,0.94,taste_tag;time_tag;uses_knife_tag;uses_frying_pan,3108,"{""core"": {""dish_shape"": {""choice"": ""noodle"", ""confidence"": 0.98, ""probabilities"": {""bowl"": 0.0, ""bread"": 0.0, ""main"": 0.01, ""noodle"": 0.99, ""other"": 0.0, ""rice_other"": 0.0, ""stew"": 0.0}, ""type"": ""choice""}, ""genre"": {""choice"": ""yoshoku"", ""confidence"": 1.0, ""probabilities"": {""chuka"": 0.0, ""korean"": 0.0, ""other"": 0.0, ""washoku"": 0.0, ""yoshoku"": 1.0}, ""type"": ""choice""}, ""is_single_recipe"": {""noul"": 0.83, ""type"": ""noul""}, ""main_ingredient"": {""choice"": ""meat"", ""confidence"": 0.98, ""probabilities"": {""egg"": 0.0, ""fish"": 0.0, ""meat"": 0.99, ""other"": 0.01, ""soy"": 0.0, ""vegetable"": 0.0}, ""type"": ""choice""}, ""staple"": {""choice"": ""noodle"", ""confidence"": 1.0, ""probabilities"": {""bread"": 0.0, ""noodle"": 1.0, ""other"": 0.0, ""rice"": 0.0}, ""type"": ""choice""}, ""taste_tag"": {""choice"": ""rich"", ""confidence"": 0.73, ""probabilities"": {""light"": 0.0, ""rich"": 0.8, ""semi_light"": 0.0, ""semi_rich"": 0.2}, ""type"": ""choice""}}, ""workload"": {""temperature_tag"": {""choice"": ""warm"", ""confidence"": 1.0, ""probabilities"": {""cold"": 0.0, ""warm"": 1.0}, ""type"": ""choice""}, ""time_tag"": {""choice"": ""min_15_30"", ""confidence"": 0.69, ""probabilities"": {""min_15_30"": 0.79, ""over_30"": 0.21, ""within_15"": 0.0}, ""type"": ""choice""}, ""uses_frying_pan"": {""noul"": 0.72, ""type"": ""noul""}, ""uses_heat_tag"": {""noul"": 0.97, ""type"": ""noul""}, ""uses_knife_tag"": {""noul"": 0.72, ""type"": ""noul""}, ""uses_microwave"": {""noul"": 0.06, ""type"": ""noul""}}}",
6hp9Tv7Bw3M,これ以上旨いパスタは無いと断言できるほど美味な『極クリームパスタ』,https://www.youtube.com/watch?v=6hp9Tv7Bw3M,ok,ai_tagged,true,0.92,洋食,1.00,麺,1.00,麺料理,1.00,その他,0.94,ガッツリ,0.92,温かい,1.00,15〜30分,0.97,true,0.81,true,0.98,true,0.75,false,0.96,,4016,"{""core"": {""dish_shape"": {""choice"": ""noodle"", ""confidence"": 1.0, ""probabilities"": {""bowl"": 0.0, ""bread"": 0.0, ""main"": 0.0, ""noodle"": 1.0, ""other"": 0.0, ""rice_other"": 0.0, ""stew"": 0.0}, ""type"": ""choice""}, ""genre"": {""choice"": ""yoshoku"", ""confidence"": 1.0, ""probabilities"": {""chuka"": 0.0, ""korean"": 0.0, ""other"": 0.0, ""washoku"": 0.0, ""yoshoku"": 1.0}, ""type"": ""choice""}, ""is_single_recipe"": {""noul"": 0.92, ""type"": ""noul""}, ""main_ingredient"": {""choice"": ""other"", ""confidence"": 0.94, ""probabilities"": {""egg"": 0.0, ""fish"": 0.0, ""meat"": 0.03, ""other"": 0.95, ""soy"": 0.0, ""vegetable"": 0.02}, ""type"": ""choice""}, ""staple"": {""choice"": ""noodle"", ""confidence"": 1.0, ""probabilities"": {""bread"": 0.0, ""noodle"": 1.0, ""other"": 0.0, ""rice"": 0.0}, ""type"": ""choice""}, ""taste_tag"": {""choice"": ""rich"", ""confidence"": 0.92, ""probabilities"": {""light"": 0.0, ""rich"": 0.94, ""semi_light"": 0.0, ""semi_rich"": 0.06}, ""type"": ""choice""}}, ""workload"": {""temperature_tag"": {""choice"": ""warm"", ""confidence"": 1.0, ""probabilities"": {""cold"": 0.0, ""warm"": 1.0}, ""type"": ""choice""}, ""time_tag"": {""choice"": ""min_15_30"", ""confidence"": 0.97, ""probabilities"": {""min_15_30"": 0.98, ""over_30"": 0.0, ""within_15"": 0.02}, ""type"": ""choice""}, ""uses_frying_pan"": {""noul"": 0.75, ""type"": ""noul""}, ""uses_heat_tag"": {""noul"": 0.98, ""type"": ""noul""}, ""uses_knife_tag"": {""noul"": 0.81, ""type"": ""noul""}, ""uses_microwave"": {""noul"": 0.04, ""type"": ""noul""}}}",
vXZ6VGYzpKE,カリオストロのスパゲッティをつくってみた。#料理レシピ #パスタ,https://www.youtube.com/watch?v=vXZ6VGYzpKE,ok,needs_review,true,0.93,洋食,1.00,麺,1.00,麺料理,1.00,肉,0.44,ややガッツリ,0.43,温かい,1.00,15〜30分,0.26,true,0.96,true,0.99,true,0.99,false,0.97,main_ingredient;taste_tag;time_tag,5400,"{""core"": {""dish_shape"": {""choice"": ""noodle"", ""confidence"": 1.0, ""probabilities"": {""bowl"": 0.0, ""bread"": 0.0, ""main"": 0.0, ""noodle"": 1.0, ""other"": 0.0, ""rice_other"": 0.0, ""stew"": 0.0}, ""type"": ""choice""}, ""genre"": {""choice"": ""yoshoku"", ""confidence"": 1.0, ""probabilities"": {""chuka"": 0.0, ""korean"": 0.0, ""other"": 0.0, ""washoku"": 0.0, ""yoshoku"": 1.0}, ""type"": ""choice""}, ""is_single_recipe"": {""noul"": 0.93, ""type"": ""noul""}, ""main_ingredient"": {""choice"": ""meat"", ""confidence"": 0.44, ""probabilities"": {""egg"": 0.0, ""fish"": 0.0, ""meat"": 0.53, ""other"": 0.47, ""soy"": 0.0, ""vegetable"": 0.0}, ""type"": ""choice""}, ""staple"": {""choice"": ""noodle"", ""confidence"": 1.0, ""probabilities"": {""bread"": 0.0, ""noodle"": 1.0, ""other"": 0.0, ""rice"": 0.0}, ""type"": ""choice""}, ""taste_tag"": {""choice"": ""semi_rich"", ""confidence"": 0.43, ""probabilities"": {""light"": 0.0, ""rich"": 0.43, ""semi_light"": 0.0, ""semi_rich"": 0.57}, ""type"": ""choice""}}, ""workload"": {""temperature_tag"": {""choice"": ""warm"", ""confidence"": 1.0, ""probabilities"": {""cold"": 0.0, ""warm"": 1.0}, ""type"": ""choice""}, ""time_tag"": {""choice"": ""min_15_30"", ""confidence"": 0.26, ""probabilities"": {""min_15_30"": 0.5, ""over_30"": 0.35, ""within_15"": 0.15}, ""type"": ""choice""}, ""uses_frying_pan"": {""noul"": 0.99, ""type"": ""noul""}, ""uses_heat_tag"": {""noul"": 0.99, ""type"": ""noul""}, ""uses_knife_tag"": {""noul"": 0.96, ""type"": ""noul""}, ""uses_microwave"": {""noul"": 0.03, ""type"": ""noul""}}}",
OYA4KposLK8,＼たんぱく質35g／豆乳クリームパスタ🍝 #レンジレシピ #高タンパクレシピ #簡単レシピ #一人暮らしレシピ #パスタレシピ,https://www.youtube.com/watch?v=OYA4KposLK8,ok,needs_review,true,0.84,洋食,1.00,麺,1.00,麺料理,1.00,豆腐・大豆,0.55,ややガッツリ,0.86,温かい,1.00,15〜30分,0.97,false,0.75,true,0.98,false,0.84,true,0.96,main_ingredient,2626,"{""core"": {""dish_shape"": {""choice"": ""noodle"", ""confidence"": 1.0, ""probabilities"": {""bowl"": 0.0, ""bread"": 0.0, ""main"": 0.0, ""noodle"": 1.0, ""other"": 0.0, ""rice_other"": 0.0, ""stew"": 0.0}, ""type"": ""choice""}, ""genre"": {""choice"": ""yoshoku"", ""confidence"": 1.0, ""probabilities"": {""chuka"": 0.0, ""korean"": 0.0, ""other"": 0.0, ""washoku"": 0.0, ""yoshoku"": 1.0}, ""type"": ""choice""}, ""is_single_recipe"": {""noul"": 0.84, ""type"": ""noul""}, ""main_ingredient"": {""choice"": ""soy"", ""confidence"": 0.55, ""probabilities"": {""egg"": 0.0, ""fish"": 0.0, ""meat"": 0.0, ""other"": 0.38, ""soy"": 0.62, ""vegetable"": 0.0}, ""type"": ""choice""}, ""staple"": {""choice"": ""noodle"", ""confidence"": 1.0, ""probabilities"": {""bread"": 0.0, ""noodle"": 1.0, ""other"": 0.0, ""rice"": 0.0}, ""type"": ""choice""}, ""taste_tag"": {""choice"": ""semi_rich"", ""confidence"": 0.86, ""probabilities"": {""light"": 0.0, ""rich"": 0.1, ""semi_light"": 0.01, ""semi_rich"": 0.89}, ""type"": ""choice""}}, ""workload"": {""temperature_tag"": {""choice"": ""warm"", ""confidence"": 1.0, ""probabilities"": {""cold"": 0.0, ""warm"": 1.0}, ""type"": ""choice""}, ""time_tag"": {""choice"": ""min_15_30"", ""confidence"": 0.97, ""probabilities"": {""min_15_30"": 0.98, ""over_30"": 0.0, ""within_15"": 0.02}, ""type"": ""choice""}, ""uses_frying_pan"": {""noul"": 0.16, ""type"": ""noul""}, ""uses_heat_tag"": {""noul"": 0.98, ""type"": ""noul""}, ""uses_knife_tag"": {""noul"": 0.25, ""type"": ""noul""}, ""uses_microwave"": {""noul"": 0.96, ""type"": ""noul""}}}",
hH3Tot5pWf8,日本人の作るオリーブ塩パスタの作り方 #料理 #きょう何たべよ #shorts,https://www.youtube.com/watch?v=hH3Tot5pWf8,ok,needs_review,true,0.79,洋食,1.00,麺,1.00,麺料理,1.00,その他,0.94,ややガッツリ,0.95,温かい,1.00,15〜30分,0.99,false,0.62,true,0.96,true,0.58,false,0.94,uses_knife_tag;uses_frying_pan,2548,"{""core"": {""dish_shape"": {""choice"": ""noodle"", ""confidence"": 1.0, ""probabilities"": {""bowl"": 0.0, ""bread"": 0.0, ""main"": 0.0, ""noodle"": 1.0, ""other"": 0.0, ""rice_other"": 0.0, ""stew"": 0.0}, ""type"": ""choice""}, ""genre"": {""choice"": ""yoshoku"", ""confidence"": 1.0, ""probabilities"": {""chuka"": 0.0, ""korean"": 0.0, ""other"": 0.0, ""washoku"": 0.0, ""yoshoku"": 1.0}, ""type"": ""choice""}, ""is_single_recipe"": {""noul"": 0.79, ""type"": ""noul""}, ""main_ingredient"": {""choice"": ""other"", ""confidence"": 0.94, ""probabilities"": {""egg"": 0.0, ""fish"": 0.0, ""meat"": 0.0, ""other"": 0.95, ""soy"": 0.0, ""vegetable"": 0.05}, ""type"": ""choice""}, ""staple"": {""choice"": ""noodle"", ""confidence"": 1.0, ""probabilities"": {""bread"": 0.0, ""noodle"": 1.0, ""other"": 0.0, ""rice"": 0.0}, ""type"": ""choice""}, ""taste_tag"": {""choice"": ""semi_rich"", ""confidence"": 0.95, ""probabilities"": {""light"": 0.01, ""rich"": 0.0, ""semi_light"": 0.03, ""semi_rich"": 0.96}, ""type"": ""choice""}}, ""workload"": {""temperature_tag"": {""choice"": ""warm"", ""confidence"": 1.0, ""probabilities"": {""cold"": 0.0, ""warm"": 1.0}, ""type"": ""choice""}, ""time_tag"": {""choice"": ""min_15_30"", ""confidence"": 0.99, ""probabilities"": {""min_15_30"": 0.99, ""over_30"": 0.0, ""within_15"": 0.01}, ""type"": ""choice""}, ""uses_frying_pan"": {""noul"": 0.58, ""type"": ""noul""}, ""uses_heat_tag"": {""noul"": 0.96, ""type"": ""noul""}, ""uses_knife_tag"": {""noul"": 0.38, ""type"": ""noul""}, ""uses_microwave"": {""noul"": 0.06, ""type"": ""noul""}}}",
aH6RLBxT4Yw,イタリアのおばあちゃんに教わるガーリックパスタ #イタリア料理,https://www.youtube.com/watch?v=aH6RLBxT4Yw,ok,needs_review,true,0.88,洋食,1.00,麺,1.00,麺料理,1.00,その他,0.72,ややガッツリ,0.95,温かい,1.00,15〜30分,0.33,true,0.78,true,0.99,true,0.98,false,0.97,main_ingredient;time_tag,4052,"{""core"": {""dish_shape"": {""choice"": ""noodle"", ""confidence"": 1.0, ""probabilities"": {""bowl"": 0.0, ""bread"": 0.0, ""main"": 0.0, ""noodle"": 1.0, ""other"": 0.0, ""rice_other"": 0.0, ""stew"": 0.0}, ""type"": ""choice""}, ""genre"": {""choice"": ""yoshoku"", ""confidence"": 1.0, ""probabilities"": {""chuka"": 0.0, ""korean"": 0.0, ""other"": 0.0, ""washoku"": 0.0, ""yoshoku"": 1.0}, ""type"": ""choice""}, ""is_single_recipe"": {""noul"": 0.88, ""type"": ""noul""}, ""main_ingredient"": {""choice"": ""other"", ""confidence"": 0.72, ""probabilities"": {""egg"": 0.0, ""fish"": 0.0, ""meat"": 0.0, ""other"": 0.77, ""soy"": 0.0, ""vegetable"": 0.23}, ""type"": ""choice""}, ""staple"": {""choice"": ""noodle"", ""confidence"": 1.0, ""probabilities"": {""bread"": 0.0, ""noodle"": 1.0, ""other"": 0.0, ""rice"": 0.0}, ""type"": ""choice""}, ""taste_tag"": {""choice"": ""semi_rich"", ""confidence"": 0.95, ""probabilities"": {""light"": 0.0, ""rich"": 0.03, ""semi_light"": 0.01, ""semi_rich"": 0.96}, ""type"": ""choice""}}, ""workload"": {""temperature_tag"": {""choice"": ""warm"", ""confidence"": 1.0, ""probabilities"": {""cold"": 0.0, ""warm"": 1.0}, ""type"": ""choice""}, ""time_tag"": {""choice"": ""min_15_30"", ""confidence"": 0.33, ""probabilities"": {""min_15_30"": 0.55, ""over_30"": 0.0, ""within_15"": 0.45}, ""type"": ""choice""}, ""uses_frying_pan"": {""noul"": 0.98, ""type"": ""noul""}, ""uses_heat_tag"": {""noul"": 0.99, ""type"": ""noul""}, ""uses_knife_tag"": {""noul"": 0.78, ""type"": ""noul""}, ""uses_microwave"": {""noul"": 0.03, ""type"": ""noul""}}}",
oCCsreZBJmQ,【簡単にお店レベル🍝】帆立のパスタが旨すぎます..!! #パスタ #レシピ #料理 #簡単レシピ #ワンパンパスタ #shorts,https://www.youtube.com/watch?v=oCCsreZBJmQ,ok,needs_review,true,0.84,洋食,1.00,麺,1.00,麺料理,1.00,魚,0.99,ややガッツリ,0.91,温かい,1.00,15〜30分,0.99,false,0.63,true,0.98,true,0.97,false,0.95,uses_knife_tag,2600,"{""core"": {""dish_shape"": {""choice"": ""noodle"", ""confidence"": 1.0, ""probabilities"": {""bowl"": 0.0, ""bread"": 0.0, ""main"": 0.0, ""noodle"": 1.0, ""other"": 0.0, ""rice_other"": 0.0, ""stew"": 0.0}, ""type"": ""choice""}, ""genre"": {""choice"": ""yoshoku"", ""confidence"": 1.0, ""probabilities"": {""chuka"": 0.0, ""korean"": 0.0, ""other"": 0.0, ""washoku"": 0.0, ""yoshoku"": 1.0}, ""type"": ""choice""}, ""is_single_recipe"": {""noul"": 0.84, ""type"": ""noul""}, ""main_ingredient"": {""choice"": ""fish"", ""confidence"": 0.99, ""probabilities"": {""egg"": 0.0, ""fish"": 0.99, ""meat"": 0.0, ""other"": 0.01, ""soy"": 0.0, ""vegetable"": 0.0}, ""type"": ""choice""}, ""staple"": {""choice"": ""noodle"", ""confidence"": 1.0, ""probabilities"": {""bread"": 0.0, ""noodle"": 1.0, ""other"": 0.0, ""rice"": 0.0}, ""type"": ""choice""}, ""taste_tag"": {""choice"": ""semi_rich"", ""confidence"": 0.91, ""probabilities"": {""light"": 0.0, ""rich"": 0.05, ""semi_light"": 0.01, ""semi_rich"": 0.93}, ""type"": ""choice""}}, ""workload"": {""temperature_tag"": {""choice"": ""warm"", ""confidence"": 1.0, ""probabilities"": {""cold"": 0.0, ""warm"": 1.0}, ""type"": ""choice""}, ""time_tag"": {""choice"": ""min_15_30"", ""confidence"": 0.99, ""probabilities"": {""min_15_30"": 1.0, ""over_30"": 0.0, ""within_15"": 0.0}, ""type"": ""choice""}, ""uses_frying_pan"": {""noul"": 0.97, ""type"": ""noul""}, ""uses_heat_tag"": {""noul"": 0.98, ""type"": ""noul""}, ""uses_knife_tag"": {""noul"": 0.37, ""type"": ""noul""}, ""uses_microwave"": {""noul"": 0.05, ""type"": ""noul""}}}",
zMhLNnTb8IQ,【ペペロンチーノ】プロが教える簡単パスタ【特盛り300g】#shorts,https://www.youtube.com/watch?v=zMhLNnTb8IQ,ok,needs_review,true,0.85,洋食,1.00,麺,1.00,麺料理,1.00,その他,0.93,ややガッツリ,0.95,温かい,1.00,15〜30分,0.98,false,0.52,true,0.97,true,0.66,false,0.95,uses_knife_tag;uses_frying_pan,3080,"{""core"": {""dish_shape"": {""choice"": ""noodle"", ""confidence"": 1.0, ""probabilities"": {""bowl"": 0.0, ""bread"": 0.0, ""main"": 0.0, ""noodle"": 1.0, ""other"": 0.0, ""rice_other"": 0.0, ""stew"": 0.0}, ""type"": ""choice""}, ""genre"": {""choice"": ""yoshoku"", ""confidence"": 1.0, ""probabilities"": {""chuka"": 0.0, ""korean"": 0.0, ""other"": 0.0, ""washoku"": 0.0, ""yoshoku"": 1.0}, ""type"": ""choice""}, ""is_single_recipe"": {""noul"": 0.85, ""type"": ""noul""}, ""main_ingredient"": {""choice"": ""other"", ""confidence"": 0.93, ""probabilities"": {""egg"": 0.0, ""fish"": 0.0, ""meat"": 0.0, ""other"": 0.94, ""soy"": 0.0, ""vegetable"": 0.06}, ""type"": ""choice""}, ""staple"": {""choice"": ""noodle"", ""confidence"": 1.0, ""probabilities"": {""bread"": 0.0, ""noodle"": 1.0, ""other"": 0.0, ""rice"": 0.0}, ""type"": ""choice""}, ""taste_tag"": {""choice"": ""semi_rich"", ""confidence"": 0.95, ""probabilities"": {""light"": 0.0, ""rich"": 0.01, ""semi_light"": 0.02, ""semi_rich"": 0.97}, ""type"": ""choice""}}, ""workload"": {""temperature_tag"": {""choice"": ""warm"", ""confidence"": 1.0, ""probabilities"": {""cold"": 0.0, ""warm"": 1.0}, ""type"": ""choice""}, ""time_tag"": {""choice"": ""min_15_30"", ""confidence"": 0.98, ""probabilities"": {""min_15_30"": 0.98, ""over_30"": 0.0, ""within_15"": 0.02}, ""type"": ""choice""}, ""uses_frying_pan"": {""noul"": 0.66, ""type"": ""noul""}, ""uses_heat_tag"": {""noul"": 0.97, ""type"": ""noul""}, ""uses_knife_tag"": {""noul"": 0.48, ""type"": ""noul""}, ""uses_microwave"": {""noul"": 0.05, ""type"": ""noul""}}}",
hGt3h77ZYoc,【別茹で不要◎ワンパンパスタ】絶品！！海鮮ペペロンチーノが最高すぎる,https://www.youtube.com/watch?v=hGt3h77ZYoc,ok,needs_review,true,0.96,洋食,1.00,麺,1.00,麺料理,1.00,魚,0.84,ややガッツリ,0.92,温かい,1.00,15分以内,1.00,true,0.50,true,0.99,true,0.97,false,0.64,uses_knife_tag;uses_microwave,3632,"{""core"": {""dish_shape"": {""choice"": ""noodle"", ""confidence"": 1.0, ""probabilities"": {""bowl"": 0.0, ""bread"": 0.0, ""main"": 0.0, ""noodle"": 1.0, ""other"": 0.0, ""rice_other"": 0.0, ""stew"": 0.0}, ""type"": ""choice""}, ""genre"": {""choice"": ""yoshoku"", ""confidence"": 1.0, ""probabilities"": {""chuka"": 0.0, ""korean"": 0.0, ""other"": 0.0, ""washoku"": 0.0, ""yoshoku"": 1.0}, ""type"": ""choice""}, ""is_single_recipe"": {""noul"": 0.96, ""type"": ""noul""}, ""main_ingredient"": {""choice"": ""fish"", ""confidence"": 0.84, ""probabilities"": {""egg"": 0.0, ""fish"": 0.87, ""meat"": 0.0, ""other"": 0.13, ""soy"": 0.0, ""vegetable"": 0.0}, ""type"": ""choice""}, ""staple"": {""choice"": ""noodle"", ""confidence"": 1.0, ""probabilities"": {""bread"": 0.0, ""noodle"": 1.0, ""other"": 0.0, ""rice"": 0.0}, ""type"": ""choice""}, ""taste_tag"": {""choice"": ""semi_rich"", ""confidence"": 0.92, ""probabilities"": {""light"": 0.0, ""rich"": 0.05, ""semi_light"": 0.01, ""semi_rich"": 0.94}, ""type"": ""choice""}}, ""workload"": {""temperature_tag"": {""choice"": ""warm"", ""confidence"": 1.0, ""probabilities"": {""cold"": 0.0, ""warm"": 1.0}, ""type"": ""choice""}, ""time_tag"": {""choice"": ""within_15"", ""confidence"": 1.0, ""probabilities"": {""min_15_30"": 0.0, ""over_30"": 0.0, ""within_15"": 1.0}, ""type"": ""choice""}, ""uses_frying_pan"": {""noul"": 0.97, ""type"": ""noul""}, ""uses_heat_tag"": {""noul"": 0.99, ""type"": ""noul""}, ""uses_knife_tag"": {""noul"": 0.5, ""type"": ""noul""}, ""uses_microwave"": {""noul"": 0.36, ""type"": ""noul""}}}",
dUu2OjxSqIo,【激ウマ和風パスタ🍝】梅と大葉を使った簡単パスタがさっぱりしてて美味いんです。 #パスタ #レシピ #簡単レシピ #ペペロンチーノ #shorts,https://www.youtube.com/watch?v=dUu2OjxSqIo,ok,needs_review,true,0.84,洋食,0.89,麺,1.00,麺料理,1.00,その他,0.87,ややあっさり,0.26,温かい,0.95,15〜30分,0.98,true,0.63,true,0.96,true,0.53,false,0.94,taste_tag;uses_knife_tag;uses_frying_pan,2622,"{""core"": {""dish_shape"": {""choice"": ""noodle"", ""confidence"": 1.0, ""probabilities"": {""bowl"": 0.0, ""bread"": 0.0, ""main"": 0.0, ""noodle"": 1.0, ""other"": 0.0, ""rice_other"": 0.0, ""stew"": 0.0}, ""type"": ""choice""}, ""genre"": {""choice"": ""yoshoku"", ""confidence"": 0.89, ""probabilities"": {""chuka"": 0.0, ""korean"": 0.0, ""other"": 0.0, ""washoku"": 0.08, ""yoshoku"": 0.92}, ""type"": ""choice""}, ""is_single_recipe"": {""noul"": 0.84, ""type"": ""noul""}, ""main_ingredient"": {""choice"": ""other"", ""confidence"": 0.87, ""probabilities"": {""egg"": 0.0, ""fish"": 0.0, ""meat"": 0.0, ""other"": 0.89, ""soy"": 0.0, ""vegetable"": 0.11}, ""type"": ""choice""}, ""staple"": {""choice"": ""noodle"", ""confidence"": 1.0, ""probabilities"": {""bread"": 0.0, ""noodle"": 1.0, ""other"": 0.0, ""rice"": 0.0}, ""type"": ""choice""}, ""taste_tag"": {""choice"": ""semi_light"", ""confidence"": 0.26, ""probabilities"": {""light"": 0.3, ""rich"": 0.0, ""semi_light"": 0.45, ""semi_rich"": 0.25}, ""type"": ""choice""}}, ""workload"": {""temperature_tag"": {""choice"": ""warm"", ""confidence"": 0.95, ""probabilities"": {""cold"": 0.03, ""warm"": 0.97}, ""type"": ""choice""}, ""time_tag"": {""choice"": ""min_15_30"", ""confidence"": 0.98, ""probabilities"": {""min_15_30"": 0.99, ""over_30"": 0.0, ""within_15"": 0.01}, ""type"": ""choice""}, ""uses_frying_pan"": {""noul"": 0.53, ""type"": ""noul""}, ""uses_heat_tag"": {""noul"": 0.96, ""type"": ""noul""}, ""uses_knife_tag"": {""noul"": 0.63, ""type"": ""noul""}, ""uses_microwave"": {""noul"": 0.06, ""type"": ""noul""}}}",
hyqa_DoQ9QE,簡単に美味しいレモンクリームパスタができちゃいます。 #パスタ #レシピ #簡単レシピ #shorts,https://www.youtube.com/watch?v=hyqa_DoQ9QE,ok,needs_review,true,0.84,洋食,1.00,麺,1.00,麺料理,1.00,その他,0.98,ややガッツリ,0.70,温かい,1.00,15〜30分,0.98,false,0.56,true,0.96,false,0.55,false,0.93,taste_tag;uses_knife_tag;uses_frying_pan,2576,"{""core"": {""dish_shape"": {""choice"": ""noodle"", ""confidence"": 1.0, ""probabilities"": {""bowl"": 0.0, ""bread"": 0.0, ""main"": 0.0, ""noodle"": 1.0, ""other"": 0.0, ""rice_other"": 0.0, ""stew"": 0.0}, ""type"": ""choice""}, ""genre"": {""choice"": ""yoshoku"", ""confidence"": 1.0, ""probabilities"": {""chuka"": 0.0, ""korean"": 0.0, ""other"": 0.0, ""washoku"": 0.0, ""yoshoku"": 1.0}, ""type"": ""choice""}, ""is_single_recipe"": {""noul"": 0.84, ""type"": ""noul""}, ""main_ingredient"": {""choice"": ""other"", ""confidence"": 0.98, ""probabilities"": {""egg"": 0.0, ""fish"": 0.0, ""meat"": 0.0, ""other"": 0.99, ""soy"": 0.0, ""vegetable"": 0.01}, ""type"": ""choice""}, ""staple"": {""choice"": ""noodle"", ""confidence"": 1.0, ""probabilities"": {""bread"": 0.0, ""noodle"": 1.0, ""other"": 0.0, ""rice"": 0.0}, ""type"": ""choice""}, ""taste_tag"": {""choice"": ""semi_rich"", ""confidence"": 0.7, ""probabilities"": {""light"": 0.0, ""rich"": 0.22, ""semi_light"": 0.0, ""semi_rich"": 0.78}, ""type"": ""choice""}}, ""workload"": {""temperature_tag"": {""choice"": ""warm"", ""confidence"": 1.0, ""probabilities"": {""cold"": 0.0, ""warm"": 1.0}, ""type"": ""choice""}, ""time_tag"": {""choice"": ""min_15_30"", ""confidence"": 0.98, ""probabilities"": {""min_15_30"": 0.99, ""over_30"": 0.0, ""within_15"": 0.01}, ""type"": ""choice""}, ""uses_frying_pan"": {""noul"": 0.45, ""type"": ""noul""}, ""uses_heat_tag"": {""noul"": 0.96, ""type"": ""noul""}, ""uses_knife_tag"": {""noul"": 0.44, ""type"": ""noul""}, ""uses_microwave"": {""noul"": 0.07, ""type"": ""noul""}}}",
Eyx1QLoGpXc,シンプルだけど奥深い！弓削シェフの“完璧パスタ”茹でテクニック｜#クラシル #shorts,https://www.youtube.com/watch?v=Eyx1QLoGpXc,ok,needs_review,true,0.80,洋食,1.00,麺,1.00,麺料理,1.00,その他,1.00,ややガッツリ,0.76,温かい,1.00,15〜30分,0.67,false,0.88,true,0.98,false,0.86,false,0.96,time_tag,2944,"{""core"": {""dish_shape"": {""choice"": ""noodle"", ""confidence"": 1.0, ""probabilities"": {""bowl"": 0.0, ""bread"": 0.0, ""main"": 0.0, ""noodle"": 1.0, ""other"": 0.0, ""rice_other"": 0.0, ""stew"": 0.0}, ""type"": ""choice""}, ""genre"": {""choice"": ""yoshoku"", ""confidence"": 1.0, ""probabilities"": {""chuka"": 0.0, ""korean"": 0.0, ""other"": 0.0, ""washoku"": 0.0, ""yoshoku"": 1.0}, ""type"": ""choice""}, ""is_single_recipe"": {""noul"": 0.8, ""type"": ""noul""}, ""main_ingredient"": {""choice"": ""other"", ""confidence"": 1.0, ""probabilities"": {""egg"": 0.0, ""fish"": 0.0, ""meat"": 0.0, ""other"": 1.0, ""soy"": 0.0, ""vegetable"": 0.0}, ""type"": ""choice""}, ""staple"": {""choice"": ""noodle"", ""confidence"": 1.0, ""probabilities"": {""bread"": 0.0, ""noodle"": 1.0, ""other"": 0.0, ""rice"": 0.0}, ""type"": ""choice""}, ""taste_tag"": {""choice"": ""semi_rich"", ""confidence"": 0.76, ""probabilities"": {""light"": 0.16, ""rich"": 0.0, ""semi_light"": 0.02, ""semi_rich"": 0.82}, ""type"": ""choice""}}, ""workload"": {""temperature_tag"": {""choice"": ""warm"", ""confidence"": 1.0, ""probabilities"": {""cold"": 0.0, ""warm"": 1.0}, ""type"": ""choice""}, ""time_tag"": {""choice"": ""min_15_30"", ""confidence"": 0.67, ""probabilities"": {""min_15_30"": 0.78, ""over_30"": 0.0, ""within_15"": 0.22}, ""type"": ""choice""}, ""uses_frying_pan"": {""noul"": 0.14, ""type"": ""noul""}, ""uses_heat_tag"": {""noul"": 0.98, ""type"": ""noul""}, ""uses_knife_tag"": {""noul"": 0.12, ""type"": ""noul""}, ""uses_microwave"": {""noul"": 0.04, ""type"": ""noul""}}}",
Z_OVCx3zUD8,シャキネバで簡単！納豆とろろパスタの作り方 ｜ How To Make Sticky Pasta,https://www.youtube.com/watch?v=Z_OVCx3zUD8,ok,needs_review,true,0.95,洋食,0.90,麺,1.00,麺料理,1.00,豆腐・大豆,0.89,ややガッツリ,0.56,温かい,0.89,15〜30分,0.78,false,0.52,true,0.97,false,0.84,false,0.93,taste_tag;uses_knife_tag,4706,"{""core"": {""dish_shape"": {""choice"": ""noodle"", ""confidence"": 1.0, ""probabilities"": {""bowl"": 0.0, ""bread"": 0.0, ""main"": 0.0, ""noodle"": 1.0, ""other"": 0.0, ""rice_other"": 0.0, ""stew"": 0.0}, ""type"": ""choice""}, ""genre"": {""choice"": ""yoshoku"", ""confidence"": 0.9, ""probabilities"": {""chuka"": 0.0, ""korean"": 0.0, ""other"": 0.0, ""washoku"": 0.08, ""yoshoku"": 0.92}, ""type"": ""choice""}, ""is_single_recipe"": {""noul"": 0.95, ""type"": ""noul""}, ""main_ingredient"": {""choice"": ""soy"", ""confidence"": 0.89, ""probabilities"": {""egg"": 0.0, ""fish"": 0.0, ""meat"": 0.0, ""other"": 0.09, ""soy"": 0.91, ""vegetable"": 0.0}, ""type"": ""choice""}, ""staple"": {""choice"": ""noodle"", ""confidence"": 1.0, ""probabilities"": {""bread"": 0.0, ""noodle"": 1.0, ""other"": 0.0, ""rice"": 0.0}, ""type"": ""choice""}, ""taste_tag"": {""choice"": ""semi_rich"", ""confidence"": 0.56, ""probabilities"": {""light"": 0.02, ""rich"": 0.01, ""semi_light"": 0.31, ""semi_rich"": 0.66}, ""type"": ""choice""}}, ""workload"": {""temperature_tag"": {""choice"": ""warm"", ""confidence"": 0.89, ""probabilities"": {""cold"": 0.05, ""warm"": 0.95}, ""type"": ""choice""}, ""time_tag"": {""choice"": ""min_15_30"", ""confidence"": 0.78, ""probabilities"": {""min_15_30"": 0.85, ""over_30"": 0.0, ""within_15"": 0.15}, ""type"": ""choice""}, ""uses_frying_pan"": {""noul"": 0.16, ""type"": ""noul""}, ""uses_heat_tag"": {""noul"": 0.97, ""type"": ""noul""}, ""uses_knife_tag"": {""noul"": 0.48, ""type"": ""noul""}, ""uses_microwave"": {""noul"": 0.07, ""type"": ""noul""}}}",
Oo1dKd9qZoE,【暴力的旨み🍝】牡蠣のペペロンチーノが最高すぎます。 #パスタ #レシピ #ペペロンチーノ #料理 #ワンパンパスタ #shorts,https://www.youtube.com/watch?v=Oo1dKd9qZoE,ok,needs_review,true,0.82,洋食,1.00,麺,1.00,麺料理,1.00,魚,0.97,ややガッツリ,0.90,温かい,1.00,15〜30分,0.98,false,0.58,true,0.98,true,0.97,false,0.96,uses_knife_tag,2610,"{""core"": {""dish_shape"": {""choice"": ""noodle"", ""confidence"": 1.0, ""probabilities"": {""bowl"": 0.0, ""bread"": 0.0, ""main"": 0.0, ""noodle"": 1.0, ""other"": 0.0, ""rice_other"": 0.0, ""stew"": 0.0}, ""type"": ""choice""}, ""genre"": {""choice"": ""yoshoku"", ""confidence"": 1.0, ""probabilities"": {""chuka"": 0.0, ""korean"": 0.0, ""other"": 0.0, ""washoku"": 0.0, ""yoshoku"": 1.0}, ""type"": ""choice""}, ""is_single_recipe"": {""noul"": 0.82, ""type"": ""noul""}, ""main_ingredient"": {""choice"": ""fish"", ""confidence"": 0.97, ""probabilities"": {""egg"": 0.0, ""fish"": 0.98, ""meat"": 0.0, ""other"": 0.02, ""soy"": 0.0, ""vegetable"": 0.0}, ""type"": ""choice""}, ""staple"": {""choice"": ""noodle"", ""confidence"": 1.0, ""probabilities"": {""bread"": 0.0, ""noodle"": 1.0, ""other"": 0.0, ""rice"": 0.0}, ""type"": ""choice""}, ""taste_tag"": {""choice"": ""semi_rich"", ""confidence"": 0.9, ""probabilities"": {""light"": 0.0, ""rich"": 0.06, ""semi_light"": 0.01, ""semi_rich"": 0.93}, ""type"": ""choice""}}, ""workload"": {""temperature_tag"": {""choice"": ""warm"", ""confidence"": 1.0, ""probabilities"": {""cold"": 0.0, ""warm"": 1.0}, ""type"": ""choice""}, ""time_tag"": {""choice"": ""min_15_30"", ""confidence"": 0.98, ""probabilities"": {""min_15_30"": 0.99, ""over_30"": 0.0, ""within_15"": 0.01}, ""type"": ""choice""}, ""uses_frying_pan"": {""noul"": 0.97, ""type"": ""noul""}, ""uses_heat_tag"": {""noul"": 0.98, ""type"": ""noul""}, ""uses_knife_tag"": {""noul"": 0.42, ""type"": ""noul""}, ""uses_microwave"": {""noul"": 0.04, ""type"": ""noul""}}}",
UMlsQwHQz3Y,Q「お手軽パスタ料理ない？」に全力で答える伊東ライフ #shorts #伊東ライフ,https://www.youtube.com/watch?v=UMlsQwHQz3Y,ok,needs_review,true,0.51,洋食,0.99,麺,1.00,麺料理,0.99,その他,1.00,ややガッツリ,0.95,温かい,1.00,15〜30分,0.99,false,0.66,true,0.94,false,0.71,false,0.94,is_single_recipe;uses_knife_tag;uses_frying_pan,2638,"{""core"": {""dish_shape"": {""choice"": ""noodle"", ""confidence"": 0.99, ""probabilities"": {""bowl"": 0.0, ""bread"": 0.0, ""main"": 0.0, ""noodle"": 0.99, ""other"": 0.01, ""rice_other"": 0.0, ""stew"": 0.0}, ""type"": ""choice""}, ""genre"": {""choice"": ""yoshoku"", ""confidence"": 0.99, ""probabilities"": {""chuka"": 0.0, ""korean"": 0.0, ""other"": 0.01, ""washoku"": 0.0, ""yoshoku"": 0.99}, ""type"": ""choice""}, ""is_single_recipe"": {""noul"": 0.51, ""type"": ""noul""}, ""main_ingredient"": {""choice"": ""other"", ""confidence"": 1.0, ""probabilities"": {""egg"": 0.0, ""fish"": 0.0, ""meat"": 0.0, ""other"": 1.0, ""soy"": 0.0, ""vegetable"": 0.0}, ""type"": ""choice""}, ""staple"": {""choice"": ""noodle"", ""confidence"": 1.0, ""probabilities"": {""bread"": 0.0, ""noodle"": 1.0, ""other"": 0.0, ""rice"": 0.0}, ""type"": ""choice""}, ""taste_tag"": {""choice"": ""semi_rich"", ""confidence"": 0.95, ""probabilities"": {""light"": 0.01, ""rich"": 0.0, ""semi_light"": 0.03, ""semi_rich"": 0.96}, ""type"": ""choice""}}, ""workload"": {""temperature_tag"": {""choice"": ""warm"", ""confidence"": 1.0, ""probabilities"": {""cold"": 0.0, ""warm"": 1.0}, ""type"": ""choice""}, ""time_tag"": {""choice"": ""min_15_30"", ""confidence"": 0.99, ""probabilities"": {""min_15_30"": 0.99, ""over_30"": 0.0, ""within_15"": 0.01}, ""type"": ""choice""}, ""uses_frying_pan"": {""noul"": 0.29, ""type"": ""noul""}, ""uses_heat_tag"": {""noul"": 0.94, ""type"": ""noul""}, ""uses_knife_tag"": {""noul"": 0.34, ""type"": ""noul""}, ""uses_microwave"": {""noul"": 0.06, ""type"": ""noul""}}}",
43R02J1dojg,本場イタリア式カルボナーラの作り方,https://www.youtube.com/watch?v=43R02J1dojg,ok,needs_review,true,0.82,洋食,1.00,麺,1.00,麺料理,1.00,その他,0.45,ガッツリ,0.91,温かい,1.00,15〜30分,0.99,true,0.51,true,0.97,true,0.77,false,0.95,main_ingredient;uses_knife_tag,2516,"{""core"": {""dish_shape"": {""choice"": ""noodle"", ""confidence"": 1.0, ""probabilities"": {""bowl"": 0.0, ""bread"": 0.0, ""main"": 0.0, ""noodle"": 1.0, ""other"": 0.0, ""rice_other"": 0.0, ""stew"": 0.0}, ""type"": ""choice""}, ""genre"": {""choice"": ""yoshoku"", ""confidence"": 1.0, ""probabilities"": {""chuka"": 0.0, ""korean"": 0.0, ""other"": 0.0, ""washoku"": 0.0, ""yoshoku"": 1.0}, ""type"": ""choice""}, ""is_single_recipe"": {""noul"": 0.82, ""type"": ""noul""}, ""main_ingredient"": {""choice"": ""other"", ""confidence"": 0.45, ""probabilities"": {""egg"": 0.19, ""fish"": 0.0, ""meat"": 0.26, ""other"": 0.55, ""soy"": 0.0, ""vegetable"": 0.0}, ""type"": ""choice""}, ""staple"": {""choice"": ""noodle"", ""confidence"": 1.0, ""probabilities"": {""bread"": 0.0, ""noodle"": 1.0, ""other"": 0.0, ""rice"": 0.0}, ""type"": ""choice""}, ""taste_tag"": {""choice"": ""rich"", ""confidence"": 0.91, ""probabilities"": {""light"": 0.0, ""rich"": 0.93, ""semi_light"": 0.0, ""semi_rich"": 0.07}, ""type"": ""choice""}}, ""workload"": {""temperature_tag"": {""choice"": ""warm"", ""confidence"": 1.0, ""probabilities"": {""cold"": 0.0, ""warm"": 1.0}, ""type"": ""choice""}, ""time_tag"": {""choice"": ""min_15_30"", ""confidence"": 0.99, ""probabilities"": {""min_15_30"": 1.0, ""over_30"": 0.0, ""within_15"": 0.0}, ""type"": ""choice""}, ""uses_frying_pan"": {""noul"": 0.77, ""type"": ""noul""}, ""uses_heat_tag"": {""noul"": 0.97, ""type"": ""noul""}, ""uses_knife_tag"": {""noul"": 0.51, ""type"": ""noul""}, ""uses_microwave"": {""noul"": 0.05, ""type"": ""noul""}}}",
6vCbC1LF77o,カチョ・エ・ペペ,https://www.youtube.com/watch?v=6vCbC1LF77o,ok,needs_review,true,0.96,洋食,1.00,麺,1.00,麺料理,1.00,その他,1.00,ガッツリ,0.67,温かい,1.00,15分以内,0.89,false,0.86,true,0.99,true,0.99,false,0.97,taste_tag,4374,"{""core"": {""dish_shape"": {""choice"": ""noodle"", ""confidence"": 1.0, ""probabilities"": {""bowl"": 0.0, ""bread"": 0.0, ""main"": 0.0, ""noodle"": 1.0, ""other"": 0.0, ""rice_other"": 0.0, ""stew"": 0.0}, ""type"": ""choice""}, ""genre"": {""choice"": ""yoshoku"", ""confidence"": 1.0, ""probabilities"": {""chuka"": 0.0, ""korean"": 0.0, ""other"": 0.0, ""washoku"": 0.0, ""yoshoku"": 1.0}, ""type"": ""choice""}, ""is_single_recipe"": {""noul"": 0.96, ""type"": ""noul""}, ""main_ingredient"": {""choice"": ""other"", ""confidence"": 1.0, ""probabilities"": {""egg"": 0.0, ""fish"": 0.0, ""meat"": 0.0, ""other"": 1.0, ""soy"": 0.0, ""vegetable"": 0.0}, ""type"": ""choice""}, ""staple"": {""choice"": ""noodle"", ""confidence"": 1.0, ""probabilities"": {""bread"": 0.0, ""noodle"": 1.0, ""other"": 0.0, ""rice"": 0.0}, ""type"": ""choice""}, ""taste_tag"": {""choice"": ""rich"", ""confidence"": 0.67, ""probabilities"": {""light"": 0.0, ""rich"": 0.75, ""semi_light"": 0.0, ""semi_rich"": 0.25}, ""type"": ""choice""}}, ""workload"": {""temperature_tag"": {""choice"": ""warm"", ""confidence"": 1.0, ""probabilities"": {""cold"": 0.0, ""warm"": 1.0}, ""type"": ""choice""}, ""time_tag"": {""choice"": ""within_15"", ""confidence"": 0.89, ""probabilities"": {""min_15_30"": 0.07, ""over_30"": 0.0, ""within_15"": 0.93}, ""type"": ""choice""}, ""uses_frying_pan"": {""noul"": 0.99, ""type"": ""noul""}, ""uses_heat_tag"": {""noul"": 0.99, ""type"": ""noul""}, ""uses_knife_tag"": {""noul"": 0.14, ""type"": ""noul""}, ""uses_microwave"": {""noul"": 0.03, ""type"": ""noul""}}}",
ELIPbEvZBW8,【レンチンだけでできる！】冷凍うどん３選,https://www.youtube.com/watch?v=ELIPbEvZBW8,ok,exclude_candidate,false,0.90,和食,0.86,麺,1.00,麺料理,1.00,その他,0.94,ガッツリ,0.74,温かい,1.00,15分以内,0.99,false,0.85,true,0.98,false,0.84,true,0.98,taste_tag,4158,"{""core"": {""dish_shape"": {""choice"": ""noodle"", ""confidence"": 1.0, ""probabilities"": {""bowl"": 0.0, ""bread"": 0.0, ""main"": 0.0, ""noodle"": 1.0, ""other"": 0.0, ""rice_other"": 0.0, ""stew"": 0.0}, ""type"": ""choice""}, ""genre"": {""choice"": ""washoku"", ""confidence"": 0.86, ""probabilities"": {""chuka"": 0.0, ""korean"": 0.01, ""other"": 0.03, ""washoku"": 0.89, ""yoshoku"": 0.07}, ""type"": ""choice""}, ""is_single_recipe"": {""noul"": 0.1, ""type"": ""noul""}, ""main_ingredient"": {""choice"": ""other"", ""confidence"": 0.94, ""probabilities"": {""egg"": 0.0, ""fish"": 0.0, ""meat"": 0.05, ""other"": 0.95, ""soy"": 0.0, ""vegetable"": 0.0}, ""type"": ""choice""}, ""staple"": {""choice"": ""noodle"", ""confidence"": 1.0, ""probabilities"": {""bread"": 0.0, ""noodle"": 1.0, ""other"": 0.0, ""rice"": 0.0}, ""type"": ""choice""}, ""taste_tag"": {""choice"": ""rich"", ""confidence"": 0.74, ""probabilities"": {""light"": 0.0, ""rich"": 0.8, ""semi_light"": 0.0, ""semi_rich"": 0.2}, ""type"": ""choice""}}, ""workload"": {""temperature_tag"": {""choice"": ""warm"", ""confidence"": 1.0, ""probabilities"": {""cold"": 0.0, ""warm"": 1.0}, ""type"": ""choice""}, ""time_tag"": {""choice"": ""within_15"", ""confidence"": 0.99, ""probabilities"": {""min_15_30"": 0.01, ""over_30"": 0.0, ""within_15"": 0.99}, ""type"": ""choice""}, ""uses_frying_pan"": {""noul"": 0.16, ""type"": ""noul""}, ""uses_heat_tag"": {""noul"": 0.98, ""type"": ""noul""}, ""uses_knife_tag"": {""noul"": 0.15, ""type"": ""noul""}, ""uses_microwave"": {""noul"": 0.98, ""type"": ""noul""}}}",
uDxFTpNXnRA,懐かしの昭和の味！笠原流【焼きうどん】,https://www.youtube.com/watch?v=uDxFTpNXnRA,ok,needs_review,true,0.77,和食,0.89,麺,1.00,麺料理,1.00,その他,1.00,ややガッツリ,0.74,温かい,1.00,15分以内,0.95,true,0.52,true,0.98,true,0.96,false,0.95,taste_tag;uses_knife_tag,2892,"{""core"": {""dish_shape"": {""choice"": ""noodle"", ""confidence"": 1.0, ""probabilities"": {""bowl"": 0.0, ""bread"": 0.0, ""main"": 0.0, ""noodle"": 1.0, ""other"": 0.0, ""rice_other"": 0.0, ""stew"": 0.0}, ""type"": ""choice""}, ""genre"": {""choice"": ""washoku"", ""confidence"": 0.89, ""probabilities"": {""chuka"": 0.08, ""korean"": 0.0, ""other"": 0.0, ""washoku"": 0.92, ""yoshoku"": 0.0}, ""type"": ""choice""}, ""is_single_recipe"": {""noul"": 0.77, ""type"": ""noul""}, ""main_ingredient"": {""choice"": ""other"", ""confidence"": 1.0, ""probabilities"": {""egg"": 0.0, ""fish"": 0.0, ""meat"": 0.0, ""other"": 1.0, ""soy"": 0.0, ""vegetable"": 0.0}, ""type"": ""choice""}, ""staple"": {""choice"": ""noodle"", ""confidence"": 1.0, ""probabilities"": {""bread"": 0.0, ""noodle"": 1.0, ""other"": 0.0, ""rice"": 0.0}, ""type"": ""choice""}, ""taste_tag"": {""choice"": ""semi_rich"", ""confidence"": 0.74, ""probabilities"": {""light"": 0.0, ""rich"": 0.19, ""semi_light"": 0.0, ""semi_rich"": 0.81}, ""type"": ""choice""}}, ""workload"": {""temperature_tag"": {""choice"": ""warm"", ""confidence"": 1.0, ""probabilities"": {""cold"": 0.0, ""warm"": 1.0}, ""type"": ""choice""}, ""time_tag"": {""choice"": ""within_15"", ""confidence"": 0.95, ""probabilities"": {""min_15_30"": 0.03, ""over_30"": 0.0, ""within_15"": 0.97}, ""type"": ""choice""}, ""uses_frying_pan"": {""noul"": 0.96, ""type"": ""noul""}, ""uses_heat_tag"": {""noul"": 0.98, ""type"": ""noul""}, ""uses_knife_tag"": {""noul"": 0.52, ""type"": ""noul""}, ""uses_microwave"": {""noul"": 0.05, ""type"": ""noul""}}}",
7yJ4smaiswI,日本ではそばメシが有名ですが実は一番ウマいのはうどんを刻んでご飯と炒めたうどんメシでした #shorts #リュウジ #うどん #丸亀製麺 #レシピ #料理 #バズレシピ,https://www.youtube.com/watch?v=7yJ4smaiswI,ok,needs_review,true,0.60,和食,0.86,ご飯,0.59,丼以外のご飯もの,0.95,その他,0.94,ややガッツリ,0.51,温かい,1.00,15分以内,0.89,true,0.80,true,0.99,true,0.98,false,0.96,is_single_recipe;staple;taste_tag,5400,"{""core"": {""dish_shape"": {""choice"": ""rice_other"", ""confidence"": 0.95, ""probabilities"": {""bowl"": 0.0, ""bread"": 0.0, ""main"": 0.0, ""noodle"": 0.04, ""other"": 0.0, ""rice_other"": 0.96, ""stew"": 0.0}, ""type"": ""choice""}, ""genre"": {""choice"": ""washoku"", ""confidence"": 0.86, ""probabilities"": {""chuka"": 0.1, ""korean"": 0.0, ""other"": 0.0, ""washoku"": 0.89, ""yoshoku"": 0.01}, ""type"": ""choice""}, ""is_single_recipe"": {""noul"": 0.6, ""type"": ""noul""}, ""main_ingredient"": {""choice"": ""other"", ""confidence"": 0.94, ""probabilities"": {""egg"": 0.0, ""fish"": 0.0, ""meat"": 0.05, ""other"": 0.95, ""soy"": 0.0, ""vegetable"": 0.0}, ""type"": ""choice""}, ""staple"": {""choice"": ""rice"", ""confidence"": 0.59, ""probabilities"": {""bread"": 0.0, ""noodle"": 0.31, ""other"": 0.0, ""rice"": 0.69}, ""type"": ""choice""}, ""taste_tag"": {""choice"": ""semi_rich"", ""confidence"": 0.51, ""probabilities"": {""light"": 0.0, ""rich"": 0.37, ""semi_light"": 0.0, ""semi_rich"": 0.63}, ""type"": ""choice""}}, ""workload"": {""temperature_tag"": {""choice"": ""warm"", ""confidence"": 1.0, ""probabilities"": {""cold"": 0.0, ""warm"": 1.0}, ""type"": ""choice""}, ""time_tag"": {""choice"": ""within_15"", ""confidence"": 0.89, ""probabilities"": {""min_15_30"": 0.07, ""over_30"": 0.0, ""within_15"": 0.93}, ""type"": ""choice""}, ""uses_frying_pan"": {""noul"": 0.98, ""type"": ""noul""}, ""uses_heat_tag"": {""noul"": 0.99, ""type"": ""noul""}, ""uses_knife_tag"": {""noul"": 0.8, ""type"": ""noul""}, ""uses_microwave"": {""noul"": 0.04, ""type"": ""noul""}}}",
kTUGFKhWjAY,降臨・三重の味噌焼きうどん #shorts #udon,https://www.youtube.com/watch?v=kTUGFKhWjAY,ok,needs_review,true,0.81,和食,1.00,麺,1.00,麺料理,1.00,その他,0.88,ガッツリ,0.41,温かい,1.00,15分以内,0.98,true,0.53,true,0.98,true,0.96,false,0.95,taste_tag;uses_knife_tag,2852,"{""core"": {""dish_shape"": {""choice"": ""noodle"", ""confidence"": 1.0, ""probabilities"": {""bowl"": 0.0, ""bread"": 0.0, ""main"": 0.0, ""noodle"": 1.0, ""other"": 0.0, ""rice_other"": 0.0, ""stew"": 0.0}, ""type"": ""choice""}, ""genre"": {""choice"": ""washoku"", ""confidence"": 1.0, ""probabilities"": {""chuka"": 0.0, ""korean"": 0.0, ""other"": 0.0, ""washoku"": 1.0, ""yoshoku"": 0.0}, ""type"": ""choice""}, ""is_single_recipe"": {""noul"": 0.81, ""type"": ""noul""}, ""main_ingredient"": {""choice"": ""other"", ""confidence"": 0.88, ""probabilities"": {""egg"": 0.0, ""fish"": 0.0, ""meat"": 0.06, ""other"": 0.91, ""soy"": 0.03, ""vegetable"": 0.0}, ""type"": ""choice""}, ""staple"": {""choice"": ""noodle"", ""confidence"": 1.0, ""probabilities"": {""bread"": 0.0, ""noodle"": 1.0, ""other"": 0.0, ""rice"": 0.0}, ""type"": ""choice""}, ""taste_tag"": {""choice"": ""rich"", ""confidence"": 0.41, ""probabilities"": {""light"": 0.0, ""rich"": 0.56, ""semi_light"": 0.0, ""semi_rich"": 0.44}, ""type"": ""choice""}}, ""workload"": {""temperature_tag"": {""choice"": ""warm"", ""confidence"": 1.0, ""probabilities"": {""cold"": 0.0, ""warm"": 1.0}, ""type"": ""choice""}, ""time_tag"": {""choice"": ""within_15"", ""confidence"": 0.98, ""probabilities"": {""min_15_30"": 0.01, ""over_30"": 0.0, ""within_15"": 0.99}, ""type"": ""choice""}, ""uses_frying_pan"": {""noul"": 0.96, ""type"": ""noul""}, ""uses_heat_tag"": {""noul"": 0.98, ""type"": ""noul""}, ""uses_knife_tag"": {""noul"": 0.53, ""type"": ""noul""}, ""uses_microwave"": {""noul"": 0.05, ""type"": ""noul""}}}",
9czzyXalWuE,【簡単】レンチン5分。とんこつ風うどんの作り方 #うどん #時短レシピ,https://www.youtube.com/watch?v=9czzyXalWuE,ok,needs_review,true,0.86,和食,1.00,麺,1.00,麺料理,1.00,その他,0.91,ガッツリ,0.54,温かい,1.00,15分以内,1.00,false,0.78,true,0.98,false,0.93,true,0.98,taste_tag,2540,"{""core"": {""dish_shape"": {""choice"": ""noodle"", ""confidence"": 1.0, ""probabilities"": {""bowl"": 0.0, ""bread"": 0.0, ""main"": 0.0, ""noodle"": 1.0, ""other"": 0.0, ""rice_other"": 0.0, ""stew"": 0.0}, ""type"": ""choice""}, ""genre"": {""choice"": ""washoku"", ""confidence"": 1.0, ""probabilities"": {""chuka"": 0.0, ""korean"": 0.0, ""other"": 0.0, ""washoku"": 1.0, ""yoshoku"": 0.0}, ""type"": ""choice""}, ""is_single_recipe"": {""noul"": 0.86, ""type"": ""noul""}, ""main_ingredient"": {""choice"": ""other"", ""confidence"": 0.91, ""probabilities"": {""egg"": 0.0, ""fish"": 0.0, ""meat"": 0.07, ""other"": 0.93, ""soy"": 0.0, ""vegetable"": 0.0}, ""type"": ""choice""}, ""staple"": {""choice"": ""noodle"", ""confidence"": 1.0, ""probabilities"": {""bread"": 0.0, ""noodle"": 1.0, ""other"": 0.0, ""rice"": 0.0}, ""type"": ""choice""}, ""taste_tag"": {""choice"": ""rich"", ""confidence"": 0.54, ""probabilities"": {""light"": 0.0, ""rich"": 0.66, ""semi_light"": 0.0, ""semi_rich"": 0.34}, ""type"": ""choice""}}, ""workload"": {""temperature_tag"": {""choice"": ""warm"", ""confidence"": 1.0, ""probabilities"": {""cold"": 0.0, ""warm"": 1.0}, ""type"": ""choice""}, ""time_tag"": {""choice"": ""within_15"", ""confidence"": 1.0, ""probabilities"": {""min_15_30"": 0.0, ""over_30"": 0.0, ""within_15"": 1.0}, ""type"": ""choice""}, ""uses_frying_pan"": {""noul"": 0.07, ""type"": ""noul""}, ""uses_heat_tag"": {""noul"": 0.98, ""type"": ""noul""}, ""uses_knife_tag"": {""noul"": 0.22, ""type"": ""noul""}, ""uses_microwave"": {""noul"": 0.98, ""type"": ""noul""}}}",
01cB8AlZ1yY,【冷たいうどん弁当】茄子の焼き浸しぶっかけうどん #shorts,https://www.youtube.com/watch?v=01cB8AlZ1yY,ok,needs_review,true,0.95,和食,1.00,麺,1.00,麺料理,1.00,野菜中心,0.71,ややあっさり,0.34,冷たい,1.00,15分以内,0.67,true,0.98,true,0.99,true,0.98,true,0.98,main_ingredient;taste_tag;time_tag,4214,"{""core"": {""dish_shape"": {""choice"": ""noodle"", ""confidence"": 1.0, ""probabilities"": {""bowl"": 0.0, ""bread"": 0.0, ""main"": 0.0, ""noodle"": 1.0, ""other"": 0.0, ""rice_other"": 0.0, ""stew"": 0.0}, ""type"": ""choice""}, ""genre"": {""choice"": ""washoku"", ""confidence"": 1.0, ""probabilities"": {""chuka"": 0.0, ""korean"": 0.0, ""other"": 0.0, ""washoku"": 1.0, ""yoshoku"": 0.0}, ""type"": ""choice""}, ""is_single_recipe"": {""noul"": 0.95, ""type"": ""noul""}, ""main_ingredient"": {""choice"": ""vegetable"", ""confidence"": 0.71, ""probabilities"": {""egg"": 0.0, ""fish"": 0.0, ""meat"": 0.0, ""other"": 0.24, ""soy"": 0.0, ""vegetable"": 0.76}, ""type"": ""choice""}, ""staple"": {""choice"": ""noodle"", ""confidence"": 1.0, ""probabilities"": {""bread"": 0.0, ""noodle"": 1.0, ""other"": 0.0, ""rice"": 0.0}, ""type"": ""choice""}, ""taste_tag"": {""choice"": ""semi_light"", ""confidence"": 0.34, ""probabilities"": {""light"": 0.08, ""rich"": 0.0, ""semi_light"": 0.51, ""semi_rich"": 0.41}, ""type"": ""choice""}}, ""workload"": {""temperature_tag"": {""choice"": ""cold"", ""confidence"": 1.0, ""probabilities"": {""cold"": 1.0, ""warm"": 0.0}, ""type"": ""choice""}, ""time_tag"": {""choice"": ""within_15"", ""confidence"": 0.67, ""probabilities"": {""min_15_30"": 0.2, ""over_30"": 0.02, ""within_15"": 0.78}, ""type"": ""choice""}, ""uses_frying_pan"": {""noul"": 0.98, ""type"": ""noul""}, ""uses_heat_tag"": {""noul"": 0.99, ""type"": ""noul""}, ""uses_knife_tag"": {""noul"": 0.98, ""type"": ""noul""}, ""uses_microwave"": {""noul"": 0.98, ""type"": ""noul""}}}",
ZCzQtMG7jt0,煮れば煮るほど美味しい！もつ煮込みうどん,https://www.youtube.com/watch?v=ZCzQtMG7jt0,ok,needs_review,true,0.96,和食,1.00,麺,1.00,麺料理,0.89,肉,0.83,ガッツリ,0.67,温かい,1.00,15分以内,0.98,false,0.89,true,0.99,false,0.86,false,0.97,taste_tag,3274,"{""core"": {""dish_shape"": {""choice"": ""noodle"", ""confidence"": 0.89, ""probabilities"": {""bowl"": 0.0, ""bread"": 0.0, ""main"": 0.0, ""noodle"": 0.91, ""other"": 0.0, ""rice_other"": 0.0, ""stew"": 0.09}, ""type"": ""choice""}, ""genre"": {""choice"": ""washoku"", ""confidence"": 1.0, ""probabilities"": {""chuka"": 0.0, ""korean"": 0.0, ""other"": 0.0, ""washoku"": 1.0, ""yoshoku"": 0.0}, ""type"": ""choice""}, ""is_single_recipe"": {""noul"": 0.96, ""type"": ""noul""}, ""main_ingredient"": {""choice"": ""meat"", ""confidence"": 0.83, ""probabilities"": {""egg"": 0.0, ""fish"": 0.0, ""meat"": 0.86, ""other"": 0.14, ""soy"": 0.0, ""vegetable"": 0.0}, ""type"": ""choice""}, ""staple"": {""choice"": ""noodle"", ""confidence"": 1.0, ""probabilities"": {""bread"": 0.0, ""noodle"": 1.0, ""other"": 0.0, ""rice"": 0.0}, ""type"": ""choice""}, ""taste_tag"": {""choice"": ""rich"", ""confidence"": 0.67, ""probabilities"": {""light"": 0.0, ""rich"": 0.76, ""semi_light"": 0.0, ""semi_rich"": 0.24}, ""type"": ""choice""}}, ""workload"": {""temperature_tag"": {""choice"": ""warm"", ""confidence"": 1.0, ""probabilities"": {""cold"": 0.0, ""warm"": 1.0}, ""type"": ""choice""}, ""time_tag"": {""choice"": ""within_15"", ""confidence"": 0.98, ""probabilities"": {""min_15_30"": 0.01, ""over_30"": 0.0, ""within_15"": 0.99}, ""type"": ""choice""}, ""uses_frying_pan"": {""noul"": 0.14, ""type"": ""noul""}, ""uses_heat_tag"": {""noul"": 0.99, ""type"": ""noul""}, ""uses_knife_tag"": {""noul"": 0.11, ""type"": ""noul""}, ""uses_microwave"": {""noul"": 0.03, ""type"": ""noul""}}}",
akU2tMBVEmM,【基本のレシピ】 ほっこりぽかぽか「かけうどん」のレシピと作り方,https://www.youtube.com/watch?v=akU2tMBVEmM,ok,needs_review,true,0.97,和食,1.00,麺,1.00,麺料理,1.00,その他,0.97,ややあっさり,0.63,温かい,1.00,15分以内,1.00,true,0.82,true,0.99,false,0.91,false,0.98,taste_tag,4026,"{""core"": {""dish_shape"": {""choice"": ""noodle"", ""confidence"": 1.0, ""probabilities"": {""bowl"": 0.0, ""bread"": 0.0, ""main"": 0.0, ""noodle"": 1.0, ""other"": 0.0, ""rice_other"": 0.0, ""stew"": 0.0}, ""type"": ""choice""}, ""genre"": {""choice"": ""washoku"", ""confidence"": 1.0, ""probabilities"": {""chuka"": 0.0, ""korean"": 0.0, ""other"": 0.0, ""washoku"": 1.0, ""yoshoku"": 0.0}, ""type"": ""choice""}, ""is_single_recipe"": {""noul"": 0.97, ""type"": ""noul""}, ""main_ingredient"": {""choice"": ""other"", ""confidence"": 0.97, ""probabilities"": {""egg"": 0.0, ""fish"": 0.02, ""meat"": 0.0, ""other"": 0.98, ""soy"": 0.0, ""vegetable"": 0.0}, ""type"": ""choice""}, ""staple"": {""choice"": ""noodle"", ""confidence"": 1.0, ""probabilities"": {""bread"": 0.0, ""noodle"": 1.0, ""other"": 0.0, ""rice"": 0.0}, ""type"": ""choice""}, ""taste_tag"": {""choice"": ""semi_light"", ""confidence"": 0.63, ""probabilities"": {""light"": 0.26, ""rich"": 0.0, ""semi_light"": 0.73, ""semi_rich"": 0.01}, ""type"": ""choice""}}, ""workload"": {""temperature_tag"": {""choice"": ""warm"", ""confidence"": 1.0, ""probabilities"": {""cold"": 0.0, ""warm"": 1.0}, ""type"": ""choice""}, ""time_tag"": {""choice"": ""within_15"", ""confidence"": 1.0, ""probabilities"": {""min_15_30"": 0.0, ""over_30"": 0.0, ""within_15"": 1.0}, ""type"": ""choice""}, ""uses_frying_pan"": {""noul"": 0.09, ""type"": ""noul""}, ""uses_heat_tag"": {""noul"": 0.99, ""type"": ""noul""}, ""uses_knife_tag"": {""noul"": 0.82, ""type"": ""noul""}, ""uses_microwave"": {""noul"": 0.02, ""type"": ""noul""}}}",
F8EIVCRFQ_w,【超簡単6分】丸亀製麺風ぶっかけうどんの作り方！,https://www.youtube.com/watch?v=F8EIVCRFQ_w,ok,needs_review,true,0.90,和食,1.00,麺,1.00,麺料理,1.00,その他,1.00,ややあっさり,0.38,温かい,0.21,15分以内,1.00,false,0.60,true,0.97,false,0.86,false,0.94,taste_tag;temperature_tag;uses_knife_tag,2568,"{""core"": {""dish_shape"": {""choice"": ""noodle"", ""confidence"": 1.0, ""probabilities"": {""bowl"": 0.0, ""bread"": 0.0, ""main"": 0.0, ""noodle"": 1.0, ""other"": 0.0, ""rice_other"": 0.0, ""stew"": 0.0}, ""type"": ""choice""}, ""genre"": {""choice"": ""washoku"", ""confidence"": 1.0, ""probabilities"": {""chuka"": 0.0, ""korean"": 0.0, ""other"": 0.0, ""washoku"": 1.0, ""yoshoku"": 0.0}, ""type"": ""choice""}, ""is_single_recipe"": {""noul"": 0.9, ""type"": ""noul""}, ""main_ingredient"": {""choice"": ""other"", ""confidence"": 1.0, ""probabilities"": {""egg"": 0.0, ""fish"": 0.0, ""meat"": 0.0, ""other"": 1.0, ""soy"": 0.0, ""vegetable"": 0.0}, ""type"": ""choice""}, ""staple"": {""choice"": ""noodle"", ""confidence"": 1.0, ""probabilities"": {""bread"": 0.0, ""noodle"": 1.0, ""other"": 0.0, ""rice"": 0.0}, ""type"": ""choice""}, ""taste_tag"": {""choice"": ""semi_light"", ""confidence"": 0.38, ""probabilities"": {""light"": 0.23, ""rich"": 0.0, ""semi_light"": 0.54, ""semi_rich"": 0.23}, ""type"": ""choice""}}, ""workload"": {""temperature_tag"": {""choice"": ""warm"", ""confidence"": 0.21, ""probabilities"": {""cold"": 0.4, ""warm"": 0.6}, ""type"": ""choice""}, ""time_tag"": {""choice"": ""within_15"", ""confidence"": 1.0, ""probabilities"": {""min_15_30"": 0.0, ""over_30"": 0.0, ""within_15"": 1.0}, ""type"": ""choice""}, ""uses_frying_pan"": {""noul"": 0.14, ""type"": ""noul""}, ""uses_heat_tag"": {""noul"": 0.97, ""type"": ""noul""}, ""uses_knife_tag"": {""noul"": 0.4, ""type"": ""noul""}, ""uses_microwave"": {""noul"": 0.06, ""type"": ""noul""}}}",
dgUdKKKmMAo,【濃厚明太クリームうどん】生クリーム不要◎ワンパンですぐに作れちゃう絶品うどん♪,https://www.youtube.com/watch?v=dgUdKKKmMAo,ok,needs_review,true,0.96,和食,0.89,麺,1.00,麺料理,1.00,魚,0.96,ガッツリ,0.91,温かい,1.00,15分以内,1.00,true,0.95,true,0.99,true,0.98,false,0.54,uses_microwave,3484,"{""core"": {""dish_shape"": {""choice"": ""noodle"", ""confidence"": 1.0, ""probabilities"": {""bowl"": 0.0, ""bread"": 0.0, ""main"": 0.0, ""noodle"": 1.0, ""other"": 0.0, ""rice_other"": 0.0, ""stew"": 0.0}, ""type"": ""choice""}, ""genre"": {""choice"": ""washoku"", ""confidence"": 0.89, ""probabilities"": {""chuka"": 0.0, ""korean"": 0.0, ""other"": 0.0, ""washoku"": 0.92, ""yoshoku"": 0.08}, ""type"": ""choice""}, ""is_single_recipe"": {""noul"": 0.96, ""type"": ""noul""}, ""main_ingredient"": {""choice"": ""fish"", ""confidence"": 0.96, ""probabilities"": {""egg"": 0.0, ""fish"": 0.97, ""meat"": 0.0, ""other"": 0.03, ""soy"": 0.0, ""vegetable"": 0.0}, ""type"": ""choice""}, ""staple"": {""choice"": ""noodle"", ""confidence"": 1.0, ""probabilities"": {""bread"": 0.0, ""noodle"": 1.0, ""other"": 0.0, ""rice"": 0.0}, ""type"": ""choice""}, ""taste_tag"": {""choice"": ""rich"", ""confidence"": 0.91, ""probabilities"": {""light"": 0.0, ""rich"": 0.93, ""semi_light"": 0.0, ""semi_rich"": 0.07}, ""type"": ""choice""}}, ""workload"": {""temperature_tag"": {""choice"": ""warm"", ""confidence"": 1.0, ""probabilities"": {""cold"": 0.0, ""warm"": 1.0}, ""type"": ""choice""}, ""time_tag"": {""choice"": ""within_15"", ""confidence"": 1.0, ""probabilities"": {""min_15_30"": 0.0, ""over_30"": 0.0, ""within_15"": 1.0}, ""type"": ""choice""}, ""uses_frying_pan"": {""noul"": 0.98, ""type"": ""noul""}, ""uses_heat_tag"": {""noul"": 0.99, ""type"": ""noul""}, ""uses_knife_tag"": {""noul"": 0.95, ""type"": ""noul""}, ""uses_microwave"": {""noul"": 0.46, ""type"": ""noul""}}}",
LCuzKkgvbdY,絶対覚えたほうがいい。ほぼ違法なウマさなのに合法な焼きうどんの作り方#shorts,https://www.youtube.com/watch?v=LCuzKkgvbdY,ok,needs_review,true,0.85,和食,0.58,麺,1.00,麺料理,1.00,その他,1.00,ややガッツリ,0.52,温かい,1.00,15分以内,0.99,false,0.59,true,0.98,true,0.93,true,0.65,genre;taste_tag;uses_knife_tag;uses_microwave,3858,"{""core"": {""dish_shape"": {""choice"": ""noodle"", ""confidence"": 1.0, ""probabilities"": {""bowl"": 0.0, ""bread"": 0.0, ""main"": 0.0, ""noodle"": 1.0, ""other"": 0.0, ""rice_other"": 0.0, ""stew"": 0.0}, ""type"": ""choice""}, ""genre"": {""choice"": ""washoku"", ""confidence"": 0.58, ""probabilities"": {""chuka"": 0.33, ""korean"": 0.0, ""other"": 0.01, ""washoku"": 0.66, ""yoshoku"": 0.0}, ""type"": ""choice""}, ""is_single_recipe"": {""noul"": 0.85, ""type"": ""noul""}, ""main_ingredient"": {""choice"": ""other"", ""confidence"": 1.0, ""probabilities"": {""egg"": 0.0, ""fish"": 0.0, ""meat"": 0.0, ""other"": 1.0, ""soy"": 0.0, ""vegetable"": 0.0}, ""type"": ""choice""}, ""staple"": {""choice"": ""noodle"", ""confidence"": 1.0, ""probabilities"": {""bread"": 0.0, ""noodle"": 1.0, ""other"": 0.0, ""rice"": 0.0}, ""type"": ""choice""}, ""taste_tag"": {""choice"": ""semi_rich"", ""confidence"": 0.52, ""probabilities"": {""light"": 0.0, ""rich"": 0.36, ""semi_light"": 0.0, ""semi_rich"": 0.64}, ""type"": ""choice""}}, ""workload"": {""temperature_tag"": {""choice"": ""warm"", ""confidence"": 1.0, ""probabilities"": {""cold"": 0.0, ""warm"": 1.0}, ""type"": ""choice""}, ""time_tag"": {""choice"": ""within_15"", ""confidence"": 0.99, ""probabilities"": {""min_15_30"": 0.01, ""over_30"": 0.0, ""within_15"": 0.99}, ""type"": ""choice""}, ""uses_frying_pan"": {""noul"": 0.93, ""type"": ""noul""}, ""uses_heat_tag"": {""noul"": 0.98, ""type"": ""noul""}, ""uses_knife_tag"": {""noul"": 0.41, ""type"": ""noul""}, ""uses_microwave"": {""noul"": 0.65, ""type"": ""noul""}}}",
233vYdREkz0,粉から作るうどんがうまい気がする！ #うどん #手作り #お菓子作り #夏,https://www.youtube.com/watch?v=233vYdREkz0,ok,needs_review,true,0.66,和食,1.00,麺,1.00,麺料理,0.99,その他,1.00,あっさり,0.57,温かい,0.52,15分以内,0.83,false,0.56,true,0.93,false,0.83,false,0.93,is_single_recipe;taste_tag;temperature_tag;uses_knife_tag,2556,"{""core"": {""dish_shape"": {""choice"": ""noodle"", ""confidence"": 0.99, ""probabilities"": {""bowl"": 0.0, ""bread"": 0.0, ""main"": 0.0, ""noodle"": 0.99, ""other"": 0.01, ""rice_other"": 0.0, ""stew"": 0.0}, ""type"": ""choice""}, ""genre"": {""choice"": ""washoku"", ""confidence"": 1.0, ""probabilities"": {""chuka"": 0.0, ""korean"": 0.0, ""other"": 0.0, ""washoku"": 1.0, ""yoshoku"": 0.0}, ""type"": ""choice""}, ""is_single_recipe"": {""noul"": 0.66, ""type"": ""noul""}, ""main_ingredient"": {""choice"": ""other"", ""confidence"": 1.0, ""probabilities"": {""egg"": 0.0, ""fish"": 0.0, ""meat"": 0.0, ""other"": 1.0, ""soy"": 0.0, ""vegetable"": 0.0}, ""type"": ""choice""}, ""staple"": {""choice"": ""noodle"", ""confidence"": 1.0, ""probabilities"": {""bread"": 0.0, ""noodle"": 1.0, ""other"": 0.0, ""rice"": 0.0}, ""type"": ""choice""}, ""taste_tag"": {""choice"": ""light"", ""confidence"": 0.57, ""probabilities"": {""light"": 0.67, ""rich"": 0.0, ""semi_light"": 0.31, ""semi_rich"": 0.02}, ""type"": ""choice""}}, ""workload"": {""temperature_tag"": {""choice"": ""warm"", ""confidence"": 0.52, ""probabilities"": {""cold"": 0.24, ""warm"": 0.76}, ""type"": ""choice""}, ""time_tag"": {""choice"": ""within_15"", ""confidence"": 0.83, ""probabilities"": {""min_15_30"": 0.06, ""over_30"": 0.05, ""within_15"": 0.89}, ""type"": ""choice""}, ""uses_frying_pan"": {""noul"": 0.17, ""type"": ""noul""}, ""uses_heat_tag"": {""noul"": 0.93, ""type"": ""noul""}, ""uses_knife_tag"": {""noul"": 0.44, ""type"": ""noul""}, ""uses_microwave"": {""noul"": 0.07, ""type"": ""noul""}}}",
wI5xIvOVL3M,悪魔的にうまい明太釜玉うどんの作り方 #レシピ動画 #料理動画 #明太釜玉うどん #丸亀製麺,https://www.youtube.com/watch?v=wI5xIvOVL3M,ok,needs_review,true,0.81,和食,1.00,麺,1.00,麺料理,0.99,魚,0.92,ややガッツリ,0.77,温かい,0.98,15分以内,0.99,true,0.50,true,0.96,false,0.76,false,0.93,uses_knife_tag,2582,"{""core"": {""dish_shape"": {""choice"": ""noodle"", ""confidence"": 0.99, ""probabilities"": {""bowl"": 0.0, ""bread"": 0.0, ""main"": 0.0, ""noodle"": 1.0, ""other"": 0.0, ""rice_other"": 0.0, ""stew"": 0.0}, ""type"": ""choice""}, ""genre"": {""choice"": ""washoku"", ""confidence"": 1.0, ""probabilities"": {""chuka"": 0.0, ""korean"": 0.0, ""other"": 0.0, ""washoku"": 1.0, ""yoshoku"": 0.0}, ""type"": ""choice""}, ""is_single_recipe"": {""noul"": 0.81, ""type"": ""noul""}, ""main_ingredient"": {""choice"": ""fish"", ""confidence"": 0.92, ""probabilities"": {""egg"": 0.02, ""fish"": 0.9299999999999999, ""meat"": 0.0, ""other"": 0.05, ""soy"": 0.0, ""vegetable"": 0.0}, ""type"": ""choice""}, ""staple"": {""choice"": ""noodle"", ""confidence"": 1.0, ""probabilities"": {""bread"": 0.0, ""noodle"": 1.0, ""other"": 0.0, ""rice"": 0.0}, ""type"": ""choice""}, ""taste_tag"": {""choice"": ""semi_rich"", ""confidence"": 0.77, ""probabilities"": {""light"": 0.0, ""rich"": 0.15, ""semi_light"": 0.02, ""semi_rich"": 0.83}, ""type"": ""choice""}}, ""workload"": {""temperature_tag"": {""choice"": ""warm"", ""confidence"": 0.98, ""probabilities"": {""cold"": 0.01, ""warm"": 0.99}, ""type"": ""choice""}, ""time_tag"": {""choice"": ""within_15"", ""confidence"": 0.99, ""probabilities"": {""min_15_30"": 0.01, ""over_30"": 0.0, ""within_15"": 0.99}, ""type"": ""choice""}, ""uses_frying_pan"": {""noul"": 0.24, ""type"": ""noul""}, ""uses_heat_tag"": {""noul"": 0.96, ""type"": ""noul""}, ""uses_knife_tag"": {""noul"": 0.5, ""type"": ""noul""}, ""uses_microwave"": {""noul"": 0.07, ""type"": ""noul""}}}",
YrRkajPYqCI,【時短レシピ】明太子の冷製うどん #shorts #辛子明太子 #博多あごおとし #明太子 #簡単料理 #簡単レシピ #料理 #レシピ #お弁当 #冷凍うどん #冷たいうどん #明太子ソース,https://www.youtube.com/watch?v=YrRkajPYqCI,ok,needs_review,true,0.96,和食,1.00,麺,1.00,麺料理,1.00,魚,1.00,ややガッツリ,0.83,冷たい,1.00,15分以内,0.97,true,0.83,false,0.53,false,0.85,false,0.96,uses_heat_tag,4272,"{""core"": {""dish_shape"": {""choice"": ""noodle"", ""confidence"": 1.0, ""probabilities"": {""bowl"": 0.0, ""bread"": 0.0, ""main"": 0.0, ""noodle"": 1.0, ""other"": 0.0, ""rice_other"": 0.0, ""stew"": 0.0}, ""type"": ""choice""}, ""genre"": {""choice"": ""washoku"", ""confidence"": 1.0, ""probabilities"": {""chuka"": 0.0, ""korean"": 0.0, ""other"": 0.0, ""washoku"": 1.0, ""yoshoku"": 0.0}, ""type"": ""choice""}, ""is_single_recipe"": {""noul"": 0.96, ""type"": ""noul""}, ""main_ingredient"": {""choice"": ""fish"", ""confidence"": 1.0, ""probabilities"": {""egg"": 0.0, ""fish"": 1.0, ""meat"": 0.0, ""other"": 0.0, ""soy"": 0.0, ""vegetable"": 0.0}, ""type"": ""choice""}, ""staple"": {""choice"": ""noodle"", ""confidence"": 1.0, ""probabilities"": {""bread"": 0.0, ""noodle"": 1.0, ""other"": 0.0, ""rice"": 0.0}, ""type"": ""choice""}, ""taste_tag"": {""choice"": ""semi_rich"", ""confidence"": 0.83, ""probabilities"": {""light"": 0.01, ""rich"": 0.02, ""semi_light"": 0.1, ""semi_rich"": 0.87}, ""type"": ""choice""}}, ""workload"": {""temperature_tag"": {""choice"": ""cold"", ""confidence"": 1.0, ""probabilities"": {""cold"": 1.0, ""warm"": 0.0}, ""type"": ""choice""}, ""time_tag"": {""choice"": ""within_15"", ""confidence"": 0.97, ""probabilities"": {""min_15_30"": 0.02, ""over_30"": 0.0, ""within_15"": 0.98}, ""type"": ""choice""}, ""uses_frying_pan"": {""noul"": 0.15, ""type"": ""noul""}, ""uses_heat_tag"": {""noul"": 0.47, ""type"": ""noul""}, ""uses_knife_tag"": {""noul"": 0.83, ""type"": ""noul""}, ""uses_microwave"": {""noul"": 0.04, ""type"": ""noul""}}}",
c9zGLuziGyI,本格・釜揚げうどん #shorts #udon,https://www.youtube.com/watch?v=c9zGLuziGyI,ok,needs_review,true,0.52,和食,1.00,麺,1.00,麺料理,1.00,その他,1.00,あっさり,0.43,温かい,0.96,15分以内,0.96,false,0.70,true,0.98,false,0.91,false,0.97,is_single_recipe;taste_tag;uses_knife_tag,2928,"{""core"": {""dish_shape"": {""choice"": ""noodle"", ""confidence"": 1.0, ""probabilities"": {""bowl"": 0.0, ""bread"": 0.0, ""main"": 0.0, ""noodle"": 1.0, ""other"": 0.0, ""rice_other"": 0.0, ""stew"": 0.0}, ""type"": ""choice""}, ""genre"": {""choice"": ""washoku"", ""confidence"": 1.0, ""probabilities"": {""chuka"": 0.0, ""korean"": 0.0, ""other"": 0.0, ""washoku"": 1.0, ""yoshoku"": 0.0}, ""type"": ""choice""}, ""is_single_recipe"": {""noul"": 0.52, ""type"": ""noul""}, ""main_ingredient"": {""choice"": ""other"", ""confidence"": 1.0, ""probabilities"": {""egg"": 0.0, ""fish"": 0.0, ""meat"": 0.0, ""other"": 1.0, ""soy"": 0.0, ""vegetable"": 0.0}, ""type"": ""choice""}, ""staple"": {""choice"": ""noodle"", ""confidence"": 1.0, ""probabilities"": {""bread"": 0.0, ""noodle"": 1.0, ""other"": 0.0, ""rice"": 0.0}, ""type"": ""choice""}, ""taste_tag"": {""choice"": ""light"", ""confidence"": 0.43, ""probabilities"": {""light"": 0.57, ""rich"": 0.0, ""semi_light"": 0.39, ""semi_rich"": 0.04}, ""type"": ""choice""}}, ""workload"": {""temperature_tag"": {""choice"": ""warm"", ""confidence"": 0.96, ""probabilities"": {""cold"": 0.02, ""warm"": 0.98}, ""type"": ""choice""}, ""time_tag"": {""choice"": ""within_15"", ""confidence"": 0.96, ""probabilities"": {""min_15_30"": 0.02, ""over_30"": 0.01, ""within_15"": 0.97}, ""type"": ""choice""}, ""uses_frying_pan"": {""noul"": 0.09, ""type"": ""noul""}, ""uses_heat_tag"": {""noul"": 0.98, ""type"": ""noul""}, ""uses_knife_tag"": {""noul"": 0.3, ""type"": ""noul""}, ""uses_microwave"": {""noul"": 0.03, ""type"": ""noul""}}}",
e9sp4iZRc5U,永谷園の一番うめえ食べ方絶対これだろ。虚無松茸うどんがやばい #PR #永谷園,https://www.youtube.com/watch?v=e9sp4iZRc5U,ok,exclude_candidate,false,0.90,和食,0.96,麺,1.00,麺料理,1.00,その他,0.61,ややガッツリ,0.39,温かい,1.00,15分以内,0.93,true,0.53,true,0.97,true,0.70,true,0.61,main_ingredient;taste_tag;uses_knife_tag;uses_frying_pan;uses_microwave,5184,"{""core"": {""dish_shape"": {""choice"": ""noodle"", ""confidence"": 1.0, ""probabilities"": {""bowl"": 0.0, ""bread"": 0.0, ""main"": 0.0, ""noodle"": 1.0, ""other"": 0.0, ""rice_other"": 0.0, ""stew"": 0.0}, ""type"": ""choice""}, ""genre"": {""choice"": ""washoku"", ""confidence"": 0.96, ""probabilities"": {""chuka"": 0.03, ""korean"": 0.0, ""other"": 0.01, ""washoku"": 0.96, ""yoshoku"": 0.0}, ""type"": ""choice""}, ""is_single_recipe"": {""noul"": 0.1, ""type"": ""noul""}, ""main_ingredient"": {""choice"": ""other"", ""confidence"": 0.61, ""probabilities"": {""egg"": 0.0, ""fish"": 0.02, ""meat"": 0.0, ""other"": 0.67, ""soy"": 0.0, ""vegetable"": 0.31}, ""type"": ""choice""}, ""staple"": {""choice"": ""noodle"", ""confidence"": 1.0, ""probabilities"": {""bread"": 0.0, ""noodle"": 1.0, ""other"": 0.0, ""rice"": 0.0}, ""type"": ""choice""}, ""taste_tag"": {""choice"": ""semi_rich"", ""confidence"": 0.39, ""probabilities"": {""light"": 0.12, ""rich"": 0.11, ""semi_light"": 0.23, ""semi_rich"": 0.54}, ""type"": ""choice""}}, ""workload"": {""temperature_tag"": {""choice"": ""warm"", ""confidence"": 1.0, ""probabilities"": {""cold"": 0.0, ""warm"": 1.0}, ""type"": ""choice""}, ""time_tag"": {""choice"": ""within_15"", ""confidence"": 0.93, ""probabilities"": {""min_15_30"": 0.04, ""over_30"": 0.0, ""within_15"": 0.96}, ""type"": ""choice""}, ""uses_frying_pan"": {""noul"": 0.7, ""type"": ""noul""}, ""uses_heat_tag"": {""noul"": 0.97, ""type"": ""noul""}, ""uses_knife_tag"": {""noul"": 0.53, ""type"": ""noul""}, ""uses_microwave"": {""noul"": 0.61, ""type"": ""noul""}}}",
dYogWMSDWoY,【レンジで５分！混ぜるだけで絶品】やみつき混ぜうどんの作り方 #Shorts 【kattyanneru】,https://www.youtube.com/watch?v=dYogWMSDWoY,ok,needs_review,true,0.92,和食,0.98,麺,1.00,麺料理,1.00,その他,0.99,ややガッツリ,0.97,温かい,0.94,15分以内,1.00,false,0.52,true,0.98,false,0.89,true,0.97,uses_knife_tag,4150,"{""core"": {""dish_shape"": {""choice"": ""noodle"", ""confidence"": 1.0, ""probabilities"": {""bowl"": 0.0, ""bread"": 0.0, ""main"": 0.0, ""noodle"": 1.0, ""other"": 0.0, ""rice_other"": 0.0, ""stew"": 0.0}, ""type"": ""choice""}, ""genre"": {""choice"": ""washoku"", ""confidence"": 0.98, ""probabilities"": {""chuka"": 0.01, ""korean"": 0.0, ""other"": 0.0, ""washoku"": 0.99, ""yoshoku"": 0.0}, ""type"": ""choice""}, ""is_single_recipe"": {""noul"": 0.92, ""type"": ""noul""}, ""main_ingredient"": {""choice"": ""other"", ""confidence"": 0.99, ""probabilities"": {""egg"": 0.01, ""fish"": 0.0, ""meat"": 0.0, ""other"": 0.99, ""soy"": 0.0, ""vegetable"": 0.0}, ""type"": ""choice""}, ""staple"": {""choice"": ""noodle"", ""confidence"": 1.0, ""probabilities"": {""bread"": 0.0, ""noodle"": 1.0, ""other"": 0.0, ""rice"": 0.0}, ""type"": ""choice""}, ""taste_tag"": {""choice"": ""semi_rich"", ""confidence"": 0.97, ""probabilities"": {""light"": 0.0, ""rich"": 0.02, ""semi_light"": 0.0, ""semi_rich"": 0.98}, ""type"": ""choice""}}, ""workload"": {""temperature_tag"": {""choice"": ""warm"", ""confidence"": 0.94, ""probabilities"": {""cold"": 0.03, ""warm"": 0.97}, ""type"": ""choice""}, ""time_tag"": {""choice"": ""within_15"", ""confidence"": 1.0, ""probabilities"": {""min_15_30"": 0.0, ""over_30"": 0.0, ""within_15"": 1.0}, ""type"": ""choice""}, ""uses_frying_pan"": {""noul"": 0.11, ""type"": ""noul""}, ""uses_heat_tag"": {""noul"": 0.98, ""type"": ""noul""}, ""uses_knife_tag"": {""noul"": 0.48, ""type"": ""noul""}, ""uses_microwave"": {""noul"": 0.97, ""type"": ""noul""}}}",
04VmEMOEHdk,離乳食後期、赤ちゃんがパクパク食べるうどんレシピ！#離乳食 #shorts #完食,https://www.youtube.com/watch?v=04VmEMOEHdk,ok,needs_review,true,0.50,和食,1.00,麺,1.00,麺料理,1.00,その他,1.00,あっさり,0.51,温かい,0.99,15分以内,0.99,false,0.65,true,0.95,false,0.87,false,0.93,is_single_recipe;taste_tag;uses_knife_tag,2878,"{""core"": {""dish_shape"": {""choice"": ""noodle"", ""confidence"": 1.0, ""probabilities"": {""bowl"": 0.0, ""bread"": 0.0, ""main"": 0.0, ""noodle"": 1.0, ""other"": 0.0, ""rice_other"": 0.0, ""stew"": 0.0}, ""type"": ""choice""}, ""genre"": {""choice"": ""washoku"", ""confidence"": 1.0, ""probabilities"": {""chuka"": 0.0, ""korean"": 0.0, ""other"": 0.0, ""washoku"": 1.0, ""yoshoku"": 0.0}, ""type"": ""choice""}, ""is_single_recipe"": {""noul"": 0.5, ""type"": ""noul""}, ""main_ingredient"": {""choice"": ""other"", ""confidence"": 1.0, ""probabilities"": {""egg"": 0.0, ""fish"": 0.0, ""meat"": 0.0, ""other"": 1.0, ""soy"": 0.0, ""vegetable"": 0.0}, ""type"": ""choice""}, ""staple"": {""choice"": ""noodle"", ""confidence"": 1.0, ""probabilities"": {""bread"": 0.0, ""noodle"": 1.0, ""other"": 0.0, ""rice"": 0.0}, ""type"": ""choice""}, ""taste_tag"": {""choice"": ""light"", ""confidence"": 0.51, ""probabilities"": {""light"": 0.63, ""rich"": 0.0, ""semi_light"": 0.36, ""semi_rich"": 0.01}, ""type"": ""choice""}}, ""workload"": {""temperature_tag"": {""choice"": ""warm"", ""confidence"": 0.99, ""probabilities"": {""cold"": 0.01, ""warm"": 0.99}, ""type"": ""choice""}, ""time_tag"": {""choice"": ""within_15"", ""confidence"": 0.99, ""probabilities"": {""min_15_30"": 0.0, ""over_30"": 0.0, ""within_15"": 1.0}, ""type"": ""choice""}, ""uses_frying_pan"": {""noul"": 0.13, ""type"": ""noul""}, ""uses_heat_tag"": {""noul"": 0.95, ""type"": ""noul""}, ""uses_knife_tag"": {""noul"": 0.35, ""type"": ""noul""}, ""uses_microwave"": {""noul"": 0.07, ""type"": ""noul""}}}",
RJYn5PDS3Gk,【再現レシピ】材料３つでうどーなつ！,https://www.youtube.com/watch?v=RJYn5PDS3Gk,ok,needs_review,true,0.76,和食,0.65,麺,0.57,その他,0.43,その他,1.00,ガッツリ,0.48,温かい,0.52,15〜30分,0.95,false,0.73,true,0.91,false,0.66,false,0.92,genre;staple;dish_shape;taste_tag;temperature_tag;uses_knife_tag;uses_frying_pan,3468,"{""core"": {""dish_shape"": {""choice"": ""other"", ""confidence"": 0.43, ""probabilities"": {""bowl"": 0.0, ""bread"": 0.01, ""main"": 0.0, ""noodle"": 0.47, ""other"": 0.52, ""rice_other"": 0.0, ""stew"": 0.0}, ""type"": ""choice""}, ""genre"": {""choice"": ""washoku"", ""confidence"": 0.65, ""probabilities"": {""chuka"": 0.0, ""korean"": 0.0, ""other"": 0.2, ""washoku"": 0.72, ""yoshoku"": 0.08}, ""type"": ""choice""}, ""is_single_recipe"": {""noul"": 0.76, ""type"": ""noul""}, ""main_ingredient"": {""choice"": ""other"", ""confidence"": 1.0, ""probabilities"": {""egg"": 0.0, ""fish"": 0.0, ""meat"": 0.0, ""other"": 1.0, ""soy"": 0.0, ""vegetable"": 0.0}, ""type"": ""choice""}, ""staple"": {""choice"": ""noodle"", ""confidence"": 0.57, ""probabilities"": {""bread"": 0.06, ""noodle"": 0.68, ""other"": 0.26, ""rice"": 0.0}, ""type"": ""choice""}, ""taste_tag"": {""choice"": ""rich"", ""confidence"": 0.48, ""probabilities"": {""light"": 0.07, ""rich"": 0.6, ""semi_light"": 0.08, ""semi_rich"": 0.25}, ""type"": ""choice""}}, ""workload"": {""temperature_tag"": {""choice"": ""warm"", ""confidence"": 0.52, ""probabilities"": {""cold"": 0.24, ""warm"": 0.76}, ""type"": ""choice""}, ""time_tag"": {""choice"": ""min_15_30"", ""confidence"": 0.95, ""probabilities"": {""min_15_30"": 0.97, ""over_30"": 0.02, ""within_15"": 0.01}, ""type"": ""choice""}, ""uses_frying_pan"": {""noul"": 0.34, ""type"": ""noul""}, ""uses_heat_tag"": {""noul"": 0.91, ""type"": ""noul""}, ""uses_knife_tag"": {""noul"": 0.27, ""type"": ""noul""}, ""uses_microwave"": {""noul"": 0.08, ""type"": ""noul""}}}",
VpDJ5zu-B1I,仕事終わりでも作れる！チーズ納得うどんレシピ。#冷凍うどん #ズボラ飯 #簡単レシピ #ワンパンレシピ #手抜き #深夜食堂,https://www.youtube.com/watch?v=VpDJ5zu-B1I,ok,needs_review,true,0.81,和食,0.94,麺,1.00,麺料理,1.00,その他,1.00,ガッツリ,0.87,温かい,1.00,15分以内,0.99,false,0.72,true,0.96,true,0.93,false,0.93,uses_knife_tag,2596,"{""core"": {""dish_shape"": {""choice"": ""noodle"", ""confidence"": 1.0, ""probabilities"": {""bowl"": 0.0, ""bread"": 0.0, ""main"": 0.0, ""noodle"": 1.0, ""other"": 0.0, ""rice_other"": 0.0, ""stew"": 0.0}, ""type"": ""choice""}, ""genre"": {""choice"": ""washoku"", ""confidence"": 0.94, ""probabilities"": {""chuka"": 0.0, ""korean"": 0.0, ""other"": 0.0, ""washoku"": 0.96, ""yoshoku"": 0.04}, ""type"": ""choice""}, ""is_single_recipe"": {""noul"": 0.81, ""type"": ""noul""}, ""main_ingredient"": {""choice"": ""other"", ""confidence"": 1.0, ""probabilities"": {""egg"": 0.0, ""fish"": 0.0, ""meat"": 0.0, ""other"": 1.0, ""soy"": 0.0, ""vegetable"": 0.0}, ""type"": ""choice""}, ""staple"": {""choice"": ""noodle"", ""confidence"": 1.0, ""probabilities"": {""bread"": 0.0, ""noodle"": 1.0, ""other"": 0.0, ""rice"": 0.0}, ""type"": ""choice""}, ""taste_tag"": {""choice"": ""rich"", ""confidence"": 0.87, ""probabilities"": {""light"": 0.0, ""rich"": 0.91, ""semi_light"": 0.0, ""semi_rich"": 0.09}, ""type"": ""choice""}}, ""workload"": {""temperature_tag"": {""choice"": ""warm"", ""confidence"": 1.0, ""probabilities"": {""cold"": 0.0, ""warm"": 1.0}, ""type"": ""choice""}, ""time_tag"": {""choice"": ""within_15"", ""confidence"": 0.99, ""probabilities"": {""min_15_30"": 0.0, ""over_30"": 0.0, ""within_15"": 1.0}, ""type"": ""choice""}, ""uses_frying_pan"": {""noul"": 0.93, ""type"": ""noul""}, ""uses_heat_tag"": {""noul"": 0.96, ""type"": ""noul""}, ""uses_knife_tag"": {""noul"": 0.28, ""type"": ""noul""}, ""uses_microwave"": {""noul"": 0.07, ""type"": ""noul""}}}",
785odwq1oLs,\この夏ハマる/香味だれの豚しゃぶおろしうどん【レシピはコメント欄】 #簡単レシピ,https://www.youtube.com/watch?v=785odwq1oLs,ok,needs_review,true,0.82,和食,1.00,麺,1.00,麺料理,1.00,肉,0.78,ややあっさり,0.27,温かい,0.69,15分以内,0.98,true,0.65,true,0.95,false,0.75,false,0.93,taste_tag;temperature_tag;uses_knife_tag,2588,"{""core"": {""dish_shape"": {""choice"": ""noodle"", ""confidence"": 1.0, ""probabilities"": {""bowl"": 0.0, ""bread"": 0.0, ""main"": 0.0, ""noodle"": 1.0, ""other"": 0.0, ""rice_other"": 0.0, ""stew"": 0.0}, ""type"": ""choice""}, ""genre"": {""choice"": ""washoku"", ""confidence"": 1.0, ""probabilities"": {""chuka"": 0.0, ""korean"": 0.0, ""other"": 0.0, ""washoku"": 1.0, ""yoshoku"": 0.0}, ""type"": ""choice""}, ""is_single_recipe"": {""noul"": 0.82, ""type"": ""noul""}, ""main_ingredient"": {""choice"": ""meat"", ""confidence"": 0.78, ""probabilities"": {""egg"": 0.0, ""fish"": 0.0, ""meat"": 0.82, ""other"": 0.18, ""soy"": 0.0, ""vegetable"": 0.0}, ""type"": ""choice""}, ""staple"": {""choice"": ""noodle"", ""confidence"": 1.0, ""probabilities"": {""bread"": 0.0, ""noodle"": 1.0, ""other"": 0.0, ""rice"": 0.0}, ""type"": ""choice""}, ""taste_tag"": {""choice"": ""semi_light"", ""confidence"": 0.27, ""probabilities"": {""light"": 0.12, ""rich"": 0.0, ""semi_light"": 0.46, ""semi_rich"": 0.42}, ""type"": ""choice""}}, ""workload"": {""temperature_tag"": {""choice"": ""warm"", ""confidence"": 0.69, ""probabilities"": {""cold"": 0.15, ""warm"": 0.85}, ""type"": ""choice""}, ""time_tag"": {""choice"": ""within_15"", ""confidence"": 0.98, ""probabilities"": {""min_15_30"": 0.01, ""over_30"": 0.0, ""within_15"": 0.99}, ""type"": ""choice""}, ""uses_frying_pan"": {""noul"": 0.25, ""type"": ""noul""}, ""uses_heat_tag"": {""noul"": 0.95, ""type"": ""noul""}, ""uses_knife_tag"": {""noul"": 0.65, ""type"": ""noul""}, ""uses_microwave"": {""noul"": 0.07, ""type"": ""noul""}}}",
zP8qyqk35lM,さっぱりごはん爆誕【梅おろしうどん】 #簡単レシピ,https://www.youtube.com/watch?v=zP8qyqk35lM,ok,needs_review,true,0.84,和食,1.00,麺,1.00,麺料理,1.00,その他,0.97,あっさり,0.90,温かい,0.22,15分以内,0.99,false,0.52,true,0.94,false,0.87,false,0.93,temperature_tag;uses_knife_tag,2544,"{""core"": {""dish_shape"": {""choice"": ""noodle"", ""confidence"": 1.0, ""probabilities"": {""bowl"": 0.0, ""bread"": 0.0, ""main"": 0.0, ""noodle"": 1.0, ""other"": 0.0, ""rice_other"": 0.0, ""stew"": 0.0}, ""type"": ""choice""}, ""genre"": {""choice"": ""washoku"", ""confidence"": 1.0, ""probabilities"": {""chuka"": 0.0, ""korean"": 0.0, ""other"": 0.0, ""washoku"": 1.0, ""yoshoku"": 0.0}, ""type"": ""choice""}, ""is_single_recipe"": {""noul"": 0.84, ""type"": ""noul""}, ""main_ingredient"": {""choice"": ""other"", ""confidence"": 0.97, ""probabilities"": {""egg"": 0.0, ""fish"": 0.0, ""meat"": 0.0, ""other"": 0.98, ""soy"": 0.0, ""vegetable"": 0.02}, ""type"": ""choice""}, ""staple"": {""choice"": ""noodle"", ""confidence"": 1.0, ""probabilities"": {""bread"": 0.0, ""noodle"": 1.0, ""other"": 0.0, ""rice"": 0.0}, ""type"": ""choice""}, ""taste_tag"": {""choice"": ""light"", ""confidence"": 0.9, ""probabilities"": {""light"": 0.93, ""rich"": 0.0, ""semi_light"": 0.07, ""semi_rich"": 0.0}, ""type"": ""choice""}}, ""workload"": {""temperature_tag"": {""choice"": ""warm"", ""confidence"": 0.22, ""probabilities"": {""cold"": 0.39, ""warm"": 0.61}, ""type"": ""choice""}, ""time_tag"": {""choice"": ""within_15"", ""confidence"": 0.99, ""probabilities"": {""min_15_30"": 0.0, ""over_30"": 0.0, ""within_15"": 1.0}, ""type"": ""choice""}, ""uses_frying_pan"": {""noul"": 0.13, ""type"": ""noul""}, ""uses_heat_tag"": {""noul"": 0.94, ""type"": ""noul""}, ""uses_knife_tag"": {""noul"": 0.48, ""type"": ""noul""}, ""uses_microwave"": {""noul"": 0.07, ""type"": ""noul""}}}",
yFNwMjs5rlw,【1食200円以下】冷凍うどんレシピ #ライフハック #ずんだもん #替え歌 #shorts,https://www.youtube.com/watch?v=yFNwMjs5rlw,ok,needs_review,true,0.72,和食,1.00,麺,1.00,麺料理,1.00,その他,1.00,あっさり,0.41,温かい,0.87,15分以内,1.00,false,0.79,true,0.92,false,0.80,false,0.89,is_single_recipe;taste_tag,2582,"{""core"": {""dish_shape"": {""choice"": ""noodle"", ""confidence"": 1.0, ""probabilities"": {""bowl"": 0.0, ""bread"": 0.0, ""main"": 0.0, ""noodle"": 1.0, ""other"": 0.0, ""rice_other"": 0.0, ""stew"": 0.0}, ""type"": ""choice""}, ""genre"": {""choice"": ""washoku"", ""confidence"": 1.0, ""probabilities"": {""chuka"": 0.0, ""korean"": 0.0, ""other"": 0.0, ""washoku"": 1.0, ""yoshoku"": 0.0}, ""type"": ""choice""}, ""is_single_recipe"": {""noul"": 0.72, ""type"": ""noul""}, ""main_ingredient"": {""choice"": ""other"", ""confidence"": 1.0, ""probabilities"": {""egg"": 0.0, ""fish"": 0.0, ""meat"": 0.0, ""other"": 1.0, ""soy"": 0.0, ""vegetable"": 0.0}, ""type"": ""choice""}, ""staple"": {""choice"": ""noodle"", ""confidence"": 1.0, ""probabilities"": {""bread"": 0.0, ""noodle"": 1.0, ""other"": 0.0, ""rice"": 0.0}, ""type"": ""choice""}, ""taste_tag"": {""choice"": ""light"", ""confidence"": 0.41, ""probabilities"": {""light"": 0.56, ""rich"": 0.0, ""semi_light"": 0.38, ""semi_rich"": 0.06}, ""type"": ""choice""}}, ""workload"": {""temperature_tag"": {""choice"": ""warm"", ""confidence"": 0.87, ""probabilities"": {""cold"": 0.06, ""warm"": 0.94}, ""type"": ""choice""}, ""time_tag"": {""choice"": ""within_15"", ""confidence"": 1.0, ""probabilities"": {""min_15_30"": 0.0, ""over_30"": 0.0, ""within_15"": 1.0}, ""type"": ""choice""}, ""uses_frying_pan"": {""noul"": 0.2, ""type"": ""noul""}, ""uses_heat_tag"": {""noul"": 0.92, ""type"": ""noul""}, ""uses_knife_tag"": {""noul"": 0.21, ""type"": ""noul""}, ""uses_microwave"": {""noul"": 0.11, ""type"": ""noul""}}}",
c81JTNrHRVs,【太麺固めが合う】#肉汁うどん #武蔵野うどん #料理 #shorts,https://www.youtube.com/watch?v=c81JTNrHRVs,ok,needs_review,true,0.63,和食,1.00,麺,1.00,麺料理,1.00,その他,0.51,ややガッツリ,0.82,温かい,0.98,15分以内,0.99,false,0.59,true,0.95,false,0.83,false,0.94,is_single_recipe;main_ingredient;uses_knife_tag,2536,"{""core"": {""dish_shape"": {""choice"": ""noodle"", ""confidence"": 1.0, ""probabilities"": {""bowl"": 0.0, ""bread"": 0.0, ""main"": 0.0, ""noodle"": 1.0, ""other"": 0.0, ""rice_other"": 0.0, ""stew"": 0.0}, ""type"": ""choice""}, ""genre"": {""choice"": ""washoku"", ""confidence"": 1.0, ""probabilities"": {""chuka"": 0.0, ""korean"": 0.0, ""other"": 0.0, ""washoku"": 1.0, ""yoshoku"": 0.0}, ""type"": ""choice""}, ""is_single_recipe"": {""noul"": 0.63, ""type"": ""noul""}, ""main_ingredient"": {""choice"": ""other"", ""confidence"": 0.51, ""probabilities"": {""egg"": 0.0, ""fish"": 0.0, ""meat"": 0.4, ""other"": 0.6, ""soy"": 0.0, ""vegetable"": 0.0}, ""type"": ""choice""}, ""staple"": {""choice"": ""noodle"", ""confidence"": 1.0, ""probabilities"": {""bread"": 0.0, ""noodle"": 1.0, ""other"": 0.0, ""rice"": 0.0}, ""type"": ""choice""}, ""taste_tag"": {""choice"": ""semi_rich"", ""confidence"": 0.82, ""probabilities"": {""light"": 0.02, ""rich"": 0.06, ""semi_light"": 0.05, ""semi_rich"": 0.87}, ""type"": ""choice""}}, ""workload"": {""temperature_tag"": {""choice"": ""warm"", ""confidence"": 0.98, ""probabilities"": {""cold"": 0.01, ""warm"": 0.99}, ""type"": ""choice""}, ""time_tag"": {""choice"": ""within_15"", ""confidence"": 0.99, ""probabilities"": {""min_15_30"": 0.0, ""over_30"": 0.0, ""within_15"": 1.0}, ""type"": ""choice""}, ""uses_frying_pan"": {""noul"": 0.17, ""type"": ""noul""}, ""uses_heat_tag"": {""noul"": 0.95, ""type"": ""noul""}, ""uses_knife_tag"": {""noul"": 0.41, ""type"": ""noul""}, ""uses_microwave"": {""noul"": 0.06, ""type"": ""noul""}}}",
lbqO8R_3Bzk,冷凍うどんを使った、超手抜きのひんやり弁当を作ってみたらおいしすぎた。#shorts#冷凍弁当 #冷凍ストック#うどん#夏レシピ#ひんやり,https://www.youtube.com/watch?v=lbqO8R_3Bzk,ok,needs_review,true,0.66,和食,1.00,麺,1.00,麺料理,1.00,その他,1.00,あっさり,0.85,冷たい,0.99,15分以内,0.96,false,0.60,true,0.63,false,0.80,false,0.86,is_single_recipe;uses_knife_tag;uses_heat_tag,2624,"{""core"": {""dish_shape"": {""choice"": ""noodle"", ""confidence"": 1.0, ""probabilities"": {""bowl"": 0.0, ""bread"": 0.0, ""main"": 0.0, ""noodle"": 1.0, ""other"": 0.0, ""rice_other"": 0.0, ""stew"": 0.0}, ""type"": ""choice""}, ""genre"": {""choice"": ""washoku"", ""confidence"": 1.0, ""probabilities"": {""chuka"": 0.0, ""korean"": 0.0, ""other"": 0.0, ""washoku"": 1.0, ""yoshoku"": 0.0}, ""type"": ""choice""}, ""is_single_recipe"": {""noul"": 0.66, ""type"": ""noul""}, ""main_ingredient"": {""choice"": ""other"", ""confidence"": 1.0, ""probabilities"": {""egg"": 0.0, ""fish"": 0.0, ""meat"": 0.0, ""other"": 1.0, ""soy"": 0.0, ""vegetable"": 0.0}, ""type"": ""choice""}, ""staple"": {""choice"": ""noodle"", ""confidence"": 1.0, ""probabilities"": {""bread"": 0.0, ""noodle"": 1.0, ""other"": 0.0, ""rice"": 0.0}, ""type"": ""choice""}, ""taste_tag"": {""choice"": ""light"", ""confidence"": 0.85, ""probabilities"": {""light"": 0.88, ""rich"": 0.0, ""semi_light"": 0.1, ""semi_rich"": 0.02}, ""type"": ""choice""}}, ""workload"": {""temperature_tag"": {""choice"": ""cold"", ""confidence"": 0.99, ""probabilities"": {""cold"": 0.99, ""warm"": 0.01}, ""type"": ""choice""}, ""time_tag"": {""choice"": ""within_15"", ""confidence"": 0.96, ""probabilities"": {""min_15_30"": 0.02, ""over_30"": 0.0, ""within_15"": 0.98}, ""type"": ""choice""}, ""uses_frying_pan"": {""noul"": 0.2, ""type"": ""noul""}, ""uses_heat_tag"": {""noul"": 0.63, ""type"": ""noul""}, ""uses_knife_tag"": {""noul"": 0.4, ""type"": ""noul""}, ""uses_microwave"": {""noul"": 0.14, ""type"": ""noul""}}}",
aqXHc4SXXIQ,やる気別💪冷凍うどん料理👨‍🍳何％を食べたい！？リクエスト募集中！#冷凍うどん #冷凍うどんレシピ #うどん #うどんレシピ #うどん料理 #レシピ #イケメンシェフ #shorts,https://www.youtube.com/watch?v=aqXHc4SXXIQ,ok,needs_review,false,0.66,和食,0.99,麺,1.00,麺料理,1.00,その他,1.00,ややあっさり,0.27,温かい,0.82,15分以内,0.99,false,0.73,true,0.91,false,0.79,false,0.88,is_single_recipe;taste_tag;uses_knife_tag,2686,"{""core"": {""dish_shape"": {""choice"": ""noodle"", ""confidence"": 1.0, ""probabilities"": {""bowl"": 0.0, ""bread"": 0.0, ""main"": 0.0, ""noodle"": 1.0, ""other"": 0.0, ""rice_other"": 0.0, ""stew"": 0.0}, ""type"": ""choice""}, ""genre"": {""choice"": ""washoku"", ""confidence"": 0.99, ""probabilities"": {""chuka"": 0.0, ""korean"": 0.0, ""other"": 0.01, ""washoku"": 0.99, ""yoshoku"": 0.0}, ""type"": ""choice""}, ""is_single_recipe"": {""noul"": 0.34, ""type"": ""noul""}, ""main_ingredient"": {""choice"": ""other"", ""confidence"": 1.0, ""probabilities"": {""egg"": 0.0, ""fish"": 0.0, ""meat"": 0.0, ""other"": 1.0, ""soy"": 0.0, ""vegetable"": 0.0}, ""type"": ""choice""}, ""staple"": {""choice"": ""noodle"", ""confidence"": 1.0, ""probabilities"": {""bread"": 0.0, ""noodle"": 1.0, ""other"": 0.0, ""rice"": 0.0}, ""type"": ""choice""}, ""taste_tag"": {""choice"": ""semi_light"", ""confidence"": 0.27, ""probabilities"": {""light"": 0.44, ""rich"": 0.0, ""semi_light"": 0.45, ""semi_rich"": 0.11}, ""type"": ""choice""}}, ""workload"": {""temperature_tag"": {""choice"": ""warm"", ""confidence"": 0.82, ""probabilities"": {""cold"": 0.09, ""warm"": 0.91}, ""type"": ""choice""}, ""time_tag"": {""choice"": ""within_15"", ""confidence"": 0.99, ""probabilities"": {""min_15_30"": 0.0, ""over_30"": 0.0, ""within_15"": 1.0}, ""type"": ""choice""}, ""uses_frying_pan"": {""noul"": 0.21, ""type"": ""noul""}, ""uses_heat_tag"": {""noul"": 0.91, ""type"": ""noul""}, ""uses_knife_tag"": {""noul"": 0.27, ""type"": ""noul""}, ""uses_microwave"": {""noul"": 0.12, ""type"": ""noul""}}}",
-WhouWTfTfo,手作り煮干でうどんをキメる #shorts,https://www.youtube.com/watch?v=-WhouWTfTfo,ok,needs_review,true,0.63,和食,1.00,麺,1.00,麺料理,1.00,魚,0.84,ややあっさり,0.40,温かい,0.96,15分以内,0.97,false,0.58,true,0.96,false,0.87,false,0.96,is_single_recipe;taste_tag;uses_knife_tag,2928,"{""core"": {""dish_shape"": {""choice"": ""noodle"", ""confidence"": 1.0, ""probabilities"": {""bowl"": 0.0, ""bread"": 0.0, ""main"": 0.0, ""noodle"": 1.0, ""other"": 0.0, ""rice_other"": 0.0, ""stew"": 0.0}, ""type"": ""choice""}, ""genre"": {""choice"": ""washoku"", ""confidence"": 1.0, ""probabilities"": {""chuka"": 0.0, ""korean"": 0.0, ""other"": 0.0, ""washoku"": 1.0, ""yoshoku"": 0.0}, ""type"": ""choice""}, ""is_single_recipe"": {""noul"": 0.63, ""type"": ""noul""}, ""main_ingredient"": {""choice"": ""fish"", ""confidence"": 0.84, ""probabilities"": {""egg"": 0.0, ""fish"": 0.87, ""meat"": 0.0, ""other"": 0.13, ""soy"": 0.0, ""vegetable"": 0.0}, ""type"": ""choice""}, ""staple"": {""choice"": ""noodle"", ""confidence"": 1.0, ""probabilities"": {""bread"": 0.0, ""noodle"": 1.0, ""other"": 0.0, ""rice"": 0.0}, ""type"": ""choice""}, ""taste_tag"": {""choice"": ""semi_light"", ""confidence"": 0.4, ""probabilities"": {""light"": 0.29, ""rich"": 0.01, ""semi_light"": 0.55, ""semi_rich"": 0.15}, ""type"": ""choice""}}, ""workload"": {""temperature_tag"": {""choice"": ""warm"", ""confidence"": 0.96, ""probabilities"": {""cold"": 0.02, ""warm"": 0.98}, ""type"": ""choice""}, ""time_tag"": {""choice"": ""within_15"", ""confidence"": 0.97, ""probabilities"": {""min_15_30"": 0.01, ""over_30"": 0.01, ""within_15"": 0.98}, ""type"": ""choice""}, ""uses_frying_pan"": {""noul"": 0.13, ""type"": ""noul""}, ""uses_heat_tag"": {""noul"": 0.96, ""type"": ""noul""}, ""uses_knife_tag"": {""noul"": 0.42, ""type"": ""noul""}, ""uses_microwave"": {""noul"": 0.04, ""type"": ""noul""}}}",
XKHq4ec3LDA,松岡さんに怒られるかもしれないくらい美味しい丸亀製麺のトマたまカレーうどん再現しちゃいました #shorts #リュウジ #丸亀製麺 #トマたまカレーうどん #カレー #うどん #再現 #レシピ,https://www.youtube.com/watch?v=XKHq4ec3LDA,ok,needs_review,true,0.73,和食,0.86,麺,1.00,麺料理,0.99,野菜中心,0.45,ややガッツリ,0.95,温かい,0.99,15分以内,0.50,true,0.96,true,0.98,true,0.93,false,0.82,is_single_recipe;main_ingredient;time_tag,5308,"{""core"": {""dish_shape"": {""choice"": ""noodle"", ""confidence"": 0.99, ""probabilities"": {""bowl"": 0.0, ""bread"": 0.0, ""main"": 0.0, ""noodle"": 1.0, ""other"": 0.0, ""rice_other"": 0.0, ""stew"": 0.0}, ""type"": ""choice""}, ""genre"": {""choice"": ""washoku"", ""confidence"": 0.86, ""probabilities"": {""chuka"": 0.01, ""korean"": 0.0, ""other"": 0.01, ""washoku"": 0.88, ""yoshoku"": 0.1}, ""type"": ""choice""}, ""is_single_recipe"": {""noul"": 0.73, ""type"": ""noul""}, ""main_ingredient"": {""choice"": ""vegetable"", ""confidence"": 0.45, ""probabilities"": {""egg"": 0.06, ""fish"": 0.0, ""meat"": 0.03, ""other"": 0.36, ""soy"": 0.0, ""vegetable"": 0.55}, ""type"": ""choice""}, ""staple"": {""choice"": ""noodle"", ""confidence"": 1.0, ""probabilities"": {""bread"": 0.0, ""noodle"": 1.0, ""other"": 0.0, ""rice"": 0.0}, ""type"": ""choice""}, ""taste_tag"": {""choice"": ""semi_rich"", ""confidence"": 0.95, ""probabilities"": {""light"": 0.0, ""rich"": 0.04, ""semi_light"": 0.0, ""semi_rich"": 0.96}, ""type"": ""choice""}}, ""workload"": {""temperature_tag"": {""choice"": ""warm"", ""confidence"": 0.99, ""probabilities"": {""cold"": 0.0, ""warm"": 1.0}, ""type"": ""choice""}, ""time_tag"": {""choice"": ""within_15"", ""confidence"": 0.5, ""probabilities"": {""min_15_30"": 0.32, ""over_30"": 0.01, ""within_15"": 0.67}, ""type"": ""choice""}, ""uses_frying_pan"": {""noul"": 0.93, ""type"": ""noul""}, ""uses_heat_tag"": {""noul"": 0.98, ""type"": ""noul""}, ""uses_knife_tag"": {""noul"": 0.96, ""type"": ""noul""}, ""uses_microwave"": {""noul"": 0.18, ""type"": ""noul""}}}",
oNqLxlXa92g,30kg痩せた男がダイエット中にどうしてもうどんが食べたくなった時のレシピを紹介します！#shorts #short,https://www.youtube.com/watch?v=oNqLxlXa92g,ok,needs_review,true,0.65,和食,1.00,麺,1.00,麺料理,1.00,その他,1.00,ややあっさり,0.35,温かい,0.97,15分以内,1.00,false,0.65,true,0.94,false,0.83,false,0.92,is_single_recipe;taste_tag;uses_knife_tag,2834,"{""core"": {""dish_shape"": {""choice"": ""noodle"", ""confidence"": 1.0, ""probabilities"": {""bowl"": 0.0, ""bread"": 0.0, ""main"": 0.0, ""noodle"": 1.0, ""other"": 0.0, ""rice_other"": 0.0, ""stew"": 0.0}, ""type"": ""choice""}, ""genre"": {""choice"": ""washoku"", ""confidence"": 1.0, ""probabilities"": {""chuka"": 0.0, ""korean"": 0.0, ""other"": 0.0, ""washoku"": 1.0, ""yoshoku"": 0.0}, ""type"": ""choice""}, ""is_single_recipe"": {""noul"": 0.65, ""type"": ""noul""}, ""main_ingredient"": {""choice"": ""other"", ""confidence"": 1.0, ""probabilities"": {""egg"": 0.0, ""fish"": 0.0, ""meat"": 0.0, ""other"": 1.0, ""soy"": 0.0, ""vegetable"": 0.0}, ""type"": ""choice""}, ""staple"": {""choice"": ""noodle"", ""confidence"": 1.0, ""probabilities"": {""bread"": 0.0, ""noodle"": 1.0, ""other"": 0.0, ""rice"": 0.0}, ""type"": ""choice""}, ""taste_tag"": {""choice"": ""semi_light"", ""confidence"": 0.35, ""probabilities"": {""light"": 0.38, ""rich"": 0.0, ""semi_light"": 0.52, ""semi_rich"": 0.1}, ""type"": ""choice""}}, ""workload"": {""temperature_tag"": {""choice"": ""warm"", ""confidence"": 0.97, ""probabilities"": {""cold"": 0.01, ""warm"": 0.99}, ""type"": ""choice""}, ""time_tag"": {""choice"": ""within_15"", ""confidence"": 1.0, ""probabilities"": {""min_15_30"": 0.0, ""over_30"": 0.0, ""within_15"": 1.0}, ""type"": ""choice""}, ""uses_frying_pan"": {""noul"": 0.17, ""type"": ""noul""}, ""uses_heat_tag"": {""noul"": 0.94, ""type"": ""noul""}, ""uses_knife_tag"": {""noul"": 0.35, ""type"": ""noul""}, ""uses_microwave"": {""noul"": 0.08, ""type"": ""noul""}}}",
nu1hvzxVskc,カレーが余ったらコレ！【簡単カレーうどん】,https://www.youtube.com/watch?v=nu1hvzxVskc,ok,needs_review,true,0.84,和食,0.38,麺,1.00,麺料理,1.00,その他,0.98,ややガッツリ,0.56,温かい,1.00,15分以内,0.97,false,0.77,true,0.96,false,0.75,true,0.68,genre;taste_tag;uses_microwave,3232,"{""core"": {""dish_shape"": {""choice"": ""noodle"", ""confidence"": 1.0, ""probabilities"": {""bowl"": 0.0, ""bread"": 0.0, ""main"": 0.0, ""noodle"": 1.0, ""other"": 0.0, ""rice_other"": 0.0, ""stew"": 0.0}, ""type"": ""choice""}, ""genre"": {""choice"": ""washoku"", ""confidence"": 0.38, ""probabilities"": {""chuka"": 0.0, ""korean"": 0.0, ""other"": 0.01, ""washoku"": 0.51, ""yoshoku"": 0.48}, ""type"": ""choice""}, ""is_single_recipe"": {""noul"": 0.84, ""type"": ""noul""}, ""main_ingredient"": {""choice"": ""other"", ""confidence"": 0.98, ""probabilities"": {""egg"": 0.0, ""fish"": 0.0, ""meat"": 0.01, ""other"": 0.99, ""soy"": 0.0, ""vegetable"": 0.0}, ""type"": ""choice""}, ""staple"": {""choice"": ""noodle"", ""confidence"": 1.0, ""probabilities"": {""bread"": 0.0, ""noodle"": 1.0, ""other"": 0.0, ""rice"": 0.0}, ""type"": ""choice""}, ""taste_tag"": {""choice"": ""semi_rich"", ""confidence"": 0.56, ""probabilities"": {""light"": 0.0, ""rich"": 0.32, ""semi_light"": 0.0, ""semi_rich"": 0.68}, ""type"": ""choice""}}, ""workload"": {""temperature_tag"": {""choice"": ""warm"", ""confidence"": 1.0, ""probabilities"": {""cold"": 0.0, ""warm"": 1.0}, ""type"": ""choice""}, ""time_tag"": {""choice"": ""within_15"", ""confidence"": 0.97, ""probabilities"": {""min_15_30"": 0.02, ""over_30"": 0.0, ""within_15"": 0.98}, ""type"": ""choice""}, ""uses_frying_pan"": {""noul"": 0.25, ""type"": ""noul""}, ""uses_heat_tag"": {""noul"": 0.96, ""type"": ""noul""}, ""uses_knife_tag"": {""noul"": 0.23, ""type"": ""noul""}, ""uses_microwave"": {""noul"": 0.68, ""type"": ""noul""}}}",
Mbc2OMEyoKc,【うどん】おうちで簡単！美味しいつゆで温かいうどんの作り方レシピ,https://www.youtube.com/watch?v=Mbc2OMEyoKc,ok,needs_review,true,0.92,和食,1.00,麺,1.00,麺料理,1.00,その他,0.96,ややあっさり,0.73,温かい,0.99,15分以内,0.99,false,0.57,true,0.98,false,0.86,false,0.96,taste_tag;uses_knife_tag,3274,"{""core"": {""dish_shape"": {""choice"": ""noodle"", ""confidence"": 1.0, ""probabilities"": {""bowl"": 0.0, ""bread"": 0.0, ""main"": 0.0, ""noodle"": 1.0, ""other"": 0.0, ""rice_other"": 0.0, ""stew"": 0.0}, ""type"": ""choice""}, ""genre"": {""choice"": ""washoku"", ""confidence"": 1.0, ""probabilities"": {""chuka"": 0.0, ""korean"": 0.0, ""other"": 0.0, ""washoku"": 1.0, ""yoshoku"": 0.0}, ""type"": ""choice""}, ""is_single_recipe"": {""noul"": 0.92, ""type"": ""noul""}, ""main_ingredient"": {""choice"": ""other"", ""confidence"": 0.96, ""probabilities"": {""egg"": 0.0, ""fish"": 0.03, ""meat"": 0.0, ""other"": 0.96, ""soy"": 0.01, ""vegetable"": 0.0}, ""type"": ""choice""}, ""staple"": {""choice"": ""noodle"", ""confidence"": 1.0, ""probabilities"": {""bread"": 0.0, ""noodle"": 1.0, ""other"": 0.0, ""rice"": 0.0}, ""type"": ""choice""}, ""taste_tag"": {""choice"": ""semi_light"", ""confidence"": 0.73, ""probabilities"": {""light"": 0.15, ""rich"": 0.0, ""semi_light"": 0.8, ""semi_rich"": 0.05}, ""type"": ""choice""}}, ""workload"": {""temperature_tag"": {""choice"": ""warm"", ""confidence"": 0.99, ""probabilities"": {""cold"": 0.0, ""warm"": 1.0}, ""type"": ""choice""}, ""time_tag"": {""choice"": ""within_15"", ""confidence"": 0.99, ""probabilities"": {""min_15_30"": 0.01, ""over_30"": 0.0, ""within_15"": 0.99}, ""type"": ""choice""}, ""uses_frying_pan"": {""noul"": 0.14, ""type"": ""noul""}, ""uses_heat_tag"": {""noul"": 0.98, ""type"": ""noul""}, ""uses_knife_tag"": {""noul"": 0.43, ""type"": ""noul""}, ""uses_microwave"": {""noul"": 0.04, ""type"": ""noul""}}}",
prOse3xUCY4,たった10分で失神するほど旨い味噌煮込みうどんが作れます,https://www.youtube.com/watch?v=prOse3xUCY4,ok,needs_review,true,0.91,和食,1.00,麺,1.00,麺料理,0.69,その他,0.83,ややガッツリ,0.92,温かい,1.00,15分以内,1.00,true,0.78,true,0.98,false,0.65,false,0.97,dish_shape;uses_frying_pan,3962,"{""core"": {""dish_shape"": {""choice"": ""noodle"", ""confidence"": 0.69, ""probabilities"": {""bowl"": 0.0, ""bread"": 0.0, ""main"": 0.0, ""noodle"": 0.74, ""other"": 0.0, ""rice_other"": 0.0, ""stew"": 0.26}, ""type"": ""choice""}, ""genre"": {""choice"": ""washoku"", ""confidence"": 1.0, ""probabilities"": {""chuka"": 0.0, ""korean"": 0.0, ""other"": 0.0, ""washoku"": 1.0, ""yoshoku"": 0.0}, ""type"": ""choice""}, ""is_single_recipe"": {""noul"": 0.91, ""type"": ""noul""}, ""main_ingredient"": {""choice"": ""other"", ""confidence"": 0.83, ""probabilities"": {""egg"": 0.0, ""fish"": 0.0, ""meat"": 0.08, ""other"": 0.86, ""soy"": 0.06, ""vegetable"": 0.0}, ""type"": ""choice""}, ""staple"": {""choice"": ""noodle"", ""confidence"": 1.0, ""probabilities"": {""bread"": 0.0, ""noodle"": 1.0, ""other"": 0.0, ""rice"": 0.0}, ""type"": ""choice""}, ""taste_tag"": {""choice"": ""semi_rich"", ""confidence"": 0.92, ""probabilities"": {""light"": 0.0, ""rich"": 0.06, ""semi_light"": 0.01, ""semi_rich"": 0.9299999999999999}, ""type"": ""choice""}}, ""workload"": {""temperature_tag"": {""choice"": ""warm"", ""confidence"": 1.0, ""probabilities"": {""cold"": 0.0, ""warm"": 1.0}, ""type"": ""choice""}, ""time_tag"": {""choice"": ""within_15"", ""confidence"": 1.0, ""probabilities"": {""min_15_30"": 0.0, ""over_30"": 0.0, ""within_15"": 1.0}, ""type"": ""choice""}, ""uses_frying_pan"": {""noul"": 0.35, ""type"": ""noul""}, ""uses_heat_tag"": {""noul"": 0.98, ""type"": ""noul""}, ""uses_knife_tag"": {""noul"": 0.78, ""type"": ""noul""}, ""uses_microwave"": {""noul"": 0.03, ""type"": ""noul""}}}",
XJWs_MVfK2k,安くて美味しい【50円うどん】作り方。,https://www.youtube.com/watch?v=XJWs_MVfK2k,ok,needs_review,true,0.86,和食,0.99,麺,1.00,麺料理,1.00,その他,1.00,ややあっさり,0.36,温かい,0.96,15分以内,0.99,false,0.65,true,0.96,false,0.83,false,0.94,taste_tag;uses_knife_tag,2898,"{""core"": {""dish_shape"": {""choice"": ""noodle"", ""confidence"": 1.0, ""probabilities"": {""bowl"": 0.0, ""bread"": 0.0, ""main"": 0.0, ""noodle"": 1.0, ""other"": 0.0, ""rice_other"": 0.0, ""stew"": 0.0}, ""type"": ""choice""}, ""genre"": {""choice"": ""washoku"", ""confidence"": 0.99, ""probabilities"": {""chuka"": 0.01, ""korean"": 0.0, ""other"": 0.0, ""washoku"": 0.99, ""yoshoku"": 0.0}, ""type"": ""choice""}, ""is_single_recipe"": {""noul"": 0.86, ""type"": ""noul""}, ""main_ingredient"": {""choice"": ""other"", ""confidence"": 1.0, ""probabilities"": {""egg"": 0.0, ""fish"": 0.0, ""meat"": 0.0, ""other"": 1.0, ""soy"": 0.0, ""vegetable"": 0.0}, ""type"": ""choice""}, ""staple"": {""choice"": ""noodle"", ""confidence"": 1.0, ""probabilities"": {""bread"": 0.0, ""noodle"": 1.0, ""other"": 0.0, ""rice"": 0.0}, ""type"": ""choice""}, ""taste_tag"": {""choice"": ""semi_light"", ""confidence"": 0.36, ""probabilities"": {""light"": 0.43, ""rich"": 0.0, ""semi_light"": 0.52, ""semi_rich"": 0.05}, ""type"": ""choice""}}, ""workload"": {""temperature_tag"": {""choice"": ""warm"", ""confidence"": 0.96, ""probabilities"": {""cold"": 0.02, ""warm"": 0.98}, ""type"": ""choice""}, ""time_tag"": {""choice"": ""within_15"", ""confidence"": 0.99, ""probabilities"": {""min_15_30"": 0.01, ""over_30"": 0.0, ""within_15"": 0.99}, ""type"": ""choice""}, ""uses_frying_pan"": {""noul"": 0.17, ""type"": ""noul""}, ""uses_heat_tag"": {""noul"": 0.96, ""type"": ""noul""}, ""uses_knife_tag"": {""noul"": 0.35, ""type"": ""noul""}, ""uses_microwave"": {""noul"": 0.06, ""type"": ""noul""}}}",
I5CAMfVoNcU,【鶏胸肉の大葉チーズボール】コスパ最強・ダイエットメニュー・お弁当のおかずにも #鶏胸肉 #大葉しそ #shorts,https://www.youtube.com/watch?v=I5CAMfVoNcU,ok,needs_review,true,0.78,その他,0.37,その他,1.00,主菜,0.96,肉,0.99,ややガッツリ,0.59,温かい,0.70,15〜30分,0.98,true,0.66,true,0.89,false,0.68,false,0.91,genre;taste_tag;temperature_tag;uses_knife_tag;uses_frying_pan,2614,"{""core"": {""dish_shape"": {""choice"": ""main"", ""confidence"": 0.96, ""probabilities"": {""bowl"": 0.0, ""bread"": 0.0, ""main"": 0.96, ""noodle"": 0.0, ""other"": 0.03, ""rice_other"": 0.01, ""stew"": 0.0}, ""type"": ""choice""}, ""genre"": {""choice"": ""other"", ""confidence"": 0.37, ""probabilities"": {""chuka"": 0.0, ""korean"": 0.0, ""other"": 0.5, ""washoku"": 0.34, ""yoshoku"": 0.16}, ""type"": ""choice""}, ""is_single_recipe"": {""noul"": 0.78, ""type"": ""noul""}, ""main_ingredient"": {""choice"": ""meat"", ""confidence"": 0.99, ""probabilities"": {""egg"": 0.0, ""fish"": 0.0, ""meat"": 0.99, ""other"": 0.01, ""soy"": 0.0, ""vegetable"": 0.0}, ""type"": ""choice""}, ""staple"": {""choice"": ""other"", ""confidence"": 1.0, ""probabilities"": {""bread"": 0.0, ""noodle"": 0.0, ""other"": 1.0, ""rice"": 0.0}, ""type"": ""choice""}, ""taste_tag"": {""choice"": ""semi_rich"", ""confidence"": 0.59, ""probabilities"": {""light"": 0.01, ""rich"": 0.17, ""semi_light"": 0.13, ""semi_rich"": 0.69}, ""type"": ""choice""}}, ""workload"": {""temperature_tag"": {""choice"": ""warm"", ""confidence"": 0.7, ""probabilities"": {""cold"": 0.15, ""warm"": 0.85}, ""type"": ""choice""}, ""time_tag"": {""choice"": ""min_15_30"", ""confidence"": 0.98, ""probabilities"": {""min_15_30"": 0.99, ""over_30"": 0.0, ""within_15"": 0.01}, ""type"": ""choice""}, ""uses_frying_pan"": {""noul"": 0.32, ""type"": ""noul""}, ""uses_heat_tag"": {""noul"": 0.89, ""type"": ""noul""}, ""uses_knife_tag"": {""noul"": 0.66, ""type"": ""noul""}, ""uses_microwave"": {""noul"": 0.09, ""type"": ""noul""}}}",
MDdpVzsouLE,300万再生された自分の角煮レシピを越えた。思わず唸るレベルの甘くない角煮【シン・角煮】#shorts #リュウジ #料理,https://www.youtube.com/watch?v=MDdpVzsouLE,ok,needs_review,true,0.62,和食,0.85,その他,0.93,煮込み,0.54,肉,0.96,ガッツリ,0.73,温かい,1.00,15〜30分,0.58,true,0.68,true,0.93,true,0.77,false,0.60,is_single_recipe;dish_shape;taste_tag;time_tag;uses_knife_tag;uses_microwave,4710,"{""core"": {""dish_shape"": {""choice"": ""stew"", ""confidence"": 0.54, ""probabilities"": {""bowl"": 0.0, ""bread"": 0.0, ""main"": 0.37, ""noodle"": 0.01, ""other"": 0.01, ""rice_other"": 0.0, ""stew"": 0.61}, ""type"": ""choice""}, ""genre"": {""choice"": ""washoku"", ""confidence"": 0.85, ""probabilities"": {""chuka"": 0.04, ""korean"": 0.0, ""other"": 0.05, ""washoku"": 0.88, ""yoshoku"": 0.03}, ""type"": ""choice""}, ""is_single_recipe"": {""noul"": 0.62, ""type"": ""noul""}, ""main_ingredient"": {""choice"": ""meat"", ""confidence"": 0.96, ""probabilities"": {""egg"": 0.0, ""fish"": 0.0, ""meat"": 0.97, ""other"": 0.03, ""soy"": 0.0, ""vegetable"": 0.0}, ""type"": ""choice""}, ""staple"": {""choice"": ""other"", ""confidence"": 0.93, ""probabilities"": {""bread"": 0.0, ""noodle"": 0.05, ""other"": 0.95, ""rice"": 0.0}, ""type"": ""choice""}, ""taste_tag"": {""choice"": ""rich"", ""confidence"": 0.73, ""probabilities"": {""light"": 0.0, ""rich"": 0.8, ""semi_light"": 0.01, ""semi_rich"": 0.19}, ""type"": ""choice""}}, ""workload"": {""temperature_tag"": {""choice"": ""warm"", ""confidence"": 1.0, ""probabilities"": {""cold"": 0.0, ""warm"": 1.0}, ""type"": ""choice""}, ""time_tag"": {""choice"": ""min_15_30"", ""confidence"": 0.58, ""probabilities"": {""min_15_30"": 0.72, ""over_30"": 0.28, ""within_15"": 0.0}, ""type"": ""choice""}, ""uses_frying_pan"": {""noul"": 0.77, ""type"": ""noul""}, ""uses_heat_tag"": {""noul"": 0.93, ""type"": ""noul""}, ""uses_knife_tag"": {""noul"": 0.68, ""type"": ""noul""}, ""uses_microwave"": {""noul"": 0.4, ""type"": ""noul""}}}",
ZoZNx23FFos,㊗️２００万再生 10分で旨すぎる鶏ガラ醤油そうめんの作り方 #簡単レシピ ♯節約レシピ,https://www.youtube.com/watch?v=ZoZNx23FFos,ok,needs_review,true,0.86,和食,1.00,麺,1.00,麺料理,1.00,その他,0.55,ややガッツリ,0.58,冷たい,0.67,15分以内,0.99,true,0.50,true,0.95,false,0.76,false,0.94,main_ingredient;taste_tag;temperature_tag;uses_knife_tag,2590,"{""core"": {""dish_shape"": {""choice"": ""noodle"", ""confidence"": 1.0, ""probabilities"": {""bowl"": 0.0, ""bread"": 0.0, ""main"": 0.0, ""noodle"": 1.0, ""other"": 0.0, ""rice_other"": 0.0, ""stew"": 0.0}, ""type"": ""choice""}, ""genre"": {""choice"": ""washoku"", ""confidence"": 1.0, ""probabilities"": {""chuka"": 0.0, ""korean"": 0.0, ""other"": 0.0, ""washoku"": 1.0, ""yoshoku"": 0.0}, ""type"": ""choice""}, ""is_single_recipe"": {""noul"": 0.86, ""type"": ""noul""}, ""main_ingredient"": {""choice"": ""other"", ""confidence"": 0.55, ""probabilities"": {""egg"": 0.0, ""fish"": 0.01, ""meat"": 0.33, ""other"": 0.63, ""soy"": 0.03, ""vegetable"": 0.0}, ""type"": ""choice""}, ""staple"": {""choice"": ""noodle"", ""confidence"": 1.0, ""probabilities"": {""bread"": 0.0, ""noodle"": 1.0, ""other"": 0.0, ""rice"": 0.0}, ""type"": ""choice""}, ""taste_tag"": {""choice"": ""semi_rich"", ""confidence"": 0.58, ""probabilities"": {""light"": 0.09, ""rich"": 0.08, ""semi_light"": 0.15, ""semi_rich"": 0.68}, ""type"": ""choice""}}, ""workload"": {""temperature_tag"": {""choice"": ""cold"", ""confidence"": 0.67, ""probabilities"": {""cold"": 0.83, ""warm"": 0.17}, ""type"": ""choice""}, ""time_tag"": {""choice"": ""within_15"", ""confidence"": 0.99, ""probabilities"": {""min_15_30"": 0.0, ""over_30"": 0.0, ""within_15"": 1.0}, ""type"": ""choice""}, ""uses_frying_pan"": {""noul"": 0.24, ""type"": ""noul""}, ""uses_heat_tag"": {""noul"": 0.95, ""type"": ""noul""}, ""uses_knife_tag"": {""noul"": 0.5, ""type"": ""noul""}, ""uses_microwave"": {""noul"": 0.06, ""type"": ""noul""}}}",
xKOCcSxsEBo,よだれがとぉまらん！味噌マヨ鶏 #料理 #簡単レシピ #時短レシピ,https://www.youtube.com/watch?v=xKOCcSxsEBo,ok,needs_review,true,0.81,和食,0.87,その他,0.97,主菜,0.95,肉,1.00,ガッツリ,0.93,温かい,0.99,15〜30分,0.98,true,0.58,true,0.92,false,0.56,false,0.93,uses_knife_tag;uses_frying_pan,2574,"{""core"": {""dish_shape"": {""choice"": ""main"", ""confidence"": 0.95, ""probabilities"": {""bowl"": 0.02, ""bread"": 0.0, ""main"": 0.96, ""noodle"": 0.0, ""other"": 0.01, ""rice_other"": 0.0, ""stew"": 0.01}, ""type"": ""choice""}, ""genre"": {""choice"": ""washoku"", ""confidence"": 0.87, ""probabilities"": {""chuka"": 0.0, ""korean"": 0.0, ""other"": 0.04, ""washoku"": 0.9, ""yoshoku"": 0.06}, ""type"": ""choice""}, ""is_single_recipe"": {""noul"": 0.81, ""type"": ""noul""}, ""main_ingredient"": {""choice"": ""meat"", ""confidence"": 1.0, ""probabilities"": {""egg"": 0.0, ""fish"": 0.0, ""meat"": 1.0, ""other"": 0.0, ""soy"": 0.0, ""vegetable"": 0.0}, ""type"": ""choice""}, ""staple"": {""choice"": ""other"", ""confidence"": 0.97, ""probabilities"": {""bread"": 0.0, ""noodle"": 0.0, ""other"": 0.98, ""rice"": 0.02}, ""type"": ""choice""}, ""taste_tag"": {""choice"": ""rich"", ""confidence"": 0.93, ""probabilities"": {""light"": 0.0, ""rich"": 0.95, ""semi_light"": 0.0, ""semi_rich"": 0.05}, ""type"": ""choice""}}, ""workload"": {""temperature_tag"": {""choice"": ""warm"", ""confidence"": 0.99, ""probabilities"": {""cold"": 0.0, ""warm"": 1.0}, ""type"": ""choice""}, ""time_tag"": {""choice"": ""min_15_30"", ""confidence"": 0.98, ""probabilities"": {""min_15_30"": 0.99, ""over_30"": 0.0, ""within_15"": 0.01}, ""type"": ""choice""}, ""uses_frying_pan"": {""noul"": 0.44, ""type"": ""noul""}, ""uses_heat_tag"": {""noul"": 0.92, ""type"": ""noul""}, ""uses_knife_tag"": {""noul"": 0.58, ""type"": ""noul""}, ""uses_microwave"": {""noul"": 0.07, ""type"": ""noul""}}}",
XGHSCBTbNFE,炎上覚悟で言いますが一番再生された豚キムチより旨いです。最高の味付けで作る【至高を越えた豚キムチ】 #shorts #リュウジ #料理,https://www.youtube.com/watch?v=XGHSCBTbNFE,ok,needs_review,true,0.63,韓国,0.98,その他,0.73,主菜,0.78,肉,0.95,ややガッツリ,0.37,温かい,0.98,15〜30分,0.96,true,0.61,true,0.95,true,0.87,true,0.61,is_single_recipe;staple;taste_tag;uses_knife_tag;uses_microwave,4716,"{""core"": {""dish_shape"": {""choice"": ""main"", ""confidence"": 0.78, ""probabilities"": {""bowl"": 0.01, ""bread"": 0.0, ""main"": 0.81, ""noodle"": 0.1, ""other"": 0.03, ""rice_other"": 0.0, ""stew"": 0.05}, ""type"": ""choice""}, ""genre"": {""choice"": ""korean"", ""confidence"": 0.98, ""probabilities"": {""chuka"": 0.0, ""korean"": 0.98, ""other"": 0.01, ""washoku"": 0.0, ""yoshoku"": 0.01}, ""type"": ""choice""}, ""is_single_recipe"": {""noul"": 0.63, ""type"": ""noul""}, ""main_ingredient"": {""choice"": ""meat"", ""confidence"": 0.95, ""probabilities"": {""egg"": 0.0, ""fish"": 0.0, ""meat"": 0.96, ""other"": 0.02, ""soy"": 0.0, ""vegetable"": 0.02}, ""type"": ""choice""}, ""staple"": {""choice"": ""other"", ""confidence"": 0.73, ""probabilities"": {""bread"": 0.0, ""noodle"": 0.17, ""other"": 0.8, ""rice"": 0.03}, ""type"": ""choice""}, ""taste_tag"": {""choice"": ""semi_rich"", ""confidence"": 0.37, ""probabilities"": {""light"": 0.0, ""rich"": 0.47, ""semi_light"": 0.0, ""semi_rich"": 0.53}, ""type"": ""choice""}}, ""workload"": {""temperature_tag"": {""choice"": ""warm"", ""confidence"": 0.98, ""probabilities"": {""cold"": 0.01, ""warm"": 0.99}, ""type"": ""choice""}, ""time_tag"": {""choice"": ""min_15_30"", ""confidence"": 0.96, ""probabilities"": {""min_15_30"": 0.97, ""over_30"": 0.01, ""within_15"": 0.02}, ""type"": ""choice""}, ""uses_frying_pan"": {""noul"": 0.87, ""type"": ""noul""}, ""uses_heat_tag"": {""noul"": 0.95, ""type"": ""noul""}, ""uses_knife_tag"": {""noul"": 0.61, ""type"": ""noul""}, ""uses_microwave"": {""noul"": 0.61, ""type"": ""noul""}}}",
OYqZ5T-rlNQ,【ぶたとまチーズ】海外でバズってたレシピのアレンジ,https://www.youtube.com/watch?v=OYqZ5T-rlNQ,ok,needs_review,true,0.95,洋食,0.98,その他,1.00,主菜,0.98,肉,0.92,ややガッツリ,0.63,温かい,1.00,15分以内,0.98,false,0.90,true,0.99,true,0.97,false,0.95,taste_tag,3300,"{""core"": {""dish_shape"": {""choice"": ""main"", ""confidence"": 0.98, ""probabilities"": {""bowl"": 0.0, ""bread"": 0.0, ""main"": 0.99, ""noodle"": 0.0, ""other"": 0.0, ""rice_other"": 0.0, ""stew"": 0.01}, ""type"": ""choice""}, ""genre"": {""choice"": ""yoshoku"", ""confidence"": 0.98, ""probabilities"": {""chuka"": 0.0, ""korean"": 0.0, ""other"": 0.01, ""washoku"": 0.01, ""yoshoku"": 0.98}, ""type"": ""choice""}, ""is_single_recipe"": {""noul"": 0.95, ""type"": ""noul""}, ""main_ingredient"": {""choice"": ""meat"", ""confidence"": 0.92, ""probabilities"": {""egg"": 0.0, ""fish"": 0.0, ""meat"": 0.9299999999999999, ""other"": 0.03, ""soy"": 0.0, ""vegetable"": 0.04}, ""type"": ""choice""}, ""staple"": {""choice"": ""other"", ""confidence"": 1.0, ""probabilities"": {""bread"": 0.0, ""noodle"": 0.0, ""other"": 1.0, ""rice"": 0.0}, ""type"": ""choice""}, ""taste_tag"": {""choice"": ""semi_rich"", ""confidence"": 0.63, ""probabilities"": {""light"": 0.0, ""rich"": 0.24, ""semi_light"": 0.03, ""semi_rich"": 0.73}, ""type"": ""choice""}}, ""workload"": {""temperature_tag"": {""choice"": ""warm"", ""confidence"": 1.0, ""probabilities"": {""cold"": 0.0, ""warm"": 1.0}, ""type"": ""choice""}, ""time_tag"": {""choice"": ""within_15"", ""confidence"": 0.98, ""probabilities"": {""min_15_30"": 0.01, ""over_30"": 0.0, ""within_15"": 0.99}, ""type"": ""choice""}, ""uses_frying_pan"": {""noul"": 0.97, ""type"": ""noul""}, ""uses_heat_tag"": {""noul"": 0.99, ""type"": ""noul""}, ""uses_knife_tag"": {""noul"": 0.1, ""type"": ""noul""}, ""uses_microwave"": {""noul"": 0.05, ""type"": ""noul""}}}",
s9dXO7mV_1g,シンプルでウマいが一番！【豚の新生姜焼き】,https://www.youtube.com/watch?v=s9dXO7mV_1g,ok,ai_tagged,true,0.81,和食,0.98,その他,0.96,主菜,0.98,肉,0.99,ややガッツリ,0.96,温かい,1.00,15〜30分,0.97,true,0.78,true,0.98,true,0.95,false,0.96,,2816,"{""core"": {""dish_shape"": {""choice"": ""main"", ""confidence"": 0.98, ""probabilities"": {""bowl"": 0.01, ""bread"": 0.0, ""main"": 0.99, ""noodle"": 0.0, ""other"": 0.0, ""rice_other"": 0.0, ""stew"": 0.0}, ""type"": ""choice""}, ""genre"": {""choice"": ""washoku"", ""confidence"": 0.98, ""probabilities"": {""chuka"": 0.0, ""korean"": 0.0, ""other"": 0.0, ""washoku"": 0.99, ""yoshoku"": 0.01}, ""type"": ""choice""}, ""is_single_recipe"": {""noul"": 0.81, ""type"": ""noul""}, ""main_ingredient"": {""choice"": ""meat"", ""confidence"": 0.99, ""probabilities"": {""egg"": 0.0, ""fish"": 0.0, ""meat"": 0.99, ""other"": 0.0, ""soy"": 0.0, ""vegetable"": 0.01}, ""type"": ""choice""}, ""staple"": {""choice"": ""other"", ""confidence"": 0.96, ""probabilities"": {""bread"": 0.0, ""noodle"": 0.0, ""other"": 0.97, ""rice"": 0.03}, ""type"": ""choice""}, ""taste_tag"": {""choice"": ""semi_rich"", ""confidence"": 0.96, ""probabilities"": {""light"": 0.0, ""rich"": 0.01, ""semi_light"": 0.02, ""semi_rich"": 0.97}, ""type"": ""choice""}}, ""workload"": {""temperature_tag"": {""choice"": ""warm"", ""confidence"": 1.0, ""probabilities"": {""cold"": 0.0, ""warm"": 1.0}, ""type"": ""choice""}, ""time_tag"": {""choice"": ""min_15_30"", ""confidence"": 0.97, ""probabilities"": {""min_15_30"": 0.98, ""over_30"": 0.0, ""within_15"": 0.02}, ""type"": ""choice""}, ""uses_frying_pan"": {""noul"": 0.95, ""type"": ""noul""}, ""uses_heat_tag"": {""noul"": 0.98, ""type"": ""noul""}, ""uses_knife_tag"": {""noul"": 0.78, ""type"": ""noul""}, ""uses_microwave"": {""noul"": 0.04, ""type"": ""noul""}}}",
n91QnXF6EMM,赤魚は小麦粉をまぶして焼くと良いことしかない 赤魚 レシピ,https://www.youtube.com/watch?v=n91QnXF6EMM,ok,needs_review,true,0.89,和食,0.40,その他,1.00,主菜,1.00,魚,1.00,ややガッツリ,0.45,温かい,1.00,15〜30分,0.69,false,0.53,true,0.98,true,0.96,false,0.97,genre;taste_tag;time_tag;uses_knife_tag,3078,"{""core"": {""dish_shape"": {""choice"": ""main"", ""confidence"": 1.0, ""probabilities"": {""bowl"": 0.0, ""bread"": 0.0, ""main"": 1.0, ""noodle"": 0.0, ""other"": 0.0, ""rice_other"": 0.0, ""stew"": 0.0}, ""type"": ""choice""}, ""genre"": {""choice"": ""washoku"", ""confidence"": 0.4, ""probabilities"": {""chuka"": 0.0, ""korean"": 0.0, ""other"": 0.12, ""washoku"": 0.53, ""yoshoku"": 0.35}, ""type"": ""choice""}, ""is_single_recipe"": {""noul"": 0.89, ""type"": ""noul""}, ""main_ingredient"": {""choice"": ""fish"", ""confidence"": 1.0, ""probabilities"": {""egg"": 0.0, ""fish"": 1.0, ""meat"": 0.0, ""other"": 0.0, ""soy"": 0.0, ""vegetable"": 0.0}, ""type"": ""choice""}, ""staple"": {""choice"": ""other"", ""confidence"": 1.0, ""probabilities"": {""bread"": 0.0, ""noodle"": 0.0, ""other"": 1.0, ""rice"": 0.0}, ""type"": ""choice""}, ""taste_tag"": {""choice"": ""semi_rich"", ""confidence"": 0.45, ""probabilities"": {""light"": 0.0, ""rich"": 0.39, ""semi_light"": 0.02, ""semi_rich"": 0.59}, ""type"": ""choice""}}, ""workload"": {""temperature_tag"": {""choice"": ""warm"", ""confidence"": 1.0, ""probabilities"": {""cold"": 0.0, ""warm"": 1.0}, ""type"": ""choice""}, ""time_tag"": {""choice"": ""min_15_30"", ""confidence"": 0.69, ""probabilities"": {""min_15_30"": 0.8, ""over_30"": 0.0, ""within_15"": 0.2}, ""type"": ""choice""}, ""uses_frying_pan"": {""noul"": 0.96, ""type"": ""noul""}, ""uses_heat_tag"": {""noul"": 0.98, ""type"": ""noul""}, ""uses_knife_tag"": {""noul"": 0.47, ""type"": ""noul""}, ""uses_microwave"": {""noul"": 0.03, ""type"": ""noul""}}}",
zUmXDlXTSmw,いわし料理23品目「レモンしぼるガーリックソテー」 #イワシ料理 #イワシ #いわし料理 #魚料理レシピ #いわし #料理レシピ #魚料理 #料理男子 #魚レシピ #おうちごはん,https://www.youtube.com/watch?v=zUmXDlXTSmw,ok,needs_review,true,0.57,和食,0.45,その他,0.79,主菜,0.94,魚,1.00,ややガッツリ,0.45,温かい,1.00,15〜30分,0.90,true,0.67,true,0.94,true,0.83,false,0.95,is_single_recipe;genre;taste_tag;uses_knife_tag,2664,"{""core"": {""dish_shape"": {""choice"": ""main"", ""confidence"": 0.94, ""probabilities"": {""bowl"": 0.0, ""bread"": 0.0, ""main"": 0.96, ""noodle"": 0.0, ""other"": 0.0, ""rice_other"": 0.04, ""stew"": 0.0}, ""type"": ""choice""}, ""genre"": {""choice"": ""washoku"", ""confidence"": 0.45, ""probabilities"": {""chuka"": 0.0, ""korean"": 0.0, ""other"": 0.12, ""washoku"": 0.56, ""yoshoku"": 0.32}, ""type"": ""choice""}, ""is_single_recipe"": {""noul"": 0.57, ""type"": ""noul""}, ""main_ingredient"": {""choice"": ""fish"", ""confidence"": 1.0, ""probabilities"": {""egg"": 0.0, ""fish"": 1.0, ""meat"": 0.0, ""other"": 0.0, ""soy"": 0.0, ""vegetable"": 0.0}, ""type"": ""choice""}, ""staple"": {""choice"": ""other"", ""confidence"": 0.79, ""probabilities"": {""bread"": 0.0, ""noodle"": 0.0, ""other"": 0.85, ""rice"": 0.15}, ""type"": ""choice""}, ""taste_tag"": {""choice"": ""semi_rich"", ""confidence"": 0.45, ""probabilities"": {""light"": 0.01, ""rich"": 0.02, ""semi_light"": 0.39, ""semi_rich"": 0.58}, ""type"": ""choice""}}, ""workload"": {""temperature_tag"": {""choice"": ""warm"", ""confidence"": 1.0, ""probabilities"": {""cold"": 0.0, ""warm"": 1.0}, ""type"": ""choice""}, ""time_tag"": {""choice"": ""min_15_30"", ""confidence"": 0.9, ""probabilities"": {""min_15_30"": 0.94, ""over_30"": 0.0, ""within_15"": 0.06}, ""type"": ""choice""}, ""uses_frying_pan"": {""noul"": 0.83, ""type"": ""noul""}, ""uses_heat_tag"": {""noul"": 0.94, ""type"": ""noul""}, ""uses_knife_tag"": {""noul"": 0.67, ""type"": ""noul""}, ""uses_microwave"": {""noul"": 0.05, ""type"": ""noul""}}}",
X7ghVOGvXIU,【鯛のポワレ レモンバターソース-】皮面のパリパリ感！レモンの爽やかさとバターのコクが効いたソースがポイント！ #shorts,https://www.youtube.com/watch?v=X7ghVOGvXIU,ok,needs_review,true,0.92,洋食,0.46,その他,1.00,主菜,1.00,魚,1.00,ガッツリ,0.33,温かい,1.00,15〜30分,0.99,true,0.93,true,0.98,true,0.86,false,0.97,genre;taste_tag,3030,"{""core"": {""dish_shape"": {""choice"": ""main"", ""confidence"": 1.0, ""probabilities"": {""bowl"": 0.0, ""bread"": 0.0, ""main"": 1.0, ""noodle"": 0.0, ""other"": 0.0, ""rice_other"": 0.0, ""stew"": 0.0}, ""type"": ""choice""}, ""genre"": {""choice"": ""yoshoku"", ""confidence"": 0.46, ""probabilities"": {""chuka"": 0.0, ""korean"": 0.0, ""other"": 0.1, ""washoku"": 0.33, ""yoshoku"": 0.57}, ""type"": ""choice""}, ""is_single_recipe"": {""noul"": 0.92, ""type"": ""noul""}, ""main_ingredient"": {""choice"": ""fish"", ""confidence"": 1.0, ""probabilities"": {""egg"": 0.0, ""fish"": 1.0, ""meat"": 0.0, ""other"": 0.0, ""soy"": 0.0, ""vegetable"": 0.0}, ""type"": ""choice""}, ""staple"": {""choice"": ""other"", ""confidence"": 1.0, ""probabilities"": {""bread"": 0.0, ""noodle"": 0.0, ""other"": 1.0, ""rice"": 0.0}, ""type"": ""choice""}, ""taste_tag"": {""choice"": ""rich"", ""confidence"": 0.33, ""probabilities"": {""light"": 0.0, ""rich"": 0.49, ""semi_light"": 0.01, ""semi_rich"": 0.5}, ""type"": ""choice""}}, ""workload"": {""temperature_tag"": {""choice"": ""warm"", ""confidence"": 1.0, ""probabilities"": {""cold"": 0.0, ""warm"": 1.0}, ""type"": ""choice""}, ""time_tag"": {""choice"": ""min_15_30"", ""confidence"": 0.99, ""probabilities"": {""min_15_30"": 0.99, ""over_30"": 0.01, ""within_15"": 0.0}, ""type"": ""choice""}, ""uses_frying_pan"": {""noul"": 0.86, ""type"": ""noul""}, ""uses_heat_tag"": {""noul"": 0.98, ""type"": ""noul""}, ""uses_knife_tag"": {""noul"": 0.93, ""type"": ""noul""}, ""uses_microwave"": {""noul"": 0.03, ""type"": ""noul""}}}",
X6BnGjMda9g,簡単!基本の煮魚の作り方! #shorts,https://www.youtube.com/watch?v=X6BnGjMda9g,ok,needs_review,true,0.94,和食,1.00,その他,1.00,煮込み,0.78,魚,1.00,ややあっさり,0.86,温かい,1.00,15分以内,1.00,true,0.55,true,0.98,false,0.56,false,0.97,uses_knife_tag;uses_frying_pan,2878,"{""core"": {""dish_shape"": {""choice"": ""stew"", ""confidence"": 0.78, ""probabilities"": {""bowl"": 0.0, ""bread"": 0.0, ""main"": 0.18, ""noodle"": 0.0, ""other"": 0.0, ""rice_other"": 0.0, ""stew"": 0.8200000000000001}, ""type"": ""choice""}, ""genre"": {""choice"": ""washoku"", ""confidence"": 1.0, ""probabilities"": {""chuka"": 0.0, ""korean"": 0.0, ""other"": 0.0, ""washoku"": 1.0, ""yoshoku"": 0.0}, ""type"": ""choice""}, ""is_single_recipe"": {""noul"": 0.94, ""type"": ""noul""}, ""main_ingredient"": {""choice"": ""fish"", ""confidence"": 1.0, ""probabilities"": {""egg"": 0.0, ""fish"": 1.0, ""meat"": 0.0, ""other"": 0.0, ""soy"": 0.0, ""vegetable"": 0.0}, ""type"": ""choice""}, ""staple"": {""choice"": ""other"", ""confidence"": 1.0, ""probabilities"": {""bread"": 0.0, ""noodle"": 0.0, ""other"": 1.0, ""rice"": 0.0}, ""type"": ""choice""}, ""taste_tag"": {""choice"": ""semi_light"", ""confidence"": 0.86, ""probabilities"": {""light"": 0.01, ""rich"": 0.0, ""semi_light"": 0.89, ""semi_rich"": 0.1}, ""type"": ""choice""}}, ""workload"": {""temperature_tag"": {""choice"": ""warm"", ""confidence"": 1.0, ""probabilities"": {""cold"": 0.0, ""warm"": 1.0}, ""type"": ""choice""}, ""time_tag"": {""choice"": ""within_15"", ""confidence"": 1.0, ""probabilities"": {""min_15_30"": 0.0, ""over_30"": 0.0, ""within_15"": 1.0}, ""type"": ""choice""}, ""uses_frying_pan"": {""noul"": 0.44, ""type"": ""noul""}, ""uses_heat_tag"": {""noul"": 0.98, ""type"": ""noul""}, ""uses_knife_tag"": {""noul"": 0.55, ""type"": ""noul""}, ""uses_microwave"": {""noul"": 0.03, ""type"": ""noul""}}}",
UzhD8ahhSsA,衝撃！｜イタリア人に教わったガチの【魚介出汁】#shorts,https://www.youtube.com/watch?v=UzhD8ahhSsA,ok,needs_review,true,0.62,洋食,0.92,麺,0.55,麺料理,0.67,魚,0.95,ややガッツリ,0.28,温かい,1.00,15〜30分,0.96,false,0.53,true,0.95,false,0.77,false,0.95,is_single_recipe;staple;dish_shape;taste_tag;uses_knife_tag,2736,"{""core"": {""dish_shape"": {""choice"": ""noodle"", ""confidence"": 0.67, ""probabilities"": {""bowl"": 0.0, ""bread"": 0.0, ""main"": 0.08, ""noodle"": 0.72, ""other"": 0.18, ""rice_other"": 0.0, ""stew"": 0.02}, ""type"": ""choice""}, ""genre"": {""choice"": ""yoshoku"", ""confidence"": 0.92, ""probabilities"": {""chuka"": 0.0, ""korean"": 0.0, ""other"": 0.02, ""washoku"": 0.04, ""yoshoku"": 0.94}, ""type"": ""choice""}, ""is_single_recipe"": {""noul"": 0.62, ""type"": ""noul""}, ""main_ingredient"": {""choice"": ""fish"", ""confidence"": 0.95, ""probabilities"": {""egg"": 0.0, ""fish"": 0.96, ""meat"": 0.0, ""other"": 0.04, ""soy"": 0.0, ""vegetable"": 0.0}, ""type"": ""choice""}, ""staple"": {""choice"": ""noodle"", ""confidence"": 0.55, ""probabilities"": {""bread"": 0.0, ""noodle"": 0.66, ""other"": 0.34, ""rice"": 0.0}, ""type"": ""choice""}, ""taste_tag"": {""choice"": ""semi_rich"", ""confidence"": 0.28, ""probabilities"": {""light"": 0.28, ""rich"": 0.01, ""semi_light"": 0.25, ""semi_rich"": 0.46}, ""type"": ""choice""}}, ""workload"": {""temperature_tag"": {""choice"": ""warm"", ""confidence"": 1.0, ""probabilities"": {""cold"": 0.0, ""warm"": 1.0}, ""type"": ""choice""}, ""time_tag"": {""choice"": ""min_15_30"", ""confidence"": 0.96, ""probabilities"": {""min_15_30"": 0.97, ""over_30"": 0.01, ""within_15"": 0.02}, ""type"": ""choice""}, ""uses_frying_pan"": {""noul"": 0.23, ""type"": ""noul""}, ""uses_heat_tag"": {""noul"": 0.95, ""type"": ""noul""}, ""uses_knife_tag"": {""noul"": 0.47, ""type"": ""noul""}, ""uses_microwave"": {""noul"": 0.05, ""type"": ""noul""}}}",
GBnGlIqtJd4,【メカジキのガーリックソテー】これで魚料理も簡単！？味付けに迷ったら使える黄金比！ #shorts #レシピ #メカジキ #ガーリック #ガーリックソテー #にんにく #裏技 #豆知識,https://www.youtube.com/watch?v=GBnGlIqtJd4,ok,needs_review,true,0.82,洋食,0.31,その他,1.00,主菜,1.00,魚,1.00,ややガッツリ,0.83,温かい,1.00,15〜30分,0.93,true,0.76,true,0.95,true,0.86,false,0.96,genre,2690,"{""core"": {""dish_shape"": {""choice"": ""main"", ""confidence"": 1.0, ""probabilities"": {""bowl"": 0.0, ""bread"": 0.0, ""main"": 1.0, ""noodle"": 0.0, ""other"": 0.0, ""rice_other"": 0.0, ""stew"": 0.0}, ""type"": ""choice""}, ""genre"": {""choice"": ""yoshoku"", ""confidence"": 0.31, ""probabilities"": {""chuka"": 0.0, ""korean"": 0.0, ""other"": 0.43, ""washoku"": 0.13, ""yoshoku"": 0.44}, ""type"": ""choice""}, ""is_single_recipe"": {""noul"": 0.82, ""type"": ""noul""}, ""main_ingredient"": {""choice"": ""fish"", ""confidence"": 1.0, ""probabilities"": {""egg"": 0.0, ""fish"": 1.0, ""meat"": 0.0, ""other"": 0.0, ""soy"": 0.0, ""vegetable"": 0.0}, ""type"": ""choice""}, ""staple"": {""choice"": ""other"", ""confidence"": 1.0, ""probabilities"": {""bread"": 0.0, ""noodle"": 0.0, ""other"": 1.0, ""rice"": 0.0}, ""type"": ""choice""}, ""taste_tag"": {""choice"": ""semi_rich"", ""confidence"": 0.83, ""probabilities"": {""light"": 0.0, ""rich"": 0.08, ""semi_light"": 0.05, ""semi_rich"": 0.87}, ""type"": ""choice""}}, ""workload"": {""temperature_tag"": {""choice"": ""warm"", ""confidence"": 1.0, ""probabilities"": {""cold"": 0.0, ""warm"": 1.0}, ""type"": ""choice""}, ""time_tag"": {""choice"": ""min_15_30"", ""confidence"": 0.93, ""probabilities"": {""min_15_30"": 0.96, ""over_30"": 0.0, ""within_15"": 0.04}, ""type"": ""choice""}, ""uses_frying_pan"": {""noul"": 0.86, ""type"": ""noul""}, ""uses_heat_tag"": {""noul"": 0.95, ""type"": ""noul""}, ""uses_knife_tag"": {""noul"": 0.76, ""type"": ""noul""}, ""uses_microwave"": {""noul"": 0.04, ""type"": ""noul""}}}",
GwUtM9NLx9o,【一番おいしい鰯のレシピ】梅と生姜でさっぱり煮 #Shorts,https://www.youtube.com/watch?v=GwUtM9NLx9o,ok,needs_review,true,0.81,和食,0.98,その他,1.00,煮込み,0.97,魚,1.00,ややあっさり,0.59,温かい,1.00,15〜30分,0.99,true,0.68,true,0.96,false,0.69,false,0.96,taste_tag;uses_knife_tag;uses_frying_pan,2578,"{""core"": {""dish_shape"": {""choice"": ""stew"", ""confidence"": 0.97, ""probabilities"": {""bowl"": 0.0, ""bread"": 0.0, ""main"": 0.02, ""noodle"": 0.0, ""other"": 0.0, ""rice_other"": 0.0, ""stew"": 0.98}, ""type"": ""choice""}, ""genre"": {""choice"": ""washoku"", ""confidence"": 0.98, ""probabilities"": {""chuka"": 0.0, ""korean"": 0.0, ""other"": 0.01, ""washoku"": 0.99, ""yoshoku"": 0.0}, ""type"": ""choice""}, ""is_single_recipe"": {""noul"": 0.81, ""type"": ""noul""}, ""main_ingredient"": {""choice"": ""fish"", ""confidence"": 1.0, ""probabilities"": {""egg"": 0.0, ""fish"": 1.0, ""meat"": 0.0, ""other"": 0.0, ""soy"": 0.0, ""vegetable"": 0.0}, ""type"": ""choice""}, ""staple"": {""choice"": ""other"", ""confidence"": 1.0, ""probabilities"": {""bread"": 0.0, ""noodle"": 0.0, ""other"": 1.0, ""rice"": 0.0}, ""type"": ""choice""}, ""taste_tag"": {""choice"": ""semi_light"", ""confidence"": 0.59, ""probabilities"": {""light"": 0.3, ""rich"": 0.0, ""semi_light"": 0.69, ""semi_rich"": 0.01}, ""type"": ""choice""}}, ""workload"": {""temperature_tag"": {""choice"": ""warm"", ""confidence"": 1.0, ""probabilities"": {""cold"": 0.0, ""warm"": 1.0}, ""type"": ""choice""}, ""time_tag"": {""choice"": ""min_15_30"", ""confidence"": 0.99, ""probabilities"": {""min_15_30"": 1.0, ""over_30"": 0.0, ""within_15"": 0.0}, ""type"": ""choice""}, ""uses_frying_pan"": {""noul"": 0.31, ""type"": ""noul""}, ""uses_heat_tag"": {""noul"": 0.96, ""type"": ""noul""}, ""uses_knife_tag"": {""noul"": 0.68, ""type"": ""noul""}, ""uses_microwave"": {""noul"": 0.04, ""type"": ""noul""}}}",
l6to2Ra0zpk,【いわし料理14品目：大葉チーズのパン粉焼き】 #魚料理 #イワシ #魚料理レシピ #いわし #イワシ料理 #料理男子 #魚レシピ #いわし料理 #料理レシピ #おうちごはん #パン粉 #チーズ,https://www.youtube.com/watch?v=l6to2Ra0zpk,ok,needs_review,true,0.66,洋食,0.86,その他,0.38,主菜,0.42,魚,0.95,ガッツリ,0.93,温かい,1.00,15〜30分,0.98,true,0.66,true,0.95,true,0.84,false,0.94,is_single_recipe;staple;dish_shape;uses_knife_tag,2670,"{""core"": {""dish_shape"": {""choice"": ""main"", ""confidence"": 0.42, ""probabilities"": {""bowl"": 0.0, ""bread"": 0.48, ""main"": 0.51, ""noodle"": 0.0, ""other"": 0.01, ""rice_other"": 0.0, ""stew"": 0.0}, ""type"": ""choice""}, ""genre"": {""choice"": ""yoshoku"", ""confidence"": 0.86, ""probabilities"": {""chuka"": 0.0, ""korean"": 0.0, ""other"": 0.03, ""washoku"": 0.09, ""yoshoku"": 0.88}, ""type"": ""choice""}, ""is_single_recipe"": {""noul"": 0.66, ""type"": ""noul""}, ""main_ingredient"": {""choice"": ""fish"", ""confidence"": 0.95, ""probabilities"": {""egg"": 0.0, ""fish"": 0.96, ""meat"": 0.0, ""other"": 0.04, ""soy"": 0.0, ""vegetable"": 0.0}, ""type"": ""choice""}, ""staple"": {""choice"": ""other"", ""confidence"": 0.38, ""probabilities"": {""bread"": 0.46, ""noodle"": 0.0, ""other"": 0.54, ""rice"": 0.0}, ""type"": ""choice""}, ""taste_tag"": {""choice"": ""rich"", ""confidence"": 0.93, ""probabilities"": {""light"": 0.0, ""rich"": 0.95, ""semi_light"": 0.0, ""semi_rich"": 0.05}, ""type"": ""choice""}}, ""workload"": {""temperature_tag"": {""choice"": ""warm"", ""confidence"": 1.0, ""probabilities"": {""cold"": 0.0, ""warm"": 1.0}, ""type"": ""choice""}, ""time_tag"": {""choice"": ""min_15_30"", ""confidence"": 0.98, ""probabilities"": {""min_15_30"": 0.99, ""over_30"": 0.0, ""within_15"": 0.01}, ""type"": ""choice""}, ""uses_frying_pan"": {""noul"": 0.84, ""type"": ""noul""}, ""uses_heat_tag"": {""noul"": 0.95, ""type"": ""noul""}, ""uses_knife_tag"": {""noul"": 0.66, ""type"": ""noul""}, ""uses_microwave"": {""noul"": 0.06, ""type"": ""noul""}}}",
1N92GBr-Q9A,誰にでも出来る！プロ直伝の鯛のバター焼きの作り方,https://www.youtube.com/watch?v=1N92GBr-Q9A,ok,needs_review,true,0.92,和食,0.37,その他,1.00,主菜,1.00,魚,1.00,ガッツリ,0.84,温かい,1.00,15〜30分,0.79,true,0.61,true,0.98,true,0.97,false,0.97,genre;uses_knife_tag,3044,"{""core"": {""dish_shape"": {""choice"": ""main"", ""confidence"": 1.0, ""probabilities"": {""bowl"": 0.0, ""bread"": 0.0, ""main"": 1.0, ""noodle"": 0.0, ""other"": 0.0, ""rice_other"": 0.0, ""stew"": 0.0}, ""type"": ""choice""}, ""genre"": {""choice"": ""washoku"", ""confidence"": 0.37, ""probabilities"": {""chuka"": 0.0, ""korean"": 0.0, ""other"": 0.15, ""washoku"": 0.49, ""yoshoku"": 0.36}, ""type"": ""choice""}, ""is_single_recipe"": {""noul"": 0.92, ""type"": ""noul""}, ""main_ingredient"": {""choice"": ""fish"", ""confidence"": 1.0, ""probabilities"": {""egg"": 0.0, ""fish"": 1.0, ""meat"": 0.0, ""other"": 0.0, ""soy"": 0.0, ""vegetable"": 0.0}, ""type"": ""choice""}, ""staple"": {""choice"": ""other"", ""confidence"": 1.0, ""probabilities"": {""bread"": 0.0, ""noodle"": 0.0, ""other"": 1.0, ""rice"": 0.0}, ""type"": ""choice""}, ""taste_tag"": {""choice"": ""rich"", ""confidence"": 0.84, ""probabilities"": {""light"": 0.0, ""rich"": 0.88, ""semi_light"": 0.0, ""semi_rich"": 0.12}, ""type"": ""choice""}}, ""workload"": {""temperature_tag"": {""choice"": ""warm"", ""confidence"": 1.0, ""probabilities"": {""cold"": 0.0, ""warm"": 1.0}, ""type"": ""choice""}, ""time_tag"": {""choice"": ""min_15_30"", ""confidence"": 0.79, ""probabilities"": {""min_15_30"": 0.86, ""over_30"": 0.0, ""within_15"": 0.14}, ""type"": ""choice""}, ""uses_frying_pan"": {""noul"": 0.97, ""type"": ""noul""}, ""uses_heat_tag"": {""noul"": 0.98, ""type"": ""noul""}, ""uses_knife_tag"": {""noul"": 0.61, ""type"": ""noul""}, ""uses_microwave"": {""noul"": 0.03, ""type"": ""noul""}}}",
6KnXPlvQfjw,【ヤスウマ】大学生時代食べまくっていた海鮮丼レシピ,https://www.youtube.com/watch?v=6KnXPlvQfjw,ok,needs_review,true,0.80,和食,1.00,ご飯,1.00,丼,1.00,魚,0.98,ややガッツリ,0.37,温かい,0.28,15分以内,0.99,true,0.59,true,0.76,false,0.74,false,0.94,taste_tag;temperature_tag;uses_knife_tag;uses_frying_pan,2650,"{""core"": {""dish_shape"": {""choice"": ""bowl"", ""confidence"": 1.0, ""probabilities"": {""bowl"": 1.0, ""bread"": 0.0, ""main"": 0.0, ""noodle"": 0.0, ""other"": 0.0, ""rice_other"": 0.0, ""stew"": 0.0}, ""type"": ""choice""}, ""genre"": {""choice"": ""washoku"", ""confidence"": 1.0, ""probabilities"": {""chuka"": 0.0, ""korean"": 0.0, ""other"": 0.0, ""washoku"": 1.0, ""yoshoku"": 0.0}, ""type"": ""choice""}, ""is_single_recipe"": {""noul"": 0.8, ""type"": ""noul""}, ""main_ingredient"": {""choice"": ""fish"", ""confidence"": 0.98, ""probabilities"": {""egg"": 0.0, ""fish"": 0.99, ""meat"": 0.0, ""other"": 0.01, ""soy"": 0.0, ""vegetable"": 0.0}, ""type"": ""choice""}, ""staple"": {""choice"": ""rice"", ""confidence"": 1.0, ""probabilities"": {""bread"": 0.0, ""noodle"": 0.0, ""other"": 0.0, ""rice"": 1.0}, ""type"": ""choice""}, ""taste_tag"": {""choice"": ""semi_rich"", ""confidence"": 0.37, ""probabilities"": {""light"": 0.02, ""rich"": 0.0, ""semi_light"": 0.45, ""semi_rich"": 0.53}, ""type"": ""choice""}}, ""workload"": {""temperature_tag"": {""choice"": ""warm"", ""confidence"": 0.28, ""probabilities"": {""cold"": 0.36, ""warm"": 0.64}, ""type"": ""choice""}, ""time_tag"": {""choice"": ""within_15"", ""confidence"": 0.99, ""probabilities"": {""min_15_30"": 0.0, ""over_30"": 0.0, ""within_15"": 1.0}, ""type"": ""choice""}, ""uses_frying_pan"": {""noul"": 0.26, ""type"": ""noul""}, ""uses_heat_tag"": {""noul"": 0.76, ""type"": ""noul""}, ""uses_knife_tag"": {""noul"": 0.59, ""type"": ""noul""}, ""uses_microwave"": {""noul"": 0.06, ""type"": ""noul""}}}",
2ihukSjfFp0,マジで旨い！！濃厚魚介豚骨つけ麺！#ラーメン#つけ麺#料理,https://www.youtube.com/watch?v=2ihukSjfFp0,ok,needs_review,true,0.74,中華,0.87,麺,1.00,麺料理,1.00,魚,0.64,ガッツリ,0.99,温かい,0.95,15〜30分,0.96,true,0.57,true,0.97,false,0.78,false,0.94,is_single_recipe;main_ingredient;uses_knife_tag,2590,"{""core"": {""dish_shape"": {""choice"": ""noodle"", ""confidence"": 1.0, ""probabilities"": {""bowl"": 0.0, ""bread"": 0.0, ""main"": 0.0, ""noodle"": 1.0, ""other"": 0.0, ""rice_other"": 0.0, ""stew"": 0.0}, ""type"": ""choice""}, ""genre"": {""choice"": ""chuka"", ""confidence"": 0.87, ""probabilities"": {""chuka"": 0.89, ""korean"": 0.0, ""other"": 0.01, ""washoku"": 0.1, ""yoshoku"": 0.0}, ""type"": ""choice""}, ""is_single_recipe"": {""noul"": 0.74, ""type"": ""noul""}, ""main_ingredient"": {""choice"": ""fish"", ""confidence"": 0.64, ""probabilities"": {""egg"": 0.0, ""fish"": 0.7, ""meat"": 0.1, ""other"": 0.2, ""soy"": 0.0, ""vegetable"": 0.0}, ""type"": ""choice""}, ""staple"": {""choice"": ""noodle"", ""confidence"": 1.0, ""probabilities"": {""bread"": 0.0, ""noodle"": 1.0, ""other"": 0.0, ""rice"": 0.0}, ""type"": ""choice""}, ""taste_tag"": {""choice"": ""rich"", ""confidence"": 0.99, ""probabilities"": {""light"": 0.0, ""rich"": 0.99, ""semi_light"": 0.0, ""semi_rich"": 0.01}, ""type"": ""choice""}}, ""workload"": {""temperature_tag"": {""choice"": ""warm"", ""confidence"": 0.95, ""probabilities"": {""cold"": 0.03, ""warm"": 0.97}, ""type"": ""choice""}, ""time_tag"": {""choice"": ""min_15_30"", ""confidence"": 0.96, ""probabilities"": {""min_15_30"": 0.97, ""over_30"": 0.03, ""within_15"": 0.0}, ""type"": ""choice""}, ""uses_frying_pan"": {""noul"": 0.22, ""type"": ""noul""}, ""uses_heat_tag"": {""noul"": 0.97, ""type"": ""noul""}, ""uses_knife_tag"": {""noul"": 0.57, ""type"": ""noul""}, ""uses_microwave"": {""noul"": 0.06, ""type"": ""noul""}}}",
8BF3Om9fM_E,魚一尾丸々使って作るパスタは異次元の旨さ #パスタ料理 #パスタ #イタリアン #cooking #イタリア家庭料理 #晩酌,https://www.youtube.com/watch?v=8BF3Om9fM_E,ok,needs_review,true,0.76,洋食,1.00,麺,1.00,麺料理,1.00,魚,0.99,ややガッツリ,0.88,温かい,1.00,15〜30分,0.95,true,0.72,true,0.95,false,0.53,false,0.94,uses_knife_tag;uses_frying_pan,2600,"{""core"": {""dish_shape"": {""choice"": ""noodle"", ""confidence"": 1.0, ""probabilities"": {""bowl"": 0.0, ""bread"": 0.0, ""main"": 0.0, ""noodle"": 1.0, ""other"": 0.0, ""rice_other"": 0.0, ""stew"": 0.0}, ""type"": ""choice""}, ""genre"": {""choice"": ""yoshoku"", ""confidence"": 1.0, ""probabilities"": {""chuka"": 0.0, ""korean"": 0.0, ""other"": 0.0, ""washoku"": 0.0, ""yoshoku"": 1.0}, ""type"": ""choice""}, ""is_single_recipe"": {""noul"": 0.76, ""type"": ""noul""}, ""main_ingredient"": {""choice"": ""fish"", ""confidence"": 0.99, ""probabilities"": {""egg"": 0.0, ""fish"": 0.99, ""meat"": 0.0, ""other"": 0.01, ""soy"": 0.0, ""vegetable"": 0.0}, ""type"": ""choice""}, ""staple"": {""choice"": ""noodle"", ""confidence"": 1.0, ""probabilities"": {""bread"": 0.0, ""noodle"": 1.0, ""other"": 0.0, ""rice"": 0.0}, ""type"": ""choice""}, ""taste_tag"": {""choice"": ""semi_rich"", ""confidence"": 0.88, ""probabilities"": {""light"": 0.0, ""rich"": 0.06, ""semi_light"": 0.03, ""semi_rich"": 0.91}, ""type"": ""choice""}}, ""workload"": {""temperature_tag"": {""choice"": ""warm"", ""confidence"": 1.0, ""probabilities"": {""cold"": 0.0, ""warm"": 1.0}, ""type"": ""choice""}, ""time_tag"": {""choice"": ""min_15_30"", ""confidence"": 0.95, ""probabilities"": {""min_15_30"": 0.97, ""over_30"": 0.03, ""within_15"": 0.0}, ""type"": ""choice""}, ""uses_frying_pan"": {""noul"": 0.47, ""type"": ""noul""}, ""uses_heat_tag"": {""noul"": 0.95, ""type"": ""noul""}, ""uses_knife_tag"": {""noul"": 0.72, ""type"": ""noul""}, ""uses_microwave"": {""noul"": 0.06, ""type"": ""noul""}}}",
rCDM0KBWJ6A,夏野菜は片っ端から全部これにぶちこめ!!そうめんつゆにもなるヤバい絶品野菜漬け#shorts #リュウジ #料理,https://www.youtube.com/watch?v=rCDM0KBWJ6A,ok,needs_review,true,0.72,和食,0.89,その他,0.61,主菜,0.64,野菜中心,1.00,あっさり,0.34,冷たい,0.95,15〜30分,0.81,true,0.76,true,0.66,false,0.74,false,0.51,is_single_recipe;staple;dish_shape;taste_tag;uses_heat_tag;uses_frying_pan;uses_microwave,4082,"{""core"": {""dish_shape"": {""choice"": ""main"", ""confidence"": 0.64, ""probabilities"": {""bowl"": 0.0, ""bread"": 0.0, ""main"": 0.7, ""noodle"": 0.17, ""other"": 0.13, ""rice_other"": 0.0, ""stew"": 0.0}, ""type"": ""choice""}, ""genre"": {""choice"": ""washoku"", ""confidence"": 0.89, ""probabilities"": {""chuka"": 0.0, ""korean"": 0.0, ""other"": 0.08, ""washoku"": 0.92, ""yoshoku"": 0.0}, ""type"": ""choice""}, ""is_single_recipe"": {""noul"": 0.72, ""type"": ""noul""}, ""main_ingredient"": {""choice"": ""vegetable"", ""confidence"": 1.0, ""probabilities"": {""egg"": 0.0, ""fish"": 0.0, ""meat"": 0.0, ""other"": 0.0, ""soy"": 0.0, ""vegetable"": 1.0}, ""type"": ""choice""}, ""staple"": {""choice"": ""other"", ""confidence"": 0.61, ""probabilities"": {""bread"": 0.0, ""noodle"": 0.29, ""other"": 0.71, ""rice"": 0.0}, ""type"": ""choice""}, ""taste_tag"": {""choice"": ""light"", ""confidence"": 0.34, ""probabilities"": {""light"": 0.5, ""rich"": 0.01, ""semi_light"": 0.42, ""semi_rich"": 0.07}, ""type"": ""choice""}}, ""workload"": {""temperature_tag"": {""choice"": ""cold"", ""confidence"": 0.95, ""probabilities"": {""cold"": 0.98, ""warm"": 0.02}, ""type"": ""choice""}, ""time_tag"": {""choice"": ""min_15_30"", ""confidence"": 0.81, ""probabilities"": {""min_15_30"": 0.88, ""over_30"": 0.09, ""within_15"": 0.03}, ""type"": ""choice""}, ""uses_frying_pan"": {""noul"": 0.26, ""type"": ""noul""}, ""uses_heat_tag"": {""noul"": 0.66, ""type"": ""noul""}, ""uses_knife_tag"": {""noul"": 0.76, ""type"": ""noul""}, ""uses_microwave"": {""noul"": 0.49, ""type"": ""noul""}}}",
0oGCJg1jU8c,【無限ズッキーニ】5分で完成、むくみ夏バテ予防,https://www.youtube.com/watch?v=0oGCJg1jU8c,ok,needs_review,true,0.95,和食,0.98,その他,1.00,主菜,1.00,野菜中心,1.00,ややガッツリ,0.54,温かい,0.99,15分以内,1.00,true,0.84,true,0.99,true,0.99,false,0.98,taste_tag,3292,"{""core"": {""dish_shape"": {""choice"": ""main"", ""confidence"": 1.0, ""probabilities"": {""bowl"": 0.0, ""bread"": 0.0, ""main"": 1.0, ""noodle"": 0.0, ""other"": 0.0, ""rice_other"": 0.0, ""stew"": 0.0}, ""type"": ""choice""}, ""genre"": {""choice"": ""washoku"", ""confidence"": 0.98, ""probabilities"": {""chuka"": 0.0, ""korean"": 0.0, ""other"": 0.01, ""washoku"": 0.99, ""yoshoku"": 0.0}, ""type"": ""choice""}, ""is_single_recipe"": {""noul"": 0.95, ""type"": ""noul""}, ""main_ingredient"": {""choice"": ""vegetable"", ""confidence"": 1.0, ""probabilities"": {""egg"": 0.0, ""fish"": 0.0, ""meat"": 0.0, ""other"": 0.0, ""soy"": 0.0, ""vegetable"": 1.0}, ""type"": ""choice""}, ""staple"": {""choice"": ""other"", ""confidence"": 1.0, ""probabilities"": {""bread"": 0.0, ""noodle"": 0.0, ""other"": 1.0, ""rice"": 0.0}, ""type"": ""choice""}, ""taste_tag"": {""choice"": ""semi_rich"", ""confidence"": 0.54, ""probabilities"": {""light"": 0.01, ""rich"": 0.01, ""semi_light"": 0.33, ""semi_rich"": 0.65}, ""type"": ""choice""}}, ""workload"": {""temperature_tag"": {""choice"": ""warm"", ""confidence"": 0.99, ""probabilities"": {""cold"": 0.0, ""warm"": 1.0}, ""type"": ""choice""}, ""time_tag"": {""choice"": ""within_15"", ""confidence"": 1.0, ""probabilities"": {""min_15_30"": 0.0, ""over_30"": 0.0, ""within_15"": 1.0}, ""type"": ""choice""}, ""uses_frying_pan"": {""noul"": 0.99, ""type"": ""noul""}, ""uses_heat_tag"": {""noul"": 0.99, ""type"": ""noul""}, ""uses_knife_tag"": {""noul"": 0.84, ""type"": ""noul""}, ""uses_microwave"": {""noul"": 0.02, ""type"": ""noul""}}}",
DyHHrzKw6Fk,開始1週間で100万再生されたズッキーニレシピです🫡,https://www.youtube.com/watch?v=DyHHrzKw6Fk,ok,needs_review,true,0.96,洋食,0.62,その他,1.00,主菜,1.00,野菜中心,1.00,ややガッツリ,0.67,温かい,0.99,15分以内,0.48,true,0.96,true,0.99,true,0.99,false,0.98,genre;taste_tag;time_tag,5330,"{""core"": {""dish_shape"": {""choice"": ""main"", ""confidence"": 1.0, ""probabilities"": {""bowl"": 0.0, ""bread"": 0.0, ""main"": 1.0, ""noodle"": 0.0, ""other"": 0.0, ""rice_other"": 0.0, ""stew"": 0.0}, ""type"": ""choice""}, ""genre"": {""choice"": ""yoshoku"", ""confidence"": 0.62, ""probabilities"": {""chuka"": 0.0, ""korean"": 0.0, ""other"": 0.1, ""washoku"": 0.2, ""yoshoku"": 0.7}, ""type"": ""choice""}, ""is_single_recipe"": {""noul"": 0.96, ""type"": ""noul""}, ""main_ingredient"": {""choice"": ""vegetable"", ""confidence"": 1.0, ""probabilities"": {""egg"": 0.0, ""fish"": 0.0, ""meat"": 0.0, ""other"": 0.0, ""soy"": 0.0, ""vegetable"": 1.0}, ""type"": ""choice""}, ""staple"": {""choice"": ""other"", ""confidence"": 1.0, ""probabilities"": {""bread"": 0.0, ""noodle"": 0.0, ""other"": 1.0, ""rice"": 0.0}, ""type"": ""choice""}, ""taste_tag"": {""choice"": ""semi_rich"", ""confidence"": 0.67, ""probabilities"": {""light"": 0.0, ""rich"": 0.02, ""semi_light"": 0.22, ""semi_rich"": 0.76}, ""type"": ""choice""}}, ""workload"": {""temperature_tag"": {""choice"": ""warm"", ""confidence"": 0.99, ""probabilities"": {""cold"": 0.01, ""warm"": 0.99}, ""type"": ""choice""}, ""time_tag"": {""choice"": ""within_15"", ""confidence"": 0.48, ""probabilities"": {""min_15_30"": 0.34, ""over_30"": 0.01, ""within_15"": 0.65}, ""type"": ""choice""}, ""uses_frying_pan"": {""noul"": 0.99, ""type"": ""noul""}, ""uses_heat_tag"": {""noul"": 0.99, ""type"": ""noul""}, ""uses_knife_tag"": {""noul"": 0.96, ""type"": ""noul""}, ""uses_microwave"": {""noul"": 0.02, ""type"": ""noul""}}}",
yGjFFPOPLNk,毎日でも食べたい！【豚野菜あんかけ丼】 #簡単レシピ,https://www.youtube.com/watch?v=yGjFFPOPLNk,ok,needs_review,true,0.83,和食,0.96,ご飯,1.00,丼,1.00,肉,0.83,ややガッツリ,0.95,温かい,1.00,15分以内,0.98,true,0.64,true,0.97,false,0.58,false,0.94,uses_knife_tag;uses_frying_pan,2534,"{""core"": {""dish_shape"": {""choice"": ""bowl"", ""confidence"": 1.0, ""probabilities"": {""bowl"": 1.0, ""bread"": 0.0, ""main"": 0.0, ""noodle"": 0.0, ""other"": 0.0, ""rice_other"": 0.0, ""stew"": 0.0}, ""type"": ""choice""}, ""genre"": {""choice"": ""washoku"", ""confidence"": 0.96, ""probabilities"": {""chuka"": 0.03, ""korean"": 0.0, ""other"": 0.01, ""washoku"": 0.96, ""yoshoku"": 0.0}, ""type"": ""choice""}, ""is_single_recipe"": {""noul"": 0.83, ""type"": ""noul""}, ""main_ingredient"": {""choice"": ""meat"", ""confidence"": 0.83, ""probabilities"": {""egg"": 0.0, ""fish"": 0.0, ""meat"": 0.86, ""other"": 0.08, ""soy"": 0.0, ""vegetable"": 0.06}, ""type"": ""choice""}, ""staple"": {""choice"": ""rice"", ""confidence"": 1.0, ""probabilities"": {""bread"": 0.0, ""noodle"": 0.0, ""other"": 0.0, ""rice"": 1.0}, ""type"": ""choice""}, ""taste_tag"": {""choice"": ""semi_rich"", ""confidence"": 0.95, ""probabilities"": {""light"": 0.0, ""rich"": 0.01, ""semi_light"": 0.02, ""semi_rich"": 0.97}, ""type"": ""choice""}}, ""workload"": {""temperature_tag"": {""choice"": ""warm"", ""confidence"": 1.0, ""probabilities"": {""cold"": 0.0, ""warm"": 1.0}, ""type"": ""choice""}, ""time_tag"": {""choice"": ""within_15"", ""confidence"": 0.98, ""probabilities"": {""min_15_30"": 0.01, ""over_30"": 0.0, ""within_15"": 0.99}, ""type"": ""choice""}, ""uses_frying_pan"": {""noul"": 0.42, ""type"": ""noul""}, ""uses_heat_tag"": {""noul"": 0.97, ""type"": ""noul""}, ""uses_knife_tag"": {""noul"": 0.64, ""type"": ""noul""}, ""uses_microwave"": {""noul"": 0.06, ""type"": ""noul""}}}",
