video_id,メニュー,動画URL,投稿者,tag_review_reasons,genre,genre_confidence,genre_basis,staple,staple_confidence,staple_basis,dish_shape,dish_shape_confidence,dish_shape_basis,main_ingredient,main_ingredient_confidence,main_ingredient_basis,temperature_tag,temperature_tag_confidence,temperature_tag_basis,time_tag,time_tag_confidence,time_tag_basis,uses_knife_tag,uses_knife_tag_confidence,uses_knife_tag_basis,uses_heat_tag,uses_heat_tag_confidence,uses_heat_tag_basis,uses_frying_pan,uses_frying_pan_confidence,uses_frying_pan_basis,uses_microwave,uses_microwave_confidence,uses_microwave_basis,詳細食材タグ,fact_status,fact_source
atQZ_XkZghc,5分で出来る！レンジで簡単おやつ✨パスタスナック🍝 #パスタスナック #おやつ #パスタレシピ #簡単おやつ #簡単おつまみ #おつまみレシピ #おつまみ,https://www.youtube.com/watch?v=atQZ_XkZghc,コタキッチンKotaKitchen,main_ingredient confidence 0.66,洋食,0.95,"キーワード: パスタ, カレー",麺,0.95,麺タグまたは麺料理名,麺料理,0.94,主食タグが麺,その他,0.66,中心食材タグが弱い,温かい,0.72,明確な温度語なし・既存推定,15分以内,0.95,時間表現: 5分,false,0.72,既存knife列・食材推定,true,0.82,電子レンジ加熱,false,0.76,別調理器具の表現,true,0.95,電子レンジ表現: レンジ,"pasta,cheese,curry_roux",estimated,youtube_api_inferred
9TMLOTevoh8,手軽で美味しい焼きうどん🤤✨ #簡単レシピ #簡単レシピ,https://www.youtube.com/watch?v=9TMLOTevoh8,Hideka cooking,main_ingredient confidence 0.66,和食,0.95,キーワード: うどん,麺,0.95,麺タグまたは麺料理名,麺料理,0.94,主食タグが麺,その他,0.66,中心食材タグが弱い,温かい,0.90,温かい調理語: 焼き,15分以内,0.72,既存time列・明確な分数なし,false,0.72,既存knife列・食材推定,true,0.90,"加熱調理語: 焼き, 焼き",true,0.92,フライパン系表現: 焼き,false,0.70,電子レンジ表現なし,udon,estimated,youtube_api_inferred
Ov83dzaiA3w,【混ぜるだけで簡単◎】絶対作ってほしい！！やみつきパスタが美味しすぎる,https://www.youtube.com/watch?v=Ov83dzaiA3w,ラクうま料理ちゃんねる,main_ingredient confidence 0.66,洋食,0.95,キーワード: パスタ,麺,0.95,麺タグまたは麺料理名,麺料理,0.94,主食タグが麺,その他,0.66,中心食材タグが弱い,温かい,0.90,温かい調理語: 茹で,15分以内,0.95,時間表現: 5分,false,0.72,既存knife列・食材推定,true,0.90,加熱調理語: 茹で,false,0.56,フライパン表現なし,false,0.70,電子レンジ表現なし,pasta,estimated,youtube_api_inferred
5F3BQvzqeX4,茄子チーズ焼き🧀🍆#簡単レシピ #料理 #茄子 #チーズ #cooking #夏 #ごはん #レシピ #時短レシピ #夏休み,https://www.youtube.com/watch?v=5F3BQvzqeX4,りな おうちでごちそう:ワンパンレシピ,genre confidence 0.45; main_ingredient confidence 0.66,その他,0.45,ジャンル判定に使える語が少ない,ご飯,0.92,米タグまたはご飯料理名,丼以外のご飯もの,0.72,米タグあり・丼表現なし,その他,0.66,中心食材タグが弱い,温かい,0.90,"温かい調理語: 焼き, ごはん",15〜30分,0.72,既存time列・明確な分数なし,false,0.72,既存knife列・食材推定,true,0.90,"加熱調理語: 焼き, ごはん, 焼き",true,0.92,フライパン系表現: 焼き,false,0.70,電子レンジ表現なし,cheese,estimated,youtube_api_inferred
R9w9cGAXcLA,自宅で簡単、コク旨ナポリタンです！#shorts #簡単レシピ #ナポリタン,https://www.youtube.com/watch?v=R9w9cGAXcLA,パパっとdish,main_ingredient confidence 0.66,洋食,0.95,キーワード: ナポリタン,麺,0.95,麺タグまたは麺料理名,麺料理,0.94,主食タグが麺,その他,0.66,中心食材タグが弱い,温かい,0.72,明確な温度語なし・既存推定,15〜30分,0.72,既存time列・明確な分数なし,false,0.72,既存knife列・食材推定,true,0.70,既存heat列,false,0.56,フライパン表現なし,false,0.70,電子レンジ表現なし,pasta,estimated,youtube_api_inferred
Mk7_uXvcxao,【調理時間2分】最強丼の作り方！#料理 #料理動画 #自炊 #時短レシピ #簡単レシピ #ズボラ飯 #japan #cooking,https://www.youtube.com/watch?v=Mk7_uXvcxao,だんぼ【簡単飯を作る限界サラリーマン】,main_ingredient confidence 0.66,和食,0.95,キーワード: 丼,ご飯,0.92,米タグまたはご飯料理名,丼,0.94,丼・のっけご飯表現,その他,0.66,中心食材タグが弱い,温かい,0.92,ご飯・パン系は原則温かい,15分以内,0.95,時間表現: 2分,false,0.72,既存knife列・食材推定,true,0.90,加熱調理語: 丼,false,0.56,フライパン表現なし,false,0.70,電子レンジ表現なし,rice,estimated,youtube_api_inferred
v4UDCpbzIVY,材料3つ！レンジで簡単「のび〜るチョコ餅」#shorts #food #recipe #簡単料理 #簡単レシピ #料理 #レシピ,https://www.youtube.com/watch?v=v4UDCpbzIVY,低空飛行キッチン,genre confidence 0.45; main_ingredient confidence 0.66,その他,0.45,ジャンル判定に使える語が少ない,ご飯,0.92,米タグまたはご飯料理名,丼以外のご飯もの,0.72,米タグあり・丼表現なし,その他,0.66,中心食材タグが弱い,温かい,0.90,"温かい調理語: ごはん, スープ",15分以内,0.95,時間表現: 2分,true,0.88,切る工程の表現,true,0.90,"加熱調理語: ごはん, スープ",false,0.76,別調理器具の表現,true,0.95,電子レンジ表現: レンジ,milk,estimated,youtube_api_inferred
1RcvYjxy5hc,失敗なしの超絶に美味しいペペロンチーノ,https://www.youtube.com/watch?v=1RcvYjxy5hc,ハマごはん【お手軽レシピ】,main_ingredient confidence 0.66,洋食,0.95,"キーワード: パスタ, ペペロンチーノ",麺,0.95,麺タグまたは麺料理名,麺料理,0.94,主食タグが麺,その他,0.66,中心食材タグが弱い,温かい,0.90,"温かい調理語: 炒め, 茹で, ごはん",15分以内,0.95,時間表現: 7分,false,0.72,既存knife列・食材推定,true,0.90,"加熱調理語: 炒め, 茹で, ごはん",true,0.92,"フライパン系表現: フライパン, ワンパン, 炒め",false,0.70,電子レンジ表現なし,"pasta,garlic",estimated,youtube_api_inferred
Q8RlfFCRf9Q,牛乳だけで簡単おやつ,https://www.youtube.com/watch?v=Q8RlfFCRf9Q,マイドンの飯物語,genre confidence 0.45; dish_shape confidence 0.58; main_ingredient confidence 0.66,その他,0.45,ジャンル判定に使える語が少ない,その他,0.82,主食タグなし,その他,0.58,形の判定材料が少ない,その他,0.66,中心食材タグが弱い,温かい,0.72,明確な温度語なし・既存推定,15〜30分,0.72,既存time列・明確な分数なし,false,0.72,既存knife列・食材推定,true,0.70,既存heat列,false,0.56,フライパン表現なし,false,0.70,電子レンジ表現なし,milk,estimated,youtube_api_inferred
_GKjidJH_NE,ワンパンクリームパスタ #簡単レシピ,https://www.youtube.com/watch?v=_GKjidJH_NE,わか︴夫の胃袋掴む楽うまごはん,main_ingredient confidence 0.66,洋食,0.95,キーワード: パスタ,麺,0.95,麺タグまたは麺料理名,麺料理,0.94,主食タグが麺,その他,0.66,中心食材タグが弱い,温かい,0.72,明確な温度語なし・既存推定,15〜30分,0.72,既存time列・明確な分数なし,false,0.72,既存knife列・食材推定,true,0.90,加熱調理語: ワンパン,true,0.92,フライパン系表現: ワンパン,false,0.70,電子レンジ表現なし,pasta,estimated,youtube_api_inferred
Ff8K9ihIXbU,やる気1％で即席ミラノっぽいドリア,https://www.youtube.com/watch?v=Ff8K9ihIXbU,まるみキッチン【簡単レシピ】,main_ingredient confidence 0.66,洋食,0.95,キーワード: ドリア,ご飯,0.92,米タグまたはご飯料理名,丼以外のご飯もの,0.90,丼以外の米料理名,その他,0.66,中心食材タグが弱い,温かい,0.90,温かい調理語: ごはん,15分以内,0.95,時間表現: 3分,false,0.72,既存knife列・食材推定,true,0.90,加熱調理語: ごはん,false,0.76,別調理器具の表現,false,0.70,電子レンジ表現なし,cheese,estimated,youtube_api_inferred
ZPf-sMu8Jss,食パンでできる簡単ホットサンド #料理 #プチ知識 #ずんだもん #簡単レシピ,https://www.youtube.com/watch?v=ZPf-sMu8Jss,ひろか | 誰でもできるライフハック術,main_ingredient confidence 0.66,洋食,0.95,キーワード: サンド,パン,0.93,パンタグまたはパン料理名,パン料理,0.92,主食タグがパン,その他,0.66,中心食材タグが弱い,温かい,0.92,ご飯・パン系は原則温かい,15〜30分,0.72,既存time列・明確な分数なし,false,0.72,既存knife列・食材推定,true,0.70,既存heat列,false,0.56,フライパン表現なし,false,0.70,電子レンジ表現なし,bread,estimated,youtube_api_inferred
t6TzMJVfaXw,ばり美味い時短うどんレシピ #簡単レシピ #うどん #冷凍うどん,https://www.youtube.com/watch?v=t6TzMJVfaXw,深夜食堂,main_ingredient confidence 0.66,和食,0.95,キーワード: うどん,麺,0.95,麺タグまたは麺料理名,麺料理,0.94,主食タグが麺,その他,0.66,中心食材タグが弱い,温かい,0.72,明確な温度語なし・既存推定,15分以内,0.72,既存time列・明確な分数なし,false,0.72,既存knife列・食材推定,true,0.70,既存heat列,false,0.56,フライパン表現なし,false,0.70,電子レンジ表現なし,udon,estimated,youtube_api_inferred
PJx6CP8bVxo,食パンの好きな食べ方！ハンバーグ入ってないし全然バーガーではないんですが！（笑）食べたらなんだかハンバーガー気分になる不思議。🍔#簡単レシピ #料理 #ズボラ #食パン #おうちごはん,https://www.youtube.com/watch?v=PJx6CP8bVxo,倉嶋里菜,main_ingredient confidence 0.66,洋食,0.76,"キーワード: ハンバーグ, ピザ, バーガー",パン,0.93,パンタグまたはパン料理名,パン料理,0.92,主食タグがパン,その他,0.66,中心食材タグが弱い,温かい,0.92,ご飯・パン系は原則温かい,15分以内,0.95,時間表現: 2分,false,0.72,既存knife列・食材推定,true,0.90,"加熱調理語: 焼き, 焼く, ごはん",true,0.92,"フライパン系表現: フライパン, 焼き, 焼く",false,0.70,電子レンジ表現なし,bread,estimated,youtube_api_inferred
L93s1ZYw32w,作業5分！春雨サラダ🥗 #簡単レシピ #節約レシピ,https://www.youtube.com/watch?v=L93s1ZYw32w,maki | 今日の時短レシピ,main_ingredient confidence 0.66,その他,0.72,食材はあるがジャンル語がないためその他,麺,0.95,麺タグまたは麺料理名,麺料理,0.94,主食タグが麺,その他,0.66,中心食材タグが弱い,冷たい,0.88,冷たい料理語: サラダ,15分以内,0.95,時間表現: 5分,false,0.72,既存knife列・食材推定,false,0.70,既存heat列,false,0.78,火を使わない既存判定,false,0.70,電子レンジ表現なし,harusame,estimated,youtube_api_inferred
4PPXgdHyRXQ,はんぺんのチーズ焼き#簡単レシピ#簡単料理#レシピ#おうちごはん#はんぺんレシピ,https://www.youtube.com/watch?v=4PPXgdHyRXQ,まゆみの愛情キッチン,main_ingredient confidence 0.66,和食,0.95,キーワード: おうちごはん,ご飯,0.92,米タグまたはご飯料理名,丼以外のご飯もの,0.72,米タグあり・丼表現なし,その他,0.66,中心食材タグが弱い,温かい,0.72,明確な温度語なし・既存推定,15〜30分,0.72,既存time列・明確な分数なし,false,0.72,既存knife列・食材推定,true,0.90,"加熱調理語: 焼き, ごはん, フライパン",true,0.92,"フライパン系表現: フライパン, 焼き",false,0.70,電子レンジ表現なし,cheese,estimated,youtube_api_inferred
hJI7LAIsgrM,【うどんカルボ】何回リピしたかな…娘にもできちゃうから、一人暮らしの方にオススメ！ #つやこママ #簡単レシピ #おうちごはん #ランチ #カルボナーラ #冷凍うどん,https://www.youtube.com/watch?v=hJI7LAIsgrM,つやこママ,main_ingredient confidence 0.66,洋食,0.76,キーワード: カルボナーラ,麺,0.95,麺タグまたは麺料理名,麺料理,0.94,主食タグが麺,その他,0.66,中心食材タグが弱い,温かい,0.90,温かい調理語: ごはん,15分以内,0.72,既存time列・明確な分数なし,false,0.72,既存knife列・食材推定,true,0.90,加熱調理語: ごはん,false,0.56,フライパン表現なし,false,0.70,電子レンジ表現なし,"udon,pasta",estimated,youtube_api_inferred
LxR1_5-vyR0,【超濃厚】どん兵衛で明太クリームうどん💭#アレンジレシピ #簡単レシピ #簡単アレンジ #アレンジ #一人暮らし #ol #うどん #カップ麺,https://www.youtube.com/watch?v=LxR1_5-vyR0,かわいいすし♡ | ときめくものに囲まれたい,main_ingredient confidence 0.66,和食,0.95,キーワード: うどん,麺,0.95,麺タグまたは麺料理名,麺料理,0.94,主食タグが麺,その他,0.66,中心食材タグが弱い,温かい,0.72,明確な温度語なし・既存推定,15分以内,0.72,既存time列・明確な分数なし,false,0.72,既存knife列・食材推定,true,0.82,電子レンジ加熱,false,0.76,別調理器具の表現,true,0.95,電子レンジ表現: レンジ,udon,estimated,youtube_api_inferred
lsC26V1EmSI,老いる寂しさ一人暮らしの虚しい現実とは？,https://www.youtube.com/watch?v=lsC26V1EmSI,"きほんひとり Cook, eat and talk",genre confidence 0.45; dish_shape confidence 0.58; main_ingredient confidence 0.66,その他,0.45,ジャンル判定に使える語が少ない,その他,0.82,主食タグなし,その他,0.58,形の判定材料が少ない,その他,0.66,中心食材タグが弱い,温かい,0.90,温かい調理語: 煮,15〜30分,0.72,既存time列・明確な分数なし,false,0.72,既存knife列・食材推定,true,0.90,加熱調理語: 煮,false,0.56,フライパン表現なし,false,0.70,電子レンジ表現なし,ginger,estimated,youtube_api_inferred
yQD28fALc0s,【 食費月一万円 】節約ごはんを楽しむ一人暮らし社会人のごはん記録 / 野菜保存法🥕 / おにぎり大量ストック🍙🧡,https://www.youtube.com/watch?v=yQD28fALc0s,shiroのくらし,main_ingredient confidence 0.66,和食,0.82,"キーワード: 和風, 醤油, だし",ご飯,0.92,米タグまたはご飯料理名,丼以外のご飯もの,0.90,丼以外の米料理名,その他,0.66,中心食材タグが弱い,温かい,0.92,ご飯・パン系は原則温かい,15〜30分,0.72,既存time列・明確な分数なし,true,0.88,切る工程の表現,true,0.90,"加熱調理語: 焼き, 焼く, 煮",true,0.92,"フライパン系表現: フライパン, 焼き, 焼く",false,0.70,電子レンジ表現なし,rice,estimated,youtube_api_inferred
RJ4nNpdPxQo,節約チーズケーキ🍰#節約レシピ #自炊記録 #一人暮らし,https://www.youtube.com/watch?v=RJ4nNpdPxQo,うりよ | ズボラ社会人,genre confidence 0.45; dish_shape confidence 0.58; main_ingredient confidence 0.66,その他,0.45,ジャンル判定に使える語が少ない,その他,0.82,主食タグなし,その他,0.58,形の判定材料が少ない,その他,0.66,中心食材タグが弱い,温かい,0.72,明確な温度語なし・既存推定,15〜30分,0.72,既存time列・明確な分数なし,false,0.72,既存knife列・食材推定,true,0.70,既存heat列,false,0.56,フライパン表現なし,false,0.70,電子レンジ表現なし,cheese,estimated,youtube_api_inferred
_3tevJRxzv8,＼やみつきコクマヨ／ソーセージパスタ🍝 #レンジレシピ #簡単レシピ #一人暮らしレシピ #パスタレシピ #レンチンレシピ #ズボラレシピ #高タンパク質メニュー,https://www.youtube.com/watch?v=_3tevJRxzv8,のあ【40代独身オタクのレンチン飯】,main_ingredient confidence 0.66,洋食,0.95,キーワード: パスタ,麺,0.95,麺タグまたは麺料理名,麺料理,0.94,主食タグが麺,その他,0.66,中心食材タグが弱い,温かい,0.72,明確な温度語なし・既存推定,15〜30分,0.72,既存time列・明確な分数なし,false,0.72,既存knife列・食材推定,true,0.82,電子レンジ加熱,false,0.76,別調理器具の表現,true,0.95,"電子レンジ表現: レンジ, レンチン","pasta,mayonnaise",estimated,youtube_api_inferred
pyuR674BEvg,親子丼レシピはこれだけでいい！究極の親子丼レシピ #簡単レシピ #親子丼,https://www.youtube.com/watch?v=pyuR674BEvg,ちぇる ダイエット食堂,main_ingredient confidence 0.66,和食,0.95,"キーワード: 親子丼, 丼",ご飯,0.92,米タグまたはご飯料理名,丼,0.94,丼・のっけご飯表現,その他,0.66,中心食材タグが弱い,温かい,0.92,ご飯・パン系は原則温かい,15分以内,0.72,既存time列・明確な分数なし,false,0.72,既存knife列・食材推定,true,0.90,加熱調理語: 丼,false,0.56,フライパン表現なし,false,0.70,電子レンジ表現なし,rice,estimated,youtube_api_inferred
xZx1xLkI2dc,【ズボラ飯】帰宅後4分で作る一人暮らしのやっつけ簡単料理【うどん】,https://www.youtube.com/watch?v=xZx1xLkI2dc,ichi's life,main_ingredient confidence 0.66,和食,0.95,キーワード: うどん,麺,0.95,麺タグまたは麺料理名,麺料理,0.94,主食タグが麺,その他,0.66,中心食材タグが弱い,温かい,0.72,明確な温度語なし・既存推定,15分以内,0.95,時間表現: 4分,false,0.72,既存knife列・食材推定,true,0.70,既存heat列,false,0.56,フライパン表現なし,false,0.70,電子レンジ表現なし,udon,estimated,youtube_api_inferred
vneiN6uLUSQ,簡単カルボナーラうどん#自炊女子 #簡単料理レシピ #カルボナーラうどん #ダイエット中の食事 #ダイエット飯 #綺麗になる食事 #自炊生活 #自炊ダイエット #ヘルシーご飯,https://www.youtube.com/watch?v=vneiN6uLUSQ,yu┊︎褒められ簡単ごはん,main_ingredient confidence 0.66,洋食,0.76,キーワード: カルボナーラ,麺,0.95,麺タグまたは麺料理名,麺料理,0.94,主食タグが麺,その他,0.66,中心食材タグが弱い,温かい,0.90,温かい調理語: ご飯,15分以内,0.72,既存time列・明確な分数なし,false,0.72,既存knife列・食材推定,true,0.90,加熱調理語: ご飯,false,0.56,フライパン表現なし,false,0.70,電子レンジ表現なし,"udon,pasta",estimated,youtube_api_inferred
zhIS6j8ex3I,熱々あんかけ焼きそば🍜#節約レシピ #やきそば #あんかけ焼きそば #一人暮らしごはん #cooking #料理#男飯 #料理男子,https://www.youtube.com/watch?v=zhIS6j8ex3I,しゅう | 22時からつくる節約レシピ,main_ingredient confidence 0.66,中華,0.76,キーワード: 焼きそば,麺,0.95,麺タグまたは麺料理名,麺料理,0.94,主食タグが麺,その他,0.66,中心食材タグが弱い,温かい,0.90,"温かい調理語: 焼き, ごはん",15分以内,0.72,既存time列・明確な分数なし,false,0.72,既存knife列・食材推定,true,0.90,"加熱調理語: 焼き, ごはん, 焼き",true,0.92,フライパン系表現: 焼き,false,0.70,電子レンジ表現なし,"soba,noodles",estimated,youtube_api_inferred
N50zTOJwf9w,しらすぺぺたま🍝 #節約レシピ #cooking #時短節約 #japanesefood #一人暮らしごはん #パスタ #暮らしチャンネル #簡単レシピ #ぺぺたま#料理 #料理男子,https://www.youtube.com/watch?v=N50zTOJwf9w,しゅう | 22時からつくる節約レシピ,main_ingredient confidence 0.66,洋食,0.76,キーワード: パスタ,麺,0.95,麺タグまたは麺料理名,麺料理,0.94,主食タグが麺,その他,0.66,中心食材タグが弱い,温かい,0.90,温かい調理語: ごはん,15〜30分,0.72,既存time列・明確な分数なし,false,0.72,既存knife列・食材推定,true,0.90,加熱調理語: ごはん,false,0.56,フライパン表現なし,false,0.70,電子レンジ表現なし,pasta,estimated,youtube_api_inferred
WyLZsPgZbpE,【節約】一人暮らしのラクする大量おにぎりストック🍙 柔らかむね肉の節約おかず🍗💕,https://www.youtube.com/watch?v=WyLZsPgZbpE,shiroのくらし,main_ingredient confidence 0.66,和食,0.95,"キーワード: 丼, しょうゆ, おにぎり",ご飯,0.92,米タグまたはご飯料理名,丼,0.94,丼・のっけご飯表現,その他,0.66,中心食材タグが弱い,温かい,0.92,ご飯・パン系は原則温かい,15分以内,0.95,時間表現: 2分,false,0.72,既存knife列・食材推定,true,0.90,"加熱調理語: 炒め, 丼, ごはん",true,0.92,"フライパン系表現: フライパン, 炒め",true,0.95,電子レンジ表現: レンジ,rice,estimated,youtube_api_inferred
FYsyAoOvSa8,蒙古タンメン風つけ麺🍜 #節約レシピ #cooking #時短節約 #一人暮らしごはん #暮らしチャンネル #料理 #つけ麺 #簡単レシピ #辛いラーメン,https://www.youtube.com/watch?v=FYsyAoOvSa8,しゅう | 22時からつくる節約レシピ,main_ingredient confidence 0.66,中華,0.95,キーワード: ラーメン,麺,0.95,麺タグまたは麺料理名,麺料理,0.94,主食タグが麺,その他,0.66,中心食材タグが弱い,温かい,0.90,温かい調理語: ごはん,15〜30分,0.72,既存time列・明確な分数なし,false,0.72,既存knife列・食材推定,true,0.90,加熱調理語: ごはん,false,0.56,フライパン表現なし,false,0.70,電子レンジ表現なし,ramen,estimated,youtube_api_inferred
unUs-j3CXHU,【コレが正解そうめん弁当】#暮らし #料理 #裏技 #簡単 #時短 #ライフハック,https://www.youtube.com/watch?v=unUs-j3CXHU,ぱるん⌇ずぼらママを救う時短・節約術,main_ingredient confidence 0.66,その他,0.72,食材はあるがジャンル語がないためその他,麺,0.95,麺タグまたは麺料理名,麺料理,0.94,主食タグが麺,その他,0.66,中心食材タグが弱い,温かい,0.72,明確な温度語なし・既存推定,15〜30分,0.72,既存time列・明確な分数なし,false,0.72,既存knife列・食材推定,true,0.70,既存heat列,false,0.56,フライパン表現なし,false,0.70,電子レンジ表現なし,somen,estimated,youtube_api_inferred
V0lIkh5CCcc,アンチが震えるほど味の素が入った醤油ラーメンが震えるほど旨い#味の素 #ラーメン,https://www.youtube.com/watch?v=V0lIkh5CCcc,えびすごはん 料理研究家 えびすまさき,main_ingredient confidence 0.66,中華,0.76,キーワード: ラーメン,麺,0.95,麺タグまたは麺料理名,麺料理,0.94,主食タグが麺,その他,0.66,中心食材タグが弱い,温かい,0.72,明確な温度語なし・既存推定,15〜30分,0.72,既存time列・明確な分数なし,false,0.72,既存knife列・食材推定,true,0.70,既存heat列,false,0.56,フライパン表現なし,false,0.70,電子レンジ表現なし,ramen,estimated,youtube_api_inferred
UK9uEu5Oddw,世界一簡単な煮干しラーメン#時短#ラーメン#簡単レシピ#時短レシピ#レシピ#時短料理,https://www.youtube.com/watch?v=UK9uEu5Oddw,えびすごはん 料理研究家 えびすまさき,main_ingredient confidence 0.66,中華,0.95,キーワード: ラーメン,麺,0.95,麺タグまたは麺料理名,麺料理,0.94,主食タグが麺,その他,0.66,中心食材タグが弱い,温かい,0.90,温かい調理語: 煮,15〜30分,0.72,既存time列・明確な分数なし,false,0.72,既存knife列・食材推定,true,0.90,加熱調理語: 煮,false,0.56,フライパン表現なし,false,0.70,電子レンジ表現なし,ramen,estimated,youtube_api_inferred
o7KdHTNEAa4,これなら食べれる！【あんかけ塩雑炊】 #簡単レシピ,https://www.youtube.com/watch?v=o7KdHTNEAa4,maki | 今日の時短レシピ,main_ingredient confidence 0.66,その他,0.72,食材はあるがジャンル語がないためその他,ご飯,0.92,米タグまたはご飯料理名,丼以外のご飯もの,0.90,丼以外の米料理名,その他,0.66,中心食材タグが弱い,温かい,0.92,ご飯・パン系は原則温かい,15〜30分,0.72,既存time列・明確な分数なし,false,0.72,既存knife列・食材推定,true,0.70,既存heat列,false,0.56,フライパン表現なし,false,0.70,電子レンジ表現なし,rice,estimated,youtube_api_inferred
OKBgAGXN7D8,【レンチン✨😋】めんつゆパスタ紹介します✩.*˚ #時短レシピ#簡単レシピ#痩せメシ#時短レシピ#ダイエット#ダイエットレシピ#ダイエットメニュー#ヘルシーレシピ#レンチンレシ,https://www.youtube.com/watch?v=OKBgAGXN7D8,ゆうじん | 10分で整うワンパンパスタ,main_ingredient confidence 0.66,洋食,0.95,キーワード: パスタ,麺,0.95,麺タグまたは麺料理名,麺料理,0.94,主食タグが麺,その他,0.66,中心食材タグが弱い,温かい,0.72,明確な温度語なし・既存推定,15〜30分,0.72,既存time列・明確な分数なし,false,0.72,既存knife列・食材推定,true,0.82,電子レンジ加熱,false,0.56,フライパン表現なし,true,0.95,電子レンジ表現: レンチン,pasta,estimated,youtube_api_inferred
Yjr1sXYfkSw,時短でできる春雨スープレシピを大公開！,https://www.youtube.com/watch?v=Yjr1sXYfkSw,あおいの給食室🔪,main_ingredient confidence 0.66,和食,0.82,キーワード: しょうゆ,麺,0.95,麺タグまたは麺料理名,麺料理,0.94,主食タグが麺,その他,0.66,中心食材タグが弱い,温かい,0.90,"温かい調理語: 炒め, 煮, スープ",15分以内,0.95,時間表現: 3分,true,0.88,切る工程の表現,true,0.90,"加熱調理語: 炒め, 煮, スープ",true,0.92,フライパン系表現: 炒め,false,0.70,電子レンジ表現なし,harusame,estimated,youtube_api_inferred
5Hqmbr_Tyd8,秒うま！梅しそおにぎり #簡単レシピ #おにぎり #時短レシピ #無添加 #朝ごはん #朝食,https://www.youtube.com/watch?v=5Hqmbr_Tyd8,むに ⌇ 共働き夫婦のゆる無添加🌿,main_ingredient confidence 0.66,和食,0.95,キーワード: おにぎり,ご飯,0.92,米タグまたはご飯料理名,丼以外のご飯もの,0.90,丼以外の米料理名,その他,0.66,中心食材タグが弱い,温かい,0.92,ご飯・パン系は原則温かい,15〜30分,0.72,既存time列・明確な分数なし,false,0.72,既存knife列・食材推定,true,0.90,"加熱調理語: ご飯, ごはん",false,0.56,フライパン表現なし,false,0.70,電子レンジ表現なし,rice,estimated,youtube_api_inferred
aw8Z3a7mHCo,レンジで簡単！虚無塩ラーメン #時短#ラーメン#簡単レシピ#時短レシピ#レシピ#時短料理,https://www.youtube.com/watch?v=aw8Z3a7mHCo,えびすごはん 料理研究家 えびすまさき,main_ingredient confidence 0.66,中華,0.95,キーワード: ラーメン,麺,0.95,麺タグまたは麺料理名,麺料理,0.94,主食タグが麺,その他,0.66,中心食材タグが弱い,温かい,0.72,明確な温度語なし・既存推定,15〜30分,0.72,既存time列・明確な分数なし,false,0.72,既存knife列・食材推定,true,0.82,電子レンジ加熱,false,0.76,別調理器具の表現,true,0.95,電子レンジ表現: レンジ,ramen,estimated,youtube_api_inferred
qDB2tM9rHRQ,超カンタン！激ウマ回鍋肉！#中華料理 #料理 #レシピ #ラーメン#時短 #簡単レシピ #時短レシピ,https://www.youtube.com/watch?v=qDB2tM9rHRQ,えびすごはん 料理研究家 えびすまさき,main_ingredient confidence 0.66,中華,0.95,"キーワード: 中華, 回鍋肉, ラーメン",麺,0.95,麺タグまたは麺料理名,麺料理,0.94,主食タグが麺,その他,0.66,中心食材タグが弱い,温かい,0.90,温かい調理語: 鍋,15〜30分,0.72,既存time列・明確な分数なし,false,0.72,既存knife列・食材推定,true,0.90,加熱調理語: 鍋,false,0.76,別調理器具の表現,false,0.70,電子レンジ表現なし,ramen,estimated,youtube_api_inferred
DuAujlENoSY,『パン・オ・ショコラ』おうちで作る時短レシピ,https://www.youtube.com/watch?v=DuAujlENoSY,ゆっこぱん,genre confidence 0.45; main_ingredient confidence 0.66,その他,0.45,ジャンル判定に使える語が少ない,パン,0.93,パンタグまたはパン料理名,パン料理,0.92,主食タグがパン,その他,0.66,中心食材タグが弱い,温かい,0.72,明確な温度語なし・既存推定,15〜30分,0.72,既存time列・明確な分数なし,false,0.72,既存knife列・食材推定,true,0.70,既存heat列,false,0.56,フライパン表現なし,false,0.70,電子レンジ表現なし,butter,estimated,youtube_api_inferred
6FvhAL3rjIo,🍙おにぎりランチケースの使い方✨＃お弁当＃おにぎり＃時短レシピ,https://www.youtube.com/watch?v=6FvhAL3rjIo,【公式】オーエスケー,main_ingredient confidence 0.66,和食,0.95,キーワード: おにぎり,ご飯,0.92,米タグまたはご飯料理名,丼以外のご飯もの,0.90,丼以外の米料理名,その他,0.66,中心食材タグが弱い,温かい,0.92,ご飯・パン系は原則温かい,15〜30分,0.72,既存time列・明確な分数なし,false,0.72,既存knife列・食材推定,true,0.90,加熱調理語: ご飯,false,0.56,フライパン表現なし,false,0.70,電子レンジ表現なし,rice,estimated,youtube_api_inferred
HDZm4ayyvRc,SNS総再生866万の油そば！#料理 #レシピ #ラーメン#時短 #簡単レシピ #時短レシピ,https://www.youtube.com/watch?v=HDZm4ayyvRc,えびすごはん 料理研究家 えびすまさき,main_ingredient confidence 0.66,中華,0.76,キーワード: ラーメン,麺,0.95,麺タグまたは麺料理名,麺料理,0.94,主食タグが麺,その他,0.66,中心食材タグが弱い,温かい,0.72,明確な温度語なし・既存推定,15分以内,0.72,既存time列・明確な分数なし,false,0.72,既存knife列・食材推定,true,0.70,既存heat列,false,0.56,フライパン表現なし,false,0.70,電子レンジ表現なし,"soba,ramen",estimated,youtube_api_inferred
avVuDCgdLAg,【ズッキーニのミートチーズ焼き】#簡単レシピ#ワンパンレシピ #時短レシピ#節約レシピ#レシピ,https://www.youtube.com/watch?v=avVuDCgdLAg,DOKIN,genre confidence 0.45; dish_shape confidence 0.58; main_ingredient confidence 0.66,その他,0.45,ジャンル判定に使える語が少ない,その他,0.82,主食タグなし,その他,0.58,形の判定材料が少ない,その他,0.66,中心食材タグが弱い,温かい,0.90,温かい調理語: 焼き,15〜30分,0.72,既存time列・明確な分数なし,false,0.72,既存knife列・食材推定,true,0.90,"加熱調理語: 焼き, ワンパン, 焼き",true,0.92,"フライパン系表現: ワンパン, 焼き",false,0.70,電子レンジ表現なし,cheese,estimated,youtube_api_inferred
dGt4C8TJod8,レンジでカンタン！！絶品カルボナーラ！ #料理 #レシピ #ラーメン#時短 #簡単レシピ #時短レシピ,https://www.youtube.com/watch?v=dGt4C8TJod8,えびすごはん 料理研究家 えびすまさき,main_ingredient confidence 0.66,中華,0.76,キーワード: ラーメン,麺,0.95,麺タグまたは麺料理名,麺料理,0.94,主食タグが麺,その他,0.66,中心食材タグが弱い,温かい,0.72,明確な温度語なし・既存推定,15〜30分,0.72,既存time列・明確な分数なし,false,0.72,既存knife列・食材推定,true,0.82,電子レンジ加熱,false,0.76,別調理器具の表現,true,0.95,電子レンジ表現: レンジ,"ramen,pasta",estimated,youtube_api_inferred
kJF1cluEG_c,ワンオペ金曜日の超時短ごはん🍝ナポリうどんありですか？#るいちゃんねる #簡単レシピ #簡単料理 #時短レシピ #時短節約 #2歳,https://www.youtube.com/watch?v=kJF1cluEG_c,るいちゃんねる🍼,main_ingredient confidence 0.66,和食,0.95,キーワード: うどん,麺,0.95,麺タグまたは麺料理名,麺料理,0.94,主食タグが麺,その他,0.66,中心食材タグが弱い,温かい,0.90,温かい調理語: ごはん,15分以内,0.72,既存time列・明確な分数なし,false,0.72,既存knife列・食材推定,true,0.90,加熱調理語: ごはん,false,0.56,フライパン表現なし,false,0.70,電子レンジ表現なし,udon,estimated,youtube_api_inferred
u5kuoCI0qk4,レンジで簡単！味の素だしの醤油ラーメン#時短#ラーメン#簡単レシピ#時短レシピ#レシピ#時短料理,https://www.youtube.com/watch?v=u5kuoCI0qk4,えびすごはん 料理研究家 えびすまさき,main_ingredient confidence 0.66,中華,0.76,キーワード: ラーメン,麺,0.95,麺タグまたは麺料理名,麺料理,0.94,主食タグが麺,その他,0.66,中心食材タグが弱い,温かい,0.72,明確な温度語なし・既存推定,15〜30分,0.72,既存time列・明確な分数なし,false,0.72,既存knife列・食材推定,true,0.82,電子レンジ加熱,false,0.76,別調理器具の表現,true,0.95,電子レンジ表現: レンジ,ramen,estimated,youtube_api_inferred
ByAhnn2gPA4,溶かすだけで食べられる絶品冷凍パスタ弁当 #パスタ #暮らしチャンネル #冷凍ストック #cooking #料理 #時短レシピ #簡単レシピ #pasta #food #自炊 #おうちごはん #時短,https://www.youtube.com/watch?v=ByAhnn2gPA4,nico_pastablock,main_ingredient confidence 0.66,洋食,0.76,キーワード: パスタ,麺,0.95,麺タグまたは麺料理名,麺料理,0.94,主食タグが麺,その他,0.66,中心食材タグが弱い,温かい,0.72,明確な温度語なし・既存推定,15分以内,0.95,時間表現: 3分,false,0.72,既存knife列・食材推定,true,0.90,加熱調理語: ごはん,false,0.76,別調理器具の表現,true,0.95,"電子レンジ表現: 電子レンジ, レンジ",pasta,estimated,youtube_api_inferred
9ioFNszKXGc,【簡単レシピ】納豆パリパリ焼き #おつまみ #簡単レシピ #簡単 #簡単料理 #時短 #時短レシピ #時短料理 #節約 #節約レシピ #自炊 #料理 #料理動画 #チーズ #一人暮らし #ズボラ飯,https://www.youtube.com/watch?v=9ioFNszKXGc,チキチキチャンネル,genre confidence 0.45; dish_shape confidence 0.58; main_ingredient confidence 0.66,その他,0.45,ジャンル判定に使える語が少ない,その他,0.82,主食タグなし,その他,0.58,形の判定材料が少ない,その他,0.66,中心食材タグが弱い,温かい,0.90,温かい調理語: 焼き,15〜30分,0.72,既存time列・明確な分数なし,false,0.72,既存knife列・食材推定,true,0.90,"加熱調理語: 焼き, 焼き",true,0.92,フライパン系表現: 焼き,false,0.70,電子レンジ表現なし,cheese,estimated,youtube_api_inferred
7Nuv6esgxSM,絶品！塩ラーメン #時短#ラーメン#簡単レシピ#時短レシピ#レシピ#時短料理,https://www.youtube.com/watch?v=7Nuv6esgxSM,えびすごはん 料理研究家 えびすまさき,main_ingredient confidence 0.66,中華,0.95,キーワード: ラーメン,麺,0.95,麺タグまたは麺料理名,麺料理,0.94,主食タグが麺,その他,0.66,中心食材タグが弱い,温かい,0.72,明確な温度語なし・既存推定,15〜30分,0.72,既存time列・明確な分数なし,false,0.72,既存knife列・食材推定,true,0.70,既存heat列,false,0.56,フライパン表現なし,false,0.70,電子レンジ表現なし,ramen,estimated,youtube_api_inferred
LjZRVYmB5Gc,絶品！90秒で作れる油そば #ラーメン,https://www.youtube.com/watch?v=LjZRVYmB5Gc,えびすごはん 料理研究家 えびすまさき,main_ingredient confidence 0.66,中華,0.76,キーワード: ラーメン,麺,0.95,麺タグまたは麺料理名,麺料理,0.94,主食タグが麺,その他,0.66,中心食材タグが弱い,温かい,0.72,明確な温度語なし・既存推定,15分以内,0.72,既存time列・明確な分数なし,false,0.72,既存knife列・食材推定,true,0.70,既存heat列,false,0.56,フライパン表現なし,false,0.70,電子レンジ表現なし,"soba,ramen",estimated,youtube_api_inferred
hkpA_NetwFo,たった125円！たった7分！究極の節約飯の『すき焼き丼』が悶絶級に旨いっ！,https://www.youtube.com/watch?v=hkpA_NetwFo,だれウマ【料理研究家】,main_ingredient confidence 0.66,和食,0.95,"キーワード: 丼, 醤油",ご飯,0.92,米タグまたはご飯料理名,丼,0.94,丼・のっけご飯表現,その他,0.66,中心食材タグが弱い,温かい,0.92,ご飯・パン系は原則温かい,15分以内,0.95,時間表現: 7分,false,0.72,既存knife列・食材推定,true,0.90,"加熱調理語: 焼き, 丼, ご飯",true,0.92,フライパン系表現: 焼き,false,0.70,電子レンジ表現なし,rice,estimated,youtube_api_inferred
VZ2K7_d2Jq8,なんじゃこりゃ。美味すぎやねん。 #パスタレシピ #節約レシピ,https://www.youtube.com/watch?v=VZ2K7_d2Jq8,経塚翼 - Tsubasa Kyoduka -,main_ingredient confidence 0.66,洋食,0.95,キーワード: パスタ,麺,0.95,麺タグまたは麺料理名,麺料理,0.94,主食タグが麺,その他,0.66,中心食材タグが弱い,温かい,0.72,明確な温度語なし・既存推定,15〜30分,0.72,既存time列・明確な分数なし,false,0.72,既存knife列・食材推定,true,0.70,既存heat列,false,0.56,フライパン表現なし,false,0.70,電子レンジ表現なし,pasta,estimated,youtube_api_inferred
5w2EJNu_7Pw,【DAY85】究極の節約丼🍚 #shorts #節約 #節約レシピ,https://www.youtube.com/watch?v=5w2EJNu_7Pw,いずみ⌇3年で1000万円貯める節約家夫婦,main_ingredient confidence 0.66,和食,0.95,キーワード: 丼,ご飯,0.92,米タグまたはご飯料理名,丼,0.94,丼・のっけご飯表現,その他,0.66,中心食材タグが弱い,温かい,0.92,ご飯・パン系は原則温かい,15分以内,0.72,既存time列・明確な分数なし,false,0.72,既存knife列・食材推定,true,0.90,加熱調理語: 丼,false,0.56,フライパン表現なし,false,0.70,電子レンジ表現なし,rice,estimated,youtube_api_inferred
zMTkRGQbp_s,【節約ごはん】年明け…食費を抑える！ 街で聞いたらレシピ続々…『気になる！』,https://www.youtube.com/watch?v=zMTkRGQbp_s,日テレNEWS,main_ingredient confidence 0.66,和食,0.82,"キーワード: みそ, うどん",麺,0.95,麺タグまたは麺料理名,麺料理,0.94,主食タグが麺,その他,0.66,中心食材タグが弱い,温かい,0.90,温かい調理語: ごはん,15〜30分,0.72,既存time列・明確な分数なし,false,0.72,既存knife列・食材推定,true,0.90,加熱調理語: ごはん,false,0.76,別調理器具の表現,true,0.95,電子レンジ表現: レンジ,udon,estimated,youtube_api_inferred
sT2jr0x5Gyo,【節約レシピ】夫大絶賛の簡単節約丼🍚🍳 #shorts #節約 #節約レシピ,https://www.youtube.com/watch?v=sT2jr0x5Gyo,いずみ⌇3年で1000万円貯める節約家夫婦,main_ingredient confidence 0.66,和食,0.95,キーワード: 丼,ご飯,0.92,米タグまたはご飯料理名,丼,0.94,丼・のっけご飯表現,その他,0.66,中心食材タグが弱い,温かい,0.92,ご飯・パン系は原則温かい,15分以内,0.72,既存time列・明確な分数なし,false,0.72,既存knife列・食材推定,true,0.90,加熱調理語: 丼,false,0.56,フライパン表現なし,false,0.70,電子レンジ表現なし,rice,estimated,youtube_api_inferred
_TlU0THKU0M,1人前150円で出来るそうめんの最強レシピ知ってる？そうめんそうめんレシピ節約レシピ料理,https://www.youtube.com/watch?v=_TlU0THKU0M,guhucm,main_ingredient confidence 0.66,その他,0.72,食材はあるがジャンル語がないためその他,麺,0.95,麺タグまたは麺料理名,麺料理,0.94,主食タグが麺,その他,0.66,中心食材タグが弱い,温かい,0.72,明確な温度語なし・既存推定,15〜30分,0.72,既存time列・明確な分数なし,false,0.72,既存knife列・食材推定,true,0.70,既存heat列,false,0.56,フライパン表現なし,false,0.70,電子レンジ表現なし,somen,estimated,youtube_api_inferred
pMgfSA-R40w,材料3つ！混ぜて凍らせるだけ【ヨーグルトアイス】ヨーグルトの水切りなし！簡単に作れて美味しい♪,https://www.youtube.com/watch?v=pMgfSA-R40w,夫手取り17万円の節約ごはん,genre confidence 0.45; main_ingredient confidence 0.66,その他,0.45,ジャンル判定に使える語が少ない,ご飯,0.92,米タグまたはご飯料理名,丼以外のご飯もの,0.72,米タグあり・丼表現なし,その他,0.66,中心食材タグが弱い,温かい,0.90,温かい調理語: ごはん,15〜30分,0.72,既存time列・明確な分数なし,false,0.72,既存knife列・食材推定,true,0.90,加熱調理語: ごはん,false,0.76,別調理器具の表現,true,0.95,"電子レンジ表現: 電子レンジ, レンジ",milk,estimated,youtube_api_inferred
-wwoxMWkuQ4,【時短♪節約♪】食べたら止まらない♪ちくわの大葉チーズ巻きwithブラックペッパー♪,https://www.youtube.com/watch?v=-wwoxMWkuQ4,あつメシ×あさとファミリー,genre confidence 0.45; dish_shape confidence 0.58; main_ingredient confidence 0.66,その他,0.45,ジャンル判定に使える語が少ない,その他,0.82,主食タグなし,その他,0.58,形の判定材料が少ない,その他,0.66,中心食材タグが弱い,温かい,0.72,明確な温度語なし・既存推定,15〜30分,0.72,既存time列・明確な分数なし,true,0.88,切る工程の表現,true,0.70,既存heat列,false,0.56,フライパン表現なし,false,0.70,電子レンジ表現なし,cheese,estimated,youtube_api_inferred
QTW5hqsu0oM,4ヶ月で15kg痩せた私が今でも食べてる痩せレシピ🩷 #ダイエット #簡単レシピ #ダイエットレシピ #パスタ #節約 #節約レシピ #簡単レシピ,https://www.youtube.com/watch?v=QTW5hqsu0oM,【みのりん】広島の大食いトレーニー,main_ingredient confidence 0.66,洋食,0.95,キーワード: パスタ,麺,0.95,麺タグまたは麺料理名,麺料理,0.94,主食タグが麺,その他,0.66,中心食材タグが弱い,温かい,0.72,明確な温度語なし・既存推定,15〜30分,0.72,既存time列・明確な分数なし,false,0.72,既存knife列・食材推定,true,0.70,既存heat列,false,0.56,フライパン表現なし,false,0.70,電子レンジ表現なし,pasta,estimated,youtube_api_inferred
EZlBM3s_PVU,あまりにも完成度が高いので絶対試してほしい。15分で名店の味【完全再現 吉野家風豚丼】,https://www.youtube.com/watch?v=EZlBM3s_PVU,料理研究家リュウジのバズレシピ,main_ingredient confidence 0.66,和食,0.95,"キーワード: 豚丼, 丼, 醤油",ご飯,0.92,米タグまたはご飯料理名,丼,0.94,丼・のっけご飯表現,その他,0.66,中心食材タグが弱い,温かい,0.92,ご飯・パン系は原則温かい,15分以内,0.95,時間表現: 15分,false,0.72,既存knife列・食材推定,true,0.90,"加熱調理語: 丼, ご飯, フライパン",true,0.92,"フライパン系表現: フライパン, ワンパン",false,0.70,電子レンジ表現なし,rice,estimated,youtube_api_inferred
JC_9CWW2HA8,これ、ガチで本家よりうめえかもしれません。一度食べたら忘れられない【至高のすたみな丼】,https://www.youtube.com/watch?v=JC_9CWW2HA8,料理研究家リュウジのバズレシピ,main_ingredient confidence 0.66,和食,0.95,"キーワード: 丼, 醤油",ご飯,0.92,米タグまたはご飯料理名,丼,0.94,丼・のっけご飯表現,その他,0.66,中心食材タグが弱い,温かい,0.92,ご飯・パン系は原則温かい,15分以内,0.72,既存time列・明確な分数なし,false,0.72,既存knife列・食材推定,true,0.90,"加熱調理語: 炒め, 丼, ご飯",true,0.92,フライパン系表現: 炒め,false,0.70,電子レンジ表現なし,rice,estimated,youtube_api_inferred
bkN_GmU67B8,もう、焼くだけの豚丼にサヨナラ。料理研究家が導く豚丼の最適解、最高傑作豚丼,https://www.youtube.com/watch?v=bkN_GmU67B8,料理研究家リュウジのバズレシピ,main_ingredient confidence 0.66,中華,0.76,キーワード: 中華,ご飯,0.92,米タグまたはご飯料理名,丼,0.94,丼・のっけご飯表現,その他,0.66,中心食材タグが弱い,温かい,0.92,ご飯・パン系は原則温かい,15分以内,0.72,既存time列・明確な分数なし,false,0.72,既存knife列・食材推定,true,0.90,"加熱調理語: 焼く, 煮, 丼",true,0.92,"フライパン系表現: 焼く, 焼くだけ",false,0.70,電子レンジ表現なし,rice,estimated,youtube_api_inferred
RIAw_mlbhDY,【これだけは教えたくない！】最強の味噌だれニンニクホルモン丼の作り方,https://www.youtube.com/watch?v=RIAw_mlbhDY,だれウマ【料理研究家】,main_ingredient confidence 0.66,和食,0.95,"キーワード: 丼, 味噌",ご飯,0.92,米タグまたはご飯料理名,丼,0.94,丼・のっけご飯表現,その他,0.66,中心食材タグが弱い,温かい,0.92,ご飯・パン系は原則温かい,15分以内,0.72,既存time列・明確な分数なし,false,0.72,既存knife列・食材推定,true,0.90,"加熱調理語: 丼, フライパン",true,0.92,フライパン系表現: フライパン,false,0.70,電子レンジ表現なし,"rice,garlic",estimated,youtube_api_inferred
V7EPiux9xRg,親子丼（めんつゆで本格）の簡単な作り方【美味しいホットクックレシピ】阪下千恵,https://www.youtube.com/watch?v=V7EPiux9xRg,料理研究家 阪下千恵のBlue Terrace,main_ingredient confidence 0.66,洋食,0.76,"キーワード: パスタ, ナポリタン, ハンバーグ",麺,0.95,麺タグまたは麺料理名,麺料理,0.94,主食タグが麺,その他,0.66,中心食材タグが弱い,温かい,0.92,ご飯・パン系は原則温かい,15分以内,0.72,既存time列・明確な分数なし,false,0.72,既存knife列・食材推定,true,0.90,"加熱調理語: 煮, 丼, ごはん",false,0.76,別調理器具の表現,false,0.70,電子レンジ表現なし,rice,estimated,youtube_api_inferred
ROSategkG8Q,【たった三分で出来る】この丼でズボラ飯の概念が変わる。合法生ユッケ丼,https://www.youtube.com/watch?v=ROSategkG8Q,料理研究家リュウジのバズレシピ,main_ingredient confidence 0.66,韓国,0.76,キーワード: コチュジャン,ご飯,0.92,米タグまたはご飯料理名,丼,0.94,丼・のっけご飯表現,その他,0.66,中心食材タグが弱い,温かい,0.92,ご飯・パン系は原則温かい,15分以内,0.72,既存time列・明確な分数なし,false,0.72,既存knife列・食材推定,true,0.90,"加熱調理語: 丼, ご飯",false,0.76,別調理器具の表現,true,0.95,電子レンジ表現: レンジ,rice,estimated,youtube_api_inferred
SmeG5uQ16cY,【ご飯系レシピNo.1】オートミール・キャメロン・ディアス丼,https://www.youtube.com/watch?v=SmeG5uQ16cY,ドムス【見るだけで痩せるチャンネル】,main_ingredient confidence 0.66,和食,0.95,キーワード: 丼,パン,0.93,パンタグまたはパン料理名,パン料理,0.92,主食タグがパン,その他,0.66,中心食材タグが弱い,温かい,0.92,ご飯・パン系は原則温かい,15分以内,0.95,時間表現: 2分,false,0.72,既存knife列・食材推定,true,0.90,"加熱調理語: 炒め, 煮, 丼",true,0.92,フライパン系表現: 炒め,false,0.70,電子レンジ表現なし,rice,estimated,youtube_api_inferred
8wTPkv7lXds,スーパーのトンカツで作るカツ丼の作り方 #イチカツ #レシピ #料理動画 #カツ丼,https://www.youtube.com/watch?v=8wTPkv7lXds,イチカツ料理チャンネル,main_ingredient confidence 0.66,和食,0.95,"キーワード: カツ丼, 丼",ご飯,0.92,米タグまたはご飯料理名,丼,0.94,丼・のっけご飯表現,その他,0.66,中心食材タグが弱い,温かい,0.92,ご飯・パン系は原則温かい,15分以内,0.72,既存time列・明確な分数なし,false,0.72,既存knife列・食材推定,true,0.90,加熱調理語: 丼,false,0.56,フライパン表現なし,false,0.70,電子レンジ表現なし,rice,estimated,youtube_api_inferred
ge059ZJhfbQ,【スタミナ丼】甘辛で美味しいプロの料理人の作り方,https://www.youtube.com/watch?v=ge059ZJhfbQ,「一品料理」マサちゃんねる,main_ingredient confidence 0.66,和食,0.95,"キーワード: 丼, 醤油",麺,0.95,麺タグまたは麺料理名,麺料理,0.94,主食タグが麺,その他,0.66,中心食材タグが弱い,温かい,0.92,ご飯・パン系は原則温かい,15分以内,0.72,既存time列・明確な分数なし,false,0.72,既存knife列・食材推定,true,0.90,加熱調理語: 丼,false,0.56,フライパン表現なし,false,0.70,電子レンジ表現なし,rice,estimated,youtube_api_inferred
wTjzrGoW0qM,マジでフライパンで最高にウマくて香ばしい『ケバブ』丼が食えちゃいます！【魔法のケバブライス】,https://www.youtube.com/watch?v=wTjzrGoW0qM,料理研究家リュウジのバズレシピ,main_ingredient confidence 0.66,和食,0.95,キーワード: 丼,パン,0.93,パンタグまたはパン料理名,パン料理,0.92,主食タグがパン,その他,0.66,中心食材タグが弱い,温かい,0.92,ご飯・パン系は原則温かい,15分以内,0.72,既存time列・明確な分数なし,true,0.88,切る工程の表現,true,0.90,"加熱調理語: 丼, ご飯, フライパン",true,0.92,フライパン系表現: フライパン,true,0.95,電子レンジ表現: レンジ,rice,estimated,youtube_api_inferred
397XQX8bYJQ,【ホットクックで簡単！】絶対に失敗しない牛丼の作り方｜レシピ,https://www.youtube.com/watch?v=397XQX8bYJQ,小原正子,main_ingredient confidence 0.66,和食,0.95,"キーワード: 牛丼, 丼",ご飯,0.92,米タグまたはご飯料理名,丼,0.94,丼・のっけご飯表現,その他,0.66,中心食材タグが弱い,温かい,0.92,ご飯・パン系は原則温かい,15分以内,0.72,既存time列・明確な分数なし,false,0.72,既存knife列・食材推定,true,0.90,加熱調理語: 丼,false,0.56,フライパン表現なし,false,0.70,電子レンジ表現なし,rice,estimated,youtube_api_inferred
WaQMvydBYzI,【ウインナー丼】焼肉屋が作る禁断のレシピがうますぎる #shorts,https://www.youtube.com/watch?v=WaQMvydBYzI,ホルモンしま田,main_ingredient confidence 0.66,和食,0.95,キーワード: 丼,ご飯,0.92,米タグまたはご飯料理名,丼,0.94,丼・のっけご飯表現,その他,0.66,中心食材タグが弱い,温かい,0.92,ご飯・パン系は原則温かい,15分以内,0.72,既存time列・明確な分数なし,false,0.72,既存knife列・食材推定,true,0.90,加熱調理語: 丼,false,0.56,フライパン表現なし,false,0.70,電子レンジ表現なし,rice,estimated,youtube_api_inferred
HSDRA6MrwmA,【完全再現】吉野家潰す気か牛丼,https://www.youtube.com/watch?v=HSDRA6MrwmA,料理研究家リュウジのバズレシピ,main_ingredient confidence 0.66,和食,0.95,"キーワード: 牛丼, 丼, 醤油",ご飯,0.92,米タグまたはご飯料理名,丼,0.94,丼・のっけご飯表現,その他,0.66,中心食材タグが弱い,温かい,0.92,ご飯・パン系は原則温かい,15分以内,0.95,時間表現: 5分,false,0.72,既存knife列・食材推定,true,0.90,"加熱調理語: 煮, 丼, ご飯",false,0.76,別調理器具の表現,true,0.95,電子レンジ表現: レンジ,rice,estimated,youtube_api_inferred
hetH4NUoDQc,【男飯】本当に美味しいマルチョウのシロコロホルモン丼の作り方,https://www.youtube.com/watch?v=hetH4NUoDQc,かっつ飯TV【居酒屋料理専門チャンネル】,main_ingredient confidence 0.66,和食,0.95,キーワード: 丼,ご飯,0.92,米タグまたはご飯料理名,丼,0.94,丼・のっけご飯表現,その他,0.66,中心食材タグが弱い,温かい,0.92,ご飯・パン系は原則温かい,15分以内,0.72,既存time列・明確な分数なし,false,0.72,既存knife列・食材推定,true,0.90,加熱調理語: 丼,false,0.56,フライパン表現なし,false,0.70,電子レンジ表現なし,rice,estimated,youtube_api_inferred
C_SNyKS4xl4,【悪魔のチーズメルトソーセージ丼】,https://www.youtube.com/watch?v=C_SNyKS4xl4,まるみキッチン【簡単レシピ】,main_ingredient confidence 0.66,和食,0.95,"キーワード: 丼, 醤油, しょうゆ",ご飯,0.92,米タグまたはご飯料理名,丼,0.94,丼・のっけご飯表現,その他,0.66,中心食材タグが弱い,温かい,0.92,ご飯・パン系は原則温かい,15分以内,0.72,既存time列・明確な分数なし,false,0.72,既存knife列・食材推定,true,0.90,"加熱調理語: 炒め, 丼, ごはん",true,0.92,"フライパン系表現: フライパン, 炒め",true,0.95,電子レンジ表現: レンジ,"rice,garlic,cheese,butter",estimated,youtube_api_inferred
auUXkW3N-KA,背徳のチーズソーセージタッカルビ丼,https://www.youtube.com/watch?v=auUXkW3N-KA,まるみキッチン【簡単レシピ】,main_ingredient confidence 0.66,韓国,0.76,キーワード: コチュジャン,ご飯,0.92,米タグまたはご飯料理名,丼,0.94,丼・のっけご飯表現,その他,0.66,中心食材タグが弱い,温かい,0.92,ご飯・パン系は原則温かい,15分以内,0.72,既存time列・明確な分数なし,false,0.72,既存knife列・食材推定,true,0.90,"加熱調理語: 炒め, 丼, ご飯",true,0.92,"フライパン系表現: フライパン, 炒め",true,0.95,電子レンジ表現: レンジ,"rice,garlic,cheese",estimated,youtube_api_inferred
rzZk1zZOluY,1番美味しい親子丼の作り方はこれ！🐥 #簡単レシピ #料理 #cooking,https://www.youtube.com/watch?v=rzZk1zZOluY,Hideka cooking,main_ingredient confidence 0.66,和食,0.95,"キーワード: 親子丼, 丼",ご飯,0.92,米タグまたはご飯料理名,丼,0.94,丼・のっけご飯表現,その他,0.66,中心食材タグが弱い,温かい,0.92,ご飯・パン系は原則温かい,15分以内,0.72,既存time列・明確な分数なし,false,0.72,既存knife列・食材推定,true,0.90,加熱調理語: 丼,false,0.56,フライパン表現なし,false,0.70,電子レンジ表現なし,rice,estimated,youtube_api_inferred
VmX2T8jMrgw,プロのアドバイス満載！絶品中華丼レシピ｜クラシル #shorts,https://www.youtube.com/watch?v=VmX2T8jMrgw,Kurashiru [クラシル],main_ingredient confidence 0.66,中華,0.76,キーワード: 中華,ご飯,0.92,米タグまたはご飯料理名,丼,0.94,丼・のっけご飯表現,その他,0.66,中心食材タグが弱い,温かい,0.92,ご飯・パン系は原則温かい,15分以内,0.72,既存time列・明確な分数なし,false,0.72,既存knife列・食材推定,true,0.90,加熱調理語: 丼,false,0.56,フライパン表現なし,false,0.70,電子レンジ表現なし,rice,estimated,youtube_api_inferred
l4hevn3vEEU,Pork Bowl 甘辛豚丼の作り方 #pork #豚丼 #shorts,https://www.youtube.com/watch?v=l4hevn3vEEU,料理研究家ゆかりのおうちで簡単レシピ / Yukari's Kitchen,main_ingredient confidence 0.66,和食,0.95,"キーワード: 牛丼, 豚丼, 丼",ご飯,0.92,米タグまたはご飯料理名,丼,0.94,丼・のっけご飯表現,その他,0.66,中心食材タグが弱い,温かい,0.92,ご飯・パン系は原則温かい,15分以内,0.72,既存time列・明確な分数なし,false,0.72,既存knife列・食材推定,true,0.90,"加熱調理語: 丼, ご飯, フライパン",true,0.92,フライパン系表現: フライパン,false,0.70,電子レンジ表現なし,rice,estimated,youtube_api_inferred
2sqyZhgGIWY,フライパン一発で3色そぼろ丼🍚✨ #簡単レシピ #胃袋泥棒レシピ,https://www.youtube.com/watch?v=2sqyZhgGIWY,maki | 今日の時短レシピ,main_ingredient confidence 0.66,和食,0.95,"キーワード: そぼろ丼, 丼",ご飯,0.92,米タグまたはご飯料理名,丼,0.94,丼・のっけご飯表現,その他,0.66,中心食材タグが弱い,温かい,0.92,ご飯・パン系は原則温かい,15分以内,0.72,既存time列・明確な分数なし,false,0.72,既存knife列・食材推定,true,0.90,"加熱調理語: 丼, フライパン",true,0.92,フライパン系表現: フライパン,false,0.70,電子レンジ表現なし,rice,estimated,youtube_api_inferred
RSjX616xPkM,【胃袋を掴む】ふわとろ親子丼 #おうちごはん #簡単レシピ,https://www.youtube.com/watch?v=RSjX616xPkM,Hideka cooking,main_ingredient confidence 0.66,和食,0.95,"キーワード: 親子丼, 丼, おうちごはん",ご飯,0.92,米タグまたはご飯料理名,丼,0.94,丼・のっけご飯表現,その他,0.66,中心食材タグが弱い,温かい,0.92,ご飯・パン系は原則温かい,15分以内,0.72,既存time列・明確な分数なし,false,0.72,既存knife列・食材推定,true,0.90,"加熱調理語: 丼, ごはん",false,0.56,フライパン表現なし,false,0.70,電子レンジ表現なし,rice,estimated,youtube_api_inferred
u3_dLqrWRuE,牛丼の作り方｜おうちで簡単にお店の味！ちょっと一手間で激ウマに仕上がる絶品牛丼レシピ！旨味たっぷりで最後の一口まで大満足！-How to make【料理研究家ゆかり】,https://www.youtube.com/watch?v=u3_dLqrWRuE,料理研究家ゆかりのおうちで簡単レシピ / Yukari's Kitchen,main_ingredient confidence 0.66,和食,0.95,"キーワード: 牛丼, 丼, 醤油",ご飯,0.92,米タグまたはご飯料理名,丼,0.94,丼・のっけご飯表現,その他,0.66,中心食材タグが弱い,温かい,0.92,ご飯・パン系は原則温かい,15分以内,0.95,時間表現: 1分,true,0.88,切る工程の表現,true,0.90,"加熱調理語: 炒め, 煮, 丼",true,0.92,"フライパン系表現: フライパン, 炒め",false,0.70,電子レンジ表現なし,rice,estimated,youtube_api_inferred
4d-Z3-BOW0U,【㊗️500万回再生‼️】【牛丼ってここまで変わる？荏原シェフの技で普通の肉でもプロの味に】｜#クラシル #shorts,https://www.youtube.com/watch?v=4d-Z3-BOW0U,Kurashiru [クラシル],main_ingredient confidence 0.66,和食,0.95,"キーワード: 牛丼, 丼",ご飯,0.92,米タグまたはご飯料理名,丼,0.94,丼・のっけご飯表現,その他,0.66,中心食材タグが弱い,温かい,0.92,ご飯・パン系は原則温かい,15分以内,0.72,既存time列・明確な分数なし,false,0.72,既存knife列・食材推定,true,0.90,加熱調理語: 丼,false,0.56,フライパン表現なし,false,0.70,電子レンジ表現なし,rice,estimated,youtube_api_inferred
f7e6EvyVY_M,子供が大好きな給食の豚キムチ丼を作ってみた！,https://www.youtube.com/watch?v=f7e6EvyVY_M,あおいの給食室🔪,main_ingredient confidence 0.66,韓国,0.76,キーワード: キムチ,ご飯,0.92,米タグまたはご飯料理名,丼,0.94,丼・のっけご飯表現,その他,0.66,中心食材タグが弱い,温かい,0.92,ご飯・パン系は原則温かい,15分以内,0.95,時間表現: 5分,true,0.88,切る工程の表現,true,0.90,"加熱調理語: 炒め, 丼, ごはん",true,0.92,"フライパン系表現: フライパン, 炒め",false,0.70,電子レンジ表現なし,rice,estimated,youtube_api_inferred
PfOVD47JN4w,ちくわで最高に旨すぎる丼作れます,https://www.youtube.com/watch?v=PfOVD47JN4w,だれウマ【料理研究家】,main_ingredient confidence 0.66,和食,0.95,"キーワード: 丼, 醤油",ご飯,0.92,米タグまたはご飯料理名,丼,0.94,丼・のっけご飯表現,その他,0.66,中心食材タグが弱い,温かい,0.92,ご飯・パン系は原則温かい,15分以内,0.72,既存time列・明確な分数なし,true,0.88,切る工程の表現,true,0.90,"加熱調理語: 丼, ご飯",false,0.56,フライパン表現なし,false,0.70,電子レンジ表現なし,rice,estimated,youtube_api_inferred
B0Uzvr92B44,【野永シェフの特製・他人丼レシピ】｜#クラシル #shorts,https://www.youtube.com/watch?v=B0Uzvr92B44,Kurashiru [クラシル],main_ingredient confidence 0.66,和食,0.95,キーワード: 丼,ご飯,0.92,米タグまたはご飯料理名,丼,0.94,丼・のっけご飯表現,その他,0.66,中心食材タグが弱い,温かい,0.92,ご飯・パン系は原則温かい,15分以内,0.72,既存time列・明確な分数なし,false,0.72,既存knife列・食材推定,true,0.90,加熱調理語: 丼,false,0.56,フライパン表現なし,false,0.70,電子レンジ表現なし,rice,estimated,youtube_api_inferred
TgBD15J7zmk,某有名チェーン店の牛丼を再現してみた【笠野家の牛丼】,https://www.youtube.com/watch?v=TgBD15J7zmk,【賛否両論】笠原将弘の料理のほそ道,main_ingredient confidence 0.66,和食,0.95,"キーワード: 和食, 牛丼, 丼",ご飯,0.92,米タグまたはご飯料理名,丼,0.94,丼・のっけご飯表現,その他,0.66,中心食材タグが弱い,温かい,0.92,ご飯・パン系は原則温かい,15分以内,0.95,時間表現: 10分,true,0.88,切る工程の表現,true,0.90,"加熱調理語: 煮, 丼, ご飯",false,0.76,別調理器具の表現,false,0.70,電子レンジ表現なし,rice,estimated,youtube_api_inferred
B9MiMjR-iR0,『技術は不要』ちょっとずつ余った野菜達こそ最高の食材です。家庭で作る中華丼の作り方,https://www.youtube.com/watch?v=B9MiMjR-iR0,食事処さくらの料理教室,main_ingredient confidence 0.66,中華,0.76,キーワード: 中華,パン,0.93,パンタグまたはパン料理名,パン料理,0.92,主食タグがパン,その他,0.66,中心食材タグが弱い,温かい,0.92,ご飯・パン系は原則温かい,15分以内,0.95,時間表現: 2分,true,0.88,切る工程の表現,true,0.90,"加熱調理語: 丼, スープ, 鍋",false,0.76,別調理器具の表現,false,0.70,電子レンジ表現なし,rice,estimated,youtube_api_inferred
fNTVaTGj3ag,【ルウ1個で1人前】どんぶり革命！カレー親子丼が旨すぎる！,https://www.youtube.com/watch?v=fNTVaTGj3ag,めしコイズミ,main_ingredient confidence 0.66,洋食,0.76,キーワード: カレー,ご飯,0.92,米タグまたはご飯料理名,丼,0.94,丼・のっけご飯表現,その他,0.66,中心食材タグが弱い,温かい,0.92,ご飯・パン系は原則温かい,15分以内,0.72,既存time列・明確な分数なし,true,0.88,切る工程の表現,true,0.90,"加熱調理語: 丼, ごはん",false,0.76,別調理器具の表現,true,0.95,"電子レンジ表現: 電子レンジ, レンジ",rice,estimated,youtube_api_inferred
jipO-Sr-mgQ,【再現！】「すた丼」お店調理のポイントをご家庭で再現する作り方 #shorts,https://www.youtube.com/watch?v=jipO-Sr-mgQ,ねこくら料理チャンネル ～猫と暮らしたい～,main_ingredient confidence 0.66,和食,0.95,"キーワード: 丼, 醤油",ご飯,0.92,米タグまたはご飯料理名,丼,0.94,丼・のっけご飯表現,その他,0.66,中心食材タグが弱い,温かい,0.92,ご飯・パン系は原則温かい,15分以内,0.72,既存time列・明確な分数なし,false,0.72,既存knife列・食材推定,true,0.90,"加熱調理語: 炒め, 丼, 炒め",true,0.92,フライパン系表現: 炒め,false,0.70,電子レンジ表現なし,rice,estimated,youtube_api_inferred
O4l3byCyEzY,家庭で本場の味を再現！笠原流【豚丼】の作り方,https://www.youtube.com/watch?v=O4l3byCyEzY,【賛否両論】笠原将弘の料理のほそ道,main_ingredient confidence 0.66,和食,0.95,"キーワード: 生姜焼き, 豚丼, 丼",麺,0.95,麺タグまたは麺料理名,麺料理,0.94,主食タグが麺,その他,0.66,中心食材タグが弱い,温かい,0.92,ご飯・パン系は原則温かい,15分以内,0.72,既存time列・明確な分数なし,true,0.88,切る工程の表現,true,0.90,"加熱調理語: 焼き, 煮, 丼",true,0.92,"フライパン系表現: フライパン, 焼き",true,0.95,電子レンジ表現: レンジ,rice,estimated,youtube_api_inferred
fnZfyb5exyQ,【みんな大好き】板前が教える、親子丼の作り方！※分量はコメント欄に！#shorts,https://www.youtube.com/watch?v=fnZfyb5exyQ,板前山ちゃん,main_ingredient confidence 0.66,和食,0.95,"キーワード: 和食, 親子丼, 丼",ご飯,0.92,米タグまたはご飯料理名,丼,0.94,丼・のっけご飯表現,その他,0.66,中心食材タグが弱い,温かい,0.92,ご飯・パン系は原則温かい,15分以内,0.72,既存time列・明確な分数なし,false,0.72,既存knife列・食材推定,true,0.90,加熱調理語: 丼,false,0.56,フライパン表現なし,false,0.70,電子レンジ表現なし,rice,estimated,youtube_api_inferred
hinEV2pGPVQ,作ってみて！海鮮丼 #shorts,https://www.youtube.com/watch?v=hinEV2pGPVQ,けんた食堂,main_ingredient confidence 0.66,和食,0.95,キーワード: 丼,ご飯,0.92,米タグまたはご飯料理名,丼,0.94,丼・のっけご飯表現,その他,0.66,中心食材タグが弱い,温かい,0.92,ご飯・パン系は原則温かい,15分以内,0.72,既存time列・明確な分数なし,false,0.72,既存knife列・食材推定,true,0.90,加熱調理語: 丼,false,0.56,フライパン表現なし,false,0.70,電子レンジ表現なし,rice,estimated,youtube_api_inferred
6cHxq7gXisI,【100万回再生人気レシピ】薄切り肉で簡単＆柔らか！直球勝負のレシピ！豚丼の作り方,https://www.youtube.com/watch?v=6cHxq7gXisI,Koh Kentetsu Kitchen【料理研究家コウケンテツ公式チャンネル】,main_ingredient confidence 0.66,和食,0.95,"キーワード: 豚丼, 丼, しょうゆ",ご飯,0.92,米タグまたはご飯料理名,丼,0.94,丼・のっけご飯表現,その他,0.66,中心食材タグが弱い,温かい,0.92,ご飯・パン系は原則温かい,15分以内,0.72,既存time列・明確な分数なし,true,0.88,切る工程の表現,true,0.90,"加熱調理語: 焼き, 丼, ご飯",true,0.92,フライパン系表現: 焼き,false,0.70,電子レンジ表現なし,rice,estimated,youtube_api_inferred
UZeUikY2U8Q,最高においしい牛丼の作り方/ How to make the most delicious gyudon,https://www.youtube.com/watch?v=UZeUikY2U8Q,Ryogo,main_ingredient confidence 0.66,洋食,0.76,キーワード: パスタ,麺,0.95,麺タグまたは麺料理名,麺料理,0.94,主食タグが麺,その他,0.66,中心食材タグが弱い,温かい,0.92,ご飯・パン系は原則温かい,15分以内,0.72,既存time列・明確な分数なし,false,0.72,既存knife列・食材推定,true,0.90,加熱調理語: 丼,false,0.56,フライパン表現なし,false,0.70,電子レンジ表現なし,rice,estimated,youtube_api_inferred
edBSLjYj1Xk,10分で完成【ワンパンビビンバ丼】 #レシピ,https://www.youtube.com/watch?v=edBSLjYj1Xk,AKIHO kitchen 簡単映えレシピ,main_ingredient confidence 0.66,韓国,0.76,キーワード: ビビンバ,ご飯,0.92,米タグまたはご飯料理名,丼,0.94,丼・のっけご飯表現,その他,0.66,中心食材タグが弱い,温かい,0.92,ご飯・パン系は原則温かい,15分以内,0.95,時間表現: 10分,false,0.72,既存knife列・食材推定,true,0.90,"加熱調理語: 丼, ワンパン",true,0.92,フライパン系表現: ワンパン,false,0.70,電子レンジ表現なし,rice,estimated,youtube_api_inferred
3XI5FZcsa8A,一度で作るそぼろ丼,https://www.youtube.com/watch?v=3XI5FZcsa8A,まみ(mami) ラクうまごはん,main_ingredient confidence 0.66,和食,0.95,"キーワード: そぼろ丼, 丼",ご飯,0.92,米タグまたはご飯料理名,丼,0.94,丼・のっけご飯表現,その他,0.66,中心食材タグが弱い,温かい,0.92,ご飯・パン系は原則温かい,15分以内,0.72,既存time列・明確な分数なし,false,0.72,既存knife列・食材推定,true,0.90,加熱調理語: 丼,false,0.56,フライパン表現なし,false,0.70,電子レンジ表現なし,rice,estimated,youtube_api_inferred
2LMT3DYSQaw,絶品照り焼き丼🧑🏻‍🍳🐓#簡単レシピ #照り焼き #給食 #shorts,https://www.youtube.com/watch?v=2LMT3DYSQaw,給食の先生ゆりまま,main_ingredient confidence 0.66,和食,0.95,"キーワード: 照り焼き, 丼, しょうゆ",ご飯,0.92,米タグまたはご飯料理名,丼,0.94,丼・のっけご飯表現,その他,0.66,中心食材タグが弱い,温かい,0.92,ご飯・パン系は原則温かい,15分以内,0.95,時間表現: 10分,false,0.72,既存knife列・食材推定,true,0.90,"加熱調理語: 焼き, 蒸し, 丼",true,0.92,"フライパン系表現: フライパン, ワンパン, 焼き",false,0.70,電子レンジ表現なし,rice,estimated,youtube_api_inferred
ZpgbQn-C3cQ,にんにくも生姜も使わないからこそウマい!!スーパーの肉で至高を越えたシン・豚丼作ります#shorts #リュウジ #料理,https://www.youtube.com/watch?v=ZpgbQn-C3cQ,料理研究家リュウジのバズレシピ,main_ingredient confidence 0.66,和食,0.95,"キーワード: 豚丼, 丼",ご飯,0.92,米タグまたはご飯料理名,丼,0.94,丼・のっけご飯表現,その他,0.66,中心食材タグが弱い,温かい,0.92,ご飯・パン系は原則温かい,15分以内,0.72,既存time列・明確な分数なし,false,0.72,既存knife列・食材推定,true,0.90,加熱調理語: 丼,false,0.76,別調理器具の表現,true,0.95,電子レンジ表現: レンジ,"rice,ginger,garlic",estimated,youtube_api_inferred
KsyQwRFUTQM,【カニカマで作るカニ玉丼】10分で完成するふわとろ絶品丼！節約にもおすすめ♪,https://www.youtube.com/watch?v=KsyQwRFUTQM,macaroni | マカロニ,main_ingredient confidence 0.66,和食,0.95,キーワード: 丼,ご飯,0.92,米タグまたはご飯料理名,丼,0.94,丼・のっけご飯表現,その他,0.66,中心食材タグが弱い,温かい,0.92,ご飯・パン系は原則温かい,15分以内,0.95,時間表現: 10分,true,0.88,切る工程の表現,true,0.90,"加熱調理語: 煮, 丼, ごはん",true,0.92,フライパン系表現: フライパン,false,0.70,電子レンジ表現なし,rice,estimated,youtube_api_inferred
k8cgRiN4j-4,美味しい豚丼３００円【万能のただならぬタレを是非】小間肉でも極旨です おに豚丼。,https://www.youtube.com/watch?v=k8cgRiN4j-4,くまの限界食堂,main_ingredient confidence 0.66,和食,0.95,"キーワード: 豚丼, 丼, しょうゆ",ご飯,0.92,米タグまたはご飯料理名,丼,0.94,丼・のっけご飯表現,その他,0.66,中心食材タグが弱い,温かい,0.92,ご飯・パン系は原則温かい,15分以内,0.72,既存time列・明確な分数なし,false,0.72,既存knife列・食材推定,true,0.90,加熱調理語: 丼,false,0.56,フライパン表現なし,false,0.70,電子レンジ表現なし,rice,estimated,youtube_api_inferred
iPshdzeTiRI,この金額で出来る一番うめえ料理これだと思う。死ぬほどバズったドケチレシピ【お金渋り丼】 #リュウジ #料理 #shorts,https://www.youtube.com/watch?v=iPshdzeTiRI,料理研究家リュウジのバズレシピ,main_ingredient confidence 0.66,和食,0.95,キーワード: 丼,ご飯,0.92,米タグまたはご飯料理名,丼,0.94,丼・のっけご飯表現,その他,0.66,中心食材タグが弱い,温かい,0.92,ご飯・パン系は原則温かい,15分以内,0.72,既存time列・明確な分数なし,false,0.72,既存knife列・食材推定,true,0.90,加熱調理語: 丼,false,0.76,別調理器具の表現,true,0.95,電子レンジ表現: レンジ,rice,estimated,youtube_api_inferred
_rxQKv4RI0g,シャリアピンステーキ丼の美味しい作り方#shorts,https://www.youtube.com/watch?v=_rxQKv4RI0g,Ryou【和久井亮平】,main_ingredient confidence 0.66,洋食,0.76,キーワード: ステーキ,ご飯,0.92,米タグまたはご飯料理名,丼,0.94,丼・のっけご飯表現,その他,0.66,中心食材タグが弱い,温かい,0.92,ご飯・パン系は原則温かい,15分以内,0.72,既存time列・明確な分数なし,false,0.72,既存knife列・食材推定,true,0.90,加熱調理語: 丼,false,0.56,フライパン表現なし,false,0.70,電子レンジ表現なし,rice,estimated,youtube_api_inferred
BkLNDAKkXIs,ビビンバ丼 #幼児食 #簡単レシピ #野菜嫌い #料理 #自炊,https://www.youtube.com/watch?v=BkLNDAKkXIs,ヒロ⌇大人もリピする子どもごはん🍳,main_ingredient confidence 0.66,韓国,0.76,"キーワード: ビビンバ, コチュジャン",ご飯,0.92,米タグまたはご飯料理名,丼,0.94,丼・のっけご飯表現,その他,0.66,中心食材タグが弱い,温かい,0.92,ご飯・パン系は原則温かい,15分以内,0.72,既存time列・明確な分数なし,true,0.88,切る工程の表現,true,0.90,"加熱調理語: 炒め, 丼, ご飯",true,0.92,"フライパン系表現: フライパン, 炒め",false,0.70,電子レンジ表現なし,rice,estimated,youtube_api_inferred
yeTlYD8jmmE,めちゃ美味しいカツ丼のタレ作り方！一人前分量～！ #shorts #簡単レシピ #カツ丼タレ,https://www.youtube.com/watch?v=yeTlYD8jmmE,ビートル萬屋ちゃんねる,main_ingredient confidence 0.66,和食,0.95,"キーワード: カツ丼, 丼, 醤油",ご飯,0.92,米タグまたはご飯料理名,丼,0.94,丼・のっけご飯表現,その他,0.66,中心食材タグが弱い,温かい,0.92,ご飯・パン系は原則温かい,15分以内,0.95,時間表現: 2分,false,0.72,既存knife列・食材推定,true,0.90,"加熱調理語: 煮, 丼",false,0.56,フライパン表現なし,false,0.70,電子レンジ表現なし,rice,estimated,youtube_api_inferred
8EEXmB8rK7k,海鮮丼は青魚が旨い #shorts #海鮮丼 #sashimi,https://www.youtube.com/watch?v=8EEXmB8rK7k,けんた食堂,main_ingredient confidence 0.66,和食,0.95,"キーワード: 丼, 醤油",ご飯,0.92,米タグまたはご飯料理名,丼,0.94,丼・のっけご飯表現,その他,0.66,中心食材タグが弱い,温かい,0.92,ご飯・パン系は原則温かい,15分以内,0.72,既存time列・明確な分数なし,false,0.72,既存knife列・食材推定,true,0.90,"加熱調理語: 煮, 丼",false,0.56,フライパン表現なし,false,0.70,電子レンジ表現なし,rice,estimated,youtube_api_inferred
SN3enmkudCI,和風ステーキ丼の作り方#shorts,https://www.youtube.com/watch?v=SN3enmkudCI,板前山ちゃん,main_ingredient confidence 0.66,洋食,0.76,キーワード: ステーキ,ご飯,0.92,米タグまたはご飯料理名,丼,0.94,丼・のっけご飯表現,その他,0.66,中心食材タグが弱い,温かい,0.92,ご飯・パン系は原則温かい,15分以内,0.72,既存time列・明確な分数なし,false,0.72,既存knife列・食材推定,true,0.90,加熱調理語: 丼,false,0.56,フライパン表現なし,false,0.70,電子レンジ表現なし,rice,estimated,youtube_api_inferred
jctLEuydvao,『インスタ800万再生突破』ぷるぷるムネ肉ユッケ丼#簡単レシピ #むね肉 #レシピ,https://www.youtube.com/watch?v=jctLEuydvao,Kiyo Balance Kitchen,main_ingredient confidence 0.66,和食,0.95,キーワード: 丼,ご飯,0.92,米タグまたはご飯料理名,丼,0.94,丼・のっけご飯表現,その他,0.66,中心食材タグが弱い,温かい,0.92,ご飯・パン系は原則温かい,15分以内,0.95,時間表現: 3分,false,0.72,既存knife列・食材推定,true,0.90,"加熱調理語: 茹で, 丼",false,0.56,フライパン表現なし,false,0.70,電子レンジ表現なし,rice,estimated,youtube_api_inferred
6BVMyQLBsN4,それカツにすんのかよ。肉無しでも笑えるほど美味しい【貧乏人のカツ丼】が安いのに旨すぎる#shorts #リュウジ #料理,https://www.youtube.com/watch?v=6BVMyQLBsN4,料理研究家リュウジのバズレシピ,main_ingredient confidence 0.66,和食,0.95,"キーワード: カツ丼, 丼",ご飯,0.92,米タグまたはご飯料理名,丼,0.94,丼・のっけご飯表現,その他,0.66,中心食材タグが弱い,温かい,0.92,ご飯・パン系は原則温かい,15分以内,0.72,既存time列・明確な分数なし,false,0.72,既存knife列・食材推定,true,0.90,加熱調理語: 丼,false,0.76,別調理器具の表現,true,0.95,電子レンジ表現: レンジ,rice,estimated,youtube_api_inferred
Aj5t5nUu61w,僕が10代から作ってる本当に美味しいペペロンチーノのレシピはこちらです。【悪魔のペペロンチーノ】 #リュウジ #バズレシピ #料理 #料理動画 #レシピ #レシピ動画 #パスタ,https://www.youtube.com/watch?v=Aj5t5nUu61w,料理研究家リュウジのバズレシピ,main_ingredient confidence 0.66,洋食,0.95,"キーワード: パスタ, ペペロンチーノ",麺,0.95,麺タグまたは麺料理名,麺料理,0.94,主食タグが麺,その他,0.66,中心食材タグが弱い,温かい,0.72,明確な温度語なし・既存推定,15〜30分,0.72,既存time列・明確な分数なし,false,0.72,既存knife列・食材推定,true,0.82,電子レンジ加熱,false,0.76,別調理器具の表現,true,0.95,電子レンジ表現: レンジ,pasta,estimated,youtube_api_inferred
5nzS6Gc4O40,【15分で作れる】ほぼお店の味！最高に美味しいナポリタンが完成。#パスタ #簡単レシピ #時短レシピ #料理,https://www.youtube.com/watch?v=5nzS6Gc4O40,深夜食堂,main_ingredient confidence 0.66,洋食,0.95,"キーワード: パスタ, ナポリタン",麺,0.95,麺タグまたは麺料理名,麺料理,0.94,主食タグが麺,その他,0.66,中心食材タグが弱い,温かい,0.72,明確な温度語なし・既存推定,15分以内,0.95,時間表現: 15分,false,0.72,既存knife列・食材推定,true,0.70,既存heat列,false,0.56,フライパン表現なし,false,0.70,電子レンジ表現なし,pasta,estimated,youtube_api_inferred
SVSlHAjImdY,大人気のパスタを再現してみました🍝 #レシピ #カプリチョーザ,https://www.youtube.com/watch?v=SVSlHAjImdY,高松先生🍖おうちごはん,main_ingredient confidence 0.66,洋食,0.95,キーワード: パスタ,麺,0.95,麺タグまたは麺料理名,麺料理,0.94,主食タグが麺,その他,0.66,中心食材タグが弱い,温かい,0.72,明確な温度語なし・既存推定,15〜30分,0.72,既存time列・明確な分数なし,false,0.72,既存knife列・食材推定,true,0.70,既存heat列,false,0.56,フライパン表現なし,false,0.70,電子レンジ表現なし,pasta,estimated,youtube_api_inferred
yrAKZZsXc_w,生クリーム？小麦粉？ルー？全部いらねえのにお店の味、信じられない【虚無チーズパスタ】#shorts #リュウジ #料理,https://www.youtube.com/watch?v=yrAKZZsXc_w,料理研究家リュウジのバズレシピ,main_ingredient confidence 0.66,洋食,0.95,キーワード: パスタ,麺,0.95,麺タグまたは麺料理名,麺料理,0.94,主食タグが麺,その他,0.66,中心食材タグが弱い,温かい,0.72,明確な温度語なし・既存推定,15〜30分,0.72,既存time列・明確な分数なし,false,0.72,既存knife列・食材推定,true,0.82,電子レンジ加熱,false,0.76,別調理器具の表現,true,0.95,電子レンジ表現: レンジ,"pasta,cheese,flour",estimated,youtube_api_inferred
bMTSe5DNBLU,5分で簡単！最強納豆パスタ〜🍝 #簡単レシピ #料理 #パスタ,https://www.youtube.com/watch?v=bMTSe5DNBLU,Hideka cooking,main_ingredient confidence 0.66,洋食,0.95,キーワード: パスタ,麺,0.95,麺タグまたは麺料理名,麺料理,0.94,主食タグが麺,その他,0.66,中心食材タグが弱い,温かい,0.72,明確な温度語なし・既存推定,15分以内,0.95,時間表現: 5分,false,0.72,既存knife列・食材推定,true,0.70,既存heat列,false,0.56,フライパン表現なし,false,0.70,電子レンジ表現なし,pasta,estimated,youtube_api_inferred
vtbNNttBGzY,【ワンパン15分】このキノコパスタ最上級に美味しい！#パスタ #簡単レシピ #料理 #時短レシピ #パスタ,https://www.youtube.com/watch?v=vtbNNttBGzY,深夜食堂,main_ingredient confidence 0.66,洋食,0.95,キーワード: パスタ,麺,0.95,麺タグまたは麺料理名,麺料理,0.94,主食タグが麺,その他,0.66,中心食材タグが弱い,温かい,0.72,明確な温度語なし・既存推定,15分以内,0.95,時間表現: 15分,false,0.72,既存knife列・食材推定,true,0.90,加熱調理語: ワンパン,true,0.92,フライパン系表現: ワンパン,false,0.70,電子レンジ表現なし,pasta,estimated,youtube_api_inferred
hDbz3m0yWkw,総再生400万回越え！ガーリックバターの和風【きのこパスタ】,https://www.youtube.com/watch?v=hDbz3m0yWkw,ファビオ飯 /イタリア料理人の世界,main_ingredient confidence 0.66,洋食,0.76,"キーワード: パスタ, スパゲッ, ペペロンチーノ",麺,0.95,麺タグまたは麺料理名,麺料理,0.94,主食タグが麺,その他,0.66,中心食材タグが弱い,温かい,0.72,明確な温度語なし・既存推定,15〜30分,0.72,既存time列・明確な分数なし,false,0.72,既存knife列・食材推定,true,0.70,既存heat列,false,0.56,フライパン表現なし,false,0.70,電子レンジ表現なし,"pasta,garlic,butter",estimated,youtube_api_inferred
f3ziYO2Diqk,レンジで簡単！濃厚チーズパスタ,https://www.youtube.com/watch?v=f3ziYO2Diqk,まるみキッチン【簡単レシピ】,main_ingredient confidence 0.66,洋食,0.95,キーワード: パスタ,麺,0.95,麺タグまたは麺料理名,麺料理,0.94,主食タグが麺,その他,0.66,中心食材タグが弱い,温かい,0.90,温かい調理語: ごはん,15分以内,0.95,時間表現: 2分,false,0.72,既存knife列・食材推定,true,0.90,加熱調理語: ごはん,false,0.76,別調理器具の表現,true,0.95,電子レンジ表現: レンジ,"pasta,cheese,butter,milk",estimated,youtube_api_inferred
tF7cFllj7FQ,イタリアで作るペペロンチーノがシンプルの極み！#ペペロンチーノ #パスタ #レシピ,https://www.youtube.com/watch?v=tF7cFllj7FQ,Chef Ropia料理人の世界,main_ingredient confidence 0.66,洋食,0.95,"キーワード: パスタ, ペペロンチーノ",麺,0.95,麺タグまたは麺料理名,麺料理,0.94,主食タグが麺,その他,0.66,中心食材タグが弱い,温かい,0.72,明確な温度語なし・既存推定,15〜30分,0.72,既存time列・明確な分数なし,false,0.72,既存knife列・食材推定,true,0.70,既存heat列,false,0.56,フライパン表現なし,false,0.70,電子レンジ表現なし,"pasta,garlic",estimated,youtube_api_inferred
UWfAZNLGt0g,【冷凍シーフードミックスで作る】絶品シーフードパスタの作り方！解凍要らず！,https://www.youtube.com/watch?v=UWfAZNLGt0g,居酒屋店長のまかない飯チャンネル,main_ingredient confidence 0.66,洋食,0.95,キーワード: パスタ,麺,0.95,麺タグまたは麺料理名,麺料理,0.94,主食タグが麺,その他,0.66,中心食材タグが弱い,温かい,0.90,温かい調理語: 茹で,15〜30分,0.72,既存time列・明確な分数なし,false,0.72,既存knife列・食材推定,true,0.90,加熱調理語: 茹で,false,0.56,フライパン表現なし,false,0.70,電子レンジ表現なし,pasta,estimated,youtube_api_inferred
U_9KrBg1lMs,和風きのこパスタの作り方｜フライパン1つで簡単！きのこの旨みたっぷりで風味豊かな和風パスタ！忙しい日にピッタリ！-How to make Mushroom Pasta-【料理研究家ゆかり】,https://www.youtube.com/watch?v=U_9KrBg1lMs,料理研究家ゆかりのおうちで簡単レシピ / Yukari's Kitchen,main_ingredient confidence 0.66,洋食,0.76,キーワード: パスタ,麺,0.95,麺タグまたは麺料理名,麺料理,0.94,主食タグが麺,その他,0.66,中心食材タグが弱い,温かい,0.72,明確な温度語なし・既存推定,15〜30分,0.72,既存time列・明確な分数なし,false,0.72,既存knife列・食材推定,true,0.90,"加熱調理語: フライパン, ワンパン",true,0.92,"フライパン系表現: フライパン, ワンパン",false,0.70,電子レンジ表現なし,pasta,estimated,youtube_api_inferred
CIp-SsRUsQ8,超簡単で激ウマなパスタレシピ３選🍝 #パスタ #レシピ #簡単レシピ #shorts,https://www.youtube.com/watch?v=CIp-SsRUsQ8,かずき@簡単パスタレシピ,main_ingredient confidence 0.66,洋食,0.95,キーワード: パスタ,麺,0.95,麺タグまたは麺料理名,麺料理,0.94,主食タグが麺,その他,0.66,中心食材タグが弱い,温かい,0.72,明確な温度語なし・既存推定,15〜30分,0.72,既存time列・明確な分数なし,false,0.72,既存knife列・食材推定,true,0.70,既存heat列,false,0.56,フライパン表現なし,false,0.70,電子レンジ表現なし,pasta,estimated,youtube_api_inferred
pYCq8uNLAwM,本場イタリアの失敗なしの【カルボナーラ】コツは水！#カルボナーラ #パスタ #レシピ,https://www.youtube.com/watch?v=pYCq8uNLAwM,Chef Ropia料理人の世界,main_ingredient confidence 0.66,洋食,0.95,"キーワード: パスタ, カルボナーラ",麺,0.95,麺タグまたは麺料理名,麺料理,0.94,主食タグが麺,その他,0.66,中心食材タグが弱い,温かい,0.72,明確な温度語なし・既存推定,15〜30分,0.72,既存time列・明確な分数なし,false,0.72,既存knife列・食材推定,true,0.70,既存heat列,false,0.56,フライパン表現なし,false,0.70,電子レンジ表現なし,"pasta,cheese",estimated,youtube_api_inferred
0gD0fzOOJtI,【激ウマパスタレシピ3選🍝】2025年上期に作ったパスタの中から特に美味しかったものを紹介します！ #パスタ #レシピ #簡単レシピ #shorts,https://www.youtube.com/watch?v=0gD0fzOOJtI,かずき@簡単パスタレシピ,main_ingredient confidence 0.66,洋食,0.95,キーワード: パスタ,麺,0.95,麺タグまたは麺料理名,麺料理,0.94,主食タグが麺,その他,0.66,中心食材タグが弱い,温かい,0.72,明確な温度語なし・既存推定,15〜30分,0.72,既存time列・明確な分数なし,false,0.72,既存knife列・食材推定,true,0.70,既存heat列,false,0.56,フライパン表現なし,false,0.70,電子レンジ表現なし,pasta,estimated,youtube_api_inferred
FuWkGfcPgn4,フライパン１つで作れるありえないほど美味しいパスタの作り方,https://www.youtube.com/watch?v=FuWkGfcPgn4,だれウマ【料理研究家】,main_ingredient confidence 0.66,洋食,0.95,キーワード: パスタ,麺,0.95,麺タグまたは麺料理名,麺料理,0.94,主食タグが麺,その他,0.66,中心食材タグが弱い,温かい,0.72,明確な温度語なし・既存推定,15〜30分,0.72,既存time列・明確な分数なし,false,0.72,既存knife列・食材推定,true,0.90,加熱調理語: フライパン,true,0.92,フライパン系表現: フライパン,false,0.70,電子レンジ表現なし,pasta,estimated,youtube_api_inferred
XMLtlccLUqc,革命｜味噌×ペペロンチーノ【みそロンチーノ】#shorts,https://www.youtube.com/watch?v=XMLtlccLUqc,ファビオ飯 /イタリア料理人の世界,main_ingredient confidence 0.66,洋食,0.76,"キーワード: パスタ, スパゲッ, ペペロンチーノ",麺,0.95,麺タグまたは麺料理名,麺料理,0.94,主食タグが麺,その他,0.66,中心食材タグが弱い,温かい,0.90,温かい調理語: 茹で,15〜30分,0.72,既存time列・明確な分数なし,false,0.72,既存knife列・食材推定,true,0.90,加熱調理語: 茹で,false,0.56,フライパン表現なし,false,0.70,電子レンジ表現なし,"pasta,garlic",estimated,youtube_api_inferred
cgj2ppzs-TA,【簡単10分】貧乏パスタ｜一気に大盛作るコツ！#shorts,https://www.youtube.com/watch?v=cgj2ppzs-TA,ファビオ飯 /イタリア料理人の世界,main_ingredient confidence 0.66,洋食,0.76,"キーワード: パスタ, スパゲッ, カルボナーラ",麺,0.95,麺タグまたは麺料理名,麺料理,0.94,主食タグが麺,その他,0.66,中心食材タグが弱い,温かい,0.90,"温かい調理語: 焼き, 炒め, 茹で",15分以内,0.95,時間表現: 10分,false,0.72,既存knife列・食材推定,true,0.90,"加熱調理語: 焼き, 炒め, 茹で",true,0.92,"フライパン系表現: フライパン, 炒め, 焼き",false,0.70,電子レンジ表現なし,pasta,estimated,youtube_api_inferred
32u3j47-XiA,【ペペロンチーノ】誰でも1発で乳化できる作り方,https://www.youtube.com/watch?v=32u3j47-XiA,PEPESEN ペペロンチーノ専門チャンネル,main_ingredient confidence 0.66,洋食,0.95,"キーワード: パスタ, スパゲッ, ペペロンチーノ",麺,0.95,麺タグまたは麺料理名,麺料理,0.94,主食タグが麺,その他,0.66,中心食材タグが弱い,温かい,0.72,明確な温度語なし・既存推定,15〜30分,0.72,既存time列・明確な分数なし,false,0.72,既存knife列・食材推定,true,0.70,既存heat列,false,0.56,フライパン表現なし,false,0.70,電子レンジ表現なし,"pasta,garlic",estimated,youtube_api_inferred
gBwB_7avAmo,こんなに旨いのにまだ日本では全く知られてない無名にして最高の【不遇のパスタ】#shorts #リュウジ #レシピ,https://www.youtube.com/watch?v=gBwB_7avAmo,料理研究家リュウジのバズレシピ,main_ingredient confidence 0.66,洋食,0.95,キーワード: パスタ,麺,0.95,麺タグまたは麺料理名,麺料理,0.94,主食タグが麺,その他,0.66,中心食材タグが弱い,温かい,0.90,温かい調理語: 鍋,15〜30分,0.72,既存time列・明確な分数なし,false,0.72,既存knife列・食材推定,true,0.90,"加熱調理語: 鍋, ワンパン",true,0.92,フライパン系表現: ワンパン,true,0.95,電子レンジ表現: レンジ,pasta,estimated,youtube_api_inferred
sij4jBxslfE,ワンパンで和風明太クリームパスタ,https://www.youtube.com/watch?v=sij4jBxslfE,まるみキッチン【簡単レシピ】,main_ingredient confidence 0.66,洋食,0.76,キーワード: パスタ,麺,0.95,麺タグまたは麺料理名,麺料理,0.94,主食タグが麺,その他,0.66,中心食材タグが弱い,温かい,0.72,明確な温度語なし・既存推定,15〜30分,0.72,既存time列・明確な分数なし,false,0.72,既存knife列・食材推定,true,0.90,"加熱調理語: フライパン, ワンパン",true,0.92,"フライパン系表現: フライパン, ワンパン",false,0.70,電子レンジ表現なし,"pasta,mayonnaise,milk",estimated,youtube_api_inferred
XL9rdp6u888,たぶん一番美味しい、しかも簡単、明太子パスタ｜クラシル｜#shorts,https://www.youtube.com/watch?v=XL9rdp6u888,Kurashiru [クラシル],main_ingredient confidence 0.66,洋食,0.95,"キーワード: パスタ, フレンチ",麺,0.95,麺タグまたは麺料理名,麺料理,0.94,主食タグが麺,その他,0.66,中心食材タグが弱い,温かい,0.72,明確な温度語なし・既存推定,15〜30分,0.72,既存time列・明確な分数なし,false,0.72,既存knife列・食材推定,true,0.70,既存heat列,false,0.56,フライパン表現なし,false,0.70,電子レンジ表現なし,pasta,estimated,youtube_api_inferred
wq82wx3zRdo,思い出の喫茶店の味【たらこスパゲッティ】,https://www.youtube.com/watch?v=wq82wx3zRdo,【賛否両論】笠原将弘の料理のほそ道,main_ingredient confidence 0.66,洋食,0.95,"キーワード: パスタ, スパゲッ",麺,0.95,麺タグまたは麺料理名,麺料理,0.94,主食タグが麺,その他,0.66,中心食材タグが弱い,温かい,0.72,明確な温度語なし・既存推定,15〜30分,0.72,既存time列・明確な分数なし,false,0.72,既存knife列・食材推定,true,0.70,既存heat列,false,0.56,フライパン表現なし,false,0.70,電子レンジ表現なし,pasta,estimated,youtube_api_inferred
1RSHrQ-wx6s,【革命的な冷製パスタ】超簡単な冷やし坦々風パスタが美味すぎるので紹介します。 #パスタ #レシピ #簡単レシピ #shorts,https://www.youtube.com/watch?v=1RSHrQ-wx6s,かずき@簡単パスタレシピ,main_ingredient confidence 0.66,洋食,0.95,キーワード: パスタ,麺,0.95,麺タグまたは麺料理名,麺料理,0.94,主食タグが麺,その他,0.66,中心食材タグが弱い,冷たい,0.88,"冷たい料理語: 冷やし, 冷製",15〜30分,0.72,既存time列・明確な分数なし,false,0.72,既存knife列・食材推定,true,0.70,既存heat列,false,0.56,フライパン表現なし,false,0.70,電子レンジ表現なし,pasta,estimated,youtube_api_inferred
sSGwmBNKIDY,マヨで食うパスタがうますぎた。,https://www.youtube.com/watch?v=sSGwmBNKIDY,まるみキッチン【簡単レシピ】,main_ingredient confidence 0.66,洋食,0.76,キーワード: パスタ,麺,0.95,麺タグまたは麺料理名,麺料理,0.94,主食タグが麺,その他,0.66,中心食材タグが弱い,温かい,0.90,温かい調理語: 炒め,15〜30分,0.72,既存time列・明確な分数なし,false,0.72,既存knife列・食材推定,true,0.90,"加熱調理語: 炒め, フライパン, ワンパン",true,0.92,"フライパン系表現: フライパン, ワンパン, 炒め",false,0.70,電子レンジ表現なし,"pasta,garlic,mayonnaise",estimated,youtube_api_inferred
mlYeH4KfaZg,『幸せのパスタ』がフライパン１つでできて世界1旨い件,https://www.youtube.com/watch?v=mlYeH4KfaZg,だれウマ【料理研究家】,main_ingredient confidence 0.66,洋食,0.95,キーワード: パスタ,麺,0.95,麺タグまたは麺料理名,麺料理,0.94,主食タグが麺,その他,0.66,中心食材タグが弱い,温かい,0.72,明確な温度語なし・既存推定,15〜30分,0.72,既存time列・明確な分数なし,false,0.72,既存knife列・食材推定,true,0.90,加熱調理語: フライパン,true,0.92,フライパン系表現: フライパン,false,0.70,電子レンジ表現なし,pasta,estimated,youtube_api_inferred
5h7b6yxUaBs,レンジでできる人生最高に美味しい明太子パスタ,https://www.youtube.com/watch?v=5h7b6yxUaBs,だれウマ【料理研究家】,main_ingredient confidence 0.66,洋食,0.95,キーワード: パスタ,麺,0.95,麺タグまたは麺料理名,麺料理,0.94,主食タグが麺,その他,0.66,中心食材タグが弱い,温かい,0.72,明確な温度語なし・既存推定,15〜30分,0.72,既存time列・明確な分数なし,false,0.72,既存knife列・食材推定,true,0.82,電子レンジ加熱,false,0.76,別調理器具の表現,true,0.95,電子レンジ表現: レンジ,pasta,estimated,youtube_api_inferred
chVVovfcUvY,【ワンパンパスタレシピ10選】別ゆでいらず！フライパン1つで完成♪｜macaroni（マカロニ）,https://www.youtube.com/watch?v=chVVovfcUvY,macaroni | マカロニ,main_ingredient confidence 0.66,韓国,0.76,キーワード: キムチ,麺,0.95,麺タグまたは麺料理名,麺料理,0.94,主食タグが麺,その他,0.66,中心食材タグが弱い,温かい,0.90,温かい調理語: 鍋,15〜30分,0.95,時間表現: 20分,true,0.88,切る工程の表現,true,0.90,"加熱調理語: 鍋, フライパン, ワンパン",true,0.92,"フライパン系表現: フライパン, ワンパン",false,0.70,電子レンジ表現なし,pasta,estimated,youtube_api_inferred
_iAn2wKW_Xw,【最高傑作】ついに人生で一番美味しいカルボナーラが完成したから絶対に見てほしい #リュウジ #料理 #shorts,https://www.youtube.com/watch?v=_iAn2wKW_Xw,料理研究家リュウジのバズレシピ,main_ingredient confidence 0.66,洋食,0.95,キーワード: カルボナーラ,麺,0.95,麺タグまたは麺料理名,麺料理,0.94,主食タグが麺,その他,0.66,中心食材タグが弱い,温かい,0.72,明確な温度語なし・既存推定,15〜30分,0.72,既存time列・明確な分数なし,false,0.72,既存knife列・食材推定,true,0.82,電子レンジ加熱,false,0.76,別調理器具の表現,true,0.95,電子レンジ表現: レンジ,pasta,estimated,youtube_api_inferred
NI0vz0uqVHs,レンジ1発で満腹！和風スープパスタ #簡単レシピ #胃袋泥棒レシピ,https://www.youtube.com/watch?v=NI0vz0uqVHs,maki | 今日の時短レシピ,main_ingredient confidence 0.66,洋食,0.76,キーワード: パスタ,麺,0.95,麺タグまたは麺料理名,麺料理,0.94,主食タグが麺,その他,0.66,中心食材タグが弱い,温かい,0.90,温かい調理語: スープ,15〜30分,0.72,既存time列・明確な分数なし,false,0.72,既存knife列・食材推定,true,0.90,加熱調理語: スープ,false,0.76,別調理器具の表現,true,0.95,電子レンジ表現: レンジ,pasta,estimated,youtube_api_inferred
6Pvu0r-gezg,お皿１つで完璧な味わい！レンジで楽チンペペロンチーノ,https://www.youtube.com/watch?v=6Pvu0r-gezg,ハマごはん【お手軽レシピ】,main_ingredient confidence 0.66,洋食,0.95,"キーワード: パスタ, ペペロンチーノ",麺,0.95,麺タグまたは麺料理名,麺料理,0.94,主食タグが麺,その他,0.66,中心食材タグが弱い,温かい,0.90,温かい調理語: 茹で,15分以内,0.95,時間表現: 7分,false,0.72,既存knife列・食材推定,true,0.90,加熱調理語: 茹で,false,0.76,別調理器具の表現,true,0.95,電子レンジ表現: レンジ,"pasta,garlic,butter",estimated,youtube_api_inferred
-bZKIcKwgRg,あの有名店の絶望的にウマい究極のパスタを再現しました。【絶望のパスタ】#shorts #リュウジ #パスタ,https://www.youtube.com/watch?v=-bZKIcKwgRg,料理研究家リュウジのバズレシピ,main_ingredient confidence 0.66,洋食,0.95,キーワード: パスタ,麺,0.95,麺タグまたは麺料理名,麺料理,0.94,主食タグが麺,その他,0.66,中心食材タグが弱い,温かい,0.72,明確な温度語なし・既存推定,15〜30分,0.72,既存time列・明確な分数なし,false,0.72,既存knife列・食材推定,true,0.82,電子レンジ加熱,false,0.76,別調理器具の表現,true,0.95,電子レンジ表現: レンジ,pasta,estimated,youtube_api_inferred
A_ZBtawoCSI,超さっぱり『冷しゃぶ冷製パスタ』 #簡単レシピ,https://www.youtube.com/watch?v=A_ZBtawoCSI,かずニコ,main_ingredient confidence 0.66,洋食,0.76,キーワード: パスタ,麺,0.95,麺タグまたは麺料理名,麺料理,0.94,主食タグが麺,その他,0.66,中心食材タグが弱い,冷たい,0.72,既存temperature列,15〜30分,0.72,既存time列・明確な分数なし,false,0.72,既存knife列・食材推定,true,0.90,加熱調理語: 茹で,false,0.56,フライパン表現なし,false,0.70,電子レンジ表現なし,"pasta,ginger",estimated,youtube_api_inferred
eN9i4lQDUYI,ワンパンでソーセージペペロンチーノ,https://www.youtube.com/watch?v=eN9i4lQDUYI,まるみキッチン【簡単レシピ】,main_ingredient confidence 0.66,洋食,0.95,"キーワード: パスタ, ペペロンチーノ",麺,0.95,麺タグまたは麺料理名,麺料理,0.94,主食タグが麺,その他,0.66,中心食材タグが弱い,温かい,0.90,温かい調理語: 炒め,15〜30分,0.72,既存time列・明確な分数なし,false,0.72,既存knife列・食材推定,true,0.90,"加熱調理語: 炒め, フライパン, ワンパン",true,0.92,"フライパン系表現: フライパン, ワンパン, 炒め",false,0.70,電子レンジ表現なし,"pasta,garlic,cheese",estimated,youtube_api_inferred
8u87B__il7g,400万再生越え！パスタを美味しく冷凍する方法 #簡単レシピ #料理 #ライフハック #時短レシピ #レシピ #主婦の知恵 #パスタ #パスタレシピ #ぱすた #shorts いい#知ってて得する,https://www.youtube.com/watch?v=8u87B__il7g,冷凍子ママ,main_ingredient confidence 0.66,洋食,0.76,キーワード: パスタ,麺,0.95,麺タグまたは麺料理名,麺料理,0.94,主食タグが麺,その他,0.66,中心食材タグが弱い,温かい,0.72,明確な温度語なし・既存推定,15分以内,0.95,時間表現: 1分,false,0.72,既存knife列・食材推定,true,0.90,"加熱調理語: 茹で, ごはん, 鍋",false,0.76,別調理器具の表現,false,0.70,電子レンジ表現なし,pasta,estimated,youtube_api_inferred
you66Sn4S78,【秘密を解き明かす】ボウルパスタの真骨頂なめらか明太子パスタ【アロマフレスカ・原田慎次】｜クラシル #シェフのレシピ帖,https://www.youtube.com/watch?v=you66Sn4S78,Kurashiru [クラシル],main_ingredient confidence 0.66,洋食,0.95,キーワード: パスタ,麺,0.95,麺タグまたは麺料理名,麺料理,0.94,主食タグが麺,その他,0.66,中心食材タグが弱い,温かい,0.72,明確な温度語なし・既存推定,15〜30分,0.72,既存time列・明確な分数なし,false,0.72,既存knife列・食材推定,true,0.82,電子レンジ加熱,false,0.76,別調理器具の表現,true,0.95,電子レンジ表現: レンジ,pasta,estimated,youtube_api_inferred
GgdS1NeuLqg,【店級のパスタが食べい人必見】激うまボロネーゼ #マッチョ #料理 #元カレ #筋肉番付 #暮らしチャンネル #パスタ #簡単 #cooking #飯テロ,https://www.youtube.com/watch?v=GgdS1NeuLqg,マッチョ元カレごはんがうますぎる,main_ingredient confidence 0.66,洋食,0.95,キーワード: パスタ,麺,0.95,麺タグまたは麺料理名,麺料理,0.94,主食タグが麺,その他,0.66,中心食材タグが弱い,温かい,0.90,温かい調理語: ごはん,15〜30分,0.72,既存time列・明確な分数なし,false,0.72,既存knife列・食材推定,true,0.90,"加熱調理語: ごはん, フライパン",true,0.92,フライパン系表現: フライパン,false,0.70,電子レンジ表現なし,pasta,estimated,youtube_api_inferred
KEjv-2C732I,【茹でて混ぜるだけ】明太子パスタならこれ。 #パスタ,https://www.youtube.com/watch?v=KEjv-2C732I,深夜食堂,main_ingredient confidence 0.66,洋食,0.76,キーワード: パスタ,麺,0.95,麺タグまたは麺料理名,麺料理,0.94,主食タグが麺,その他,0.66,中心食材タグが弱い,温かい,0.90,温かい調理語: 茹で,15〜30分,0.72,既存time列・明確な分数なし,false,0.72,既存knife列・食材推定,true,0.90,加熱調理語: 茹で,false,0.56,フライパン表現なし,false,0.70,電子レンジ表現なし,"pasta,garlic,butter,milk",estimated,youtube_api_inferred
BZUx2H2axQ4,【ミルクパスタ】牛乳で作るクリームパスタの作り方 #料理 #レシピ,https://www.youtube.com/watch?v=BZUx2H2axQ4,をにぎらー,main_ingredient confidence 0.66,洋食,0.95,キーワード: パスタ,麺,0.95,麺タグまたは麺料理名,麺料理,0.94,主食タグが麺,その他,0.66,中心食材タグが弱い,温かい,0.72,明確な温度語なし・既存推定,15〜30分,0.72,既存time列・明確な分数なし,false,0.72,既存knife列・食材推定,true,0.70,既存heat列,false,0.56,フライパン表現なし,false,0.70,電子レンジ表現なし,"pasta,milk",estimated,youtube_api_inferred
4PxTkO2g5ec,元高級ホテル料理人が教える、滑らかぁ〜な明太子パスタの作り方!!,https://www.youtube.com/watch?v=4PxTkO2g5ec,ツナボーイ🐟,main_ingredient confidence 0.66,洋食,0.95,キーワード: パスタ,麺,0.95,麺タグまたは麺料理名,麺料理,0.94,主食タグが麺,その他,0.66,中心食材タグが弱い,温かい,0.90,温かい調理語: 鍋,15〜30分,0.72,既存time列・明確な分数なし,false,0.72,既存knife列・食材推定,true,0.90,"加熱調理語: 鍋, フライパン",true,0.92,フライパン系表現: フライパン,false,0.70,電子レンジ表現なし,pasta,estimated,youtube_api_inferred
KaITLIvBOVM,リュウジとかいうYouTuberより断然旨いペペロンチーノの作り方,https://www.youtube.com/watch?v=KaITLIvBOVM,料理研究家リュウジのバズレシピ,main_ingredient confidence 0.66,洋食,0.95,"キーワード: パスタ, ペペロンチーノ, ステーキ",麺,0.95,麺タグまたは麺料理名,麺料理,0.94,主食タグが麺,その他,0.66,中心食材タグが弱い,温かい,0.90,"温かい調理語: 炒め, 茹で",15分以内,0.95,時間表現: 10分,false,0.72,既存knife列・食材推定,true,0.90,"加熱調理語: 炒め, 茹で, フライパン",true,0.92,"フライパン系表現: フライパン, 炒め",false,0.70,電子レンジ表現なし,pasta,estimated,youtube_api_inferred
LzekfOY-w80,世界最小のパスタ！チュニジア料理をW杯戦の前に喰らい尽くす！【ワールドカップ】,https://www.youtube.com/watch?v=LzekfOY-w80,ひみつ基地。,main_ingredient confidence 0.66,洋食,0.95,キーワード: パスタ,麺,0.95,麺タグまたは麺料理名,麺料理,0.94,主食タグが麺,その他,0.66,中心食材タグが弱い,温かい,0.72,明確な温度語なし・既存推定,15〜30分,0.72,既存time列・明確な分数なし,false,0.72,既存knife列・食材推定,true,0.70,既存heat列,false,0.56,フライパン表現なし,false,0.70,電子レンジ表現なし,pasta,estimated,youtube_api_inferred
1-U-XOMgVQM,某チェーン店さん本当にごめんなさいパスタ#shorts #リュウジ #カプリチョーザ #再現 #レシピ #パスタ #料理,https://www.youtube.com/watch?v=1-U-XOMgVQM,料理研究家リュウジのバズレシピ,main_ingredient confidence 0.66,洋食,0.95,キーワード: パスタ,麺,0.95,麺タグまたは麺料理名,麺料理,0.94,主食タグが麺,その他,0.66,中心食材タグが弱い,温かい,0.90,"温かい調理語: スープ, 鍋",15〜30分,0.72,既存time列・明確な分数なし,false,0.72,既存knife列・食材推定,true,0.90,"加熱調理語: スープ, 鍋, ワンパン",true,0.92,フライパン系表現: ワンパン,true,0.95,電子レンジ表現: レンジ,pasta,estimated,youtube_api_inferred
wP1LHJKZxws,240万回再生された ”松茸の味お吸いもの” だけで味が完璧に決まる悶絶パスタの作り方,https://www.youtube.com/watch?v=wP1LHJKZxws,だれウマ【料理研究家】,main_ingredient confidence 0.66,洋食,0.95,"キーワード: パスタ, ペペロンチーノ",麺,0.95,麺タグまたは麺料理名,麺料理,0.94,主食タグが麺,その他,0.66,中心食材タグが弱い,温かい,0.90,温かい調理語: 鍋,15〜30分,0.72,既存time列・明確な分数なし,false,0.72,既存knife列・食材推定,true,0.90,"加熱調理語: 鍋, フライパン",true,0.92,フライパン系表現: フライパン,false,0.70,電子レンジ表現なし,pasta,estimated,youtube_api_inferred
uCbg_uS9aEU,これ以上のナポリタンを僕は知らない…【至高のナポリタン】『Japanese style pasta Napolitana』,https://www.youtube.com/watch?v=uCbg_uS9aEU,料理研究家リュウジのバズレシピ,main_ingredient confidence 0.66,洋食,0.95,"キーワード: パスタ, ナポリタン",麺,0.95,麺タグまたは麺料理名,麺料理,0.94,主食タグが麺,その他,0.66,中心食材タグが弱い,温かい,0.72,明確な温度語なし・既存推定,15〜30分,0.72,既存time列・明確な分数なし,false,0.72,既存knife列・食材推定,true,0.90,加熱調理語: 煮,false,0.76,別調理器具の表現,true,0.95,電子レンジ表現: レンジ,pasta,estimated,youtube_api_inferred
DgPJ5utYQFM,【10分で完成】簡単すぎる絶品パスタレシピ10選🍝忙しい日の神ごはん！節約×時短×大満足！,https://www.youtube.com/watch?v=DgPJ5utYQFM,macaroni | マカロニ,main_ingredient confidence 0.66,洋食,0.76,"キーワード: パスタ, スパゲッ, カルボナーラ",麺,0.95,麺タグまたは麺料理名,麺料理,0.94,主食タグが麺,その他,0.66,中心食材タグが弱い,温かい,0.90,温かい調理語: ごはん,15分以内,0.95,時間表現: 10分,false,0.72,既存knife列・食材推定,true,0.90,加熱調理語: ごはん,false,0.56,フライパン表現なし,false,0.70,電子レンジ表現なし,pasta,estimated,youtube_api_inferred
nfKgV2XJ_Ic,明日、スーパーから｢パスタ｣が消えます。驚愕のミートソース,https://www.youtube.com/watch?v=nfKgV2XJ_Ic,料理研究家リュウジのバズレシピ,main_ingredient confidence 0.66,洋食,0.95,"キーワード: パスタ, ピザ",麺,0.95,麺タグまたは麺料理名,麺料理,0.94,主食タグが麺,その他,0.66,中心食材タグが弱い,温かい,0.90,"温かい調理語: 炒め, 煮, 茹で",15分以内,0.95,時間表現: 1分,false,0.72,既存knife列・食材推定,true,0.90,"加熱調理語: 炒め, 煮, 茹で",true,0.92,フライパン系表現: 炒め,false,0.70,電子レンジ表現なし,pasta,estimated,youtube_api_inferred
8y10r6Ts0k8,【最高傑作】ついに人生で一番美味しいカルボナーラが完成したから絶対に見てほしい,https://www.youtube.com/watch?v=8y10r6Ts0k8,料理研究家リュウジのバズレシピ,main_ingredient confidence 0.66,洋食,0.95,"キーワード: パスタ, カルボナーラ",麺,0.95,麺タグまたは麺料理名,麺料理,0.94,主食タグが麺,その他,0.66,中心食材タグが弱い,温かい,0.90,温かい調理語: 炒め,15分以内,0.95,時間表現: 7分,false,0.72,既存knife列・食材推定,true,0.90,"加熱調理語: 炒め, 炒め",true,0.92,フライパン系表現: 炒め,true,0.95,電子レンジ表現: レンジ,pasta,estimated,youtube_api_inferred
k5v0xq40lqE,【限界シリーズ】ガチまかないはこれ！包丁不要のマヨ醤油パスタ,https://www.youtube.com/watch?v=k5v0xq40lqE,まかないチャレンジ!,main_ingredient confidence 0.66,洋食,0.76,キーワード: パスタ,麺,0.95,麺タグまたは麺料理名,麺料理,0.94,主食タグが麺,その他,0.66,中心食材タグが弱い,温かい,0.72,明確な温度語なし・既存推定,15分以内,0.95,時間表現: 13分,false,0.95,包丁不要表現,true,0.70,既存heat列,false,0.56,フライパン表現なし,false,0.70,電子レンジ表現なし,"pasta,mayonnaise",estimated,youtube_api_inferred
mvBfj7qSKxM,レンジで大満足パスタの作り方【ミツカン公式】,https://www.youtube.com/watch?v=mvBfj7qSKxM,ミツカン公式チャンネル,main_ingredient confidence 0.66,洋食,0.95,キーワード: パスタ,麺,0.95,麺タグまたは麺料理名,麺料理,0.94,主食タグが麺,その他,0.66,中心食材タグが弱い,温かい,0.90,温かい調理語: 茹で,15分以内,0.95,時間表現: 4分,false,0.95,包丁不要表現,true,0.90,加熱調理語: 茹で,false,0.76,別調理器具の表現,true,0.95,"電子レンジ表現: 電子レンジ, レンジ, レンチン","pasta,garlic",estimated,youtube_api_inferred
GffgVEa7s-o,【400万回再生】もう終わりです。カルボナーラをこの方法で作ったら、もうコレでいいやってなる【 料理レシピ 】,https://www.youtube.com/watch?v=GffgVEa7s-o,Aosトラットリア〜青池のオッティモな食卓,main_ingredient confidence 0.66,洋食,0.95,"キーワード: パスタ, スパゲッ, カルボナーラ",麺,0.95,麺タグまたは麺料理名,麺料理,0.94,主食タグが麺,その他,0.66,中心食材タグが弱い,温かい,0.72,明確な温度語なし・既存推定,15〜30分,0.72,既存time列・明確な分数なし,true,0.88,切る工程の表現,true,0.90,"加熱調理語: 炒め, 茹で, 鍋",true,0.92,"フライパン系表現: フライパン, 炒め",false,0.70,電子レンジ表現なし,pasta,estimated,youtube_api_inferred
X9FkFE1ajtM,簡単パスタレシピ！しらすパスタの作り方 #料理 #パスタ #shorts,https://www.youtube.com/watch?v=X9FkFE1ajtM,Koh Kentetsu Kitchen【料理研究家コウケンテツ公式チャンネル】,main_ingredient confidence 0.66,洋食,0.95,キーワード: パスタ,麺,0.95,麺タグまたは麺料理名,麺料理,0.94,主食タグが麺,その他,0.66,中心食材タグが弱い,温かい,0.72,明確な温度語なし・既存推定,15〜30分,0.72,既存time列・明確な分数なし,false,0.72,既存knife列・食材推定,true,0.70,既存heat列,false,0.56,フライパン表現なし,false,0.70,電子レンジ表現なし,pasta,estimated,youtube_api_inferred
roEkm8hiiuM,衝撃｜ズッキーニのパスタ【ペペロンチーノ】が美味しすぎた…#shorts,https://www.youtube.com/watch?v=roEkm8hiiuM,ファビオ飯 /イタリア料理人の世界,main_ingredient confidence 0.66,洋食,0.95,"キーワード: パスタ, スパゲッ, ペペロンチーノ",麺,0.95,麺タグまたは麺料理名,麺料理,0.94,主食タグが麺,その他,0.66,中心食材タグが弱い,温かい,0.72,明確な温度語なし・既存推定,15〜30分,0.72,既存time列・明確な分数なし,false,0.72,既存knife列・食材推定,true,0.70,既存heat列,false,0.56,フライパン表現なし,false,0.70,電子レンジ表現なし,"pasta,garlic",estimated,youtube_api_inferred
2GI1wP_D_P0,イタリア人シェフに直接教わった｜暗殺者のパスタ【決定版】結局どうなの？おこげパスタ！,https://www.youtube.com/watch?v=2GI1wP_D_P0,ファビオ飯 /イタリア料理人の世界,main_ingredient confidence 0.66,洋食,0.95,"キーワード: パスタ, スパゲッ, ペペロンチーノ",麺,0.95,麺タグまたは麺料理名,麺料理,0.94,主食タグが麺,その他,0.66,中心食材タグが弱い,温かい,0.90,"温かい調理語: 茹で, 鍋",15〜30分,0.72,既存time列・明確な分数なし,false,0.72,既存knife列・食材推定,true,0.90,"加熱調理語: 茹で, 鍋, フライパン",true,0.92,フライパン系表現: フライパン,false,0.70,電子レンジ表現なし,pasta,estimated,youtube_api_inferred
LiWWggxrKgg,プロが教えるナポリタン #ナポリタン #パスタ #スパゲティ #料理人 #レシピ #作り方,https://www.youtube.com/watch?v=LiWWggxrKgg,Chef Ropia料理人の世界,main_ingredient confidence 0.66,洋食,0.95,"キーワード: パスタ, ナポリタン",麺,0.95,麺タグまたは麺料理名,麺料理,0.94,主食タグが麺,その他,0.66,中心食材タグが弱い,温かい,0.72,明確な温度語なし・既存推定,15〜30分,0.72,既存time列・明確な分数なし,false,0.72,既存knife列・食材推定,true,0.70,既存heat列,false,0.56,フライパン表現なし,false,0.70,電子レンジ表現なし,pasta,estimated,youtube_api_inferred
Bkt-nBfdh38,ウインナーとパスタで簡単にできる美味しい料理！ #簡単レシピ #プチ知識 #ずんだもん #料理,https://www.youtube.com/watch?v=Bkt-nBfdh38,ひろか | 誰でもできるライフハック術,main_ingredient confidence 0.66,洋食,0.95,キーワード: パスタ,麺,0.95,麺タグまたは麺料理名,麺料理,0.94,主食タグが麺,その他,0.66,中心食材タグが弱い,温かい,0.72,明確な温度語なし・既存推定,15〜30分,0.72,既存time列・明確な分数なし,false,0.72,既存knife列・食材推定,true,0.70,既存heat列,false,0.56,フライパン表現なし,false,0.70,電子レンジ表現なし,pasta,estimated,youtube_api_inferred
v4AMLnaiqR0,【しらすの旨辛ペペロンチーノ】シェフの即席パスタ#shorts,https://www.youtube.com/watch?v=v4AMLnaiqR0,George ジョージ吉田,main_ingredient confidence 0.66,洋食,0.95,"キーワード: パスタ, ペペロンチーノ",麺,0.95,麺タグまたは麺料理名,麺料理,0.94,主食タグが麺,その他,0.66,中心食材タグが弱い,温かい,0.72,明確な温度語なし・既存推定,15〜30分,0.72,既存time列・明確な分数なし,false,0.72,既存knife列・食材推定,true,0.70,既存heat列,false,0.56,フライパン表現なし,false,0.70,電子レンジ表現なし,pasta,estimated,youtube_api_inferred
4K9oLcspsAY,【100万回人気レシピ！】うま味たっぷりパスタ！お店の味に！和風きのこスパゲティの作り方,https://www.youtube.com/watch?v=4K9oLcspsAY,Koh Kentetsu Kitchen【料理研究家コウケンテツ公式チャンネル】,main_ingredient confidence 0.66,韓国,0.76,"キーワード: 韓国, 韓国風",麺,0.95,麺タグまたは麺料理名,麺料理,0.94,主食タグが麺,その他,0.66,中心食材タグが弱い,温かい,0.90,"温かい調理語: ごはん, 鍋",15〜30分,0.72,既存time列・明確な分数なし,false,0.72,既存knife列・食材推定,true,0.90,"加熱調理語: ごはん, 鍋",false,0.76,別調理器具の表現,false,0.70,電子レンジ表現なし,pasta,estimated,youtube_api_inferred
VqPciWTJXVY,海苔と牛乳の組み合わせ、なしだと思った？ 【海苔クリームパスタ】 #パスタ #海苔 #クリームパスタ #簡単レシピ #料理 #おうちごはん,https://www.youtube.com/watch?v=VqPciWTJXVY,デリッシュキッチン,main_ingredient confidence 0.66,洋食,0.76,キーワード: パスタ,麺,0.95,麺タグまたは麺料理名,麺料理,0.94,主食タグが麺,その他,0.66,中心食材タグが弱い,温かい,0.90,"温かい調理語: 焼き, 煮, ごはん",15分以内,0.95,時間表現: 7分,false,0.72,既存knife列・食材推定,true,0.90,"加熱調理語: 焼き, 煮, ごはん",true,0.92,"フライパン系表現: フライパン, 焼き",false,0.70,電子レンジ表現なし,"pasta,milk",estimated,youtube_api_inferred
wN8XfQ4f-VY,【明太子カルボナーラ】濃厚で美味すぎるパスタが超簡単にできちゃいます。 #パスタ #レシピ #簡単レシピ #shorts,https://www.youtube.com/watch?v=wN8XfQ4f-VY,かずき@簡単パスタレシピ,main_ingredient confidence 0.66,洋食,0.95,"キーワード: パスタ, カルボナーラ",麺,0.95,麺タグまたは麺料理名,麺料理,0.94,主食タグが麺,その他,0.66,中心食材タグが弱い,温かい,0.72,明確な温度語なし・既存推定,15〜30分,0.72,既存time列・明確な分数なし,false,0.72,既存knife列・食材推定,true,0.70,既存heat列,false,0.56,フライパン表現なし,false,0.70,電子レンジ表現なし,pasta,estimated,youtube_api_inferred
bLWwgapILKU,五右衛門風！明太クリームパスタ作ってみた🤤🍝 #料理 #簡単レシピ #パスタ,https://www.youtube.com/watch?v=bLWwgapILKU,Hideka cooking,main_ingredient confidence 0.66,洋食,0.95,キーワード: パスタ,麺,0.95,麺タグまたは麺料理名,麺料理,0.94,主食タグが麺,その他,0.66,中心食材タグが弱い,温かい,0.72,明確な温度語なし・既存推定,15〜30分,0.72,既存time列・明確な分数なし,false,0.72,既存knife列・食材推定,true,0.70,既存heat列,false,0.56,フライパン表現なし,false,0.70,電子レンジ表現なし,pasta,estimated,youtube_api_inferred
jHHTea5D98M,【激ウマ和風パスタ】最高に旨いシンプルな和風パスタを紹介します！ #パスタ #レシピ #簡単レシピ #shorts,https://www.youtube.com/watch?v=jHHTea5D98M,かずき@簡単パスタレシピ,main_ingredient confidence 0.66,洋食,0.76,キーワード: パスタ,麺,0.95,麺タグまたは麺料理名,麺料理,0.94,主食タグが麺,その他,0.66,中心食材タグが弱い,温かい,0.72,明確な温度語なし・既存推定,15〜30分,0.72,既存time列・明確な分数なし,false,0.72,既存knife列・食材推定,true,0.70,既存heat列,false,0.56,フライパン表現なし,false,0.70,電子レンジ表現なし,pasta,estimated,youtube_api_inferred
66nPAvqtNtw,思い立ったらすぐ作れる！ケチャップで簡単コク旨！おうちナポリタンの作り方,https://www.youtube.com/watch?v=66nPAvqtNtw,Koh Kentetsu Kitchen【料理研究家コウケンテツ公式チャンネル】,main_ingredient confidence 0.66,韓国,0.76,"キーワード: 韓国, 韓国風",麺,0.95,麺タグまたは麺料理名,麺料理,0.94,主食タグが麺,その他,0.66,中心食材タグが弱い,温かい,0.72,明確な温度語なし・既存推定,15〜30分,0.72,既存time列・明確な分数なし,false,0.72,既存knife列・食材推定,true,0.90,"加熱調理語: ごはん, 鍋",false,0.76,別調理器具の表現,false,0.70,電子レンジ表現なし,pasta,estimated,youtube_api_inferred
WtYKXdKE0HA,リアル・イカスミパスタ #shorts #pastarecipe,https://www.youtube.com/watch?v=WtYKXdKE0HA,けんた食堂,main_ingredient confidence 0.66,洋食,0.95,キーワード: パスタ,麺,0.95,麺タグまたは麺料理名,麺料理,0.94,主食タグが麺,その他,0.66,中心食材タグが弱い,温かい,0.72,明確な温度語なし・既存推定,15〜30分,0.72,既存time列・明確な分数なし,false,0.72,既存knife列・食材推定,true,0.70,既存heat列,false,0.56,フライパン表現なし,false,0.70,電子レンジ表現なし,pasta,estimated,youtube_api_inferred
HFmJoVKbdkM,スーパーフード舞茸の紹介とパスタのレシピ、その効能と#パスタ #レシピ #pasta,https://www.youtube.com/watch?v=HFmJoVKbdkM,ラク短おうちパスタ@きみさん,main_ingredient confidence 0.66,洋食,0.95,キーワード: パスタ,麺,0.95,麺タグまたは麺料理名,麺料理,0.94,主食タグが麺,その他,0.66,中心食材タグが弱い,温かい,0.72,明確な温度語なし・既存推定,15〜30分,0.72,既存time列・明確な分数なし,false,0.72,既存knife列・食材推定,true,0.70,既存heat列,false,0.56,フライパン表現なし,false,0.70,電子レンジ表現なし,pasta,estimated,youtube_api_inferred
sqwy8_OEfwQ,バジルあったら作ってみて【バジルのパスタ】 #recipe #簡単レシピ #パスタ #料理 #おうちごはん #パスタレシピ #バジル #レシピ #レシピ動画 #shorts,https://www.youtube.com/watch?v=sqwy8_OEfwQ,ゆーりお┃1分で分かる洋食レシピ,main_ingredient confidence 0.66,洋食,0.76,キーワード: パスタ,麺,0.95,麺タグまたは麺料理名,麺料理,0.94,主食タグが麺,その他,0.66,中心食材タグが弱い,温かい,0.90,"温かい調理語: 茹で, ごはん",15分以内,0.95,時間表現: 1分,false,0.72,既存knife列・食材推定,true,0.90,"加熱調理語: 茹で, ごはん",false,0.56,フライパン表現なし,false,0.70,電子レンジ表現なし,"pasta,garlic,cheese",estimated,youtube_api_inferred
rcXWA-lbS5Q,【100万回再生人気レシピ！】お店のパスタに！シンプルだけど最高に美味しい！コウケンテツ渾身のペペロンチーノの作り方,https://www.youtube.com/watch?v=rcXWA-lbS5Q,Koh Kentetsu Kitchen【料理研究家コウケンテツ公式チャンネル】,main_ingredient confidence 0.66,洋食,0.95,"キーワード: パスタ, ペペロンチーノ",麺,0.95,麺タグまたは麺料理名,麺料理,0.94,主食タグが麺,その他,0.66,中心食材タグが弱い,温かい,0.90,温かい調理語: ごはん,15〜30分,0.72,既存time列・明確な分数なし,true,0.88,切る工程の表現,true,0.90,加熱調理語: ごはん,false,0.56,フライパン表現なし,false,0.70,電子レンジ表現なし,pasta,estimated,youtube_api_inferred
c6b_PxkuxsE,フライパンひとつで簡単！ケチャたまパスタ！ フルはチャンネルから！#料理 #おうちごはん #簡単レシピ #料理動画 #食テロ #gofood #パスタ #Shorts,https://www.youtube.com/watch?v=c6b_PxkuxsE,料理にスキル全振りした人,main_ingredient confidence 0.66,洋食,0.76,キーワード: パスタ,麺,0.95,麺タグまたは麺料理名,麺料理,0.94,主食タグが麺,その他,0.66,中心食材タグが弱い,温かい,0.90,温かい調理語: ごはん,15〜30分,0.72,既存time列・明確な分数なし,false,0.72,既存knife列・食材推定,true,0.90,"加熱調理語: ごはん, フライパン",true,0.92,フライパン系表現: フライパン,false,0.70,電子レンジ表現なし,pasta,estimated,youtube_api_inferred
RTWfdp-SFMI,レンジで簡単❗クリームパスタ #shorts,https://www.youtube.com/watch?v=RTWfdp-SFMI,よつばの事情,main_ingredient confidence 0.66,洋食,0.95,"キーワード: パスタ, ピザ",麺,0.95,麺タグまたは麺料理名,麺料理,0.94,主食タグが麺,その他,0.66,中心食材タグが弱い,温かい,0.90,温かい調理語: 茹で,15分以内,0.95,時間表現: 3分,false,0.72,既存knife列・食材推定,true,0.90,加熱調理語: 茹で,false,0.76,別調理器具の表現,true,0.95,"電子レンジ表現: 電子レンジ, レンジ","pasta,cheese,milk",estimated,youtube_api_inferred
AG66nlV4Lio,イタリア親父が効率厨のパスタ料理を見た結果,https://www.youtube.com/watch?v=AG66nlV4Lio,ニヤリハット,main_ingredient confidence 0.66,洋食,0.95,キーワード: パスタ,麺,0.95,麺タグまたは麺料理名,麺料理,0.94,主食タグが麺,その他,0.66,中心食材タグが弱い,温かい,0.72,明確な温度語なし・既存推定,15〜30分,0.72,既存time列・明確な分数なし,false,0.72,既存knife列・食材推定,true,0.70,既存heat列,false,0.56,フライパン表現なし,false,0.70,電子レンジ表現なし,pasta,estimated,youtube_api_inferred
TKclm3XDHA0,喫茶店で食べた思い出の味！笠原流【昭和のナポリタン】,https://www.youtube.com/watch?v=TKclm3XDHA0,【賛否両論】笠原将弘の料理のほそ道,main_ingredient confidence 0.66,洋食,0.76,"キーワード: スパゲッ, ナポリタン",麺,0.95,麺タグまたは麺料理名,麺料理,0.94,主食タグが麺,その他,0.66,中心食材タグが弱い,温かい,0.72,明確な温度語なし・既存推定,15分以内,0.95,時間表現: 1分,true,0.88,切る工程の表現,true,0.90,"加熱調理語: 炒め, 茹で, フライパン",true,0.92,"フライパン系表現: フライパン, 炒め",false,0.70,電子レンジ表現なし,pasta,estimated,youtube_api_inferred
ncdv3oT-krE,【調味料2つ】レンチンパスタ🍝#簡単レシピ #pasta,https://www.youtube.com/watch?v=ncdv3oT-krE,まみ(mami) ラクうまごはん,main_ingredient confidence 0.66,洋食,0.95,キーワード: パスタ,麺,0.95,麺タグまたは麺料理名,麺料理,0.94,主食タグが麺,その他,0.66,中心食材タグが弱い,温かい,0.72,明確な温度語なし・既存推定,15〜30分,0.72,既存time列・明確な分数なし,false,0.72,既存knife列・食材推定,true,0.82,電子レンジ加熱,false,0.56,フライパン表現なし,true,0.95,電子レンジ表現: レンチン,pasta,estimated,youtube_api_inferred
XQpES5L6sbQ,イタリア人に教わったパスタ【カッチョエペペ】#shorts,https://www.youtube.com/watch?v=XQpES5L6sbQ,ファビオ飯 /イタリア料理人の世界,main_ingredient confidence 0.66,洋食,0.95,"キーワード: パスタ, スパゲッ, ペペロンチーノ",麺,0.95,麺タグまたは麺料理名,麺料理,0.94,主食タグが麺,その他,0.66,中心食材タグが弱い,温かい,0.90,温かい調理語: 茹で,15〜30分,0.72,既存time列・明確な分数なし,false,0.72,既存knife列・食材推定,true,0.90,加熱調理語: 茹で,false,0.56,フライパン表現なし,false,0.70,電子レンジ表現なし,"pasta,butter",estimated,youtube_api_inferred
MphLsTnVg78,お店で食べるような［クリームパスタ］をご家庭でも簡単に作れるようにレシピにしてみました。,https://www.youtube.com/watch?v=MphLsTnVg78,食事処さくらの料理教室,main_ingredient confidence 0.66,洋食,0.76,キーワード: パスタ,麺,0.95,麺タグまたは麺料理名,麺料理,0.94,主食タグが麺,その他,0.66,中心食材タグが弱い,温かい,0.90,"温かい調理語: 炒め, 茹で, 鍋",15分以内,0.95,時間表現: 4分,false,0.72,既存knife列・食材推定,true,0.90,"加熱調理語: 炒め, 茹で, 鍋",true,0.92,"フライパン系表現: フライパン, 炒め",false,0.70,電子レンジ表現なし,pasta,estimated,youtube_api_inferred
Nz79UMbUCAo,うめえ！！ボールごとくれ！！と叫ばれるほど旨い、塩が決め手の【至高を越えたスパサラ】#shorts #リュウジ #料理,https://www.youtube.com/watch?v=Nz79UMbUCAo,料理研究家リュウジのバズレシピ,main_ingredient confidence 0.66,洋食,0.82,キーワード: パスタ,麺,0.95,麺タグまたは麺料理名,麺料理,0.94,主食タグが麺,その他,0.66,中心食材タグが弱い,温かい,0.90,温かい調理語: 鍋,15〜30分,0.72,既存time列・明確な分数なし,false,0.72,既存knife列・食材推定,true,0.90,"加熱調理語: 鍋, ワンパン",true,0.92,フライパン系表現: ワンパン,true,0.95,電子レンジ表現: レンジ,pasta,estimated,youtube_api_inferred
SbCdFZAudVg,こんな美味い牡蠣のパスタがあるのかと言われたペペロンチーノのレシピ#shorts,https://www.youtube.com/watch?v=SbCdFZAudVg,George ジョージ吉田,main_ingredient confidence 0.66,洋食,0.95,"キーワード: パスタ, ペペロンチーノ",麺,0.95,麺タグまたは麺料理名,麺料理,0.94,主食タグが麺,その他,0.66,中心食材タグが弱い,温かい,0.72,明確な温度語なし・既存推定,15〜30分,0.72,既存time列・明確な分数なし,false,0.72,既存knife列・食材推定,true,0.70,既存heat列,false,0.56,フライパン表現なし,false,0.70,電子レンジ表現なし,pasta,estimated,youtube_api_inferred
FL1kLYyEtdY,ペペロンチーノの美味しい作り方。#shorts,https://www.youtube.com/watch?v=FL1kLYyEtdY,Ryou【和久井亮平】,main_ingredient confidence 0.66,洋食,0.95,キーワード: ペペロンチーノ,麺,0.95,麺タグまたは麺料理名,麺料理,0.94,主食タグが麺,その他,0.66,中心食材タグが弱い,温かい,0.72,明確な温度語なし・既存推定,15〜30分,0.72,既存time列・明確な分数なし,false,0.72,既存knife列・食材推定,true,0.70,既存heat列,false,0.56,フライパン表現なし,false,0.70,電子レンジ表現なし,pasta,estimated,youtube_api_inferred
sA5ifX0ECEA,和えるだけ和風たらこパスタ⌇パスタの熱で和えるのがおいしさのポイント #料理 #簡単レシピ #管理栄養士 #パスタ #たらこ,https://www.youtube.com/watch?v=sA5ifX0ECEA,管理栄養士ぽなこ,main_ingredient confidence 0.66,洋食,0.76,キーワード: パスタ,麺,0.95,麺タグまたは麺料理名,麺料理,0.94,主食タグが麺,その他,0.66,中心食材タグが弱い,冷たい,0.88,冷たい料理語: 和え,15分以内,0.72,既存time列・明確な分数なし,false,0.72,既存knife列・食材推定,false,0.70,既存heat列,false,0.78,火を使わない既存判定,false,0.70,電子レンジ表現なし,pasta,estimated,youtube_api_inferred
qib1DsXHa4A,過去にこれほど旨い冷凍うどんの食べ方があっただろうか。究極の油うどん,https://www.youtube.com/watch?v=qib1DsXHa4A,料理研究家リュウジのバズレシピ,main_ingredient confidence 0.66,和食,0.95,キーワード: うどん,麺,0.95,麺タグまたは麺料理名,麺料理,0.94,主食タグが麺,その他,0.66,中心食材タグが弱い,温かい,0.72,明確な温度語なし・既存推定,15分以内,0.95,時間表現: 2分,false,0.72,既存knife列・食材推定,true,0.90,加熱調理語: スープ,false,0.76,別調理器具の表現,true,0.95,"電子レンジ表現: レンジ, レンチン",udon,estimated,youtube_api_inferred
rJrqt7on9Cw,【冷やしうどんレシピ10選】暑い日に食べたい！さっぱり簡単うどんアレンジ,https://www.youtube.com/watch?v=rJrqt7on9Cw,macaroni | マカロニ,main_ingredient confidence 0.66,韓国,0.76,キーワード: キムチ,麺,0.95,麺タグまたは麺料理名,麺料理,0.94,主食タグが麺,その他,0.66,中心食材タグが弱い,冷たい,0.72,既存temperature列,15分以内,0.95,時間表現: 10分,false,0.72,既存knife列・食材推定,true,0.90,"加熱調理語: 煮, ごはん",false,0.76,別調理器具の表現,true,0.95,電子レンジ表現: レンジ,udon,estimated,youtube_api_inferred
CGZKcTLBJn0,泣くほど旨い『冷やしぶっかけ肉うどん』,https://www.youtube.com/watch?v=CGZKcTLBJn0,だれウマ【料理研究家】,main_ingredient confidence 0.66,和食,0.95,"キーワード: 醤油, だし, うどん",麺,0.95,麺タグまたは麺料理名,麺料理,0.94,主食タグが麺,その他,0.66,中心食材タグが弱い,冷たい,0.88,"冷たい料理語: 冷やし, サラダ",15分以内,0.72,既存time列・明確な分数なし,false,0.72,既存knife列・食材推定,true,0.90,加熱調理語: フライパン,true,0.92,フライパン系表現: フライパン,false,0.70,電子レンジ表現なし,udon,estimated,youtube_api_inferred
eV-IkFKfqBY,これだけは絶対覚えてた方が良い！やみつき混ぜうどんの作り方！,https://www.youtube.com/watch?v=eV-IkFKfqBY,けんますクッキング,main_ingredient confidence 0.66,和食,0.95,キーワード: うどん,麺,0.95,麺タグまたは麺料理名,麺料理,0.94,主食タグが麺,その他,0.66,中心食材タグが弱い,温かい,0.72,明確な温度語なし・既存推定,15分以内,0.72,既存time列・明確な分数なし,false,0.72,既存knife列・食材推定,true,0.70,既存heat列,false,0.56,フライパン表現なし,false,0.70,電子レンジ表現なし,udon,estimated,youtube_api_inferred
O9Im7jqMRBc,300万回再生された○🐢再現レシピ #shorts,https://www.youtube.com/watch?v=O9Im7jqMRBc,Noa│家族ごはん,main_ingredient confidence 0.66,和食,0.82,"キーワード: だし, うどん",麺,0.95,麺タグまたは麺料理名,麺料理,0.94,主食タグが麺,その他,0.66,中心食材タグが弱い,温かい,0.90,"温かい調理語: ご飯, ごはん",15〜30分,0.72,既存time列・明確な分数なし,false,0.72,既存knife列・食材推定,true,0.90,"加熱調理語: ご飯, ごはん",false,0.56,フライパン表現なし,false,0.70,電子レンジ表現なし,udon,estimated,youtube_api_inferred
erkhdgoEUNg,【㊗️800万回再生‼️】お店が出来ちゃう？とろっとろのカレーうどん ｜クラシル #Shorts,https://www.youtube.com/watch?v=erkhdgoEUNg,Kurashiru [クラシル],main_ingredient confidence 0.66,洋食,0.76,キーワード: カレー,麺,0.95,麺タグまたは麺料理名,麺料理,0.94,主食タグが麺,その他,0.66,中心食材タグが弱い,温かい,0.72,明確な温度語なし・既存推定,15分以内,0.72,既存time列・明確な分数なし,false,0.72,既存knife列・食材推定,true,0.70,既存heat列,false,0.56,フライパン表現なし,false,0.70,電子レンジ表現なし,udon,estimated,youtube_api_inferred
67TYGc6Dd_g,手打ちうどんの作り方 前編【讃岐うどん】,https://www.youtube.com/watch?v=67TYGc6Dd_g,JA香川県公式チャンネル,main_ingredient confidence 0.66,和食,0.95,"キーワード: みそ, だし, うどん",麺,0.95,麺タグまたは麺料理名,麺料理,0.94,主食タグが麺,その他,0.66,中心食材タグが弱い,温かい,0.72,明確な温度語なし・既存推定,15分以内,0.95,時間表現: 15分,true,0.88,切る工程の表現,true,0.90,"加熱調理語: 煮, 揚げ, 鍋",false,0.76,別調理器具の表現,false,0.70,電子レンジ表現なし,udon,estimated,youtube_api_inferred
Yf2g5pcnzMc,すげぇ旨いカレーうどんの作り方簡単ワンパンレシピ！ ライフハック,https://www.youtube.com/watch?v=Yf2g5pcnzMc,ちゃらりんこクック,main_ingredient confidence 0.66,洋食,0.76,キーワード: カレー,麺,0.95,麺タグまたは麺料理名,麺料理,0.94,主食タグが麺,その他,0.66,中心食材タグが弱い,温かい,0.90,"温かい調理語: 煮, スープ, 鍋",15分以内,0.72,既存time列・明確な分数なし,false,0.72,既存knife列・食材推定,true,0.90,"加熱調理語: 煮, スープ, 鍋",true,0.92,フライパン系表現: ワンパン,false,0.70,電子レンジ表現なし,udon,estimated,youtube_api_inferred
EUZ-UeRCkrY,簡単釜玉納豆うどん #簡単レシピ,https://www.youtube.com/watch?v=EUZ-UeRCkrY,ゆい | 誰でもできる簡単痩せレシピ,main_ingredient confidence 0.66,和食,0.95,キーワード: うどん,麺,0.95,麺タグまたは麺料理名,麺料理,0.94,主食タグが麺,その他,0.66,中心食材タグが弱い,温かい,0.72,明確な温度語なし・既存推定,15分以内,0.72,既存time列・明確な分数なし,false,0.72,既存knife列・食材推定,true,0.70,既存heat列,false,0.56,フライパン表現なし,false,0.70,電子レンジ表現なし,udon,estimated,youtube_api_inferred
WwoP1NGb-W0,夫が大絶賛した豆乳坦々うどん #簡単レシピ #料理 #夫婦ごはん,https://www.youtube.com/watch?v=WwoP1NGb-W0,さな〻旦那胃袋つかみメシ🍳,main_ingredient confidence 0.66,和食,0.95,キーワード: うどん,麺,0.95,麺タグまたは麺料理名,麺料理,0.94,主食タグが麺,その他,0.66,中心食材タグが弱い,温かい,0.90,温かい調理語: ごはん,15分以内,0.72,既存time列・明確な分数なし,false,0.72,既存knife列・食材推定,true,0.90,加熱調理語: ごはん,false,0.56,フライパン表現なし,false,0.70,電子レンジ表現なし,udon,estimated,youtube_api_inferred
USJFBFqSLoc,レンジで1発！生クリーム不要のクリームうどん🥹 #shots #おうちごはん,https://www.youtube.com/watch?v=USJFBFqSLoc,まみ(mami) ラクうまごはん,main_ingredient confidence 0.66,韓国,0.76,キーワード: 韓国,麺,0.95,麺タグまたは麺料理名,麺料理,0.94,主食タグが麺,その他,0.66,中心食材タグが弱い,温かい,0.90,温かい調理語: ごはん,15分以内,0.95,時間表現: 5分,false,0.72,既存knife列・食材推定,true,0.90,加熱調理語: ごはん,false,0.76,別調理器具の表現,true,0.95,電子レンジ表現: レンジ,"udon,garlic,butter,mayonnaise,milk",estimated,youtube_api_inferred
bUshNQMBpis,肉うどんの作り方！ガッツリいける！おうちで簡単お店の味☆旨みたっぷり甘辛肉うどんです♪お肉も柔らかで食べ応え抜群！-How to make Meat Noodles-【料理研究家ゆかり】,https://www.youtube.com/watch?v=bUshNQMBpis,料理研究家ゆかりのおうちで簡単レシピ / Yukari's Kitchen,main_ingredient confidence 0.66,洋食,0.76,キーワード: カレー,麺,0.95,麺タグまたは麺料理名,麺料理,0.94,主食タグが麺,その他,0.66,中心食材タグが弱い,温かい,0.90,温かい調理語: 揚げ,15分以内,0.72,既存time列・明確な分数なし,false,0.72,既存knife列・食材推定,true,0.90,加熱調理語: 揚げ,false,0.56,フライパン表現なし,false,0.70,電子レンジ表現なし,udon,estimated,youtube_api_inferred
v3T8egJ6iCk,夏野菜たっぷり！簡単サラダうどん,https://www.youtube.com/watch?v=v3T8egJ6iCk,chii【ちはる姉さん】らくチン美味いごはんとおやつ🥣,main_ingredient confidence 0.66,和食,0.95,キーワード: うどん,麺,0.95,麺タグまたは麺料理名,麺料理,0.94,主食タグが麺,その他,0.66,中心食材タグが弱い,冷たい,0.88,冷たい料理語: サラダ,15分以内,0.72,既存time列・明確な分数なし,false,0.72,既存knife列・食材推定,false,0.70,既存heat列,false,0.78,火を使わない既存判定,false,0.70,電子レンジ表現なし,udon,estimated,youtube_api_inferred
jrVkkUA6Hlk,作業5分で！明太釜玉うどん🥢 #簡単レシピ #胃袋泥棒レシピ,https://www.youtube.com/watch?v=jrVkkUA6Hlk,maki | 今日の時短レシピ,main_ingredient confidence 0.66,和食,0.95,キーワード: うどん,麺,0.95,麺タグまたは麺料理名,麺料理,0.94,主食タグが麺,その他,0.66,中心食材タグが弱い,温かい,0.72,明確な温度語なし・既存推定,15分以内,0.95,時間表現: 5分,false,0.72,既存knife列・食材推定,true,0.70,既存heat列,false,0.56,フライパン表現なし,false,0.70,電子レンジ表現なし,udon,estimated,youtube_api_inferred
-RdCjDJhaAk,仕事終わりでもレンジで簡単に美味しく出来る！カルボうどん🐣 #カルボナーラうどん #冷凍うどん #うどん #簡単レシピ #レンジで簡単,https://www.youtube.com/watch?v=-RdCjDJhaAk,コタキッチンKotaKitchen,main_ingredient confidence 0.66,洋食,0.76,キーワード: カルボナーラ,麺,0.95,麺タグまたは麺料理名,麺料理,0.94,主食タグが麺,その他,0.66,中心食材タグが弱い,温かい,0.72,明確な温度語なし・既存推定,15分以内,0.72,既存time列・明確な分数なし,false,0.72,既存knife列・食材推定,true,0.82,電子レンジ加熱,false,0.76,別調理器具の表現,true,0.95,電子レンジ表現: レンジ,"udon,pasta",estimated,youtube_api_inferred
FapN3xuNc6c,【プロ直伝】 人気うどん屋さんから教わった【手打ちうどん】の作り方を公開します,https://www.youtube.com/watch?v=FapN3xuNc6c,料理人設楽の料理道場,main_ingredient confidence 0.66,和食,0.95,"キーワード: 和食, うどん",麺,0.95,麺タグまたは麺料理名,麺料理,0.94,主食タグが麺,その他,0.66,中心食材タグが弱い,温かい,0.90,"温かい調理語: 茹で, 鍋",15分以内,0.72,既存time列・明確な分数なし,false,0.72,既存knife列・食材推定,true,0.90,"加熱調理語: 茹で, 鍋",false,0.76,別調理器具の表現,false,0.70,電子レンジ表現なし,udon,estimated,youtube_api_inferred
3NJDt9zwPH0,超簡単‼️めんつゆごま油うどんの作り方◥█̆̈◤࿉∥ #うどん #レシピ #時短 #簡単レシピ,https://www.youtube.com/watch?v=3NJDt9zwPH0,ゆりうどん【うどんアイドル®︎】,main_ingredient confidence 0.66,和食,0.95,キーワード: うどん,麺,0.95,麺タグまたは麺料理名,麺料理,0.94,主食タグが麺,その他,0.66,中心食材タグが弱い,温かい,0.72,明確な温度語なし・既存推定,15分以内,0.72,既存time列・明確な分数なし,false,0.72,既存knife列・食材推定,true,0.70,既存heat列,false,0.56,フライパン表現なし,false,0.70,電子レンジ表現なし,udon,estimated,youtube_api_inferred
uaHg1Xo153E,簡単かきたまうどんの作り方 #shorts #簡単レシピ #おうちごはん #うどん #料理 #cooking #japanesefood,https://www.youtube.com/watch?v=uaHg1Xo153E,めしまる【誰でも作れる簡単レシピ】,main_ingredient confidence 0.66,和食,0.95,"キーワード: うどん, japanesefood, おうちごはん",麺,0.95,麺タグまたは麺料理名,麺料理,0.94,主食タグが麺,その他,0.66,中心食材タグが弱い,温かい,0.90,温かい調理語: ごはん,15分以内,0.72,既存time列・明確な分数なし,false,0.72,既存knife列・食材推定,true,0.90,加熱調理語: ごはん,false,0.56,フライパン表現なし,false,0.70,電子レンジ表現なし,udon,estimated,youtube_api_inferred
2VsP5kqjYj0,レンジのみで作れて男子受け抜群。1人ご飯にもちょうどよいからうどんあったらこれやって！#簡単レシピ #時短節約 #節約レシピ #うどんレシピ #とんこつラーメン #youtubeshorts,https://www.youtube.com/watch?v=2VsP5kqjYj0,yuchi,main_ingredient confidence 0.66,中華,0.76,キーワード: ラーメン,麺,0.95,麺タグまたは麺料理名,麺料理,0.94,主食タグが麺,その他,0.66,中心食材タグが弱い,温かい,0.90,温かい調理語: ご飯,15分以内,0.72,既存time列・明確な分数なし,false,0.72,既存knife列・食材推定,true,0.90,加熱調理語: ご飯,false,0.76,別調理器具の表現,true,0.95,電子レンジ表現: レンジ,"udon,ramen",estimated,youtube_api_inferred
q8shUBBb1fA,【プロの簡単レシピ】最高に美味しいうどん出汁！冷凍うどんでも美味しくなる作り方,https://www.youtube.com/watch?v=q8shUBBb1fA,板長チャンネル - Japan's Head chef,main_ingredient confidence 0.66,和食,0.95,"キーワード: だし, 出汁, うどん",麺,0.95,麺タグまたは麺料理名,麺料理,0.94,主食タグが麺,その他,0.66,中心食材タグが弱い,温かい,0.90,温かい調理語: ご飯,15分以内,0.72,既存time列・明確な分数なし,false,0.72,既存knife列・食材推定,true,0.90,加熱調理語: ご飯,false,0.56,フライパン表現なし,false,0.70,電子レンジ表現なし,udon,estimated,youtube_api_inferred
PqEFi1mj0zk,【冷凍うどん】電子レンジだけで作れるズボラかけうどん #簡単レシピ,https://www.youtube.com/watch?v=PqEFi1mj0zk,トールの遊び場,main_ingredient confidence 0.66,和食,0.95,キーワード: うどん,麺,0.95,麺タグまたは麺料理名,麺料理,0.94,主食タグが麺,その他,0.66,中心食材タグが弱い,温かい,0.72,明確な温度語なし・既存推定,15分以内,0.72,既存time列・明確な分数なし,false,0.72,既存knife列・食材推定,true,0.82,電子レンジ加熱,false,0.76,別調理器具の表現,true,0.95,"電子レンジ表現: 電子レンジ, レンジ",udon,estimated,youtube_api_inferred
pjkFBErF5l8,手打ちうどんの作り方 後編【讃岐うどん】,https://www.youtube.com/watch?v=pjkFBErF5l8,JA香川県公式チャンネル,main_ingredient confidence 0.66,和食,0.95,"キーワード: みそ, だし, うどん",麺,0.95,麺タグまたは麺料理名,麺料理,0.94,主食タグが麺,その他,0.66,中心食材タグが弱い,温かい,0.72,明確な温度語なし・既存推定,15分以内,0.95,時間表現: 15分,true,0.88,切る工程の表現,true,0.90,"加熱調理語: 煮, 揚げ, 鍋",false,0.76,別調理器具の表現,false,0.70,電子レンジ表現なし,udon,estimated,youtube_api_inferred
R1RM-BPqMtk,爆速！濃厚！！【ピリ辛胡麻うどん】 #簡単レシピ,https://www.youtube.com/watch?v=R1RM-BPqMtk,maki | 今日の時短レシピ,main_ingredient confidence 0.66,和食,0.95,キーワード: うどん,麺,0.95,麺タグまたは麺料理名,麺料理,0.94,主食タグが麺,その他,0.66,中心食材タグが弱い,温かい,0.72,明確な温度語なし・既存推定,15分以内,0.72,既存time列・明確な分数なし,false,0.72,既存knife列・食材推定,true,0.70,既存heat列,false,0.56,フライパン表現なし,false,0.70,電子レンジ表現なし,udon,estimated,youtube_api_inferred
BXOqmSIBxEI,うどん茹でるな！！驚愕の方法で作るヤバい冷やしうどん #リュウジ #料理 #shorts,https://www.youtube.com/watch?v=BXOqmSIBxEI,料理研究家リュウジのバズレシピ,main_ingredient confidence 0.66,和食,0.95,キーワード: うどん,麺,0.95,麺タグまたは麺料理名,麺料理,0.94,主食タグが麺,その他,0.66,中心食材タグが弱い,冷たい,0.72,既存temperature列,15分以内,0.72,既存time列・明確な分数なし,false,0.72,既存knife列・食材推定,true,0.90,加熱調理語: 茹で,false,0.76,別調理器具の表現,true,0.95,電子レンジ表現: レンジ,udon,estimated,youtube_api_inferred
_uGyrwkUx6Y,小麦粉と水で作る 手打ちうどん,https://www.youtube.com/watch?v=_uGyrwkUx6Y,よつばの事情,main_ingredient confidence 0.66,和食,0.95,キーワード: うどん,麺,0.95,麺タグまたは麺料理名,麺料理,0.94,主食タグが麺,その他,0.66,中心食材タグが弱い,温かい,0.72,明確な温度語なし・既存推定,15分以内,0.95,時間表現: 1分,false,0.72,既存knife列・食材推定,true,0.82,電子レンジ加熱,false,0.76,別調理器具の表現,true,0.95,電子レンジ表現: レンジ,"udon,flour",estimated,youtube_api_inferred
DQuUk2rAdOE,これ公開するかマジ悩んだ。あまりにも罪深いウマさの【必殺ズボラうどん】の作り方#shorts #リュウジ #うどん,https://www.youtube.com/watch?v=DQuUk2rAdOE,料理研究家リュウジのバズレシピ,main_ingredient confidence 0.66,和食,0.95,キーワード: うどん,麺,0.95,麺タグまたは麺料理名,麺料理,0.94,主食タグが麺,その他,0.66,中心食材タグが弱い,温かい,0.72,明確な温度語なし・既存推定,15分以内,0.72,既存time列・明確な分数なし,false,0.72,既存knife列・食材推定,true,0.82,電子レンジ加熱,false,0.76,別調理器具の表現,true,0.95,電子レンジ表現: レンジ,udon,estimated,youtube_api_inferred
yeCNDrByoXM,いや、これは流石に絶賛されろ。お蕎麦屋さんより旨い自信あります。【至高の鍋焼きうどん】#shorts #リュウジ #料理,https://www.youtube.com/watch?v=yeCNDrByoXM,料理研究家リュウジのバズレシピ,main_ingredient confidence 0.66,和食,0.95,"キーワード: うどん, 蕎麦",麺,0.95,麺タグまたは麺料理名,麺料理,0.94,主食タグが麺,その他,0.66,中心食材タグが弱い,温かい,0.90,"温かい調理語: 焼き, 鍋",15分以内,0.72,既存time列・明確な分数なし,false,0.72,既存knife列・食材推定,true,0.90,"加熱調理語: 焼き, 鍋, 焼き",true,0.92,フライパン系表現: 焼き,true,0.95,電子レンジ表現: レンジ,"udon,soba",estimated,youtube_api_inferred
PHA_9YugW0k,いや、これは流石に絶賛されろ。お蕎麦屋さんより旨い自信あります。【至高の鍋焼きうどん】,https://www.youtube.com/watch?v=PHA_9YugW0k,料理研究家リュウジのバズレシピ,main_ingredient confidence 0.66,和食,0.95,"キーワード: 醤油, うどん, 蕎麦",麺,0.95,麺タグまたは麺料理名,麺料理,0.94,主食タグが麺,その他,0.66,中心食材タグが弱い,温かい,0.90,"温かい調理語: 焼き, 煮, 揚げ",15分以内,0.72,既存time列・明確な分数なし,false,0.72,既存knife列・食材推定,true,0.90,"加熱調理語: 焼き, 煮, 揚げ",true,0.92,フライパン系表現: 焼き,true,0.95,電子レンジ表現: レンジ,"udon,soba",estimated,youtube_api_inferred
rG5wM6QoC2k,【手間1分】朝からいける簡単とんこつ風うどんが旨すぎた！#簡単レシピ #冷凍うどん #時短,https://www.youtube.com/watch?v=rG5wM6QoC2k,深夜食堂,main_ingredient confidence 0.66,和食,0.95,キーワード: うどん,麺,0.95,麺タグまたは麺料理名,麺料理,0.94,主食タグが麺,その他,0.66,中心食材タグが弱い,温かい,0.72,明確な温度語なし・既存推定,15分以内,0.95,時間表現: 1分,false,0.72,既存knife列・食材推定,true,0.82,電子レンジ加熱,false,0.76,別調理器具の表現,true,0.95,電子レンジ表現: レンジ,udon,estimated,youtube_api_inferred
Y04Yuhpkeuw,かすうどんを作ろう #shorts,https://www.youtube.com/watch?v=Y04Yuhpkeuw,けんた食堂,main_ingredient confidence 0.66,和食,0.95,キーワード: うどん,麺,0.95,麺タグまたは麺料理名,麺料理,0.94,主食タグが麺,その他,0.66,中心食材タグが弱い,温かい,0.90,"温かい調理語: 焼き, 揚げ",15分以内,0.72,既存time列・明確な分数なし,false,0.72,既存knife列・食材推定,true,0.90,"加熱調理語: 焼き, 揚げ, 焼き",true,0.92,フライパン系表現: 焼き,false,0.70,電子レンジ表現なし,udon,estimated,youtube_api_inferred
cxCRoGvsDOY,レンジで簡単！梅しらすうどん🌸 #簡単レシピ #胃袋泥棒レシピ,https://www.youtube.com/watch?v=cxCRoGvsDOY,maki | 今日の時短レシピ,main_ingredient confidence 0.66,和食,0.95,キーワード: うどん,麺,0.95,麺タグまたは麺料理名,麺料理,0.94,主食タグが麺,その他,0.66,中心食材タグが弱い,温かい,0.72,明確な温度語なし・既存推定,15分以内,0.72,既存time列・明確な分数なし,false,0.72,既存knife列・食材推定,true,0.82,電子レンジ加熱,false,0.76,別調理器具の表現,true,0.95,電子レンジ表現: レンジ,udon,estimated,youtube_api_inferred
UBUYRq9Bx7s,冷凍うどんで作る！笠原流【豆乳担々うどん】,https://www.youtube.com/watch?v=UBUYRq9Bx7s,【賛否両論】笠原将弘の料理のほそ道,main_ingredient confidence 0.66,中華,0.76,キーワード: 担々,麺,0.95,麺タグまたは麺料理名,麺料理,0.94,主食タグが麺,その他,0.66,中心食材タグが弱い,温かい,0.72,明確な温度語なし・既存推定,15分以内,0.72,既存time列・明確な分数なし,false,0.72,既存knife列・食材推定,true,0.70,既存heat列,false,0.56,フライパン表現なし,false,0.70,電子レンジ表現なし,udon,estimated,youtube_api_inferred
QQfu_guh2ao,カレーうどんの美味しい作り方#shorts,https://www.youtube.com/watch?v=QQfu_guh2ao,Ryou【和久井亮平】,main_ingredient confidence 0.66,洋食,0.76,キーワード: カレー,麺,0.95,麺タグまたは麺料理名,麺料理,0.94,主食タグが麺,その他,0.66,中心食材タグが弱い,温かい,0.72,明確な温度語なし・既存推定,15分以内,0.72,既存time列・明確な分数なし,false,0.72,既存knife列・食材推定,true,0.70,既存heat列,false,0.56,フライパン表現なし,false,0.70,電子レンジ表現なし,udon,estimated,youtube_api_inferred
vmM5UbStNYs,1食180円汁なし坦々うどん弁当#shorts#簡単レシピ#節約レシピ,https://www.youtube.com/watch?v=vmM5UbStNYs,ゆみ⌇年150万貯める独身女の冷凍ｽﾄｯｸ,main_ingredient confidence 0.66,和食,0.82,"キーワード: 味噌, しょうゆ, だし",麺,0.95,麺タグまたは麺料理名,麺料理,0.94,主食タグが麺,その他,0.66,中心食材タグが弱い,温かい,0.72,明確な温度語なし・既存推定,15分以内,0.95,時間表現: 2分,false,0.72,既存knife列・食材推定,true,0.90,加熱調理語: フライパン,true,0.92,フライパン系表現: フライパン,true,0.95,"電子レンジ表現: レンジ, レンチン",udon,estimated,youtube_api_inferred
ovf28kJJR6s,絶品！讃岐うどんスープの作り方。いりこ出汁がたまらん！簡単で美味しいレシピ公開。#簡単レシピ #讃岐うどんスープ#shorts,https://www.youtube.com/watch?v=ovf28kJJR6s,はっち 料理サークルちゃお主宰,main_ingredient confidence 0.66,和食,0.95,"キーワード: 出汁, うどん",麺,0.95,麺タグまたは麺料理名,麺料理,0.94,主食タグが麺,その他,0.66,中心食材タグが弱い,温かい,0.90,"温かい調理語: スープ, 鍋",15分以内,0.72,既存time列・明確な分数なし,false,0.72,既存knife列・食材推定,true,0.90,"加熱調理語: スープ, 鍋",false,0.76,別調理器具の表現,false,0.70,電子レンジ表現なし,udon,estimated,youtube_api_inferred
k7dIrpBbubI,【簡単節約】仕事終わりでも作れる冷凍うどんのレシピ📍レシピはコメント欄へ#簡単レシピ #japanesefood,https://www.youtube.com/watch?v=k7dIrpBbubI,まみ(mami) ラクうまごはん,main_ingredient confidence 0.66,和食,0.95,"キーワード: うどん, japanesefood",麺,0.95,麺タグまたは麺料理名,麺料理,0.94,主食タグが麺,その他,0.66,中心食材タグが弱い,温かい,0.72,明確な温度語なし・既存推定,15分以内,0.72,既存time列・明確な分数なし,false,0.72,既存knife列・食材推定,true,0.70,既存heat列,false,0.56,フライパン表現なし,false,0.70,電子レンジ表現なし,udon,estimated,youtube_api_inferred
03D0rn_kR-U,【超簡単】美味しいうどんだしの作り方！ #shorts #簡単レシピ #うどん,https://www.youtube.com/watch?v=03D0rn_kR-U,ビートル萬屋ちゃんねる,main_ingredient confidence 0.66,和食,0.95,"キーワード: だし, うどん",麺,0.95,麺タグまたは麺料理名,麺料理,0.94,主食タグが麺,その他,0.66,中心食材タグが弱い,温かい,0.72,明確な温度語なし・既存推定,15分以内,0.72,既存time列・明確な分数なし,false,0.72,既存knife列・食材推定,true,0.70,既存heat列,false,0.56,フライパン表現なし,false,0.70,電子レンジ表現なし,udon,estimated,youtube_api_inferred
PY8CJt4aZtg,【コスパ◎】5分で完成、麻辣湯うどんレシピ。 #簡単レシピ #麻辣湯 #おうちごはん #節約レシピ #時短レシピ #料理動画,https://www.youtube.com/watch?v=PY8CJt4aZtg,深夜食堂,main_ingredient confidence 0.66,和食,0.95,"キーワード: うどん, おうちごはん",麺,0.95,麺タグまたは麺料理名,麺料理,0.94,主食タグが麺,その他,0.66,中心食材タグが弱い,温かい,0.90,温かい調理語: ごはん,15分以内,0.95,時間表現: 5分,false,0.72,既存knife列・食材推定,true,0.90,加熱調理語: ごはん,false,0.56,フライパン表現なし,false,0.70,電子レンジ表現なし,udon,estimated,youtube_api_inferred
gHqqKlakmSk,【たった100円】金無きゃこれくってろうどん#PR #JOYL,https://www.youtube.com/watch?v=gHqqKlakmSk,料理研究家リュウジのバズレシピ,main_ingredient confidence 0.66,中華,0.76,キーワード: 中華,麺,0.95,麺タグまたは麺料理名,麺料理,0.94,主食タグが麺,その他,0.66,中心食材タグが弱い,温かい,0.90,温かい調理語: 炒め,15分以内,0.95,時間表現: 5分,false,0.72,既存knife列・食材推定,true,0.90,"加熱調理語: 炒め, フライパン, 炒め",true,0.92,"フライパン系表現: フライパン, 炒め",true,0.95,電子レンジ表現: レンジ,udon,estimated,youtube_api_inferred
H8HgegPJbEE,【リピ確】5分で作れる油そば！悪魔的に旨い…#簡単レシピ #冷凍うどん #油そば,https://www.youtube.com/watch?v=H8HgegPJbEE,深夜食堂,main_ingredient confidence 0.66,和食,0.95,"キーワード: うどん, そば",麺,0.95,麺タグまたは麺料理名,麺料理,0.94,主食タグが麺,その他,0.66,中心食材タグが弱い,温かい,0.72,明確な温度語なし・既存推定,15分以内,0.95,時間表現: 5分,false,0.72,既存knife列・食材推定,true,0.70,既存heat列,false,0.56,フライパン表現なし,false,0.70,電子レンジ表現なし,"udon,soba",estimated,youtube_api_inferred
fO3LxlCsccs,簡単絶品レシピ！たらこバターうどん,https://www.youtube.com/watch?v=fO3LxlCsccs,ハマごはん【お手軽レシピ】,main_ingredient confidence 0.66,和食,0.95,"キーワード: だし, うどん",麺,0.95,麺タグまたは麺料理名,麺料理,0.94,主食タグが麺,その他,0.66,中心食材タグが弱い,温かい,0.72,明確な温度語なし・既存推定,15分以内,0.72,既存time列・明確な分数なし,false,0.72,既存knife列・食材推定,true,0.90,加熱調理語: 茹で,false,0.56,フライパン表現なし,false,0.70,電子レンジ表現なし,"udon,butter",estimated,youtube_api_inferred
GkZglARh6ps,絶品カレーうどんの作り方！手軽な材料でうどん屋さんの味！箸が止まらなくなる旨さです！上手に作るコツをご紹介！-How to make Curry Udon-【料理研究家ゆかり】,https://www.youtube.com/watch?v=GkZglARh6ps,料理研究家ゆかりのおうちで簡単レシピ / Yukari's Kitchen,main_ingredient confidence 0.66,洋食,0.76,キーワード: カレー,麺,0.95,麺タグまたは麺料理名,麺料理,0.94,主食タグが麺,その他,0.66,中心食材タグが弱い,温かい,0.90,温かい調理語: 揚げ,15分以内,0.72,既存time列・明確な分数なし,true,0.88,切る工程の表現,true,0.90,加熱調理語: 揚げ,false,0.56,フライパン表現なし,false,0.70,電子レンジ表現なし,udon,estimated,youtube_api_inferred
qP-xaa-CUSI,プチットうどんの便利さをみんなに伝えたい🥺✨#プチットうどん#お弁当作り#お弁当#food#lunch#料理,https://www.youtube.com/watch?v=qP-xaa-CUSI,お弁当の日。,main_ingredient confidence 0.66,和食,0.95,キーワード: うどん,麺,0.95,麺タグまたは麺料理名,麺料理,0.94,主食タグが麺,その他,0.66,中心食材タグが弱い,温かい,0.72,明確な温度語なし・既存推定,15分以内,0.72,既存time列・明確な分数なし,false,0.72,既存knife列・食材推定,true,0.70,既存heat列,false,0.56,フライパン表現なし,false,0.70,電子レンジ表現なし,udon,estimated,youtube_api_inferred
XJSL7TU0fjU,爆速バター醤油うどん#うどん#バター#醤油#料理#shorts,https://www.youtube.com/watch?v=XJSL7TU0fjU,秒ウマ飯l 毎日ごはんをラクに美味しく,main_ingredient confidence 0.66,和食,0.95,"キーワード: 醤油, うどん",麺,0.95,麺タグまたは麺料理名,麺料理,0.94,主食タグが麺,その他,0.66,中心食材タグが弱い,温かい,0.72,明確な温度語なし・既存推定,15分以内,0.72,既存time列・明確な分数なし,false,0.72,既存knife列・食材推定,true,0.82,電子レンジ加熱,false,0.76,別調理器具の表現,true,0.95,電子レンジ表現: レンジ,"udon,butter",estimated,youtube_api_inferred
GIMYieI6bTQ,[町中華]元ラーメン屋が作る坦々うどん#ラーメン#shorts,https://www.youtube.com/watch?v=GIMYieI6bTQ,えびすごはん 料理研究家 えびすまさき,main_ingredient confidence 0.66,中華,0.76,"キーワード: 中華, ラーメン",麺,0.95,麺タグまたは麺料理名,麺料理,0.94,主食タグが麺,その他,0.66,中心食材タグが弱い,温かい,0.72,明確な温度語なし・既存推定,15分以内,0.72,既存time列・明確な分数なし,false,0.72,既存knife列・食材推定,true,0.70,既存heat列,false,0.56,フライパン表現なし,false,0.70,電子レンジ表現なし,"udon,ramen",estimated,youtube_api_inferred
CcExSBD2JWY,断言しますがこれが世界で一番旨いうどんの食べ方です。#shorts #リュウジ #山形 #納豆 #うどん #ひっぱりうどん #レシピ #料理,https://www.youtube.com/watch?v=CcExSBD2JWY,料理研究家リュウジのバズレシピ,main_ingredient confidence 0.66,和食,0.95,"キーワード: 醤油, うどん",麺,0.95,麺タグまたは麺料理名,麺料理,0.94,主食タグが麺,その他,0.66,中心食材タグが弱い,温かい,0.72,明確な温度語なし・既存推定,15〜30分,0.95,時間表現: 30分,false,0.72,既存knife列・食材推定,true,0.90,"加熱調理語: 煮, 茹で",false,0.76,別調理器具の表現,true,0.95,電子レンジ表現: レンジ,udon,estimated,youtube_api_inferred
-p5M9HlVaaw,【プロ直伝】 お家で簡単！本格【手打ちうどん】の作り方 初心者でも失敗しないうどんの打ち方 安い粉でも美味しいうどんが作れます！,https://www.youtube.com/watch?v=-p5M9HlVaaw,料理人設楽の料理道場,main_ingredient confidence 0.66,和食,0.95,"キーワード: 醤油, うどん",麺,0.95,麺タグまたは麺料理名,麺料理,0.94,主食タグが麺,その他,0.66,中心食材タグが弱い,温かい,0.90,温かい調理語: 茹で,15分以内,0.72,既存time列・明確な分数なし,true,0.88,切る工程の表現,true,0.90,"加熱調理語: 茹で, フライパン",true,0.92,フライパン系表現: フライパン,false,0.70,電子レンジ表現なし,udon,estimated,youtube_api_inferred
bCeYSaFAXOA,懐かしの昭和の味！笠原流【焼きうどん】の作り方,https://www.youtube.com/watch?v=bCeYSaFAXOA,【賛否両論】笠原将弘の料理のほそ道,main_ingredient confidence 0.66,和食,0.95,"キーワード: 醤油, うどん",麺,0.95,麺タグまたは麺料理名,麺料理,0.94,主食タグが麺,その他,0.66,中心食材タグが弱い,温かい,0.72,明確な温度語なし・既存推定,15分以内,0.95,時間表現: 1分,true,0.88,切る工程の表現,true,0.90,"加熱調理語: 焼き, 炒め, フライパン",true,0.92,"フライパン系表現: フライパン, 炒め, 焼き",false,0.70,電子レンジ表現なし,udon,estimated,youtube_api_inferred
09SVwnTsD74,〜丸亀超えた明太クリームうどん〜#簡単レシピ #料理 #おうちご飯 #自炊 #shorts,https://www.youtube.com/watch?v=09SVwnTsD74,りょう_ 家族が喜ぶラクうまレシピ,main_ingredient confidence 0.66,和食,0.95,キーワード: うどん,麺,0.95,麺タグまたは麺料理名,麺料理,0.94,主食タグが麺,その他,0.66,中心食材タグが弱い,温かい,0.90,温かい調理語: ご飯,15分以内,0.95,時間表現: 1分,false,0.72,既存knife列・食材推定,true,0.90,"加熱調理語: ご飯, フライパン",true,0.92,フライパン系表現: フライパン,true,0.95,電子レンジ表現: レンチン,"udon,cheese,butter,milk",estimated,youtube_api_inferred
zBdJncNEKGg,スープジャーで冷たいうどん弁当#同棲ご飯 #簡単レシピ #毎日弁当 #同棲弁当,https://www.youtube.com/watch?v=zBdJncNEKGg,ぴちゃん🍚2人暮らしのvlog,main_ingredient confidence 0.66,和食,0.95,キーワード: うどん,麺,0.95,麺タグまたは麺料理名,麺料理,0.94,主食タグが麺,その他,0.66,中心食材タグが弱い,温かい,0.90,"温かい調理語: ご飯, スープ",15分以内,0.72,既存time列・明確な分数なし,false,0.72,既存knife列・食材推定,true,0.90,"加熱調理語: ご飯, スープ",false,0.56,フライパン表現なし,false,0.70,電子レンジ表現なし,udon,estimated,youtube_api_inferred
qJYpaRnwTfk,おいしいうどんの作り方【こむぎ粉くらぶ｜日清製粉グループ】,https://www.youtube.com/watch?v=qJYpaRnwTfk,日清製粉グループ,main_ingredient confidence 0.66,和食,0.95,キーワード: うどん,麺,0.95,麺タグまたは麺料理名,麺料理,0.94,主食タグが麺,その他,0.66,中心食材タグが弱い,温かい,0.72,明確な温度語なし・既存推定,15分以内,0.72,既存time列・明確な分数なし,false,0.72,既存knife列・食材推定,true,0.70,既存heat列,false,0.56,フライパン表現なし,false,0.70,電子レンジ表現なし,udon,estimated,youtube_api_inferred
Bc3ZAs9Zp3k,【永久保存版】3分あればうどん屋さん並みに美味しいうどんつゆが作れます『爆速かけうどん』の作り方,https://www.youtube.com/watch?v=Bc3ZAs9Zp3k,だれウマ【料理研究家】,main_ingredient confidence 0.66,和食,0.82,"キーワード: 和風, 醤油, だし",麺,0.95,麺タグまたは麺料理名,麺料理,0.94,主食タグが麺,その他,0.66,中心食材タグが弱い,温かい,0.90,温かい調理語: 茹で,15分以内,0.95,時間表現: 3分,false,0.72,既存knife列・食材推定,true,0.90,"加熱調理語: 茹で, フライパン",true,0.92,フライパン系表現: フライパン,false,0.70,電子レンジ表現なし,udon,estimated,youtube_api_inferred
ZFpXwg_SKAQ,簡単なのに本格的！冷凍うどんで作る【豆乳担々うどん】,https://www.youtube.com/watch?v=ZFpXwg_SKAQ,【賛否両論】笠原将弘の料理のほそ道,main_ingredient confidence 0.66,中華,0.76,キーワード: 担々,麺,0.95,麺タグまたは麺料理名,麺料理,0.94,主食タグが麺,その他,0.66,中心食材タグが弱い,温かい,0.90,"温かい調理語: 炒め, 煮, 茹で",15分以内,0.72,既存time列・明確な分数なし,true,0.88,切る工程の表現,true,0.90,"加熱調理語: 炒め, 煮, 茹で",true,0.92,"フライパン系表現: フライパン, 炒め",false,0.70,電子レンジ表現なし,udon,estimated,youtube_api_inferred
Jr_9dU9Ybbg,【レシピ】明太クリームうどんの作り方 #簡単レシピ #cooking #料理 #おうちごはん #ランチ #晩御飯,https://www.youtube.com/watch?v=Jr_9dU9Ybbg,YUNA COOK,main_ingredient confidence 0.66,和食,0.95,"キーワード: うどん, おうちごはん",麺,0.95,麺タグまたは麺料理名,麺料理,0.94,主食タグが麺,その他,0.66,中心食材タグが弱い,温かい,0.90,温かい調理語: ごはん,15分以内,0.72,既存time列・明確な分数なし,false,0.72,既存knife列・食材推定,true,0.90,加熱調理語: ごはん,false,0.56,フライパン表現なし,false,0.70,電子レンジ表現なし,udon,estimated,youtube_api_inferred
ChPautrjRxM,ばり美味い冷凍うどんレシピ,https://www.youtube.com/watch?v=ChPautrjRxM,ハシダ,main_ingredient confidence 0.66,和食,0.95,キーワード: うどん,麺,0.95,麺タグまたは麺料理名,麺料理,0.94,主食タグが麺,その他,0.66,中心食材タグが弱い,温かい,0.72,明確な温度語なし・既存推定,15分以内,0.72,既存time列・明確な分数なし,false,0.72,既存knife列・食材推定,true,0.70,既存heat列,false,0.56,フライパン表現なし,false,0.70,電子レンジ表現なし,udon,estimated,youtube_api_inferred
ryZluQ2V2nw,つるとん○ん越えました。生クリームを使わない超濃厚明太クリームうどんの作り方#shorts,https://www.youtube.com/watch?v=ryZluQ2V2nw,料理研究家リュウジのバズレシピ,main_ingredient confidence 0.66,和食,0.95,キーワード: うどん,麺,0.95,麺タグまたは麺料理名,麺料理,0.94,主食タグが麺,その他,0.66,中心食材タグが弱い,温かい,0.72,明確な温度語なし・既存推定,15分以内,0.72,既存time列・明確な分数なし,false,0.72,既存knife列・食材推定,true,0.82,電子レンジ加熱,false,0.76,別調理器具の表現,true,0.95,電子レンジ表現: レンジ,udon,estimated,youtube_api_inferred
OIdMOLqRoAs,【簡単昼食】釜玉バター醤油うどんの作り方 #shorts,https://www.youtube.com/watch?v=OIdMOLqRoAs,デリッシュキッチン,main_ingredient confidence 0.66,和食,0.95,"キーワード: 醤油, しょうゆ, うどん",麺,0.95,麺タグまたは麺料理名,麺料理,0.94,主食タグが麺,その他,0.66,中心食材タグが弱い,温かい,0.90,"温かい調理語: ごはん, 鍋",15分以内,0.72,既存time列・明確な分数なし,true,0.88,切る工程の表現,true,0.90,"加熱調理語: ごはん, 鍋",false,0.76,別調理器具の表現,false,0.70,電子レンジ表現なし,"udon,butter",estimated,youtube_api_inferred
yTjDiaF8iOs,3分でうどん屋さんの『かけうどん』が作れます,https://www.youtube.com/watch?v=yTjDiaF8iOs,だれウマ【料理研究家】,main_ingredient confidence 0.66,和食,0.82,"キーワード: 和風, 醤油, だし",麺,0.95,麺タグまたは麺料理名,麺料理,0.94,主食タグが麺,その他,0.66,中心食材タグが弱い,温かい,0.90,温かい調理語: 茹で,15分以内,0.95,時間表現: 3分,false,0.72,既存knife列・食材推定,true,0.90,"加熱調理語: 茹で, フライパン",true,0.92,フライパン系表現: フライパン,false,0.70,電子レンジ表現なし,udon,estimated,youtube_api_inferred
Ci3Rt_An_NI,出汁パックでつくる！お手軽素うどんのレシピ｜やすまるだし｜簡単｜#shorts,https://www.youtube.com/watch?v=Ci3Rt_An_NI,男子ごはん - Kyoto chill life -,main_ingredient confidence 0.66,和食,0.95,"キーワード: だし, 出汁, うどん",麺,0.95,麺タグまたは麺料理名,麺料理,0.94,主食タグが麺,その他,0.66,中心食材タグが弱い,温かい,0.90,温かい調理語: ごはん,15分以内,0.72,既存time列・明確な分数なし,false,0.72,既存knife列・食材推定,true,0.90,加熱調理語: ごはん,false,0.56,フライパン表現なし,false,0.70,電子レンジ表現なし,udon,estimated,youtube_api_inferred
P4AAXcpLPoY,やみつきになるモチモチ食感！フライドうどん ｜ How To Make Fried Japanese Wheat Noodle,https://www.youtube.com/watch?v=P4AAXcpLPoY,デリッシュキッチン,main_ingredient confidence 0.66,洋食,0.76,キーワード: ピザ,麺,0.95,麺タグまたは麺料理名,麺料理,0.94,主食タグが麺,その他,0.66,中心食材タグが弱い,温かい,0.72,明確な温度語なし・既存推定,15分以内,0.72,既存time列・明確な分数なし,true,0.88,切る工程の表現,true,0.90,"加熱調理語: 煮, 揚げ, フライパン",true,0.92,フライパン系表現: フライパン,true,0.95,電子レンジ表現: レンジ,udon,estimated,youtube_api_inferred
lZL7VJq2Ta4,焼きうどんの作り方！パパッと簡単！冷凍うどんがモッチモチになる方法をご紹介！手軽な調味料だけで、激旨な焼きうどんに仕上がりに。-How to make Fried Udon-【料理研究家ゆかり】,https://www.youtube.com/watch?v=lZL7VJq2Ta4,料理研究家ゆかりのおうちで簡単レシピ / Yukari's Kitchen,main_ingredient confidence 0.66,洋食,0.76,キーワード: カレー,麺,0.95,麺タグまたは麺料理名,麺料理,0.94,主食タグが麺,その他,0.66,中心食材タグが弱い,温かい,0.90,"温かい調理語: 焼き, 揚げ, 蒸し",15分以内,0.72,既存time列・明確な分数なし,true,0.88,切る工程の表現,true,0.90,"加熱調理語: 焼き, 揚げ, 蒸し",true,0.92,フライパン系表現: 焼き,false,0.70,電子レンジ表現なし,udon,estimated,youtube_api_inferred
6NAIxSK6fqE,【味噌煮込みうどん】濃い味がやみつき！自宅で簡単な名古屋名物の作り方！！,https://www.youtube.com/watch?v=6NAIxSK6fqE,オリーブオイルをひとまわし / オリひと,main_ingredient confidence 0.66,和食,0.95,"キーワード: 味噌, うどん",麺,0.95,麺タグまたは麺料理名,麺料理,0.94,主食タグが麺,その他,0.66,中心食材タグが弱い,温かい,0.90,"温かい調理語: 煮, 鍋",15分以内,0.72,既存time列・明確な分数なし,false,0.72,既存knife列・食材推定,true,0.90,"加熱調理語: 煮, 鍋",false,0.76,別調理器具の表現,false,0.70,電子レンジ表現なし,udon,estimated,youtube_api_inferred
humfL17sX2k,うどんの美味しい作り方。,https://www.youtube.com/watch?v=humfL17sX2k,Ryou【和久井亮平】,main_ingredient confidence 0.66,和食,0.95,キーワード: うどん,麺,0.95,麺タグまたは麺料理名,麺料理,0.94,主食タグが麺,その他,0.66,中心食材タグが弱い,温かい,0.72,明確な温度語なし・既存推定,15分以内,0.72,既存time列・明確な分数なし,false,0.72,既存knife列・食材推定,true,0.70,既存heat列,false,0.56,フライパン表現なし,false,0.70,電子レンジ表現なし,udon,estimated,youtube_api_inferred
DtGB2W5_UUs,ふわトロかき玉うどん(レシピはコメント欄🪄),https://www.youtube.com/watch?v=DtGB2W5_UUs,ふみ⌇工場勤務旦那の胃袋掴む楽うまごはん,main_ingredient confidence 0.66,和食,0.95,キーワード: うどん,麺,0.95,麺タグまたは麺料理名,麺料理,0.94,主食タグが麺,その他,0.66,中心食材タグが弱い,温かい,0.72,明確な温度語なし・既存推定,15分以内,0.72,既存time列・明確な分数なし,false,0.72,既存knife列・食材推定,true,0.70,既存heat列,false,0.56,フライパン表現なし,false,0.70,電子レンジ表現なし,udon,estimated,youtube_api_inferred
mVLS1yfV_qI,これ以外のうどんのことを忘れてしまうほどウマいです。肉うどんの価値観が変わる【至高の肉うどん】,https://www.youtube.com/watch?v=mVLS1yfV_qI,料理研究家リュウジのバズレシピ,main_ingredient confidence 0.66,和食,0.95,"キーワード: 醤油, だし, うどん",麺,0.95,麺タグまたは麺料理名,麺料理,0.94,主食タグが麺,その他,0.66,中心食材タグが弱い,温かい,0.72,明確な温度語なし・既存推定,15分以内,0.72,既存time列・明確な分数なし,false,0.72,既存knife列・食材推定,true,0.82,電子レンジ加熱,false,0.76,別調理器具の表現,true,0.95,電子レンジ表現: レンジ,udon,estimated,youtube_api_inferred
pEC8VZrDbgE,年明けうどんに！牛すきうどん #簡単レシピ #胃袋泥棒レシピ,https://www.youtube.com/watch?v=pEC8VZrDbgE,maki | 今日の時短レシピ,main_ingredient confidence 0.66,和食,0.95,キーワード: うどん,麺,0.95,麺タグまたは麺料理名,麺料理,0.94,主食タグが麺,その他,0.66,中心食材タグが弱い,温かい,0.72,明確な温度語なし・既存推定,15分以内,0.72,既存time列・明確な分数なし,false,0.72,既存knife列・食材推定,true,0.70,既存heat列,false,0.56,フライパン表現なし,false,0.70,電子レンジ表現なし,udon,estimated,youtube_api_inferred
ATy5cPML-W8,これはすげぇえ！！火も包丁も使わない激旨焼きうどんの作り方 簡単レシピ ライフハック 裏ワザ,https://www.youtube.com/watch?v=ATy5cPML-W8,ちゃらりんこクック,main_ingredient confidence 0.66,和食,0.95,"キーワード: うどん, おうちごはん",麺,0.95,麺タグまたは麺料理名,麺料理,0.94,主食タグが麺,その他,0.66,中心食材タグが弱い,温かい,0.90,"温かい調理語: 焼き, ごはん",15分以内,0.72,既存time列・明確な分数なし,false,0.72,既存knife列・食材推定,true,0.90,"加熱調理語: 焼き, ごはん, 焼き",true,0.92,フライパン系表現: 焼き,true,0.95,"電子レンジ表現: 電子レンジ, レンジ",udon,estimated,youtube_api_inferred
uGTJWZuvfdQ,［レンチン旨辛ビビンうどん］#うどん#ビビンうどん#レンチンレシピ#簡単レシピ#料理#自炊#高校生#うどんレシピ#旨辛レシピ#韓国料理#韓国風,https://www.youtube.com/watch?v=uGTJWZuvfdQ,kurea,main_ingredient confidence 0.66,韓国,0.76,"キーワード: 韓国, 韓国風",麺,0.95,麺タグまたは麺料理名,麺料理,0.94,主食タグが麺,その他,0.66,中心食材タグが弱い,温かい,0.72,明確な温度語なし・既存推定,15分以内,0.72,既存time列・明確な分数なし,false,0.72,既存knife列・食材推定,true,0.82,電子レンジ加熱,false,0.56,フライパン表現なし,true,0.95,電子レンジ表現: レンチン,udon,estimated,youtube_api_inferred
8gSGVRIypVo,これやばい…タレが最高の太らない鶏胸焼鳥丼！#鶏胸肉 #簡単レシピ #料理 #short,https://www.youtube.com/watch?v=8gSGVRIypVo,鶏むねマッスル,main_ingredient confidence 0.66,和食,0.95,"キーワード: 丼, 醤油, 焼き鳥",ご飯,0.92,米タグまたはご飯料理名,丼,0.94,丼・のっけご飯表現,その他,0.66,中心食材タグが弱い,温かい,0.92,ご飯・パン系は原則温かい,15分以内,0.95,時間表現: 3分,false,0.72,既存knife列・食材推定,true,0.90,"加熱調理語: 焼き, 焼く, 丼",true,0.92,"フライパン系表現: フライパン, ワンパン, 焼き",true,0.95,電子レンジ表現: レンジ,rice,estimated,youtube_api_inferred
_7rtEu2HGJE,確実に1番美味しい豚丼の作り方。正直お店超えてます。,https://www.youtube.com/watch?v=_7rtEu2HGJE,だれウマ【料理研究家】,main_ingredient confidence 0.66,和食,0.95,"キーワード: 豚丼, 丼",ご飯,0.92,米タグまたはご飯料理名,丼,0.94,丼・のっけご飯表現,その他,0.66,中心食材タグが弱い,温かい,0.92,ご飯・パン系は原則温かい,15分以内,0.72,既存time列・明確な分数なし,false,0.72,既存knife列・食材推定,true,0.90,加熱調理語: 丼,false,0.56,フライパン表現なし,false,0.70,電子レンジ表現なし,rice,estimated,youtube_api_inferred
WhNtDLLD06c,肉汁に溺れるガチで1番美味しい鶏胸肉の食べ方,https://www.youtube.com/watch?v=WhNtDLLD06c,だれウマ【料理研究家】,dish_shape confidence 0.58; main_ingredient confidence 0.66,洋食,0.76,キーワード: ステーキ,その他,0.82,主食タグなし,その他,0.58,形の判定材料が少ない,その他,0.66,中心食材タグが弱い,温かい,0.72,明確な温度語なし・既存推定,15〜30分,0.72,既存time列・明確な分数なし,false,0.72,既存knife列・食材推定,true,0.70,既存heat列,false,0.56,フライパン表現なし,false,0.70,電子レンジ表現なし,"garlic,butter",estimated,youtube_api_inferred
GSSfceTqtYo,夫の大好物！ガーリックステーキライス☺️🧄 #簡単レシピ #おうちごはん #自炊 #cooking,https://www.youtube.com/watch?v=GSSfceTqtYo,Hideka cooking,main_ingredient confidence 0.66,洋食,0.76,キーワード: ステーキ,ご飯,0.92,米タグまたはご飯料理名,丼以外のご飯もの,0.72,米タグあり・丼表現なし,その他,0.66,中心食材タグが弱い,温かい,0.92,ご飯・パン系は原則温かい,15〜30分,0.72,既存time列・明確な分数なし,false,0.72,既存knife列・食材推定,true,0.90,加熱調理語: ごはん,false,0.56,フライパン表現なし,false,0.70,電子レンジ表現なし,"rice,garlic",estimated,youtube_api_inferred
NoR0aLxT3WI,元高級ホテル料理人が教える、最高峰しょうが焼きの作り方!!,https://www.youtube.com/watch?v=NoR0aLxT3WI,ツナボーイ🐟,main_ingredient confidence 0.66,洋食,0.76,キーワード: パスタ,麺,0.95,麺タグまたは麺料理名,麺料理,0.94,主食タグが麺,その他,0.66,中心食材タグが弱い,温かい,0.90,温かい調理語: 焼き,15〜30分,0.72,既存time列・明確な分数なし,false,0.72,既存knife列・食材推定,true,0.90,"加熱調理語: 焼き, フライパン, 焼き",true,0.92,"フライパン系表現: フライパン, 焼き",false,0.70,電子レンジ表現なし,ginger,estimated,youtube_api_inferred
hH5K-E1VgbQ,へとへとでも作れる ワンパンひとくちチーズカツ,https://www.youtube.com/watch?v=hH5K-E1VgbQ,なな⌇家族の心を満たす愛情レシピ,genre confidence 0.45; dish_shape confidence 0.58; main_ingredient confidence 0.66,その他,0.45,ジャンル判定に使える語が少ない,その他,0.82,主食タグなし,その他,0.58,形の判定材料が少ない,その他,0.66,中心食材タグが弱い,温かい,0.72,明確な温度語なし・既存推定,15〜30分,0.72,既存time列・明確な分数なし,false,0.72,既存knife列・食材推定,true,0.90,加熱調理語: ワンパン,true,0.92,フライパン系表現: ワンパン,false,0.70,電子レンジ表現なし,cheese,estimated,youtube_api_inferred
M89ptk-alYw,仕事終わり30分で作る2人暮らしの夜ごはん✨牛マヨカルビつくね編 #簡単レシピ #自炊料理 #料理 #自炊 #2人暮らし,https://www.youtube.com/watch?v=M89ptk-alYw,Hanaの暮らし,genre confidence 0.45; main_ingredient confidence 0.66,その他,0.45,ジャンル判定に使える語が少ない,ご飯,0.92,米タグまたはご飯料理名,丼以外のご飯もの,0.72,米タグあり・丼表現なし,その他,0.66,中心食材タグが弱い,温かい,0.90,温かい調理語: ごはん,15〜30分,0.95,時間表現: 30分,false,0.72,既存knife列・食材推定,true,0.90,加熱調理語: ごはん,false,0.56,フライパン表現なし,false,0.70,電子レンジ表現なし,mayonnaise,estimated,youtube_api_inferred
gtL6xWQUa-M,まるで高級ステーキ？元高級ホテル料理人が教える、最高のエリンギバターの作り方‼︎,https://www.youtube.com/watch?v=gtL6xWQUa-M,ツナボーイ🐟,main_ingredient confidence 0.66,洋食,0.95,"キーワード: パスタ, ステーキ",麺,0.95,麺タグまたは麺料理名,麺料理,0.94,主食タグが麺,その他,0.66,中心食材タグが弱い,温かい,0.72,明確な温度語なし・既存推定,15〜30分,0.72,既存time列・明確な分数なし,false,0.72,既存knife列・食材推定,true,0.90,加熱調理語: フライパン,true,0.92,フライパン系表現: フライパン,false,0.70,電子レンジ表現なし,butter,estimated,youtube_api_inferred
1H1wNPQhnEg,【鶏の唐揚げ】10分漬け込むだけ☆ごはんもお酒もススムやみつきレシピ,https://www.youtube.com/watch?v=1H1wNPQhnEg,しばのごはん食堂,main_ingredient confidence 0.66,和食,0.95,"キーワード: しょうゆ, 唐揚げ",ご飯,0.92,米タグまたはご飯料理名,丼以外のご飯もの,0.72,米タグあり・丼表現なし,その他,0.66,中心食材タグが弱い,温かい,0.90,"温かい調理語: 揚げ, ごはん",15分以内,0.95,時間表現: 10分,true,0.88,切る工程の表現,true,0.90,"加熱調理語: 揚げ, ごはん, フライパン",true,0.92,フライパン系表現: フライパン,false,0.70,電子レンジ表現なし,"ginger,garlic",estimated,youtube_api_inferred
V7qgdCf1kuY,＼秒でやみつき！最強オクラ／ #副菜レシピ#簡単レシピ#時短レシピ#火を使わない#秒でやみつき#無限オクラ,https://www.youtube.com/watch?v=V7qgdCf1kuY,けい | 10分で作れる、やさしい副菜,main_ingredient confidence 0.66,和食,0.82,キーワード: しょうゆ,ご飯,0.92,米タグまたはご飯料理名,丼以外のご飯もの,0.72,米タグあり・丼表現なし,その他,0.66,中心食材タグが弱い,温かい,0.72,明確な温度語なし・既存推定,15分以内,0.95,時間表現: 1分,false,0.72,既存knife列・食材推定,false,0.95,火を使わない表現,false,0.56,フライパン表現なし,true,0.95,電子レンジ表現: レンチン,garlic,estimated,youtube_api_inferred
xnS6Q5hWaos,味付け簡単‼️めんつゆで親子丼 #簡単レシピ #まいにちごはん #料理 #おうちごはん #グルメ好き #料理動画 #今日の晩ごはん #おつまみ #アウトドアグルメ #時短レシピ,https://www.youtube.com/watch?v=xnS6Q5hWaos,精肉非公式,main_ingredient confidence 0.66,和食,0.95,"キーワード: 親子丼, 丼, おうちごはん",ご飯,0.92,米タグまたはご飯料理名,丼,0.94,丼・のっけご飯表現,その他,0.66,中心食材タグが弱い,温かい,0.92,ご飯・パン系は原則温かい,15分以内,0.72,既存time列・明確な分数なし,false,0.72,既存knife列・食材推定,true,0.90,"加熱調理語: 丼, ごはん",false,0.56,フライパン表現なし,false,0.70,電子レンジ表現なし,rice,estimated,youtube_api_inferred
pxgNTZOvXFk,【簡単ビビンバ丼】の作り方 #おうちごはん #料理 #レシピ #cookingchannel #cooking,https://www.youtube.com/watch?v=pxgNTZOvXFk,「まおごはん」,main_ingredient confidence 0.66,韓国,0.76,"キーワード: ビビンバ, コチュジャン",ご飯,0.92,米タグまたはご飯料理名,丼,0.94,丼・のっけご飯表現,その他,0.66,中心食材タグが弱い,温かい,0.92,ご飯・パン系は原則温かい,15分以内,0.95,時間表現: 3分,true,0.88,切る工程の表現,true,0.90,"加熱調理語: 炒め, 丼, ご飯",true,0.92,"フライパン系表現: フライパン, 炒め",true,0.95,電子レンジ表現: レンジ,rice,estimated,youtube_api_inferred
zQFSuqleZF4,簡単にできる食パン絶品レシピ！ #ずんだもん #簡単レシピ #料理,https://www.youtube.com/watch?v=zQFSuqleZF4,ひろか | 誰でもできるライフハック術,main_ingredient confidence 0.66,その他,0.72,食材はあるがジャンル語がないためその他,パン,0.93,パンタグまたはパン料理名,パン料理,0.92,主食タグがパン,その他,0.66,中心食材タグが弱い,温かい,0.92,ご飯・パン系は原則温かい,15〜30分,0.72,既存time列・明確な分数なし,false,0.72,既存knife列・食材推定,true,0.70,既存heat列,false,0.56,フライパン表現なし,false,0.70,電子レンジ表現なし,bread,estimated,youtube_api_inferred
6PxAXplr1y4,サクサクちくわ｜10分で簡単！衣サクサクで止まらないおつまみおかず【料理研究家ゆかり】#ちくわレシピ #簡単レシピ #shorts,https://www.youtube.com/watch?v=6PxAXplr1y4,料理研究家ゆかりのおうちで簡単レシピ / Yukari's Kitchen,main_ingredient confidence 0.66,和食,0.82,キーワード: おうちごはん,ご飯,0.92,米タグまたはご飯料理名,丼以外のご飯もの,0.72,米タグあり・丼表現なし,その他,0.66,中心食材タグが弱い,温かい,0.90,"温かい調理語: 揚げ, ごはん, スープ",15分以内,0.95,時間表現: 10分,false,0.72,既存knife列・食材推定,true,0.90,"加熱調理語: 揚げ, ごはん, スープ",false,0.56,フライパン表現なし,false,0.70,電子レンジ表現なし,"mayonnaise,flour",estimated,youtube_api_inferred
H6w92_xUHWI,シェフのガーリックレシピがやばい…。 #shorts,https://www.youtube.com/watch?v=H6w92_xUHWI,ひみつ基地。,genre confidence 0.45; dish_shape confidence 0.58; main_ingredient confidence 0.66,その他,0.45,ジャンル判定に使える語が少ない,その他,0.82,主食タグなし,その他,0.58,形の判定材料が少ない,その他,0.66,中心食材タグが弱い,温かい,0.72,明確な温度語なし・既存推定,15〜30分,0.72,既存time列・明確な分数なし,false,0.72,既存knife列・食材推定,true,0.70,既存heat列,false,0.56,フライパン表現なし,false,0.70,電子レンジ表現なし,garlic,estimated,youtube_api_inferred
mZSH2scbCUA,【一人暮らしご飯】簡単料理~カレーライス~,https://www.youtube.com/watch?v=mZSH2scbCUA,かふぃの日常,main_ingredient confidence 0.66,洋食,0.95,キーワード: カレー,ご飯,0.92,米タグまたはご飯料理名,丼以外のご飯もの,0.90,丼以外の米料理名,その他,0.66,中心食材タグが弱い,温かい,0.92,ご飯・パン系は原則温かい,15〜30分,0.72,既存time列・明確な分数なし,false,0.72,既存knife列・食材推定,true,0.90,加熱調理語: ご飯,false,0.56,フライパン表現なし,false,0.70,電子レンジ表現なし,rice,estimated,youtube_api_inferred
jmJ-JhjwL_M,#自炊 #レシピ #レシピ動画 #レンチンレシピ #うどん #一人暮らし #簡単レシピ,https://www.youtube.com/watch?v=jmJ-JhjwL_M,あんこちゃん_レンジdeごはん,main_ingredient confidence 0.66,和食,0.95,キーワード: うどん,麺,0.95,麺タグまたは麺料理名,麺料理,0.94,主食タグが麺,その他,0.66,中心食材タグが弱い,温かい,0.72,明確な温度語なし・既存推定,15分以内,0.72,既存time列・明確な分数なし,false,0.72,既存knife列・食材推定,true,0.82,電子レンジ加熱,false,0.56,フライパン表現なし,true,0.95,電子レンジ表現: レンチン,udon,estimated,youtube_api_inferred
oZ58bvmIfwU,とうもろこし冷やしラーメン🌽 #節約レシピ #cooking #時短節約 #一人暮らしごはん #japanesefood #暮らしチャンネル #ramen #簡単レシピ #とうもろこしラーメン,https://www.youtube.com/watch?v=oZ58bvmIfwU,しゅう | 22時からつくる節約レシピ,main_ingredient confidence 0.66,中華,0.76,キーワード: ラーメン,麺,0.95,麺タグまたは麺料理名,麺料理,0.94,主食タグが麺,その他,0.66,中心食材タグが弱い,温かい,0.72,明確な温度語なし・既存推定,15〜30分,0.72,既存time列・明確な分数なし,false,0.72,既存knife列・食材推定,true,0.90,加熱調理語: ごはん,false,0.56,フライパン表現なし,false,0.70,電子レンジ表現なし,ramen,estimated,youtube_api_inferred
o-BOhQlr7TM,とろ旨カルボナーラうどん🍳 #簡単レシピ#節約レシピ#カルボナーラ#ワンパン#一人暮らしレシピ#うどん #cooking #時短節約 →レシピ詳細はInstagramへ🍳,https://www.youtube.com/watch?v=o-BOhQlr7TM,しゅう | 22時からつくる節約レシピ,main_ingredient confidence 0.66,洋食,0.76,キーワード: カルボナーラ,麺,0.95,麺タグまたは麺料理名,麺料理,0.94,主食タグが麺,その他,0.66,中心食材タグが弱い,温かい,0.72,明確な温度語なし・既存推定,15分以内,0.72,既存time列・明確な分数なし,false,0.72,既存knife列・食材推定,true,0.90,加熱調理語: ワンパン,true,0.92,フライパン系表現: ワンパン,false,0.70,電子レンジ表現なし,"udon,pasta",estimated,youtube_api_inferred
tqQcxg5GUb0,スタミナ韓国風まぜ油蕎麦#shorts #料理#レシピ#蕎麦#自炊#一人暮らし,https://www.youtube.com/watch?v=tqQcxg5GUb0,雄飯【せまキッチン食堂】,main_ingredient confidence 0.66,韓国,0.76,"キーワード: 韓国, 韓国風",麺,0.95,麺タグまたは麺料理名,麺料理,0.94,主食タグが麺,その他,0.66,中心食材タグが弱い,温かい,0.72,明確な温度語なし・既存推定,15〜30分,0.72,既存time列・明確な分数なし,false,0.72,既存knife列・食材推定,true,0.70,既存heat列,false,0.56,フライパン表現なし,false,0.70,電子レンジ表現なし,soba,estimated,youtube_api_inferred
Z49InvAzWPY,辛ラーメン肉味噌カルボナーラ🍜#一人暮らしごはん #cooking #簡単レシピ #料理#辛ラーメン #辛ラーメンアレンジ #shinramen #신라면,https://www.youtube.com/watch?v=Z49InvAzWPY,しゅう | 22時からつくる節約レシピ,main_ingredient confidence 0.66,中華,0.76,キーワード: ラーメン,麺,0.95,麺タグまたは麺料理名,麺料理,0.94,主食タグが麺,その他,0.66,中心食材タグが弱い,温かい,0.90,温かい調理語: ごはん,15〜30分,0.72,既存time列・明確な分数なし,false,0.72,既存knife列・食材推定,true,0.90,加熱調理語: ごはん,false,0.76,別調理器具の表現,true,0.95,電子レンジ表現: レンジ,"ramen,pasta",estimated,youtube_api_inferred
jqOi8ZLr1JE,濃厚坦々辛そうめん🍜#節約レシピ #時短節約 #一人暮らしごはん #cooking #料理 #暮らしチャンネル #担々麺#汁なし担々麺,https://www.youtube.com/watch?v=jqOi8ZLr1JE,しゅう | 22時からつくる節約レシピ,main_ingredient confidence 0.66,中華,0.95,キーワード: 担々,麺,0.95,麺タグまたは麺料理名,麺料理,0.94,主食タグが麺,その他,0.66,中心食材タグが弱い,温かい,0.90,温かい調理語: ごはん,15〜30分,0.72,既存time列・明確な分数なし,false,0.72,既存knife列・食材推定,true,0.90,加熱調理語: ごはん,false,0.56,フライパン表現なし,false,0.70,電子レンジ表現なし,"noodles,somen",estimated,youtube_api_inferred
mPnfzjy0Q6c,海苔とろろ肉素麺🍜 #cooking #時短節約 #一人暮らしごはん #料理 #簡単レシピ #とろろ #そうめんレシピ,https://www.youtube.com/watch?v=mPnfzjy0Q6c,しゅう | 22時からつくる節約レシピ,main_ingredient confidence 0.66,その他,0.72,食材はあるがジャンル語がないためその他,麺,0.95,麺タグまたは麺料理名,麺料理,0.94,主食タグが麺,その他,0.66,中心食材タグが弱い,温かい,0.90,温かい調理語: ごはん,15〜30分,0.72,既存time列・明確な分数なし,false,0.72,既存knife列・食材推定,true,0.90,加熱調理語: ごはん,false,0.56,フライパン表現なし,false,0.70,電子レンジ表現なし,somen,estimated,youtube_api_inferred
VmjKUNZO-bg,【14日/100日】パスタって一人暮らしの味方だよね✨炊飯器はボタンひとつでできて簡単だし空いた時間を有効活用できるからいいよね#一人暮らし#料理,https://www.youtube.com/watch?v=VmjKUNZO-bg,しょーるーむ🌙(shoroom),main_ingredient confidence 0.66,洋食,0.76,キーワード: パスタ,麺,0.95,麺タグまたは麺料理名,麺料理,0.94,主食タグが麺,その他,0.66,中心食材タグが弱い,温かい,0.72,明確な温度語なし・既存推定,15〜30分,0.72,既存time列・明確な分数なし,false,0.72,既存knife列・食材推定,true,0.70,既存heat列,false,0.56,フライパン表現なし,false,0.70,電子レンジ表現なし,pasta,estimated,youtube_api_inferred
oz7_NQ_OU2Y,包まないワンタンスープ #スープレシピ #簡単レシピ #一人暮らしレシピ #アラフォー独身女子,https://www.youtube.com/watch?v=oz7_NQ_OU2Y,のあ【40代独身オタクのレンチンパスタ】,main_ingredient confidence 0.66,その他,0.72,食材はあるがジャンル語がないためその他,麺,0.95,麺タグまたは麺料理名,麺料理,0.94,主食タグが麺,その他,0.66,中心食材タグが弱い,温かい,0.90,温かい調理語: スープ,15〜30分,0.72,既存time列・明確な分数なし,false,0.72,既存knife列・食材推定,true,0.90,加熱調理語: スープ,false,0.56,フライパン表現なし,false,0.70,電子レンジ表現なし,rice_noodles,estimated,youtube_api_inferred
LBdoJN4S0eM,一人暮らし男が作る無限ペペロンチーノ！？ #イタリア料理 #ペペロンチーノ #一人暮らし #男子 #siramekitchen,https://www.youtube.com/watch?v=LBdoJN4S0eM,sirame シラミー,main_ingredient confidence 0.66,洋食,0.76,キーワード: ペペロンチーノ,麺,0.95,麺タグまたは麺料理名,麺料理,0.94,主食タグが麺,その他,0.66,中心食材タグが弱い,冷たい,0.88,冷たい料理語: サラダ,15分以内,0.95,時間表現: 15分,false,0.72,既存knife列・食材推定,true,0.70,既存heat列,false,0.56,フライパン表現なし,false,0.70,電子レンジ表現なし,pasta,estimated,youtube_api_inferred
ZAUWNHj36IQ,ミートソースパスタ🍝 #節約レシピ #パスタ #時短節約 #一人暮らしごはん #cooking #料理 #暮らしチャンネル #簡単レシピ #ミートソース,https://www.youtube.com/watch?v=ZAUWNHj36IQ,しゅう | 22時からつくる節約レシピ,main_ingredient confidence 0.66,洋食,0.95,キーワード: パスタ,麺,0.95,麺タグまたは麺料理名,麺料理,0.94,主食タグが麺,その他,0.66,中心食材タグが弱い,温かい,0.90,温かい調理語: ごはん,15〜30分,0.72,既存time列・明確な分数なし,false,0.72,既存knife列・食材推定,true,0.90,加熱調理語: ごはん,false,0.56,フライパン表現なし,false,0.70,電子レンジ表現なし,pasta,estimated,youtube_api_inferred
nAr2LEW44Rc,【そば】おうちで簡単！美味しいつゆで温かいそばの作り方レシピ！,https://www.youtube.com/watch?v=nAr2LEW44Rc,Myマイごはん,main_ingredient confidence 0.66,和食,0.95,"キーワード: しょうゆ, だし, そば",麺,0.95,麺タグまたは麺料理名,麺料理,0.94,主食タグが麺,その他,0.66,中心食材タグが弱い,温かい,0.90,温かい調理語: ごはん,15分以内,0.72,既存time列・明確な分数なし,false,0.72,既存knife列・食材推定,true,0.90,加熱調理語: ごはん,false,0.56,フライパン表現なし,false,0.70,電子レンジ表現なし,soba,estimated,youtube_api_inferred
8fL8XD7kZUo,【みんな大好き】白身フライのチーズ焼き #一人暮らし #自炊 #料理 #asmr,https://www.youtube.com/watch?v=8fL8XD7kZUo,やまねこ太郎,genre confidence 0.45; dish_shape confidence 0.58; main_ingredient confidence 0.66,その他,0.45,ジャンル判定に使える語が少ない,その他,0.82,主食タグなし,その他,0.58,形の判定材料が少ない,その他,0.66,中心食材タグが弱い,温かい,0.90,温かい調理語: 焼き,15〜30分,0.72,既存time列・明確な分数なし,false,0.72,既存knife列・食材推定,true,0.90,"加熱調理語: 焼き, 焼き",true,0.92,フライパン系表現: 焼き,false,0.70,電子レンジ表現なし,cheese,estimated,youtube_api_inferred
K5IbRMlsXME,絶望パスタ #リメイク料理 #絶望 #パスタレシピ #スパゲティ #pastarecipes #一人暮らし #自炊 #晩酌 #料理動画,https://www.youtube.com/watch?v=K5IbRMlsXME,疲れた疲れた,main_ingredient confidence 0.66,洋食,0.95,キーワード: パスタ,麺,0.95,麺タグまたは麺料理名,麺料理,0.94,主食タグが麺,その他,0.66,中心食材タグが弱い,温かい,0.72,明確な温度語なし・既存推定,15〜30分,0.72,既存time列・明確な分数なし,false,0.72,既存knife列・食材推定,true,0.70,既存heat列,false,0.56,フライパン表現なし,false,0.70,電子レンジ表現なし,pasta,estimated,youtube_api_inferred
De6RbVIotLw,秋に食べたい【きのこクリームパスタ】 #簡単レシピ,https://www.youtube.com/watch?v=De6RbVIotLw,maki | 今日の時短レシピ,main_ingredient confidence 0.66,洋食,0.95,キーワード: パスタ,麺,0.95,麺タグまたは麺料理名,麺料理,0.94,主食タグが麺,その他,0.66,中心食材タグが弱い,温かい,0.72,明確な温度語なし・既存推定,15〜30分,0.72,既存time列・明確な分数なし,false,0.72,既存knife列・食材推定,true,0.70,既存heat列,false,0.56,フライパン表現なし,false,0.70,電子レンジ表現なし,pasta,estimated,youtube_api_inferred
YF3faff2zis,チーズカツ大量生産#時短レシピ #ライフハック #shorts,https://www.youtube.com/watch?v=YF3faff2zis,ねこの手かりたい,genre confidence 0.45; dish_shape confidence 0.58; main_ingredient confidence 0.66,その他,0.45,ジャンル判定に使える語が少ない,その他,0.82,主食タグなし,その他,0.58,形の判定材料が少ない,その他,0.66,中心食材タグが弱い,温かい,0.72,明確な温度語なし・既存推定,15〜30分,0.72,既存time列・明確な分数なし,false,0.72,既存knife列・食材推定,true,0.70,既存heat列,false,0.56,フライパン表現なし,false,0.70,電子レンジ表現なし,cheese,estimated,youtube_api_inferred
IQt6v7asmKM,懐かしい給食の味！【中華風春雨サラダ】#ズボラレシピ #簡単レシピ #料理 #春雨サラダ,https://www.youtube.com/watch?v=IQt6v7asmKM,まんま夫婦 ズボラのための時短レシピ,main_ingredient confidence 0.66,中華,0.76,キーワード: 中華,麺,0.95,麺タグまたは麺料理名,麺料理,0.94,主食タグが麺,その他,0.66,中心食材タグが弱い,冷たい,0.72,既存temperature列,15分以内,0.95,時間表現: 10分,true,0.88,切る工程の表現,true,0.90,加熱調理語: ごはん,false,0.78,火を使わない既存判定,true,0.95,電子レンジ表現: レンチン,harusame,estimated,youtube_api_inferred
Zs54y_yowxE,【時短料理】ワンパンレシピ激うま『カルボナーラ』を紹介！！#ワンパンパスタ #時短レシピ #カルボナーラ #せりちゃん食堂,https://www.youtube.com/watch?v=Zs54y_yowxE,芹沢尚哉のせりちゃん食堂,main_ingredient confidence 0.66,洋食,0.95,"キーワード: パスタ, カルボナーラ",麺,0.95,麺タグまたは麺料理名,麺料理,0.94,主食タグが麺,その他,0.66,中心食材タグが弱い,温かい,0.90,"温かい調理語: 炒め, 茹で",15分以内,0.95,時間表現: 3分,false,0.72,既存knife列・食材推定,true,0.90,"加熱調理語: 炒め, 茹で, フライパン",true,0.92,"フライパン系表現: フライパン, ワンパン, 炒め",false,0.70,電子レンジ表現なし,pasta,estimated,youtube_api_inferred
zY8uBv7HZnc,レンジで90秒！腸活チョコパン #簡単レシピ #無添加 #時短レシピ #腸活 #米粉パン,https://www.youtube.com/watch?v=zY8uBv7HZnc,むに ⌇ 共働き夫婦のゆる無添加🌿,main_ingredient confidence 0.66,和食,0.82,キーワード: だし,パン,0.93,パンタグまたはパン料理名,パン料理,0.92,主食タグがパン,その他,0.66,中心食材タグが弱い,温かい,0.92,ご飯・パン系は原則温かい,15分以内,0.95,時間表現: 1分,false,0.72,既存knife列・食材推定,true,0.82,電子レンジ加熱,false,0.76,別調理器具の表現,true,0.95,"電子レンジ表現: レンジ, レンチン",rice,estimated,youtube_api_inferred
T7-qw1DUkpk,マジ快便！！梅ながし！！ #料理 #レシピ #ラーメン#時短 #簡単レシピ #時短レシピ#ダイエット,https://www.youtube.com/watch?v=T7-qw1DUkpk,えびすごはん お家ラーメン研究家・料理研究家 えびすまさき,main_ingredient confidence 0.66,中華,0.95,キーワード: ラーメン,麺,0.95,麺タグまたは麺料理名,麺料理,0.94,主食タグが麺,その他,0.66,中心食材タグが弱い,温かい,0.72,明確な温度語なし・既存推定,15〜30分,0.72,既存time列・明確な分数なし,false,0.72,既存knife列・食材推定,true,0.70,既存heat列,false,0.56,フライパン表現なし,false,0.70,電子レンジ表現なし,ramen,estimated,youtube_api_inferred
xq08Pu_GQFc,【管理栄養士の15分ラクうま料理】ワンパン濃厚ボロネーゼ#時短節約#簡単レシピ#夜ご飯#今日の晩ごはん#パスタ#ワンパン,https://www.youtube.com/watch?v=xq08Pu_GQFc,あやの食卓,main_ingredient confidence 0.66,洋食,0.95,キーワード: パスタ,麺,0.95,麺タグまたは麺料理名,麺料理,0.94,主食タグが麺,その他,0.66,中心食材タグが弱い,温かい,0.90,"温かい調理語: ご飯, ごはん",15分以内,0.95,時間表現: 15分,false,0.72,既存knife列・食材推定,true,0.90,"加熱調理語: ご飯, ごはん, ワンパン",true,0.92,フライパン系表現: ワンパン,false,0.70,電子レンジ表現なし,pasta,estimated,youtube_api_inferred
qRVXS8I1iuY,もちもちせいろ蒸し辛ラーメン🌶️ #cooking #時短節約 #料理 #今日の晩ごはん #一人暮らしごはん #food #辛ラーメン #辛ラーメンアレンジ,https://www.youtube.com/watch?v=qRVXS8I1iuY,しゅう | 22時からつくる節約レシピ,main_ingredient confidence 0.66,中華,0.95,キーワード: ラーメン,麺,0.95,麺タグまたは麺料理名,麺料理,0.94,主食タグが麺,その他,0.66,中心食材タグが弱い,温かい,0.90,"温かい調理語: 蒸し, ごはん",15〜30分,0.72,既存time列・明確な分数なし,false,0.72,既存knife列・食材推定,true,0.90,"加熱調理語: 蒸し, ごはん",false,0.76,別調理器具の表現,true,0.95,電子レンジ表現: レンジ,ramen,estimated,youtube_api_inferred
URM94uYKbqk,\煮込まない/チャーシュー✨ #チャーシュー #レンチン #時短 #簡単レシピ #晩ご飯,https://www.youtube.com/watch?v=URM94uYKbqk,しぃ ┊ 頑張れない日のレシピ,main_ingredient confidence 0.66,和食,0.82,キーワード: 醤油,ご飯,0.92,米タグまたはご飯料理名,丼以外のご飯もの,0.72,米タグあり・丼表現なし,その他,0.66,中心食材タグが弱い,温かい,0.90,"温かい調理語: 煮, ご飯",15分以内,0.95,時間表現: 4分,false,0.72,既存knife列・食材推定,true,0.90,"加熱調理語: 煮, ご飯",false,0.76,別調理器具の表現,true,0.95,"電子レンジ表現: レンジ, レンチン",garlic,estimated,youtube_api_inferred
Xb9BDaB5mQM,レンジで２分！沼るライスペーパー麺 #簡単レシピ #時短レシピ #無添加 #グルテンフリー #ライスペーパー,https://www.youtube.com/watch?v=Xb9BDaB5mQM,むに ⌇ 共働き夫婦のゆる無添加🌿,main_ingredient confidence 0.66,その他,0.72,食材はあるがジャンル語がないためその他,麺,0.95,麺タグまたは麺料理名,麺料理,0.94,主食タグが麺,その他,0.66,中心食材タグが弱い,温かい,0.92,ご飯・パン系は原則温かい,15分以内,0.95,時間表現: 2分,true,0.88,切る工程の表現,true,0.90,加熱調理語: スープ,false,0.76,別調理器具の表現,true,0.95,"電子レンジ表現: レンジ, レンチン",rice,estimated,youtube_api_inferred
w4SQW1gOE4A,元祖台湾ラーメン再現！！#時短#ラーメン#簡単レシピ#時短レシピ#レシピ#時短料理,https://www.youtube.com/watch?v=w4SQW1gOE4A,えびすごはん お家ラーメン研究家・料理研究家 えびすまさき,main_ingredient confidence 0.66,中華,0.95,キーワード: ラーメン,麺,0.95,麺タグまたは麺料理名,麺料理,0.94,主食タグが麺,その他,0.66,中心食材タグが弱い,温かい,0.72,明確な温度語なし・既存推定,15〜30分,0.72,既存time列・明確な分数なし,false,0.72,既存knife列・食材推定,true,0.70,既存heat列,false,0.56,フライパン表現なし,false,0.70,電子レンジ表現なし,ramen,estimated,youtube_api_inferred
evUKCtQOaIU,【残念】簡単失敗焼きそばアレンジレシピ #料理 #料理初心者 #自炊 #一人暮らし #food #社会人 #マルちゃん,https://www.youtube.com/watch?v=evUKCtQOaIU,つるみ / 適当料理,main_ingredient confidence 0.66,中華,0.76,キーワード: 焼きそば,麺,0.95,麺タグまたは麺料理名,麺料理,0.94,主食タグが麺,その他,0.66,中心食材タグが弱い,温かい,0.90,温かい調理語: 焼き,15分以内,0.72,既存time列・明確な分数なし,false,0.72,既存knife列・食材推定,true,0.90,"加熱調理語: 焼き, 焼き",true,0.92,フライパン系表現: 焼き,true,0.95,電子レンジ表現: レンジ,"soba,noodles",estimated,youtube_api_inferred
cXaDFB2zI-0,＼ストックで爆速／肉団子パスタ🍝 #レンジレシピ #簡単レシピ #一人暮らしレシピ #パスタレシピ #レンチンレシピ #ズボラレシピ #高タンパク質メニュー,https://www.youtube.com/watch?v=cXaDFB2zI-0,のあ【40代独身オタクのレンチンパスタ】,main_ingredient confidence 0.66,洋食,0.95,キーワード: パスタ,麺,0.95,麺タグまたは麺料理名,麺料理,0.94,主食タグが麺,その他,0.66,中心食材タグが弱い,温かい,0.72,明確な温度語なし・既存推定,15〜30分,0.72,既存time列・明確な分数なし,false,0.72,既存knife列・食材推定,true,0.82,電子レンジ加熱,false,0.76,別調理器具の表現,true,0.95,"電子レンジ表現: レンジ, レンチン",pasta,estimated,youtube_api_inferred
qi8eQwTIwOw,米粉のチヂミ #混ぜて焼くだけ #米粉レシピ #簡単レシピ #一人暮らし料理 #shrots,https://www.youtube.com/watch?v=qi8eQwTIwOw,米粉タイムズ,main_ingredient confidence 0.66,韓国,0.76,キーワード: コチュジャン,ご飯,0.92,米タグまたはご飯料理名,丼以外のご飯もの,0.72,米タグあり・丼表現なし,その他,0.66,中心食材タグが弱い,温かい,0.92,ご飯・パン系は原則温かい,15分以内,0.95,時間表現: 3分,true,0.88,切る工程の表現,true,0.90,"加熱調理語: 焼く, フライパン, 焼く",true,0.92,"フライパン系表現: フライパン, 焼く, 焼くだけ",false,0.70,電子レンジ表現なし,rice,estimated,youtube_api_inferred
UyV8fqtVyds,夏のスタミナやきそば🍜 #節約レシピ #cooking #時短節約 #一人暮らしごはん #暮らしチャンネル #料理 #やきそば #スタミナ料理,https://www.youtube.com/watch?v=UyV8fqtVyds,しゅう | 22時からつくる節約レシピ,main_ingredient confidence 0.66,和食,0.95,キーワード: そば,麺,0.95,麺タグまたは麺料理名,麺料理,0.94,主食タグが麺,その他,0.66,中心食材タグが弱い,温かい,0.90,温かい調理語: ごはん,15分以内,0.72,既存time列・明確な分数なし,false,0.72,既存knife列・食材推定,true,0.90,加熱調理語: ごはん,false,0.56,フライパン表現なし,false,0.70,電子レンジ表現なし,soba,estimated,youtube_api_inferred
spbvhl6XenM,＼ズボラの救世主／しゃけマヨパスタ🍝 #レンジレシピ #簡単レシピ #一人暮らしレシピ #パスタレシピ #レンチンレシピ #ズボラレシピ #高タンパク質メニュー,https://www.youtube.com/watch?v=spbvhl6XenM,のあ【40代独身オタクのレンチンパスタ】,main_ingredient confidence 0.66,洋食,0.95,キーワード: パスタ,麺,0.95,麺タグまたは麺料理名,麺料理,0.94,主食タグが麺,その他,0.66,中心食材タグが弱い,温かい,0.72,明確な温度語なし・既存推定,15〜30分,0.72,既存time列・明確な分数なし,false,0.72,既存knife列・食材推定,true,0.82,電子レンジ加熱,false,0.76,別調理器具の表現,true,0.95,"電子レンジ表現: レンジ, レンチン","pasta,mayonnaise",estimated,youtube_api_inferred
39zXcnTebfw,＼ズボラの救世主／楽ちんサラダパスタ🍝 #レンジレシピ #簡単レシピ #一人暮らしレシピ #パスタレシピ #レンチンレシピ #ズボラレシピ #高タンパク質メニュー,https://www.youtube.com/watch?v=39zXcnTebfw,のあ【40代独身オタクのレンチンパスタ】,main_ingredient confidence 0.66,洋食,0.95,キーワード: パスタ,麺,0.95,麺タグまたは麺料理名,麺料理,0.94,主食タグが麺,その他,0.66,中心食材タグが弱い,冷たい,0.88,冷たい料理語: サラダ,15分以内,0.72,既存time列・明確な分数なし,false,0.72,既存knife列・食材推定,true,0.82,電子レンジ加熱,false,0.76,別調理器具の表現,true,0.95,"電子レンジ表現: レンジ, レンチン",pasta,estimated,youtube_api_inferred
6GPyMQI7HuQ,チーズタッカルビ風うどん🍜 #節約レシピ #時短節約 #一人暮らしごはん #cooking #暮らしチャンネル #料理#うどん #韓国料理#チーズタッカルビ,https://www.youtube.com/watch?v=6GPyMQI7HuQ,しゅう | 22時からつくる節約レシピ,main_ingredient confidence 0.66,韓国,0.76,キーワード: 韓国,麺,0.95,麺タグまたは麺料理名,麺料理,0.94,主食タグが麺,その他,0.66,中心食材タグが弱い,温かい,0.90,温かい調理語: ごはん,15分以内,0.72,既存time列・明確な分数なし,false,0.72,既存knife列・食材推定,true,0.90,加熱調理語: ごはん,false,0.56,フライパン表現なし,false,0.70,電子レンジ表現なし,"udon,cheese",estimated,youtube_api_inferred
bRyakmWngmk,お吸い物パスタ🍝 #レンジレシピ #高タンパクレシピ #簡単レシピ #一人暮らしレシピ #パスタレシピ,https://www.youtube.com/watch?v=bRyakmWngmk,のあ【40代独身オタクのレンチンパスタ】,main_ingredient confidence 0.66,洋食,0.95,キーワード: パスタ,麺,0.95,麺タグまたは麺料理名,麺料理,0.94,主食タグが麺,その他,0.66,中心食材タグが弱い,温かい,0.72,明確な温度語なし・既存推定,15〜30分,0.72,既存time列・明確な分数なし,false,0.72,既存knife列・食材推定,true,0.82,電子レンジ加熱,false,0.76,別調理器具の表現,true,0.95,電子レンジ表現: レンジ,pasta,estimated,youtube_api_inferred
NBkmAeQoN-A,塩ラーメンを汁無しラーメンにアレンジ！ダイエットは明日から、、😶 #ブラック企業 #料理 #cooking #塩ラーメン #レンチンレシピ,https://www.youtube.com/watch?v=NBkmAeQoN-A,ななOL簡単ご飯,main_ingredient confidence 0.66,中華,0.95,キーワード: ラーメン,麺,0.95,麺タグまたは麺料理名,麺料理,0.94,主食タグが麺,その他,0.66,中心食材タグが弱い,温かい,0.72,明確な温度語なし・既存推定,15〜30分,0.72,既存time列・明確な分数なし,false,0.72,既存knife列・食材推定,true,0.82,電子レンジ加熱,false,0.76,別調理器具の表現,true,0.95,"電子レンジ表現: レンジ, レンチン",ramen,estimated,youtube_api_inferred
iRaEWaP-Utk,明太シーフードパスタ🍝 #レンジレシピ #高タンパクレシピ #簡単レシピ #一人暮らしレシピ #パスタレシピ,https://www.youtube.com/watch?v=iRaEWaP-Utk,のあ【40代独身オタクのレンチンパスタ】,main_ingredient confidence 0.66,洋食,0.95,キーワード: パスタ,麺,0.95,麺タグまたは麺料理名,麺料理,0.94,主食タグが麺,その他,0.66,中心食材タグが弱い,温かい,0.72,明確な温度語なし・既存推定,15〜30分,0.72,既存time列・明確な分数なし,false,0.72,既存knife列・食材推定,true,0.82,電子レンジ加熱,false,0.76,別調理器具の表現,true,0.95,電子レンジ表現: レンジ,pasta,estimated,youtube_api_inferred
-jEJ_ecnhd8,食費1週間2000円の私が毎日食べてる腸活丼🍚 #節約レシピ #腸活 #ダイエットレシピ,https://www.youtube.com/watch?v=-jEJ_ecnhd8,かおはるの日常。,main_ingredient confidence 0.66,和食,0.95,キーワード: 丼,ご飯,0.92,米タグまたはご飯料理名,丼,0.94,丼・のっけご飯表現,その他,0.66,中心食材タグが弱い,温かい,0.92,ご飯・パン系は原則温かい,15分以内,0.72,既存time列・明確な分数なし,false,0.72,既存knife列・食材推定,true,0.90,加熱調理語: 丼,false,0.56,フライパン表現なし,false,0.70,電子レンジ表現なし,rice,estimated,youtube_api_inferred
rbsxtpxkhzM,ダイエットにも！【春雨キムチスープ】 #簡単レシピ,https://www.youtube.com/watch?v=rbsxtpxkhzM,maki | 今日の時短レシピ,main_ingredient confidence 0.66,韓国,0.95,キーワード: キムチ,麺,0.95,麺タグまたは麺料理名,麺料理,0.94,主食タグが麺,その他,0.66,中心食材タグが弱い,温かい,0.90,温かい調理語: スープ,15〜30分,0.72,既存time列・明確な分数なし,false,0.72,既存knife列・食材推定,true,0.90,加熱調理語: スープ,false,0.56,フライパン表現なし,false,0.70,電子レンジ表現なし,harusame,estimated,youtube_api_inferred
Qnj6kOMjtpc,ライスペーパーで太れないお好み焼き #簡単レシピ #料理 #時短料理 #おつまみ #shorts,https://www.youtube.com/watch?v=Qnj6kOMjtpc,いとえり時短クッキング,main_ingredient confidence 0.66,洋食,0.82,キーワード: ピザ,パン,0.93,パンタグまたはパン料理名,パン料理,0.92,主食タグがパン,その他,0.66,中心食材タグが弱い,温かい,0.92,ご飯・パン系は原則温かい,15〜30分,0.95,時間表現: 30分,true,0.88,切る工程の表現,true,0.90,"加熱調理語: 焼き, ごはん, フライパン",true,0.92,"フライパン系表現: フライパン, 焼き",false,0.70,電子レンジ表現なし,rice,estimated,youtube_api_inferred
6wg5_6FruS0,【時短レシピ！】保育園栄養士彼氏が作った“疲れた日にでも食べたい簡単爆旨料理！韓国のり丼,https://www.youtube.com/watch?v=6wg5_6FruS0,【保育園栄養士】テリチョモCooking,main_ingredient confidence 0.66,韓国,0.76,キーワード: 韓国,ご飯,0.92,米タグまたはご飯料理名,丼,0.94,丼・のっけご飯表現,その他,0.66,中心食材タグが弱い,温かい,0.92,ご飯・パン系は原則温かい,15分以内,0.72,既存time列・明確な分数なし,true,0.88,切る工程の表現,true,0.90,"加熱調理語: 焼き, 揚げ, 蒸し",true,0.92,"フライパン系表現: フライパン, 焼き",false,0.70,電子レンジ表現なし,rice,estimated,youtube_api_inferred
jxRnQC3KKP0,背徳感たっぷり、甘い夜食トースト【レシピは概要欄に】,https://www.youtube.com/watch?v=jxRnQC3KKP0,なこ⌇夫が喜ぶ褒められレシピ,main_ingredient confidence 0.66,洋食,0.95,キーワード: トースト,パン,0.93,パンタグまたはパン料理名,パン料理,0.92,主食タグがパン,その他,0.66,中心食材タグが弱い,温かい,0.92,ご飯・パン系は原則温かい,15分以内,0.95,時間表現: 10分,false,0.72,既存knife列・食材推定,true,0.90,"加熱調理語: 焼き, 焼く, フライパン",true,0.92,"フライパン系表現: フライパン, ワンパン, 焼き",false,0.70,電子レンジ表現なし,"cheese,butter,bread",estimated,youtube_api_inferred
9t0w84T3HhU,【超簡単副菜】大葉香るちくわのマヨ和え #節約レシピ #簡単レシピ #時短節約 #shorts,https://www.youtube.com/watch?v=9t0w84T3HhU,ずぼら主婦 さぁ,genre confidence 0.45; dish_shape confidence 0.58; main_ingredient confidence 0.66,その他,0.45,ジャンル判定に使える語が少ない,その他,0.82,主食タグなし,その他,0.58,形の判定材料が少ない,その他,0.66,中心食材タグが弱い,冷たい,0.88,冷たい料理語: 和え,15分以内,0.95,時間表現: 5分,false,0.72,既存knife列・食材推定,false,0.70,既存heat列,false,0.78,火を使わない既存判定,false,0.70,電子レンジ表現なし,mayonnaise,estimated,youtube_api_inferred
I8hAL29hU1w,節約‼️冷製肉ラーメン🍜🍜 #ブラック企業 #cooking #料理 #レンチンレシピ #節約レシピ,https://www.youtube.com/watch?v=I8hAL29hU1w,ななOL簡単ご飯,main_ingredient confidence 0.66,中華,0.95,キーワード: ラーメン,麺,0.95,麺タグまたは麺料理名,麺料理,0.94,主食タグが麺,その他,0.66,中心食材タグが弱い,冷たい,0.88,冷たい料理語: 冷製,15〜30分,0.72,既存time列・明確な分数なし,false,0.72,既存knife列・食材推定,true,0.82,電子レンジ加熱,false,0.56,フライパン表現なし,true,0.95,電子レンジ表現: レンチン,ramen,estimated,youtube_api_inferred
j9fJTH_TriE,【節約レシピ】ラーメン屋の魚介つけ麺おうちで作れるって知ってた？🐟,https://www.youtube.com/watch?v=j9fJTH_TriE,chi*chi,main_ingredient confidence 0.66,中華,0.76,キーワード: ラーメン,麺,0.95,麺タグまたは麺料理名,麺料理,0.94,主食タグが麺,その他,0.66,中心食材タグが弱い,温かい,0.90,"温かい調理語: 炒め, 煮, 茹で",15分以内,0.95,時間表現: 10分,true,0.88,切る工程の表現,true,0.90,"加熱調理語: 炒め, 煮, 茹で",true,0.92,フライパン系表現: 炒め,false,0.70,電子レンジ表現なし,ramen,estimated,youtube_api_inferred
tLgYLljGiw0,茄子のトマクリームぺぺ🍆 #節約レシピ #パスタ #時短節約 #cooking #一人暮らしごはん #料理 #今日の晩ごはん #japanesefood #簡単レシピ #ペペロンチーノ,https://www.youtube.com/watch?v=tLgYLljGiw0,しゅう | 22時からつくる節約レシピ,main_ingredient confidence 0.66,洋食,0.76,"キーワード: パスタ, ペペロンチーノ",麺,0.95,麺タグまたは麺料理名,麺料理,0.94,主食タグが麺,その他,0.66,中心食材タグが弱い,温かい,0.90,温かい調理語: ごはん,15〜30分,0.72,既存time列・明確な分数なし,false,0.72,既存knife列・食材推定,true,0.90,加熱調理語: ごはん,false,0.56,フライパン表現なし,false,0.70,電子レンジ表現なし,pasta,estimated,youtube_api_inferred
n2s9kqveAW8,31歳会社員が244円で作れる！ピリ辛麻婆あんかけ焼きそば！ #時短#節約#ワンパン#簡単レシピ#焼きそば,https://www.youtube.com/watch?v=n2s9kqveAW8,たか@31歳会社員の簡単節約レシピ,main_ingredient confidence 0.66,中華,0.76,"キーワード: 麻婆, 焼きそば",麺,0.95,麺タグまたは麺料理名,麺料理,0.94,主食タグが麺,その他,0.66,中心食材タグが弱い,温かい,0.90,温かい調理語: 焼き,15分以内,0.72,既存time列・明確な分数なし,false,0.72,既存knife列・食材推定,true,0.90,"加熱調理語: 焼き, ワンパン, 焼き",true,0.92,"フライパン系表現: ワンパン, 焼き",false,0.70,電子レンジ表現なし,"soba,noodles",estimated,youtube_api_inferred
k5_Dcw-Wu7E,胡瓜と肉の焼きそうめん🥒 #節約レシピ #パスタ #時短節約 #cooking #暮らしチャンネル #一人暮らしごはん #料理 #japanesefood #簡単レシピ #そうめんレシピ,https://www.youtube.com/watch?v=k5_Dcw-Wu7E,しゅう | 22時からつくる節約レシピ,main_ingredient confidence 0.66,洋食,0.76,キーワード: パスタ,麺,0.95,麺タグまたは麺料理名,麺料理,0.94,主食タグが麺,その他,0.66,中心食材タグが弱い,温かい,0.90,"温かい調理語: 焼き, ごはん",15〜30分,0.72,既存time列・明確な分数なし,false,0.72,既存knife列・食材推定,true,0.90,"加熱調理語: 焼き, ごはん, 焼き",true,0.92,フライパン系表現: 焼き,false,0.70,電子レンジ表現なし,"somen,pasta",estimated,youtube_api_inferred
_xI2bgKb5Jk,焼きうどん#冷凍弁当 #節約#節約レシピ,https://www.youtube.com/watch?v=_xI2bgKb5Jk,なぎ【冷凍弁当で月1万円節約】,main_ingredient confidence 0.66,和食,0.95,キーワード: うどん,麺,0.95,麺タグまたは麺料理名,麺料理,0.94,主食タグが麺,その他,0.66,中心食材タグが弱い,温かい,0.90,温かい調理語: 焼き,15分以内,0.72,既存time列・明確な分数なし,false,0.72,既存knife列・食材推定,true,0.90,"加熱調理語: 焼き, 焼き",true,0.92,フライパン系表現: 焼き,false,0.70,電子レンジ表現なし,udon,estimated,youtube_api_inferred
zPRbDU9RrRg,【節約レシピ】おうちで再現！ミラノ風ドリア🥘🧀💕,https://www.youtube.com/watch?v=zPRbDU9RrRg,chi*chi,main_ingredient confidence 0.66,洋食,0.95,キーワード: ドリア,ご飯,0.92,米タグまたはご飯料理名,丼以外のご飯もの,0.90,丼以外の米料理名,その他,0.66,中心食材タグが弱い,温かい,0.90,温かい調理語: ご飯,15分以内,0.95,時間表現: 3分,false,0.72,既存knife列・食材推定,true,0.90,加熱調理語: ご飯,false,0.76,別調理器具の表現,true,0.95,"電子レンジ表現: 電子レンジ, レンジ","cheese,milk",estimated,youtube_api_inferred
m9onF83XI0o,ズボラを極めたものが作るあかりマヨパスタ #shorts #節約レシピ #パスタ #ズボラ飯 #cooking,https://www.youtube.com/watch?v=m9onF83XI0o,ズボラ料理探究家ノアール -NoirChannel-,main_ingredient confidence 0.66,洋食,0.95,キーワード: パスタ,麺,0.95,麺タグまたは麺料理名,麺料理,0.94,主食タグが麺,その他,0.66,中心食材タグが弱い,温かい,0.72,明確な温度語なし・既存推定,15〜30分,0.72,既存time列・明確な分数なし,false,0.72,既存knife列・食材推定,true,0.70,既存heat列,false,0.56,フライパン表現なし,false,0.70,電子レンジ表現なし,"pasta,mayonnaise",estimated,youtube_api_inferred
GjXAQADEV8o,家庭で本場の味を再現！笠原流【豚丼】,https://www.youtube.com/watch?v=GjXAQADEV8o,【賛否両論】笠原将弘の料理のほそ道,main_ingredient confidence 0.66,和食,0.95,"キーワード: 豚丼, 丼",ご飯,0.92,米タグまたはご飯料理名,丼,0.94,丼・のっけご飯表現,その他,0.66,中心食材タグが弱い,温かい,0.92,ご飯・パン系は原則温かい,15分以内,0.72,既存time列・明確な分数なし,false,0.72,既存knife列・食材推定,true,0.90,加熱調理語: 丼,false,0.56,フライパン表現なし,false,0.70,電子レンジ表現なし,rice,estimated,youtube_api_inferred
VdwjXbLDsk4,【吉野家風】誰でもカンタンに作れる！食べなきゃ損する豚丼,https://www.youtube.com/watch?v=VdwjXbLDsk4,しばのごはん食堂,main_ingredient confidence 0.66,和食,0.95,"キーワード: 和風, 豚丼, 丼",ご飯,0.92,米タグまたはご飯料理名,丼,0.94,丼・のっけご飯表現,その他,0.66,中心食材タグが弱い,温かい,0.92,ご飯・パン系は原則温かい,15分以内,0.72,既存time列・明確な分数なし,true,0.88,切る工程の表現,true,0.90,"加熱調理語: 煮, 丼",false,0.56,フライパン表現なし,false,0.70,電子レンジ表現なし,rice,estimated,youtube_api_inferred
xb8rFgdhNcs,思った以上に美味しくて毎日これでもいい。安いし。【ちくわ丼弁当】詳しいレシピはアプリで料理名を検索♪#ちくわ #弁当レシピ #おかず#簡単レシピ #レシピ動画 #料理動画 #shorts,https://www.youtube.com/watch?v=xb8rFgdhNcs,デリッシュキッチン,main_ingredient confidence 0.66,和食,0.95,"キーワード: 丼, しょうゆ",ご飯,0.92,米タグまたはご飯料理名,丼,0.94,丼・のっけご飯表現,その他,0.66,中心食材タグが弱い,温かい,0.92,ご飯・パン系は原則温かい,15分以内,0.72,既存time列・明確な分数なし,false,0.72,既存knife列・食材推定,true,0.90,"加熱調理語: 焼き, 炒め, 丼",true,0.92,"フライパン系表現: フライパン, 炒め, 焼き",false,0.70,電子レンジ表現なし,rice,estimated,youtube_api_inferred
AAB6D1iWjEw,調味料は１つだけ！とろ〜りふわふわの絶品親子丼｜クラシル #shorts,https://www.youtube.com/watch?v=AAB6D1iWjEw,Kurashiru [クラシル],main_ingredient confidence 0.66,和食,0.95,"キーワード: 親子丼, 丼",ご飯,0.92,米タグまたはご飯料理名,丼,0.94,丼・のっけご飯表現,その他,0.66,中心食材タグが弱い,温かい,0.92,ご飯・パン系は原則温かい,15分以内,0.72,既存time列・明確な分数なし,false,0.72,既存knife列・食材推定,true,0.90,加熱調理語: 丼,false,0.56,フライパン表現なし,false,0.70,電子レンジ表現なし,rice,estimated,youtube_api_inferred
UKtkNq2vgSk,【すた丼】ご飯が消える！サッと炒めて作るすた丼&秘伝のタレの黄金比！【スタミナ丼】,https://www.youtube.com/watch?v=UKtkNq2vgSk,オリーブオイルをひとまわし / オリひと,main_ingredient confidence 0.66,和食,0.95,キーワード: 丼,ご飯,0.92,米タグまたはご飯料理名,丼,0.94,丼・のっけご飯表現,その他,0.66,中心食材タグが弱い,温かい,0.92,ご飯・パン系は原則温かい,15分以内,0.72,既存time列・明確な分数なし,false,0.72,既存knife列・食材推定,true,0.90,"加熱調理語: 炒め, 丼, ご飯",true,0.92,フライパン系表現: 炒め,false,0.70,電子レンジ表現なし,rice,estimated,youtube_api_inferred
8ZXQSJI258c,某有名チェーン店の牛丼を再現してみた,https://www.youtube.com/watch?v=8ZXQSJI258c,【賛否両論】笠原将弘の料理のほそ道,main_ingredient confidence 0.66,和食,0.95,"キーワード: 牛丼, 丼",ご飯,0.92,米タグまたはご飯料理名,丼,0.94,丼・のっけご飯表現,その他,0.66,中心食材タグが弱い,温かい,0.92,ご飯・パン系は原則温かい,15分以内,0.72,既存time列・明確な分数なし,false,0.72,既存knife列・食材推定,true,0.90,加熱調理語: 丼,false,0.56,フライパン表現なし,false,0.70,電子レンジ表現なし,rice,estimated,youtube_api_inferred
_ld5X2bWSCc,たった10分で牛丼屋を越える『極 牛丼』の作り方,https://www.youtube.com/watch?v=_ld5X2bWSCc,だれウマ【料理研究家】,main_ingredient confidence 0.66,和食,0.95,"キーワード: 牛丼, 丼",ご飯,0.92,米タグまたはご飯料理名,丼,0.94,丼・のっけご飯表現,その他,0.66,中心食材タグが弱い,温かい,0.92,ご飯・パン系は原則温かい,15分以内,0.95,時間表現: 10分,false,0.72,既存knife列・食材推定,true,0.90,加熱調理語: 丼,false,0.56,フライパン表現なし,false,0.70,電子レンジ表現なし,rice,estimated,youtube_api_inferred
4LnJ36KUV40,【 知らなきゃ損!? 】フライパン1つで白飯が止まらない！スタミナそぼろ丼,https://www.youtube.com/watch?v=4LnJ36KUV40,なべのだいどころ。,main_ingredient confidence 0.66,和食,0.95,"キーワード: そぼろ丼, 丼, しょうゆ",ご飯,0.92,米タグまたはご飯料理名,丼,0.94,丼・のっけご飯表現,その他,0.66,中心食材タグが弱い,温かい,0.92,ご飯・パン系は原則温かい,15分以内,0.95,時間表現: 6分,false,0.72,既存knife列・食材推定,true,0.90,"加熱調理語: 炒め, 丼, ごはん",true,0.92,"フライパン系表現: フライパン, 炒め",false,0.70,電子レンジ表現なし,rice,estimated,youtube_api_inferred
B5No5AKdUrw,プロが伝授！本当に美味しい至高の「カツ丼」の作り方,https://www.youtube.com/watch?v=B5No5AKdUrw,板前キッチン / ITAMAE KITCHEN【料理 レシピ】,main_ingredient confidence 0.66,和食,0.95,"キーワード: 和食, 和風, カツ丼",ご飯,0.92,米タグまたはご飯料理名,丼,0.94,丼・のっけご飯表現,その他,0.66,中心食材タグが弱い,温かい,0.92,ご飯・パン系は原則温かい,15〜30分,0.95,時間表現: 20分,false,0.72,既存knife列・食材推定,true,0.90,加熱調理語: 丼,false,0.56,フライパン表現なし,false,0.70,電子レンジ表現なし,rice,estimated,youtube_api_inferred
0tOSPZriYak,400円で作れる絶品ケバブ丼,https://www.youtube.com/watch?v=0tOSPZriYak,まなぶチーム,main_ingredient confidence 0.66,和食,0.95,キーワード: 丼,ご飯,0.92,米タグまたはご飯料理名,丼,0.94,丼・のっけご飯表現,その他,0.66,中心食材タグが弱い,温かい,0.92,ご飯・パン系は原則温かい,15分以内,0.72,既存time列・明確な分数なし,false,0.72,既存knife列・食材推定,true,0.90,加熱調理語: 丼,false,0.56,フライパン表現なし,false,0.70,電子レンジ表現なし,rice,estimated,youtube_api_inferred
KWkHbWVH_yY,これ、ガチで本家よりうめえかもしれません。一度食べたら忘れられない【至高のすたみな丼】#shorts,https://www.youtube.com/watch?v=KWkHbWVH_yY,料理研究家リュウジのバズレシピ,main_ingredient confidence 0.66,和食,0.95,キーワード: 丼,ご飯,0.92,米タグまたはご飯料理名,丼,0.94,丼・のっけご飯表現,その他,0.66,中心食材タグが弱い,温かい,0.92,ご飯・パン系は原則温かい,15分以内,0.72,既存time列・明確な分数なし,false,0.72,既存knife列・食材推定,true,0.90,加熱調理語: 丼,false,0.76,別調理器具の表現,true,0.95,電子レンジ表現: レンジ,rice,estimated,youtube_api_inferred
Mmwug0Slm9g,【明日も食べたくなる丼できた…】あんかけ仕立てたまらんやつ#ふたりごはん #簡単ごはん,https://www.youtube.com/watch?v=Mmwug0Slm9g,MYON(みょん) 胃袋を惚れさせるレシピ,main_ingredient confidence 0.66,和食,0.95,"キーワード: 丼, 醤油, だし",ご飯,0.92,米タグまたはご飯料理名,丼,0.94,丼・のっけご飯表現,その他,0.66,中心食材タグが弱い,温かい,0.92,ご飯・パン系は原則温かい,15分以内,0.95,時間表現: 10分,true,0.88,切る工程の表現,true,0.90,"加熱調理語: 炒め, 丼, ごはん",true,0.92,"フライパン系表現: フライパン, 炒め",false,0.70,電子レンジ表現なし,rice,estimated,youtube_api_inferred
QwIdKZLC8DQ,【町中華】カンタン！【肉野菜あんかけ丼】#shorts,https://www.youtube.com/watch?v=QwIdKZLC8DQ,えびすごはん お家ラーメン研究家・料理研究家 えびすまさき,main_ingredient confidence 0.66,中華,0.76,"キーワード: 中華, ラーメン",麺,0.95,麺タグまたは麺料理名,麺料理,0.94,主食タグが麺,その他,0.66,中心食材タグが弱い,温かい,0.92,ご飯・パン系は原則温かい,15分以内,0.72,既存time列・明確な分数なし,false,0.72,既存knife列・食材推定,true,0.90,"加熱調理語: 炒め, 丼, ご飯",true,0.92,"フライパン系表現: フライパン, 炒め",false,0.70,電子レンジ表現なし,rice,estimated,youtube_api_inferred
U2yCqHjal-k,【カツ煮】#惣菜 #カツ丼 #レシピ #shorts,https://www.youtube.com/watch?v=U2yCqHjal-k,かなおっちゃん,main_ingredient confidence 0.66,和食,0.95,"キーワード: カツ丼, 丼",ご飯,0.92,米タグまたはご飯料理名,丼,0.94,丼・のっけご飯表現,その他,0.66,中心食材タグが弱い,温かい,0.92,ご飯・パン系は原則温かい,15分以内,0.72,既存time列・明確な分数なし,false,0.72,既存knife列・食材推定,true,0.90,"加熱調理語: 煮, 丼",false,0.56,フライパン表現なし,false,0.70,電子レンジ表現なし,rice,estimated,youtube_api_inferred
QR3NXOBtfog,元高級ホテル料理人が教える、究極親子丼の作り方!!#shorts,https://www.youtube.com/watch?v=QR3NXOBtfog,ツナボーイ,main_ingredient confidence 0.66,洋食,0.76,キーワード: パスタ,麺,0.95,麺タグまたは麺料理名,麺料理,0.94,主食タグが麺,その他,0.66,中心食材タグが弱い,温かい,0.92,ご飯・パン系は原則温かい,15分以内,0.72,既存time列・明確な分数なし,false,0.72,既存knife列・食材推定,true,0.90,"加熱調理語: 丼, フライパン",true,0.92,フライパン系表現: フライパン,false,0.70,電子レンジ表現なし,rice,estimated,youtube_api_inferred
4glLU8zLMR8,【2ヶ月で6キロ痩せた】食べ痩せ納豆キムチ丼#ダイエットレシピ #簡単レシピ,https://www.youtube.com/watch?v=4glLU8zLMR8,うちこ【ダイエットレシピ】,main_ingredient confidence 0.66,韓国,0.76,キーワード: キムチ,ご飯,0.92,米タグまたはご飯料理名,丼,0.94,丼・のっけご飯表現,その他,0.66,中心食材タグが弱い,温かい,0.92,ご飯・パン系は原則温かい,15分以内,0.72,既存time列・明確な分数なし,false,0.72,既存knife列・食材推定,true,0.90,加熱調理語: 丼,false,0.56,フライパン表現なし,false,0.70,電子レンジ表現なし,rice,estimated,youtube_api_inferred
Y6yNV4AeZN4,令和最新版！笠原流【親子丼】の作り方,https://www.youtube.com/watch?v=Y6yNV4AeZN4,【賛否両論】笠原将弘の料理のほそ道,main_ingredient confidence 0.66,和食,0.95,"キーワード: 親子丼, 丼",ご飯,0.92,米タグまたはご飯料理名,丼,0.94,丼・のっけご飯表現,その他,0.66,中心食材タグが弱い,温かい,0.92,ご飯・パン系は原則温かい,15分以内,0.72,既存time列・明確な分数なし,false,0.72,既存knife列・食材推定,true,0.90,加熱調理語: 丼,false,0.56,フライパン表現なし,false,0.70,電子レンジ表現なし,rice,estimated,youtube_api_inferred
2TFSlFKwCmI,30分でパパッと作れる！簡単すぎる基本の牛丼🤤 #牛丼レシピ#簡単レシピ#自炊#お昼ごはん#休日ごはん,https://www.youtube.com/watch?v=2TFSlFKwCmI,Hanaの暮らし,main_ingredient confidence 0.66,和食,0.95,"キーワード: 牛丼, 丼",ご飯,0.92,米タグまたはご飯料理名,丼,0.94,丼・のっけご飯表現,その他,0.66,中心食材タグが弱い,温かい,0.92,ご飯・パン系は原則温かい,15〜30分,0.95,時間表現: 30分,false,0.72,既存knife列・食材推定,true,0.90,"加熱調理語: 丼, ごはん",false,0.56,フライパン表現なし,false,0.70,電子レンジ表現なし,rice,estimated,youtube_api_inferred
6ne9gTiwrog,【元気の源】ポパイ丼,https://www.youtube.com/watch?v=6ne9gTiwrog,ほのぼのラッコ夫婦,main_ingredient confidence 0.66,和食,0.95,キーワード: 丼,ご飯,0.92,米タグまたはご飯料理名,丼,0.94,丼・のっけご飯表現,その他,0.66,中心食材タグが弱い,温かい,0.92,ご飯・パン系は原則温かい,15分以内,0.72,既存time列・明確な分数なし,false,0.72,既存knife列・食材推定,true,0.90,"加熱調理語: 丼, ご飯, ごはん",false,0.56,フライパン表現なし,false,0.70,電子レンジ表現なし,rice,estimated,youtube_api_inferred
wVnfpnl_vlQ,【グランプリ受賞】 豚カルビ丼 ！ 揉んで焼くだけの超簡単レシピ 【 時短 簡単 節約 Mizuki 】,https://www.youtube.com/watch?v=wVnfpnl_vlQ,Mizuki,main_ingredient confidence 0.66,和食,0.95,"キーワード: 豚丼, 丼, 醤油",ご飯,0.92,米タグまたはご飯料理名,丼,0.94,丼・のっけご飯表現,その他,0.66,中心食材タグが弱い,温かい,0.92,ご飯・パン系は原則温かい,15分以内,0.72,既存time列・明確な分数なし,true,0.88,切る工程の表現,true,0.90,"加熱調理語: 焼く, 炒め, 丼",true,0.92,"フライパン系表現: フライパン, 炒め, 焼く",false,0.70,電子レンジ表現なし,rice,estimated,youtube_api_inferred
5WfyieYgurA,神コスパ！ちくわの蒲焼き丼,https://www.youtube.com/watch?v=5WfyieYgurA,ふじたかなのワールドクッキング Kana's kitchen,main_ingredient confidence 0.66,和食,0.95,"キーワード: 丼, しょうゆ, だし",ご飯,0.92,米タグまたはご飯料理名,丼,0.94,丼・のっけご飯表現,その他,0.66,中心食材タグが弱い,温かい,0.92,ご飯・パン系は原則温かい,15分以内,0.95,時間表現: 10分,false,0.72,既存knife列・食材推定,true,0.90,"加熱調理語: 焼き, 焼く, 煮",true,0.92,"フライパン系表現: フライパン, 焼き, 焼く",false,0.70,電子レンジ表現なし,rice,estimated,youtube_api_inferred
0Xkk5fFp7fo,中華屋を超えるほど旨い飲める【極 中華丼】,https://www.youtube.com/watch?v=0Xkk5fFp7fo,だれウマ【料理研究家】,main_ingredient confidence 0.66,中華,0.76,キーワード: 中華,ご飯,0.92,米タグまたはご飯料理名,丼,0.94,丼・のっけご飯表現,その他,0.66,中心食材タグが弱い,温かい,0.92,ご飯・パン系は原則温かい,15分以内,0.72,既存time列・明確な分数なし,true,0.88,切る工程の表現,true,0.90,"加熱調理語: 煮, 丼, ご飯",false,0.56,フライパン表現なし,false,0.70,電子レンジ表現なし,rice,estimated,youtube_api_inferred
D7nTbReUb_4,30kg痩せた男が食べている鶏そぼろ丼の作り方を紹介します！#shorts #short,https://www.youtube.com/watch?v=D7nTbReUb_4,しゅんまるのダイエット日記,main_ingredient confidence 0.66,和食,0.95,"キーワード: そぼろ丼, 丼",ご飯,0.92,米タグまたはご飯料理名,丼,0.94,丼・のっけご飯表現,その他,0.66,中心食材タグが弱い,温かい,0.92,ご飯・パン系は原則温かい,15分以内,0.72,既存time列・明確な分数なし,false,0.72,既存knife列・食材推定,true,0.90,加熱調理語: 丼,false,0.56,フライパン表現なし,false,0.70,電子レンジ表現なし,rice,estimated,youtube_api_inferred
vk2z391Jp38,オートクッカー ビストロでつくる親子丼（macaroni監修レシピ）【パナソニック公式】,https://www.youtube.com/watch?v=vk2z391Jp38,Panasonic Japan（パナソニック公式）,main_ingredient confidence 0.66,和食,0.95,"キーワード: 和風, 親子丼, 丼",ご飯,0.92,米タグまたはご飯料理名,丼,0.94,丼・のっけご飯表現,その他,0.66,中心食材タグが弱い,温かい,0.92,ご飯・パン系は原則温かい,15分以内,0.72,既存time列・明確な分数なし,true,0.88,切る工程の表現,true,0.90,"加熱調理語: 丼, ごはん, 鍋",false,0.76,別調理器具の表現,false,0.70,電子レンジ表現なし,rice,estimated,youtube_api_inferred
R4cpZDMVTJU,8分で悶絶級に旨い肉あんかけ丼が作れます,https://www.youtube.com/watch?v=R4cpZDMVTJU,だれウマ【料理研究家】,main_ingredient confidence 0.66,和食,0.95,キーワード: 丼,ご飯,0.92,米タグまたはご飯料理名,丼,0.94,丼・のっけご飯表現,その他,0.66,中心食材タグが弱い,温かい,0.92,ご飯・パン系は原則温かい,15分以内,0.95,時間表現: 8分,false,0.72,既存knife列・食材推定,true,0.90,"加熱調理語: 丼, ご飯, スープ",false,0.56,フライパン表現なし,false,0.70,電子レンジ表現なし,rice,estimated,youtube_api_inferred
XqAOHR-yVEo,30kg痩せた男が食べているササミ丼の作り方！#shorts #short,https://www.youtube.com/watch?v=XqAOHR-yVEo,しゅんまるのダイエット日記,main_ingredient confidence 0.66,和食,0.95,キーワード: 丼,ご飯,0.92,米タグまたはご飯料理名,丼,0.94,丼・のっけご飯表現,その他,0.66,中心食材タグが弱い,温かい,0.92,ご飯・パン系は原則温かい,15分以内,0.72,既存time列・明確な分数なし,false,0.72,既存knife列・食材推定,true,0.90,加熱調理語: 丼,false,0.56,フライパン表現なし,false,0.70,電子レンジ表現なし,rice,estimated,youtube_api_inferred
ka6_Z62d0Q8,料理研究家が本気で吉野家を再現したらどれくらい美味しくなるのかお見せします #shorts #リュウジ #吉野家 #牛丼 #レシピ #再現レシピ #料理 #バズレシピ,https://www.youtube.com/watch?v=ka6_Z62d0Q8,料理研究家リュウジのバズレシピ,main_ingredient confidence 0.66,和食,0.95,"キーワード: 牛丼, 丼, 醤油",ご飯,0.92,米タグまたはご飯料理名,丼,0.94,丼・のっけご飯表現,その他,0.66,中心食材タグが弱い,温かい,0.92,ご飯・パン系は原則温かい,15分以内,0.95,時間表現: 5分,false,0.72,既存knife列・食材推定,true,0.90,"加熱調理語: 煮, 丼, ご飯",false,0.76,別調理器具の表現,true,0.95,電子レンジ表現: レンジ,rice,estimated,youtube_api_inferred
6jpxkZBJsUY,スタミナ丼レベル100の作り方 #shorts,https://www.youtube.com/watch?v=6jpxkZBJsUY,George ジョージ吉田,main_ingredient confidence 0.66,和食,0.95,キーワード: 丼,ご飯,0.92,米タグまたはご飯料理名,丼,0.94,丼・のっけご飯表現,その他,0.66,中心食材タグが弱い,温かい,0.92,ご飯・パン系は原則温かい,15分以内,0.72,既存time列・明確な分数なし,false,0.72,既存knife列・食材推定,true,0.90,加熱調理語: 丼,false,0.56,フライパン表現なし,false,0.70,電子レンジ表現なし,rice,estimated,youtube_api_inferred
t4s73t6ZczU,【痩せる親子丼】の作り方！#shorts,https://www.youtube.com/watch?v=t4s73t6ZczU,コディーの日常,main_ingredient confidence 0.66,和食,0.95,"キーワード: 親子丼, 丼",ご飯,0.92,米タグまたはご飯料理名,丼,0.94,丼・のっけご飯表現,その他,0.66,中心食材タグが弱い,温かい,0.92,ご飯・パン系は原則温かい,15分以内,0.72,既存time列・明確な分数なし,false,0.72,既存knife列・食材推定,true,0.90,加熱調理語: 丼,false,0.56,フライパン表現なし,false,0.70,電子レンジ表現なし,rice,estimated,youtube_api_inferred
7mG-COx3b74,30kg痩せた男が食べているわさび鶏胸丼の作り方！#s#short,https://www.youtube.com/watch?v=7mG-COx3b74,しゅんまるのダイエット日記,main_ingredient confidence 0.66,和食,0.95,キーワード: 丼,ご飯,0.92,米タグまたはご飯料理名,丼,0.94,丼・のっけご飯表現,その他,0.66,中心食材タグが弱い,温かい,0.92,ご飯・パン系は原則温かい,15分以内,0.72,既存time列・明確な分数なし,false,0.72,既存knife列・食材推定,true,0.90,加熱調理語: 丼,false,0.56,フライパン表現なし,false,0.70,電子レンジ表現なし,rice,estimated,youtube_api_inferred
BJC0BNYcKVA,10分でできる！極上豚丼の作り方,https://www.youtube.com/watch?v=BJC0BNYcKVA,居酒屋店長のまかない飯チャンネル,main_ingredient confidence 0.66,和食,0.95,"キーワード: 豚丼, 丼, しょうゆ",ご飯,0.92,米タグまたはご飯料理名,丼,0.94,丼・のっけご飯表現,その他,0.66,中心食材タグが弱い,温かい,0.92,ご飯・パン系は原則温かい,15分以内,0.95,時間表現: 10分,false,0.72,既存knife列・食材推定,true,0.90,"加熱調理語: 丼, ご飯",false,0.56,フライパン表現なし,false,0.70,電子レンジ表現なし,rice,estimated,youtube_api_inferred
NBymf4ZDUl4,【この動画を見れば失敗しなくなる！？】安定カルボナーラ #パスタ #料理 #元カレ #cooking #クッキング #マッチョ,https://www.youtube.com/watch?v=NBymf4ZDUl4,マッチョ元カレごはんがうますぎる,main_ingredient confidence 0.66,洋食,0.95,キーワード: パスタ,麺,0.95,麺タグまたは麺料理名,麺料理,0.94,主食タグが麺,その他,0.66,中心食材タグが弱い,温かい,0.90,温かい調理語: ごはん,15〜30分,0.72,既存time列・明確な分数なし,false,0.72,既存knife列・食材推定,true,0.90,"加熱調理語: ごはん, フライパン",true,0.92,フライパン系表現: フライパン,false,0.70,電子レンジ表現なし,pasta,estimated,youtube_api_inferred
54aftv3LBCA,【ペペロンチーノ】プロが教える、フライパン１つで出来る絶品パスタ,https://www.youtube.com/watch?v=54aftv3LBCA,フリーランス料理人の簡単レシピ,main_ingredient confidence 0.66,洋食,0.76,"キーワード: パスタ, ペペロンチーノ",麺,0.95,麺タグまたは麺料理名,麺料理,0.94,主食タグが麺,その他,0.66,中心食材タグが弱い,温かい,0.90,温かい調理語: 茹で,15〜30分,0.72,既存time列・明確な分数なし,true,0.88,切る工程の表現,true,0.90,"加熱調理語: 茹で, フライパン, ワンパン",true,0.92,"フライパン系表現: フライパン, ワンパン",false,0.70,電子レンジ表現なし,"pasta,garlic",estimated,youtube_api_inferred
lWJ9ml_tgYs,【ワンパンパスタ】ウインナーで簡単！マヨ醤油ときざみ海苔の絶品パスタ,https://www.youtube.com/watch?v=lWJ9ml_tgYs,深夜食堂,main_ingredient confidence 0.66,洋食,0.76,キーワード: パスタ,麺,0.95,麺タグまたは麺料理名,麺料理,0.94,主食タグが麺,その他,0.66,中心食材タグが弱い,温かい,0.90,"温かい調理語: ご飯, ごはん",15〜30分,0.72,既存time列・明確な分数なし,false,0.72,既存knife列・食材推定,true,0.90,"加熱調理語: ご飯, ごはん, フライパン",true,0.92,"フライパン系表現: フライパン, ワンパン",false,0.70,電子レンジ表現なし,"pasta,garlic,mayonnaise",estimated,youtube_api_inferred
FzCP4DS12zk,福岡の味！ぺぺたまが美味すぎて食卓大歓喜！#パスタ #時短レシピ #ぺぺたま #簡単料理,https://www.youtube.com/watch?v=FzCP4DS12zk,深夜食堂,main_ingredient confidence 0.66,洋食,0.95,キーワード: パスタ,麺,0.95,麺タグまたは麺料理名,麺料理,0.94,主食タグが麺,その他,0.66,中心食材タグが弱い,温かい,0.72,明確な温度語なし・既存推定,15〜30分,0.72,既存time列・明確な分数なし,false,0.72,既存knife列・食材推定,true,0.70,既存heat列,false,0.56,フライパン表現なし,false,0.70,電子レンジ表現なし,pasta,estimated,youtube_api_inferred
nE5otX0rIC8,3分で作るパスタは最高に美味しかったです！,https://www.youtube.com/watch?v=nE5otX0rIC8,ひみつ基地。,main_ingredient confidence 0.66,洋食,0.95,キーワード: パスタ,麺,0.95,麺タグまたは麺料理名,麺料理,0.94,主食タグが麺,その他,0.66,中心食材タグが弱い,温かい,0.72,明確な温度語なし・既存推定,15分以内,0.95,時間表現: 3分,false,0.72,既存knife列・食材推定,true,0.70,既存heat列,false,0.56,フライパン表現なし,false,0.70,電子レンジ表現なし,pasta,estimated,youtube_api_inferred
z2L6jKoosZI,【絶賛の嵐】プロが8年かかって完成したナポリタン #ナポリタン #パスタ #ガンガンの料理塾,https://www.youtube.com/watch?v=z2L6jKoosZI,ガンガンの料理塾,main_ingredient confidence 0.66,洋食,0.95,"キーワード: パスタ, ナポリタン",麺,0.95,麺タグまたは麺料理名,麺料理,0.94,主食タグが麺,その他,0.66,中心食材タグが弱い,温かい,0.72,明確な温度語なし・既存推定,15〜30分,0.72,既存time列・明確な分数なし,false,0.72,既存knife列・食材推定,true,0.70,既存heat列,false,0.56,フライパン表現なし,false,0.70,電子レンジ表現なし,pasta,estimated,youtube_api_inferred
mcyOh_pnA7A,茹でて和えるだけ！何度でも作りたい【明太子パスタ】 #簡単レシピ #cooking #パスタ #明太子,https://www.youtube.com/watch?v=mcyOh_pnA7A,RINATYりなてぃ,main_ingredient confidence 0.66,洋食,0.95,キーワード: パスタ,麺,0.95,麺タグまたは麺料理名,麺料理,0.94,主食タグが麺,その他,0.66,中心食材タグが弱い,冷たい,0.72,既存temperature列,15分以内,0.95,時間表現: 5分,false,0.72,既存knife列・食材推定,true,0.90,"加熱調理語: 茹で, 鍋",false,0.76,別調理器具の表現,false,0.70,電子レンジ表現なし,"pasta,butter,milk",estimated,youtube_api_inferred
iyBI516TCeo,【パスタ世界一が作る！】絶品ペペロンチーノ！ #弓削啓太 #パスタ,https://www.youtube.com/watch?v=iyBI516TCeo,弓削啓太（YUGETUBE）,main_ingredient confidence 0.66,洋食,0.95,"キーワード: パスタ, ペペロンチーノ",麺,0.95,麺タグまたは麺料理名,麺料理,0.94,主食タグが麺,その他,0.66,中心食材タグが弱い,温かい,0.72,明確な温度語なし・既存推定,15〜30分,0.72,既存time列・明確な分数なし,false,0.72,既存knife列・食材推定,true,0.70,既存heat列,false,0.56,フライパン表現なし,false,0.70,電子レンジ表現なし,pasta,estimated,youtube_api_inferred
eGTwOdEJfqE,【10分で完成】濃厚きのこクリームパスタが旨すぎて幸。#パスタ #時短レシピ #キノコクリームパスタ,https://www.youtube.com/watch?v=eGTwOdEJfqE,深夜食堂,main_ingredient confidence 0.66,洋食,0.95,キーワード: パスタ,麺,0.95,麺タグまたは麺料理名,麺料理,0.94,主食タグが麺,その他,0.66,中心食材タグが弱い,温かい,0.72,明確な温度語なし・既存推定,15分以内,0.95,時間表現: 10分,false,0.72,既存knife列・食材推定,true,0.70,既存heat列,false,0.56,フライパン表現なし,false,0.70,電子レンジ表現なし,pasta,estimated,youtube_api_inferred
S8Sz9Y7YgUU,革命的！【ペペロンチーノ】牡蠣のパスタ#shorts,https://www.youtube.com/watch?v=S8Sz9Y7YgUU,ファビオ飯 /イタリア料理人の世界,main_ingredient confidence 0.66,洋食,0.76,"キーワード: パスタ, スパゲッ, ペペロンチーノ",麺,0.95,麺タグまたは麺料理名,麺料理,0.94,主食タグが麺,その他,0.66,中心食材タグが弱い,温かい,0.72,明確な温度語なし・既存推定,15〜30分,0.72,既存time列・明確な分数なし,false,0.72,既存knife列・食材推定,true,0.70,既存heat列,false,0.56,フライパン表現なし,false,0.70,電子レンジ表現なし,"pasta,garlic",estimated,youtube_api_inferred
pdRsDFM6pl0,イタリア人シェフが本気で作るペペロンチーノ,https://www.youtube.com/watch?v=pdRsDFM6pl0,イタリアンがすき,main_ingredient confidence 0.66,洋食,0.95,キーワード: ペペロンチーノ,麺,0.95,麺タグまたは麺料理名,麺料理,0.94,主食タグが麺,その他,0.66,中心食材タグが弱い,温かい,0.72,明確な温度語なし・既存推定,15〜30分,0.72,既存time列・明確な分数なし,false,0.72,既存knife列・食材推定,true,0.70,既存heat列,false,0.56,フライパン表現なし,false,0.70,電子レンジ表現なし,pasta,estimated,youtube_api_inferred
jSZbu0N5w8U,笠原流【ミートソーススパゲッティ】懐かしの昭和の味,https://www.youtube.com/watch?v=jSZbu0N5w8U,【賛否両論】笠原将弘の料理のほそ道,main_ingredient confidence 0.66,洋食,0.76,"キーワード: パスタ, スパゲッ",麺,0.95,麺タグまたは麺料理名,麺料理,0.94,主食タグが麺,その他,0.66,中心食材タグが弱い,温かい,0.72,明確な温度語なし・既存推定,15〜30分,0.95,時間表現: 20分,true,0.88,切る工程の表現,true,0.90,"加熱調理語: 焼き, 炒め, 煮",true,0.92,"フライパン系表現: フライパン, 炒め, 焼き",false,0.70,電子レンジ表現なし,pasta,estimated,youtube_api_inferred
A7E-odaKMsY,総再生500万回越え！瞬間芸【焦がしペペロンチーノ】 #shorts,https://www.youtube.com/watch?v=A7E-odaKMsY,ファビオ飯 /イタリア料理人の世界,main_ingredient confidence 0.66,洋食,0.95,"キーワード: パスタ, ペペロンチーノ",麺,0.95,麺タグまたは麺料理名,麺料理,0.94,主食タグが麺,その他,0.66,中心食材タグが弱い,温かい,0.72,明確な温度語なし・既存推定,15〜30分,0.72,既存time列・明確な分数なし,false,0.72,既存knife列・食材推定,true,0.70,既存heat列,false,0.56,フライパン表現なし,false,0.70,電子レンジ表現なし,pasta,estimated,youtube_api_inferred
tLsvuFdhuGE,マジで一番再生されてるボロネーゼよりウマい。俺史上最強の肉パスタ、参上#shorts #リュウジ #パスタ,https://www.youtube.com/watch?v=tLsvuFdhuGE,料理研究家リュウジのバズレシピ,main_ingredient confidence 0.66,洋食,0.95,キーワード: パスタ,麺,0.95,麺タグまたは麺料理名,麺料理,0.94,主食タグが麺,その他,0.66,中心食材タグが弱い,温かい,0.72,明確な温度語なし・既存推定,15〜30分,0.72,既存time列・明確な分数なし,false,0.72,既存knife列・食材推定,true,0.82,電子レンジ加熱,false,0.76,別調理器具の表現,true,0.95,電子レンジ表現: レンジ,pasta,estimated,youtube_api_inferred
YpSeYjkFcSE,今イタリアで流行ってるパスタはこれ！おこげパスタ【Spaghetti all'Assassina】 #shorts,https://www.youtube.com/watch?v=YpSeYjkFcSE,きょう何たべよ / Marco Macri,main_ingredient confidence 0.66,洋食,0.95,"キーワード: パスタ, スパゲッ",麺,0.95,麺タグまたは麺料理名,麺料理,0.94,主食タグが麺,その他,0.66,中心食材タグが弱い,温かい,0.90,"温かい調理語: スープ, 鍋",15〜30分,0.72,既存time列・明確な分数なし,false,0.72,既存knife列・食材推定,true,0.90,"加熱調理語: スープ, 鍋, フライパン",true,0.92,フライパン系表現: フライパン,false,0.70,電子レンジ表現なし,pasta,estimated,youtube_api_inferred
wBJ4DuwCu80,業務スーパーの牛筋でボロネーゼ。これめっちゃ旨いヤツ #パスタ料理 #パスタ #まーやの料理ちゃんねる #cooking #イタリアン #イタリア家庭料理,https://www.youtube.com/watch?v=wBJ4DuwCu80,まーやの料理ちゃんねる,main_ingredient confidence 0.66,洋食,0.95,キーワード: パスタ,麺,0.95,麺タグまたは麺料理名,麺料理,0.94,主食タグが麺,その他,0.66,中心食材タグが弱い,温かい,0.90,温かい調理語: ごはん,15〜30分,0.72,既存time列・明確な分数なし,false,0.72,既存knife列・食材推定,true,0.90,加熱調理語: ごはん,false,0.56,フライパン表現なし,false,0.70,電子レンジ表現なし,pasta,estimated,youtube_api_inferred
6hp9Tv7Bw3M,これ以上旨いパスタは無いと断言できるほど美味な『極クリームパスタ』,https://www.youtube.com/watch?v=6hp9Tv7Bw3M,だれウマ【料理研究家】,main_ingredient confidence 0.66,洋食,0.95,キーワード: パスタ,麺,0.95,麺タグまたは麺料理名,麺料理,0.94,主食タグが麺,その他,0.66,中心食材タグが弱い,温かい,0.72,明確な温度語なし・既存推定,15〜30分,0.72,既存time列・明確な分数なし,false,0.72,既存knife列・食材推定,true,0.70,既存heat列,false,0.56,フライパン表現なし,false,0.70,電子レンジ表現なし,pasta,estimated,youtube_api_inferred
vXZ6VGYzpKE,カリオストロのスパゲッティをつくってみた。#料理レシピ #パスタ,https://www.youtube.com/watch?v=vXZ6VGYzpKE,Aosトラットリア〜青池のオッティモな食卓,main_ingredient confidence 0.66,洋食,0.95,"キーワード: パスタ, スパゲッ",麺,0.95,麺タグまたは麺料理名,麺料理,0.94,主食タグが麺,その他,0.66,中心食材タグが弱い,温かい,0.90,"温かい調理語: 焼き, 煮, 揚げ",15分以内,0.95,時間表現: 10分,true,0.88,切る工程の表現,true,0.90,"加熱調理語: 焼き, 煮, 揚げ",true,0.92,"フライパン系表現: フライパン, 焼き",false,0.70,電子レンジ表現なし,pasta,estimated,youtube_api_inferred
OYA4KposLK8,＼たんぱく質35g／豆乳クリームパスタ🍝 #レンジレシピ #高タンパクレシピ #簡単レシピ #一人暮らしレシピ #パスタレシピ,https://www.youtube.com/watch?v=OYA4KposLK8,のあ【40代独身オタクのレンチンパスタ】,main_ingredient confidence 0.66,洋食,0.95,キーワード: パスタ,麺,0.95,麺タグまたは麺料理名,麺料理,0.94,主食タグが麺,その他,0.66,中心食材タグが弱い,温かい,0.72,明確な温度語なし・既存推定,15〜30分,0.72,既存time列・明確な分数なし,false,0.72,既存knife列・食材推定,true,0.82,電子レンジ加熱,false,0.76,別調理器具の表現,true,0.95,電子レンジ表現: レンジ,pasta,estimated,youtube_api_inferred
hH3Tot5pWf8,日本人の作るオリーブ塩パスタの作り方 #料理 #きょう何たべよ #shorts,https://www.youtube.com/watch?v=hH3Tot5pWf8,ピエロのヤカタ,main_ingredient confidence 0.66,洋食,0.95,キーワード: パスタ,麺,0.95,麺タグまたは麺料理名,麺料理,0.94,主食タグが麺,その他,0.66,中心食材タグが弱い,温かい,0.72,明確な温度語なし・既存推定,15〜30分,0.72,既存time列・明確な分数なし,false,0.72,既存knife列・食材推定,true,0.70,既存heat列,false,0.56,フライパン表現なし,false,0.70,電子レンジ表現なし,pasta,estimated,youtube_api_inferred
aH6RLBxT4Yw,イタリアのおばあちゃんに教わるガーリックパスタ #イタリア料理,https://www.youtube.com/watch?v=aH6RLBxT4Yw,旅するイタリア食堂,main_ingredient confidence 0.66,洋食,0.95,"キーワード: パスタ, スパゲッ, ペペロンチーノ",麺,0.95,麺タグまたは麺料理名,麺料理,0.94,主食タグが麺,その他,0.66,中心食材タグが弱い,温かい,0.72,明確な温度語なし・既存推定,15〜30分,0.72,既存time列・明確な分数なし,false,0.72,既存knife列・食材推定,true,0.90,"加熱調理語: 茹で, フライパン",true,0.92,フライパン系表現: フライパン,false,0.70,電子レンジ表現なし,"pasta,garlic",estimated,youtube_api_inferred
oCCsreZBJmQ,【簡単にお店レベル🍝】帆立のパスタが旨すぎます..!! #パスタ #レシピ #料理 #簡単レシピ #ワンパンパスタ #shorts,https://www.youtube.com/watch?v=oCCsreZBJmQ,かずき@簡単パスタレシピ,main_ingredient confidence 0.66,洋食,0.95,キーワード: パスタ,麺,0.95,麺タグまたは麺料理名,麺料理,0.94,主食タグが麺,その他,0.66,中心食材タグが弱い,温かい,0.72,明確な温度語なし・既存推定,15〜30分,0.72,既存time列・明確な分数なし,false,0.72,既存knife列・食材推定,true,0.90,加熱調理語: ワンパン,true,0.92,フライパン系表現: ワンパン,false,0.70,電子レンジ表現なし,pasta,estimated,youtube_api_inferred
zMhLNnTb8IQ,【ペペロンチーノ】プロが教える簡単パスタ【特盛り300g】#shorts,https://www.youtube.com/watch?v=zMhLNnTb8IQ,フリーランス料理人の簡単レシピ,main_ingredient confidence 0.66,洋食,0.76,"キーワード: パスタ, ペペロンチーノ",麺,0.95,麺タグまたは麺料理名,麺料理,0.94,主食タグが麺,その他,0.66,中心食材タグが弱い,温かい,0.72,明確な温度語なし・既存推定,15〜30分,0.72,既存time列・明確な分数なし,false,0.72,既存knife列・食材推定,true,0.70,既存heat列,false,0.56,フライパン表現なし,false,0.70,電子レンジ表現なし,pasta,estimated,youtube_api_inferred
hGt3h77ZYoc,【別茹で不要◎ワンパンパスタ】絶品！！海鮮ペペロンチーノが最高すぎる,https://www.youtube.com/watch?v=hGt3h77ZYoc,ラクうま料理ちゃんねる,main_ingredient confidence 0.66,洋食,0.76,"キーワード: パスタ, ペペロンチーノ",麺,0.95,麺タグまたは麺料理名,麺料理,0.94,主食タグが麺,その他,0.66,中心食材タグが弱い,温かい,0.90,温かい調理語: 茹で,15分以内,0.95,時間表現: 10分,false,0.72,既存knife列・食材推定,true,0.90,"加熱調理語: 茹で, フライパン, ワンパン",true,0.92,"フライパン系表現: フライパン, ワンパン",true,0.95,電子レンジ表現: レンチン,"pasta,garlic,butter",estimated,youtube_api_inferred
dUu2OjxSqIo,【激ウマ和風パスタ🍝】梅と大葉を使った簡単パスタがさっぱりしてて美味いんです。 #パスタ #レシピ #簡単レシピ #ペペロンチーノ #shorts,https://www.youtube.com/watch?v=dUu2OjxSqIo,かずき@簡単パスタレシピ,main_ingredient confidence 0.66,洋食,0.76,"キーワード: パスタ, ペペロンチーノ",麺,0.95,麺タグまたは麺料理名,麺料理,0.94,主食タグが麺,その他,0.66,中心食材タグが弱い,温かい,0.72,明確な温度語なし・既存推定,15〜30分,0.72,既存time列・明確な分数なし,false,0.72,既存knife列・食材推定,true,0.70,既存heat列,false,0.56,フライパン表現なし,false,0.70,電子レンジ表現なし,pasta,estimated,youtube_api_inferred
hyqa_DoQ9QE,簡単に美味しいレモンクリームパスタができちゃいます。 #パスタ #レシピ #簡単レシピ #shorts,https://www.youtube.com/watch?v=hyqa_DoQ9QE,かずき@簡単パスタレシピ,main_ingredient confidence 0.66,洋食,0.95,キーワード: パスタ,麺,0.95,麺タグまたは麺料理名,麺料理,0.94,主食タグが麺,その他,0.66,中心食材タグが弱い,温かい,0.72,明確な温度語なし・既存推定,15〜30分,0.72,既存time列・明確な分数なし,false,0.72,既存knife列・食材推定,true,0.70,既存heat列,false,0.56,フライパン表現なし,false,0.70,電子レンジ表現なし,pasta,estimated,youtube_api_inferred
Eyx1QLoGpXc,シンプルだけど奥深い！弓削シェフの“完璧パスタ”茹でテクニック｜#クラシル #shorts,https://www.youtube.com/watch?v=Eyx1QLoGpXc,Kurashiru [クラシル],main_ingredient confidence 0.66,洋食,0.95,キーワード: パスタ,麺,0.95,麺タグまたは麺料理名,麺料理,0.94,主食タグが麺,その他,0.66,中心食材タグが弱い,温かい,0.90,温かい調理語: 茹で,15〜30分,0.72,既存time列・明確な分数なし,false,0.72,既存knife列・食材推定,true,0.90,加熱調理語: 茹で,false,0.56,フライパン表現なし,false,0.70,電子レンジ表現なし,pasta,estimated,youtube_api_inferred
Z_OVCx3zUD8,シャキネバで簡単！納豆とろろパスタの作り方 ｜ How To Make Sticky Pasta,https://www.youtube.com/watch?v=Z_OVCx3zUD8,デリッシュキッチン,main_ingredient confidence 0.66,洋食,0.76,キーワード: パスタ,麺,0.95,麺タグまたは麺料理名,麺料理,0.94,主食タグが麺,その他,0.66,中心食材タグが弱い,温かい,0.72,明確な温度語なし・既存推定,15〜30分,0.72,既存time列・明確な分数なし,false,0.72,既存knife列・食材推定,true,0.90,"加熱調理語: 茹で, フライパン, ワンパン",true,0.92,"フライパン系表現: フライパン, ワンパン",true,0.95,電子レンジ表現: レンジ,pasta,estimated,youtube_api_inferred
Oo1dKd9qZoE,【暴力的旨み🍝】牡蠣のペペロンチーノが最高すぎます。 #パスタ #レシピ #ペペロンチーノ #料理 #ワンパンパスタ #shorts,https://www.youtube.com/watch?v=Oo1dKd9qZoE,かずき@簡単パスタレシピ,main_ingredient confidence 0.66,洋食,0.95,"キーワード: パスタ, ペペロンチーノ",麺,0.95,麺タグまたは麺料理名,麺料理,0.94,主食タグが麺,その他,0.66,中心食材タグが弱い,温かい,0.72,明確な温度語なし・既存推定,15〜30分,0.72,既存time列・明確な分数なし,false,0.72,既存knife列・食材推定,true,0.90,加熱調理語: ワンパン,true,0.92,フライパン系表現: ワンパン,false,0.70,電子レンジ表現なし,pasta,estimated,youtube_api_inferred
UMlsQwHQz3Y,Q「お手軽パスタ料理ない？」に全力で答える伊東ライフ #shorts #伊東ライフ,https://www.youtube.com/watch?v=UMlsQwHQz3Y,伊東ライフ,main_ingredient confidence 0.66,洋食,0.95,キーワード: パスタ,麺,0.95,麺タグまたは麺料理名,麺料理,0.94,主食タグが麺,その他,0.66,中心食材タグが弱い,温かい,0.72,明確な温度語なし・既存推定,15〜30分,0.72,既存time列・明確な分数なし,false,0.72,既存knife列・食材推定,true,0.70,既存heat列,false,0.56,フライパン表現なし,false,0.70,電子レンジ表現なし,pasta,estimated,youtube_api_inferred
43R02J1dojg,本場イタリア式カルボナーラの作り方,https://www.youtube.com/watch?v=43R02J1dojg,観たくなる,main_ingredient confidence 0.66,洋食,0.95,キーワード: カルボナーラ,麺,0.95,麺タグまたは麺料理名,麺料理,0.94,主食タグが麺,その他,0.66,中心食材タグが弱い,温かい,0.72,明確な温度語なし・既存推定,15〜30分,0.72,既存time列・明確な分数なし,false,0.72,既存knife列・食材推定,true,0.70,既存heat列,false,0.56,フライパン表現なし,false,0.70,電子レンジ表現なし,pasta,estimated,youtube_api_inferred
6vCbC1LF77o,カチョ・エ・ペペ,https://www.youtube.com/watch?v=6vCbC1LF77o,ひと手間イタリアン | Pepe夫婦の家庭料理,main_ingredient confidence 0.66,洋食,0.82,"キーワード: パスタ, スパゲッ",麺,0.95,麺タグまたは麺料理名,麺料理,0.94,主食タグが麺,その他,0.66,中心食材タグが弱い,温かい,0.90,温かい調理語: 茹で,15分以内,0.95,時間表現: 1分,false,0.72,既存knife列・食材推定,true,0.90,"加熱調理語: 茹で, フライパン",true,0.92,フライパン系表現: フライパン,false,0.70,電子レンジ表現なし,"pasta,cheese",estimated,youtube_api_inferred
ELIPbEvZBW8,【レンチンだけでできる！】冷凍うどん３選,https://www.youtube.com/watch?v=ELIPbEvZBW8,もぴ┊毎日がラクになる暮らしのアイデア,main_ingredient confidence 0.66,韓国,0.76,キーワード: キムチ,麺,0.95,麺タグまたは麺料理名,麺料理,0.94,主食タグが麺,その他,0.66,中心食材タグが弱い,温かい,0.90,"温かい調理語: ご飯, ごはん",15分以内,0.72,既存time列・明確な分数なし,false,0.72,既存knife列・食材推定,true,0.90,"加熱調理語: ご飯, ごはん, フライパン",true,0.92,フライパン系表現: フライパン,true,0.95,電子レンジ表現: レンチン,udon,estimated,youtube_api_inferred
uDxFTpNXnRA,懐かしの昭和の味！笠原流【焼きうどん】,https://www.youtube.com/watch?v=uDxFTpNXnRA,【賛否両論】笠原将弘の料理のほそ道,main_ingredient confidence 0.66,和食,0.95,キーワード: うどん,麺,0.95,麺タグまたは麺料理名,麺料理,0.94,主食タグが麺,その他,0.66,中心食材タグが弱い,温かい,0.90,温かい調理語: 焼き,15分以内,0.72,既存time列・明確な分数なし,false,0.72,既存knife列・食材推定,true,0.90,"加熱調理語: 焼き, 焼き",true,0.92,フライパン系表現: 焼き,false,0.70,電子レンジ表現なし,udon,estimated,youtube_api_inferred
7yJ4smaiswI,日本ではそばメシが有名ですが実は一番ウマいのはうどんを刻んでご飯と炒めたうどんメシでした #shorts #リュウジ #うどん #丸亀製麺 #レシピ #料理 #バズレシピ,https://www.youtube.com/watch?v=7yJ4smaiswI,料理研究家リュウジのバズレシピ,main_ingredient confidence 0.66,和食,0.95,"キーワード: だし, うどん, そば",麺,0.95,麺タグまたは麺料理名,麺料理,0.94,主食タグが麺,その他,0.66,中心食材タグが弱い,温かい,0.90,"温かい調理語: 炒め, ご飯, スープ",15分以内,0.72,既存time列・明確な分数なし,false,0.72,既存knife列・食材推定,true,0.90,"加熱調理語: 炒め, ご飯, スープ",true,0.92,フライパン系表現: 炒め,false,0.70,電子レンジ表現なし,"udon,soba",estimated,youtube_api_inferred
kTUGFKhWjAY,降臨・三重の味噌焼きうどん #shorts #udon,https://www.youtube.com/watch?v=kTUGFKhWjAY,けんた食堂,main_ingredient confidence 0.66,和食,0.95,"キーワード: 味噌, みそ, うどん",麺,0.95,麺タグまたは麺料理名,麺料理,0.94,主食タグが麺,その他,0.66,中心食材タグが弱い,温かい,0.90,温かい調理語: 焼き,15分以内,0.72,既存time列・明確な分数なし,false,0.72,既存knife列・食材推定,true,0.90,"加熱調理語: 焼き, 焼き",true,0.92,フライパン系表現: 焼き,false,0.70,電子レンジ表現なし,udon,estimated,youtube_api_inferred
9czzyXalWuE,【簡単】レンチン5分。とんこつ風うどんの作り方 #うどん #時短レシピ,https://www.youtube.com/watch?v=9czzyXalWuE,深夜食堂,main_ingredient confidence 0.66,和食,0.95,キーワード: うどん,麺,0.95,麺タグまたは麺料理名,麺料理,0.94,主食タグが麺,その他,0.66,中心食材タグが弱い,温かい,0.72,明確な温度語なし・既存推定,15分以内,0.95,時間表現: 5分,false,0.72,既存knife列・食材推定,true,0.82,電子レンジ加熱,false,0.56,フライパン表現なし,true,0.95,電子レンジ表現: レンチン,udon,estimated,youtube_api_inferred
01cB8AlZ1yY,【冷たいうどん弁当】茄子の焼き浸しぶっかけうどん #shorts,https://www.youtube.com/watch?v=01cB8AlZ1yY,makoキッチン,main_ingredient confidence 0.66,和食,0.95,キーワード: うどん,麺,0.95,麺タグまたは麺料理名,麺料理,0.94,主食タグが麺,その他,0.66,中心食材タグが弱い,温かい,0.72,明確な温度語なし・既存推定,15分以内,0.95,時間表現: 1分,true,0.88,切る工程の表現,true,0.90,"加熱調理語: 焼き, 煮, スープ",true,0.92,"フライパン系表現: フライパン, 焼き",true,0.95,電子レンジ表現: レンチン,udon,estimated,youtube_api_inferred
ZCzQtMG7jt0,煮れば煮るほど美味しい！もつ煮込みうどん,https://www.youtube.com/watch?v=ZCzQtMG7jt0,ハマごはん【お手軽レシピ】,main_ingredient confidence 0.66,和食,0.95,"キーワード: 味噌, しょうゆ, うどん",麺,0.95,麺タグまたは麺料理名,麺料理,0.94,主食タグが麺,その他,0.66,中心食材タグが弱い,温かい,0.90,"温かい調理語: 煮, 鍋",15分以内,0.95,時間表現: 5分,false,0.72,既存knife列・食材推定,true,0.90,"加熱調理語: 煮, 鍋",false,0.76,別調理器具の表現,false,0.70,電子レンジ表現なし,"udon,garlic",estimated,youtube_api_inferred
akU2tMBVEmM,【基本のレシピ】 ほっこりぽかぽか「かけうどん」のレシピと作り方,https://www.youtube.com/watch?v=akU2tMBVEmM,macaroni | マカロニ,main_ingredient confidence 0.66,和食,0.82,"キーワード: しょうゆ, だし, 出汁",麺,0.95,麺タグまたは麺料理名,麺料理,0.94,主食タグが麺,その他,0.66,中心食材タグが弱い,温かい,0.90,"温かい調理語: 煮, 揚げ, 茹で",15分以内,0.95,時間表現: 10分,false,0.72,既存knife列・食材推定,true,0.90,"加熱調理語: 煮, 揚げ, 茹で",false,0.76,別調理器具の表現,false,0.70,電子レンジ表現なし,udon,estimated,youtube_api_inferred
F8EIVCRFQ_w,【超簡単6分】丸亀製麺風ぶっかけうどんの作り方！,https://www.youtube.com/watch?v=F8EIVCRFQ_w,でーき,main_ingredient confidence 0.66,和食,0.95,キーワード: うどん,麺,0.95,麺タグまたは麺料理名,麺料理,0.94,主食タグが麺,その他,0.66,中心食材タグが弱い,温かい,0.72,明確な温度語なし・既存推定,15分以内,0.95,時間表現: 6分,false,0.72,既存knife列・食材推定,true,0.70,既存heat列,false,0.56,フライパン表現なし,false,0.70,電子レンジ表現なし,udon,estimated,youtube_api_inferred
dgUdKKKmMAo,【濃厚明太クリームうどん】生クリーム不要◎ワンパンですぐに作れちゃう絶品うどん♪,https://www.youtube.com/watch?v=dgUdKKKmMAo,あこ【家族が笑顔になる簡単レシピ】,main_ingredient confidence 0.66,洋食,0.76,キーワード: ピザ,麺,0.95,麺タグまたは麺料理名,麺料理,0.94,主食タグが麺,その他,0.66,中心食材タグが弱い,温かい,0.90,"温かい調理語: 煮, ごはん",15分以内,0.95,時間表現: 1分,true,0.88,切る工程の表現,true,0.90,"加熱調理語: 煮, ごはん, フライパン",true,0.92,"フライパン系表現: フライパン, ワンパン",true,0.95,"電子レンジ表現: 電子レンジ, レンジ","udon,cheese,milk",estimated,youtube_api_inferred
LCuzKkgvbdY,絶対覚えたほうがいい。ほぼ違法なウマさなのに合法な焼きうどんの作り方#shorts,https://www.youtube.com/watch?v=LCuzKkgvbdY,料理研究家リュウジのバズレシピ,main_ingredient confidence 0.66,和食,0.95,キーワード: うどん,麺,0.95,麺タグまたは麺料理名,麺料理,0.94,主食タグが麺,その他,0.66,中心食材タグが弱い,温かい,0.90,温かい調理語: 焼き,15分以内,0.72,既存time列・明確な分数なし,false,0.72,既存knife列・食材推定,true,0.90,"加熱調理語: 焼き, 焼き",true,0.92,フライパン系表現: 焼き,true,0.95,電子レンジ表現: レンジ,udon,estimated,youtube_api_inferred
233vYdREkz0,粉から作るうどんがうまい気がする！ #うどん #手作り #お菓子作り #夏,https://www.youtube.com/watch?v=233vYdREkz0,はるまきとケーキ,main_ingredient confidence 0.66,和食,0.95,キーワード: うどん,麺,0.95,麺タグまたは麺料理名,麺料理,0.94,主食タグが麺,その他,0.66,中心食材タグが弱い,温かい,0.72,明確な温度語なし・既存推定,15分以内,0.72,既存time列・明確な分数なし,false,0.72,既存knife列・食材推定,true,0.70,既存heat列,false,0.56,フライパン表現なし,false,0.70,電子レンジ表現なし,udon,estimated,youtube_api_inferred
wI5xIvOVL3M,悪魔的にうまい明太釜玉うどんの作り方 #レシピ動画 #料理動画 #明太釜玉うどん #丸亀製麺,https://www.youtube.com/watch?v=wI5xIvOVL3M,イチカツ料理チャンネル,main_ingredient confidence 0.66,和食,0.95,キーワード: うどん,麺,0.95,麺タグまたは麺料理名,麺料理,0.94,主食タグが麺,その他,0.66,中心食材タグが弱い,温かい,0.72,明確な温度語なし・既存推定,15分以内,0.72,既存time列・明確な分数なし,false,0.72,既存knife列・食材推定,true,0.70,既存heat列,false,0.56,フライパン表現なし,false,0.70,電子レンジ表現なし,udon,estimated,youtube_api_inferred
YrRkajPYqCI,【時短レシピ】明太子の冷製うどん #shorts #辛子明太子 #博多あごおとし #明太子 #簡単料理 #簡単レシピ #料理 #レシピ #お弁当 #冷凍うどん #冷たいうどん #明太子ソース,https://www.youtube.com/watch?v=YrRkajPYqCI,博多あごおとし公式,main_ingredient confidence 0.66,和食,0.95,"キーワード: 醤油, うどん, japanesefood",麺,0.95,麺タグまたは麺料理名,麺料理,0.94,主食タグが麺,その他,0.66,中心食材タグが弱い,冷たい,0.72,既存temperature列,15分以内,0.72,既存time列・明確な分数なし,false,0.72,既存knife列・食材推定,true,0.90,"加熱調理語: ご飯, ごはん",false,0.56,フライパン表現なし,false,0.70,電子レンジ表現なし,"udon,garlic",estimated,youtube_api_inferred
c9zGLuziGyI,本格・釜揚げうどん #shorts #udon,https://www.youtube.com/watch?v=c9zGLuziGyI,けんた食堂,main_ingredient confidence 0.66,和食,0.95,キーワード: うどん,麺,0.95,麺タグまたは麺料理名,麺料理,0.94,主食タグが麺,その他,0.66,中心食材タグが弱い,温かい,0.90,"温かい調理語: 揚げ, 茹で",15分以内,0.72,既存time列・明確な分数なし,false,0.72,既存knife列・食材推定,true,0.90,"加熱調理語: 揚げ, 茹で",false,0.56,フライパン表現なし,false,0.70,電子レンジ表現なし,udon,estimated,youtube_api_inferred
e9sp4iZRc5U,永谷園の一番うめえ食べ方絶対これだろ。虚無松茸うどんがやばい #PR #永谷園,https://www.youtube.com/watch?v=e9sp4iZRc5U,料理研究家リュウジのバズレシピ,main_ingredient confidence 0.66,中華,0.76,"キーワード: 中華, ラーメン, 焼きそば",麺,0.95,麺タグまたは麺料理名,麺料理,0.94,主食タグが麺,その他,0.66,中心食材タグが弱い,温かい,0.90,"温かい調理語: 焼き, 蒸し, スープ",15分以内,0.72,既存time列・明確な分数なし,false,0.72,既存knife列・食材推定,true,0.90,"加熱調理語: 焼き, 蒸し, スープ",true,0.92,フライパン系表現: 焼き,true,0.95,電子レンジ表現: レンジ,udon,estimated,youtube_api_inferred
dYogWMSDWoY,【レンジで５分！混ぜるだけで絶品】やみつき混ぜうどんの作り方 #Shorts 【kattyanneru】,https://www.youtube.com/watch?v=dYogWMSDWoY,kattyanneru/かっちゃんねる,main_ingredient confidence 0.66,和食,0.95,"キーワード: 和食, うどん, そば",麺,0.95,麺タグまたは麺料理名,麺料理,0.94,主食タグが麺,その他,0.66,中心食材タグが弱い,温かい,0.90,温かい調理語: ごはん,15分以内,0.95,時間表現: 5分,false,0.72,既存knife列・食材推定,true,0.90,加熱調理語: ごはん,false,0.76,別調理器具の表現,true,0.95,電子レンジ表現: レンジ,udon,estimated,youtube_api_inferred
04VmEMOEHdk,離乳食後期、赤ちゃんがパクパク食べるうどんレシピ！#離乳食 #shorts #完食,https://www.youtube.com/watch?v=04VmEMOEHdk,岡部里香【アナウンサー・2児ママ】,main_ingredient confidence 0.66,和食,0.95,キーワード: うどん,麺,0.95,麺タグまたは麺料理名,麺料理,0.94,主食タグが麺,その他,0.66,中心食材タグが弱い,温かい,0.72,明確な温度語なし・既存推定,15分以内,0.72,既存time列・明確な分数なし,false,0.72,既存knife列・食材推定,true,0.70,既存heat列,false,0.56,フライパン表現なし,false,0.70,電子レンジ表現なし,udon,estimated,youtube_api_inferred
RJYn5PDS3Gk,【再現レシピ】材料３つでうどーなつ！,https://www.youtube.com/watch?v=RJYn5PDS3Gk,ミミィのマイレシピ,main_ingredient confidence 0.66,和食,0.82,キーワード: うどん,麺,0.95,麺タグまたは麺料理名,麺料理,0.94,主食タグが麺,その他,0.66,中心食材タグが弱い,温かい,0.72,明確な温度語なし・既存推定,15〜30分,0.72,既存time列・明確な分数なし,false,0.72,既存knife列・食材推定,true,0.70,既存heat列,false,0.56,フライパン表現なし,false,0.70,電子レンジ表現なし,udon,estimated,youtube_api_inferred
VpDJ5zu-B1I,仕事終わりでも作れる！チーズ納得うどんレシピ。#冷凍うどん #ズボラ飯 #簡単レシピ #ワンパンレシピ #手抜き #深夜食堂,https://www.youtube.com/watch?v=VpDJ5zu-B1I,深夜食堂,main_ingredient confidence 0.66,和食,0.95,キーワード: うどん,麺,0.95,麺タグまたは麺料理名,麺料理,0.94,主食タグが麺,その他,0.66,中心食材タグが弱い,温かい,0.72,明確な温度語なし・既存推定,15分以内,0.72,既存time列・明確な分数なし,false,0.72,既存knife列・食材推定,true,0.90,加熱調理語: ワンパン,true,0.92,フライパン系表現: ワンパン,false,0.70,電子レンジ表現なし,"udon,cheese",estimated,youtube_api_inferred
785odwq1oLs,\この夏ハマる/香味だれの豚しゃぶおろしうどん【レシピはコメント欄】 #簡単レシピ,https://www.youtube.com/watch?v=785odwq1oLs,アイ 夫を虜にする栄養満点レシピ,main_ingredient confidence 0.66,和食,0.95,キーワード: うどん,麺,0.95,麺タグまたは麺料理名,麺料理,0.94,主食タグが麺,その他,0.66,中心食材タグが弱い,温かい,0.72,明確な温度語なし・既存推定,15分以内,0.72,既存time列・明確な分数なし,false,0.72,既存knife列・食材推定,true,0.70,既存heat列,false,0.56,フライパン表現なし,false,0.70,電子レンジ表現なし,udon,estimated,youtube_api_inferred
zP8qyqk35lM,さっぱりごはん爆誕【梅おろしうどん】 #簡単レシピ,https://www.youtube.com/watch?v=zP8qyqk35lM,maki | 今日の時短レシピ,main_ingredient confidence 0.66,和食,0.95,キーワード: うどん,麺,0.95,麺タグまたは麺料理名,麺料理,0.94,主食タグが麺,その他,0.66,中心食材タグが弱い,温かい,0.90,温かい調理語: ごはん,15分以内,0.72,既存time列・明確な分数なし,false,0.72,既存knife列・食材推定,true,0.90,加熱調理語: ごはん,false,0.56,フライパン表現なし,false,0.70,電子レンジ表現なし,udon,estimated,youtube_api_inferred
yFNwMjs5rlw,【1食200円以下】冷凍うどんレシピ #ライフハック #ずんだもん #替え歌 #shorts,https://www.youtube.com/watch?v=yFNwMjs5rlw,ひろか | 誰でもできるライフハック術,main_ingredient confidence 0.66,和食,0.95,キーワード: うどん,麺,0.95,麺タグまたは麺料理名,麺料理,0.94,主食タグが麺,その他,0.66,中心食材タグが弱い,温かい,0.72,明確な温度語なし・既存推定,15分以内,0.72,既存time列・明確な分数なし,false,0.72,既存knife列・食材推定,true,0.70,既存heat列,false,0.56,フライパン表現なし,false,0.70,電子レンジ表現なし,udon,estimated,youtube_api_inferred
c81JTNrHRVs,【太麺固めが合う】#肉汁うどん #武蔵野うどん #料理 #shorts,https://www.youtube.com/watch?v=c81JTNrHRVs,かなおっちゃん,main_ingredient confidence 0.66,和食,0.95,キーワード: うどん,麺,0.95,麺タグまたは麺料理名,麺料理,0.94,主食タグが麺,その他,0.66,中心食材タグが弱い,温かい,0.72,明確な温度語なし・既存推定,15分以内,0.72,既存time列・明確な分数なし,false,0.72,既存knife列・食材推定,true,0.70,既存heat列,false,0.56,フライパン表現なし,false,0.70,電子レンジ表現なし,udon,estimated,youtube_api_inferred
lbqO8R_3Bzk,冷凍うどんを使った、超手抜きのひんやり弁当を作ってみたらおいしすぎた。#shorts#冷凍弁当 #冷凍ストック#うどん#夏レシピ#ひんやり,https://www.youtube.com/watch?v=lbqO8R_3Bzk,のんのん🍠🌻,main_ingredient confidence 0.66,和食,0.95,キーワード: うどん,麺,0.95,麺タグまたは麺料理名,麺料理,0.94,主食タグが麺,その他,0.66,中心食材タグが弱い,温かい,0.72,明確な温度語なし・既存推定,15分以内,0.72,既存time列・明確な分数なし,false,0.72,既存knife列・食材推定,true,0.70,既存heat列,false,0.56,フライパン表現なし,false,0.70,電子レンジ表現なし,udon,estimated,youtube_api_inferred
aqXHc4SXXIQ,やる気別💪冷凍うどん料理👨‍🍳何％を食べたい！？リクエスト募集中！#冷凍うどん #冷凍うどんレシピ #うどん #うどんレシピ #うどん料理 #レシピ #イケメンシェフ #shorts,https://www.youtube.com/watch?v=aqXHc4SXXIQ,イケメンシェフと客🙋‍♂️,main_ingredient confidence 0.66,和食,0.95,キーワード: うどん,麺,0.95,麺タグまたは麺料理名,麺料理,0.94,主食タグが麺,その他,0.66,中心食材タグが弱い,温かい,0.72,明確な温度語なし・既存推定,15分以内,0.72,既存time列・明確な分数なし,false,0.72,既存knife列・食材推定,true,0.70,既存heat列,false,0.56,フライパン表現なし,false,0.70,電子レンジ表現なし,udon,estimated,youtube_api_inferred
-WhouWTfTfo,手作り煮干でうどんをキメる #shorts,https://www.youtube.com/watch?v=-WhouWTfTfo,けんた食堂,main_ingredient confidence 0.66,和食,0.95,"キーワード: 出汁, うどん",麺,0.95,麺タグまたは麺料理名,麺料理,0.94,主食タグが麺,その他,0.66,中心食材タグが弱い,温かい,0.90,温かい調理語: 煮,15分以内,0.72,既存time列・明確な分数なし,false,0.72,既存knife列・食材推定,true,0.90,加熱調理語: 煮,false,0.56,フライパン表現なし,false,0.70,電子レンジ表現なし,udon,estimated,youtube_api_inferred
XKHq4ec3LDA,松岡さんに怒られるかもしれないくらい美味しい丸亀製麺のトマたまカレーうどん再現しちゃいました #shorts #リュウジ #丸亀製麺 #トマたまカレーうどん #カレー #うどん #再現 #レシピ,https://www.youtube.com/watch?v=XKHq4ec3LDA,料理研究家リュウジのバズレシピ,main_ingredient confidence 0.66,中華,0.76,キーワード: 焼きそば,麺,0.95,麺タグまたは麺料理名,麺料理,0.94,主食タグが麺,その他,0.66,中心食材タグが弱い,温かい,0.90,"温かい調理語: 焼き, 炒め, ご飯",15分以内,0.72,既存time列・明確な分数なし,true,0.88,切る工程の表現,true,0.90,"加熱調理語: 焼き, 炒め, ご飯",true,0.92,"フライパン系表現: 炒め, 焼き",true,0.95,電子レンジ表現: レンジ,udon,estimated,youtube_api_inferred
oNqLxlXa92g,30kg痩せた男がダイエット中にどうしてもうどんが食べたくなった時のレシピを紹介します！#shorts #short,https://www.youtube.com/watch?v=oNqLxlXa92g,しゅんまるのダイエット日記,main_ingredient confidence 0.66,和食,0.95,キーワード: うどん,麺,0.95,麺タグまたは麺料理名,麺料理,0.94,主食タグが麺,その他,0.66,中心食材タグが弱い,温かい,0.72,明確な温度語なし・既存推定,15分以内,0.72,既存time列・明確な分数なし,false,0.72,既存knife列・食材推定,true,0.70,既存heat列,false,0.56,フライパン表現なし,false,0.70,電子レンジ表現なし,udon,estimated,youtube_api_inferred
nu1hvzxVskc,カレーが余ったらコレ！【簡単カレーうどん】,https://www.youtube.com/watch?v=nu1hvzxVskc,昭和生まれのBBAのごはん,main_ingredient confidence 0.66,洋食,0.76,キーワード: カレー,麺,0.95,麺タグまたは麺料理名,麺料理,0.94,主食タグが麺,その他,0.66,中心食材タグが弱い,温かい,0.90,温かい調理語: ご飯,15分以内,0.72,既存time列・明確な分数なし,false,0.72,既存knife列・食材推定,true,0.90,加熱調理語: ご飯,false,0.76,別調理器具の表現,true,0.95,電子レンジ表現: レンジ,udon,estimated,youtube_api_inferred
Mbc2OMEyoKc,【うどん】おうちで簡単！美味しいつゆで温かいうどんの作り方レシピ,https://www.youtube.com/watch?v=Mbc2OMEyoKc,Myマイごはん,main_ingredient confidence 0.66,和食,0.95,"キーワード: しょうゆ, だし, うどん",麺,0.95,麺タグまたは麺料理名,麺料理,0.94,主食タグが麺,その他,0.66,中心食材タグが弱い,温かい,0.90,温かい調理語: ごはん,15分以内,0.72,既存time列・明確な分数なし,false,0.72,既存knife列・食材推定,true,0.90,加熱調理語: ごはん,false,0.56,フライパン表現なし,false,0.70,電子レンジ表現なし,udon,estimated,youtube_api_inferred
prOse3xUCY4,たった10分で失神するほど旨い味噌煮込みうどんが作れます,https://www.youtube.com/watch?v=prOse3xUCY4,だれウマ【料理研究家】,main_ingredient confidence 0.66,和食,0.95,"キーワード: 味噌, うどん",麺,0.95,麺タグまたは麺料理名,麺料理,0.94,主食タグが麺,その他,0.66,中心食材タグが弱い,温かい,0.90,"温かい調理語: 煮, 茹で, スープ",15分以内,0.95,時間表現: 10分,false,0.72,既存knife列・食材推定,true,0.90,"加熱調理語: 煮, 茹で, スープ",false,0.56,フライパン表現なし,false,0.70,電子レンジ表現なし,udon,estimated,youtube_api_inferred
XJWs_MVfK2k,安くて美味しい【50円うどん】作り方。,https://www.youtube.com/watch?v=XJWs_MVfK2k,独学ラーメン店長チャンネル,main_ingredient confidence 0.66,中華,0.76,キーワード: ラーメン,麺,0.95,麺タグまたは麺料理名,麺料理,0.94,主食タグが麺,その他,0.66,中心食材タグが弱い,温かい,0.72,明確な温度語なし・既存推定,15分以内,0.72,既存time列・明確な分数なし,false,0.72,既存knife列・食材推定,true,0.70,既存heat列,false,0.56,フライパン表現なし,false,0.70,電子レンジ表現なし,udon,estimated,youtube_api_inferred
I5CAMfVoNcU,【鶏胸肉の大葉チーズボール】コスパ最強・ダイエットメニュー・お弁当のおかずにも #鶏胸肉 #大葉しそ #shorts,https://www.youtube.com/watch?v=I5CAMfVoNcU,Ka-chan's kitchen,genre confidence 0.45; dish_shape confidence 0.58; main_ingredient confidence 0.66,その他,0.45,ジャンル判定に使える語が少ない,その他,0.82,主食タグなし,その他,0.58,形の判定材料が少ない,その他,0.66,中心食材タグが弱い,温かい,0.72,明確な温度語なし・既存推定,15〜30分,0.72,既存time列・明確な分数なし,false,0.72,既存knife列・食材推定,true,0.70,既存heat列,false,0.56,フライパン表現なし,false,0.70,電子レンジ表現なし,cheese,estimated,youtube_api_inferred
MDdpVzsouLE,300万再生された自分の角煮レシピを越えた。思わず唸るレベルの甘くない角煮【シン・角煮】#shorts #リュウジ #料理,https://www.youtube.com/watch?v=MDdpVzsouLE,料理研究家リュウジのバズレシピ,main_ingredient confidence 0.66,洋食,0.82,キーワード: パスタ,麺,0.95,麺タグまたは麺料理名,麺料理,0.94,主食タグが麺,その他,0.66,中心食材タグが弱い,温かい,0.90,"温かい調理語: 煮, 鍋",15〜30分,0.72,既存time列・明確な分数なし,false,0.72,既存knife列・食材推定,true,0.90,"加熱調理語: 煮, 鍋, ワンパン",true,0.92,フライパン系表現: ワンパン,true,0.95,電子レンジ表現: レンジ,pasta,estimated,youtube_api_inferred
ZoZNx23FFos,㊗️２００万再生 10分で旨すぎる鶏ガラ醤油そうめんの作り方 #簡単レシピ ♯節約レシピ,https://www.youtube.com/watch?v=ZoZNx23FFos,家政夫ミツキの10分作り置き,main_ingredient confidence 0.66,和食,0.95,キーワード: 醤油,麺,0.95,麺タグまたは麺料理名,麺料理,0.94,主食タグが麺,その他,0.66,中心食材タグが弱い,温かい,0.72,明確な温度語なし・既存推定,15分以内,0.95,時間表現: 10分,false,0.72,既存knife列・食材推定,true,0.70,既存heat列,false,0.56,フライパン表現なし,false,0.70,電子レンジ表現なし,somen,estimated,youtube_api_inferred
xKOCcSxsEBo,よだれがとぉまらん！味噌マヨ鶏 #料理 #簡単レシピ #時短レシピ,https://www.youtube.com/watch?v=xKOCcSxsEBo,まさ 4児双子パパの時短料理,dish_shape confidence 0.58; main_ingredient confidence 0.66,和食,0.95,キーワード: 味噌,その他,0.82,主食タグなし,その他,0.58,形の判定材料が少ない,その他,0.66,中心食材タグが弱い,温かい,0.72,明確な温度語なし・既存推定,15〜30分,0.72,既存time列・明確な分数なし,false,0.72,既存knife列・食材推定,true,0.70,既存heat列,false,0.56,フライパン表現なし,false,0.70,電子レンジ表現なし,mayonnaise,estimated,youtube_api_inferred
XGHSCBTbNFE,炎上覚悟で言いますが一番再生された豚キムチより旨いです。最高の味付けで作る【至高を越えた豚キムチ】 #shorts #リュウジ #料理,https://www.youtube.com/watch?v=XGHSCBTbNFE,料理研究家リュウジのバズレシピ,main_ingredient confidence 0.66,韓国,0.76,キーワード: キムチ,麺,0.95,麺タグまたは麺料理名,麺料理,0.94,主食タグが麺,その他,0.66,中心食材タグが弱い,温かい,0.90,温かい調理語: 鍋,15〜30分,0.72,既存time列・明確な分数なし,false,0.72,既存knife列・食材推定,true,0.90,"加熱調理語: 鍋, ワンパン",true,0.92,フライパン系表現: ワンパン,true,0.95,電子レンジ表現: レンジ,pasta,estimated,youtube_api_inferred
OYqZ5T-rlNQ,【ぶたとまチーズ】海外でバズってたレシピのアレンジ,https://www.youtube.com/watch?v=OYqZ5T-rlNQ,まいのごはん泥棒レシピ,main_ingredient confidence 0.66,洋食,0.82,キーワード: ピザ,パン,0.93,パンタグまたはパン料理名,パン料理,0.92,主食タグがパン,その他,0.66,中心食材タグが弱い,温かい,0.90,"温かい調理語: 焼き, 蒸し, ごはん",15分以内,0.95,時間表現: 3分,false,0.95,包丁不要表現,true,0.90,"加熱調理語: 焼き, 蒸し, ごはん",true,0.92,"フライパン系表現: フライパン, 焼き",true,0.95,電子レンジ表現: レンジ,cheese,estimated,youtube_api_inferred
s9dXO7mV_1g,シンプルでウマいが一番！【豚の新生姜焼き】,https://www.youtube.com/watch?v=s9dXO7mV_1g,【賛否両論】笠原将弘の料理のほそ道,dish_shape confidence 0.58; main_ingredient confidence 0.66,和食,0.95,キーワード: 生姜焼き,その他,0.82,主食タグなし,その他,0.58,形の判定材料が少ない,その他,0.66,中心食材タグが弱い,温かい,0.90,温かい調理語: 焼き,15〜30分,0.72,既存time列・明確な分数なし,false,0.72,既存knife列・食材推定,true,0.90,"加熱調理語: 焼き, 焼き",true,0.92,フライパン系表現: 焼き,false,0.70,電子レンジ表現なし,ginger,estimated,youtube_api_inferred
n91QnXF6EMM,赤魚は小麦粉をまぶして焼くと良いことしかない 赤魚 レシピ,https://www.youtube.com/watch?v=n91QnXF6EMM,居酒屋店長のまかない飯チャンネル,main_ingredient confidence 0.66,その他,0.72,食材はあるがジャンル語がないためその他,麺,0.95,麺タグまたは麺料理名,麺料理,0.94,主食タグが麺,その他,0.66,中心食材タグが弱い,温かい,0.90,温かい調理語: 焼く,15〜30分,0.72,既存time列・明確な分数なし,false,0.72,既存knife列・食材推定,true,0.90,"加熱調理語: 焼く, 焼く",true,0.92,フライパン系表現: 焼く,false,0.70,電子レンジ表現なし,flour,estimated,youtube_api_inferred
zUmXDlXTSmw,いわし料理23品目「レモンしぼるガーリックソテー」 #イワシ料理 #イワシ #いわし料理 #魚料理レシピ #いわし #料理レシピ #魚料理 #料理男子 #魚レシピ #おうちごはん,https://www.youtube.com/watch?v=zUmXDlXTSmw,いわし加工屋の息子@イワシ王子,main_ingredient confidence 0.66,和食,0.95,キーワード: おうちごはん,ご飯,0.92,米タグまたはご飯料理名,丼以外のご飯もの,0.72,米タグあり・丼表現なし,その他,0.66,中心食材タグが弱い,温かい,0.90,温かい調理語: ごはん,15〜30分,0.72,既存time列・明確な分数なし,false,0.72,既存knife列・食材推定,true,0.90,加熱調理語: ごはん,false,0.56,フライパン表現なし,false,0.70,電子レンジ表現なし,garlic,estimated,youtube_api_inferred
X7ghVOGvXIU,【鯛のポワレ レモンバターソース-】皮面のパリパリ感！レモンの爽やかさとバターのコクが効いたソースがポイント！ #shorts,https://www.youtube.com/watch?v=X7ghVOGvXIU,DOI 料理人,dish_shape confidence 0.58; main_ingredient confidence 0.66,和食,0.82,キーワード: 醤油,その他,0.82,主食タグなし,その他,0.58,形の判定材料が少ない,その他,0.66,中心食材タグが弱い,温かい,0.72,明確な温度語なし・既存推定,15〜30分,0.95,時間表現: 20分,true,0.88,切る工程の表現,true,0.70,既存heat列,false,0.56,フライパン表現なし,false,0.70,電子レンジ表現なし,butter,estimated,youtube_api_inferred
X6BnGjMda9g,簡単!基本の煮魚の作り方! #shorts,https://www.youtube.com/watch?v=X6BnGjMda9g,お得くん,dish_shape confidence 0.58; main_ingredient confidence 0.66,和食,0.82,キーワード: 醤油,その他,0.82,主食タグなし,その他,0.58,形の判定材料が少ない,その他,0.66,中心食材タグが弱い,温かい,0.90,温かい調理語: 煮,15分以内,0.95,時間表現: 15分,false,0.72,既存knife列・食材推定,true,0.90,加熱調理語: 煮,false,0.56,フライパン表現なし,false,0.70,電子レンジ表現なし,ginger,estimated,youtube_api_inferred
UzhD8ahhSsA,衝撃！｜イタリア人に教わったガチの【魚介出汁】#shorts,https://www.youtube.com/watch?v=UzhD8ahhSsA,ファビオ飯 /イタリア料理人の世界,main_ingredient confidence 0.66,洋食,0.76,キーワード: パスタ,麺,0.95,麺タグまたは麺料理名,麺料理,0.94,主食タグが麺,その他,0.66,中心食材タグが弱い,温かい,0.72,明確な温度語なし・既存推定,15〜30分,0.72,既存time列・明確な分数なし,false,0.72,既存knife列・食材推定,true,0.70,既存heat列,false,0.56,フライパン表現なし,false,0.70,電子レンジ表現なし,pasta,estimated,youtube_api_inferred
GBnGlIqtJd4,【メカジキのガーリックソテー】これで魚料理も簡単！？味付けに迷ったら使える黄金比！ #shorts #レシピ #メカジキ #ガーリック #ガーリックソテー #にんにく #裏技 #豆知識,https://www.youtube.com/watch?v=GBnGlIqtJd4,オリーブオイルをひとまわし / オリひと,genre confidence 0.45; dish_shape confidence 0.58; main_ingredient confidence 0.66,その他,0.45,ジャンル判定に使える語が少ない,その他,0.82,主食タグなし,その他,0.58,形の判定材料が少ない,その他,0.66,中心食材タグが弱い,温かい,0.72,明確な温度語なし・既存推定,15〜30分,0.72,既存time列・明確な分数なし,false,0.72,既存knife列・食材推定,true,0.70,既存heat列,false,0.56,フライパン表現なし,false,0.70,電子レンジ表現なし,garlic,estimated,youtube_api_inferred
GwUtM9NLx9o,【一番おいしい鰯のレシピ】梅と生姜でさっぱり煮 #Shorts,https://www.youtube.com/watch?v=GwUtM9NLx9o,おうちで一流レシピ【食通】,genre confidence 0.45; dish_shape confidence 0.58; main_ingredient confidence 0.66,その他,0.45,ジャンル判定に使える語が少ない,その他,0.82,主食タグなし,その他,0.58,形の判定材料が少ない,その他,0.66,中心食材タグが弱い,温かい,0.90,温かい調理語: 煮,15〜30分,0.72,既存time列・明確な分数なし,false,0.72,既存knife列・食材推定,true,0.90,加熱調理語: 煮,false,0.56,フライパン表現なし,false,0.70,電子レンジ表現なし,ginger,estimated,youtube_api_inferred
l6to2Ra0zpk,【いわし料理14品目：大葉チーズのパン粉焼き】 #魚料理 #イワシ #魚料理レシピ #いわし #イワシ料理 #料理男子 #魚レシピ #いわし料理 #料理レシピ #おうちごはん #パン粉 #チーズ,https://www.youtube.com/watch?v=l6to2Ra0zpk,いわし加工屋の息子@イワシ王子,main_ingredient confidence 0.66,和食,0.95,キーワード: おうちごはん,パン,0.93,パンタグまたはパン料理名,パン料理,0.92,主食タグがパン,その他,0.66,中心食材タグが弱い,温かい,0.92,ご飯・パン系は原則温かい,15〜30分,0.72,既存time列・明確な分数なし,false,0.72,既存knife列・食材推定,true,0.90,"加熱調理語: 焼き, ごはん, 焼き",true,0.92,フライパン系表現: 焼き,false,0.70,電子レンジ表現なし,"cheese,bread",estimated,youtube_api_inferred
1N92GBr-Q9A,誰にでも出来る！プロ直伝の鯛のバター焼きの作り方,https://www.youtube.com/watch?v=1N92GBr-Q9A,居酒屋店長のまかない飯チャンネル,genre confidence 0.45; dish_shape confidence 0.58; main_ingredient confidence 0.66,その他,0.45,ジャンル判定に使える語が少ない,その他,0.82,主食タグなし,その他,0.58,形の判定材料が少ない,その他,0.66,中心食材タグが弱い,温かい,0.90,温かい調理語: 焼き,15〜30分,0.72,既存time列・明確な分数なし,false,0.72,既存knife列・食材推定,true,0.90,"加熱調理語: 焼き, 焼き",true,0.92,フライパン系表現: 焼き,false,0.70,電子レンジ表現なし,butter,estimated,youtube_api_inferred
6KnXPlvQfjw,【ヤスウマ】大学生時代食べまくっていた海鮮丼レシピ,https://www.youtube.com/watch?v=6KnXPlvQfjw,ヤスウマ！！,main_ingredient confidence 0.66,和食,0.95,"キーワード: 丼, 醤油",ご飯,0.92,米タグまたはご飯料理名,丼,0.94,丼・のっけご飯表現,その他,0.66,中心食材タグが弱い,温かい,0.92,ご飯・パン系は原則温かい,15分以内,0.72,既存time列・明確な分数なし,false,0.72,既存knife列・食材推定,true,0.90,加熱調理語: 丼,false,0.56,フライパン表現なし,false,0.70,電子レンジ表現なし,rice,estimated,youtube_api_inferred
2ihukSjfFp0,マジで旨い！！濃厚魚介豚骨つけ麺！#ラーメン#つけ麺#料理,https://www.youtube.com/watch?v=2ihukSjfFp0,えびすごはん お家ラーメン研究家・料理研究家 えびすまさき,main_ingredient confidence 0.66,中華,0.95,キーワード: ラーメン,麺,0.95,麺タグまたは麺料理名,麺料理,0.94,主食タグが麺,その他,0.66,中心食材タグが弱い,温かい,0.72,明確な温度語なし・既存推定,15〜30分,0.72,既存time列・明確な分数なし,false,0.72,既存knife列・食材推定,true,0.70,既存heat列,false,0.56,フライパン表現なし,false,0.70,電子レンジ表現なし,ramen,estimated,youtube_api_inferred
8BF3Om9fM_E,魚一尾丸々使って作るパスタは異次元の旨さ #パスタ料理 #パスタ #イタリアン #cooking #イタリア家庭料理 #晩酌,https://www.youtube.com/watch?v=8BF3Om9fM_E,まーやの料理ちゃんねる,main_ingredient confidence 0.66,洋食,0.95,キーワード: パスタ,麺,0.95,麺タグまたは麺料理名,麺料理,0.94,主食タグが麺,その他,0.66,中心食材タグが弱い,温かい,0.72,明確な温度語なし・既存推定,15〜30分,0.72,既存time列・明確な分数なし,false,0.72,既存knife列・食材推定,true,0.70,既存heat列,false,0.56,フライパン表現なし,false,0.70,電子レンジ表現なし,pasta,estimated,youtube_api_inferred
rCDM0KBWJ6A,夏野菜は片っ端から全部これにぶちこめ!!そうめんつゆにもなるヤバい絶品野菜漬け#shorts #リュウジ #料理,https://www.youtube.com/watch?v=rCDM0KBWJ6A,料理研究家リュウジのバズレシピ,main_ingredient confidence 0.66,その他,0.72,食材はあるがジャンル語がないためその他,麺,0.95,麺タグまたは麺料理名,麺料理,0.94,主食タグが麺,その他,0.66,中心食材タグが弱い,温かい,0.72,明確な温度語なし・既存推定,15〜30分,0.72,既存time列・明確な分数なし,false,0.72,既存knife列・食材推定,true,0.82,電子レンジ加熱,false,0.76,別調理器具の表現,true,0.95,電子レンジ表現: レンジ,somen,estimated,youtube_api_inferred
0oGCJg1jU8c,【無限ズッキーニ】5分で完成、むくみ夏バテ予防,https://www.youtube.com/watch?v=0oGCJg1jU8c,はらしおり,dish_shape confidence 0.58; main_ingredient confidence 0.66,和食,0.82,キーワード: 醤油,その他,0.82,主食タグなし,その他,0.58,形の判定材料が少ない,その他,0.66,中心食材タグが弱い,温かい,0.90,"温かい調理語: 焼き, 焼く",15分以内,0.95,時間表現: 5分,false,0.72,既存knife列・食材推定,true,0.90,"加熱調理語: 焼き, 焼く, フライパン",true,0.92,"フライパン系表現: フライパン, 焼き, 焼く",false,0.70,電子レンジ表現なし,"garlic,butter",estimated,youtube_api_inferred
DyHHrzKw6Fk,開始1週間で100万再生されたズッキーニレシピです🫡,https://www.youtube.com/watch?v=DyHHrzKw6Fk,やおずキッチン,main_ingredient confidence 0.66,洋食,0.76,キーワード: ステーキ,麺,0.95,麺タグまたは麺料理名,麺料理,0.94,主食タグが麺,その他,0.66,中心食材タグが弱い,温かい,0.90,"温かい調理語: 焼き, 焼く, 炒め",15分以内,0.95,時間表現: 2分,true,0.88,切る工程の表現,true,0.90,"加熱調理語: 焼き, 焼く, 炒め",true,0.92,"フライパン系表現: フライパン, 炒め, 焼き",false,0.70,電子レンジ表現なし,"rice_noodles,garlic,butter",estimated,youtube_api_inferred
yGjFFPOPLNk,毎日でも食べたい！【豚野菜あんかけ丼】 #簡単レシピ,https://www.youtube.com/watch?v=yGjFFPOPLNk,maki | 今日の時短レシピ,main_ingredient confidence 0.66,和食,0.95,キーワード: 丼,ご飯,0.92,米タグまたはご飯料理名,丼,0.94,丼・のっけご飯表現,その他,0.66,中心食材タグが弱い,温かい,0.92,ご飯・パン系は原則温かい,15分以内,0.72,既存time列・明確な分数なし,false,0.72,既存knife列・食材推定,true,0.90,加熱調理語: 丼,false,0.56,フライパン表現なし,false,0.70,電子レンジ表現なし,rice,estimated,youtube_api_inferred
